id,language,cluster,intent,phrase
1,ar,research,شرح مبسط,أبحاث جامعية شرح مبسط
2,ar,research,دليل عملي,أبحاث جامعية دليل عملي
3,ar,research,خطوات التنفيذ,أبحاث جامعية خطوات التنفيذ
4,ar,research,نموذج قابل للتعديل,أبحاث جامعية نموذج قابل للتعديل
5,ar,research,مثال تطبيقي,أبحاث جامعية مثال تطبيقي
6,ar,research,خطة عمل,أبحاث جامعية خطة عمل
7,ar,research,نصائح للطلاب,أبحاث جامعية نصائح للطلاب
8,ar,research,أخطاء شائعة,أبحاث جامعية أخطاء شائعة
9,ar,research,معايير الجودة,أبحاث جامعية معايير الجودة
10,ar,research,طريقة الإعداد,أبحاث جامعية طريقة الإعداد
11,ar,research,كيفية الكتابة,أبحاث جامعية كيفية الكتابة
12,ar,research,كيفية التنسيق,أبحاث جامعية كيفية التنسيق
13,ar,research,كيفية التوثيق,أبحاث جامعية كيفية التوثيق
14,ar,research,كيفية المراجعة,أبحاث جامعية كيفية المراجعة
15,ar,research,كيفية التحليل,أبحاث جامعية كيفية التحليل
16,ar,research,كيفية العرض,أبحاث جامعية كيفية العرض
17,ar,research,قبل التسليم,أبحاث جامعية قبل التسليم
18,ar,research,لطلاب البكالوريوس,أبحاث جامعية لطلاب البكالوريوس
19,ar,research,لطلاب الماجستير,أبحاث جامعية لطلاب الماجستير
20,ar,research,لطلاب الدكتوراه,أبحاث جامعية لطلاب الدكتوراه
21,ar,research,باللغة العربية,أبحاث جامعية باللغة العربية
22,ar,research,باللغة الإنجليزية,أبحاث جامعية باللغة الإنجليزية
23,ar,research,عربي وإنجليزي,أبحاث جامعية عربي وإنجليزي
24,ar,research,في الجامعات الإماراتية,أبحاث جامعية في الجامعات الإماراتية
25,ar,research,في دبي,أبحاث جامعية في دبي
26,ar,research,في أبوظبي,أبحاث جامعية في أبوظبي
27,ar,research,في الشارقة,أبحاث جامعية في الشارقة
28,ar,research,للجامعات الخاصة,أبحاث جامعية للجامعات الخاصة
29,ar,research,للجامعات الحكومية,أبحاث جامعية للجامعات الحكومية
30,ar,research,عن بُعد,أبحاث جامعية عن بُعد
31,ar,research,خدمة احترافية,أبحاث جامعية خدمة احترافية
32,ar,research,مساعدة أكاديمية,أبحاث جامعية مساعدة أكاديمية
33,ar,research,استشارة بحثية,أبحاث جامعية استشارة بحثية
34,ar,research,مراجعة أكاديمية,أبحاث جامعية مراجعة أكاديمية
35,ar,research,تدقيق علمي,أبحاث جامعية تدقيق علمي
36,ar,research,تنسيق APA,أبحاث جامعية تنسيق APA
37,ar,research,تنسيق MLA,أبحاث جامعية تنسيق MLA
38,ar,research,تنسيق Chicago,أبحاث جامعية تنسيق Chicago
39,ar,research,توثيق المصادر,أبحاث جامعية توثيق المصادر
40,ar,research,تحسين الصياغة,أبحاث جامعية تحسين الصياغة
41,ar,research,تحسين المنهجية,أبحاث جامعية تحسين المنهجية
42,ar,research,قراءة وتحليل البيانات,أبحاث جامعية قراءة وتحليل البيانات
43,ar,research,تصميم أداة البحث,أبحاث جامعية تصميم أداة البحث
44,ar,research,مراجعة الاستبيان,أبحاث جامعية مراجعة الاستبيان
45,ar,research,تفسير النتائج,أبحاث جامعية تفسير النتائج
46,ar,research,إعداد الجداول,أبحاث جامعية إعداد الجداول
47,ar,research,إعداد الرسوم البيانية,أبحاث جامعية إعداد الرسوم البيانية
48,ar,research,تجهيز المناقشة,أبحاث جامعية تجهيز المناقشة
49,ar,research,مع الحفاظ على الأمانة العلمية,أبحاث جامعية مع الحفاظ على الأمانة العلمية
50,ar,research,وفق متطلبات الجامعة,أبحاث جامعية وفق متطلبات الجامعة
51,en,research,simple explanation,academic research simple explanation
52,en,research,practical guide,academic research practical guide
53,en,research,step-by-step process,academic research step-by-step process
54,en,research,editable template,academic research editable template
55,en,research,worked example,academic research worked example
56,en,research,action plan,academic research action plan
57,en,research,student tips,academic research student tips
58,en,research,common mistakes,academic research common mistakes
59,en,research,quality standards,academic research quality standards
60,en,research,how to prepare,academic research how to prepare
61,en,research,how to write,academic research how to write
62,en,research,how to format,academic research how to format
63,en,research,how to cite sources,academic research how to cite sources
64,en,research,how to proofread,academic research how to proofread
65,en,research,how to analyze,academic research how to analyze
66,en,research,how to present,academic research how to present
67,en,research,before submission,academic research before submission
68,en,research,for undergraduate students,academic research for undergraduate students
69,en,research,for master's students,academic research for master's students
70,en,research,for doctoral students,academic research for doctoral students
71,en,research,in Arabic,academic research in Arabic
72,en,research,in English,academic research in English
73,en,research,Arabic and English,academic research Arabic and English
74,en,research,for UAE universities,academic research for UAE universities
75,en,research,in Dubai,academic research in Dubai
76,en,research,in Abu Dhabi,academic research in Abu Dhabi
77,en,research,in Sharjah,academic research in Sharjah
78,en,research,for private universities,academic research for private universities
79,en,research,for public universities,academic research for public universities
80,en,research,online support,academic research online support
81,en,research,professional service,academic research professional service
82,en,research,academic assistance,academic research academic assistance
83,en,research,research consultation,academic research research consultation
84,en,research,academic review,academic research academic review
85,en,research,scholarly proofreading,academic research scholarly proofreading
86,en,research,APA formatting,academic research APA formatting
87,en,research,MLA formatting,academic research MLA formatting
88,en,research,Chicago formatting,academic research Chicago formatting
89,en,research,source citation,academic research source citation
90,en,research,academic rewriting,academic research academic rewriting
91,en,research,methodology improvement,academic research methodology improvement
92,en,research,data interpretation,academic research data interpretation
93,en,research,research instrument design,academic research research instrument design
94,en,research,survey review,academic research survey review
95,en,research,results interpretation,academic research results interpretation
96,en,research,table preparation,academic research table preparation
97,en,research,chart preparation,academic research chart preparation
98,en,research,discussion preparation,academic research discussion preparation
99,en,research,with academic integrity,academic research with academic integrity
100,en,research,according to university requirements,academic research according to university requirements
101,ar,writing,شرح مبسط,كتابة أبحاث شرح مبسط
102,ar,writing,دليل عملي,كتابة أبحاث دليل عملي
103,ar,writing,خطوات التنفيذ,كتابة أبحاث خطوات التنفيذ
104,ar,writing,نموذج قابل للتعديل,كتابة أبحاث نموذج قابل للتعديل
105,ar,writing,مثال تطبيقي,كتابة أبحاث مثال تطبيقي
106,ar,writing,خطة عمل,كتابة أبحاث خطة عمل
107,ar,writing,نصائح للطلاب,كتابة أبحاث نصائح للطلاب
108,ar,writing,أخطاء شائعة,كتابة أبحاث أخطاء شائعة
109,ar,writing,معايير الجودة,كتابة أبحاث معايير الجودة
110,ar,writing,طريقة الإعداد,كتابة أبحاث طريقة الإعداد
111,ar,writing,كيفية الكتابة,كتابة أبحاث كيفية الكتابة
112,ar,writing,كيفية التنسيق,كتابة أبحاث كيفية التنسيق
113,ar,writing,كيفية التوثيق,كتابة أبحاث كيفية التوثيق
114,ar,writing,كيفية المراجعة,كتابة أبحاث كيفية المراجعة
115,ar,writing,كيفية التحليل,كتابة أبحاث كيفية التحليل
116,ar,writing,كيفية العرض,كتابة أبحاث كيفية العرض
117,ar,writing,قبل التسليم,كتابة أبحاث قبل التسليم
118,ar,writing,لطلاب البكالوريوس,كتابة أبحاث لطلاب البكالوريوس
119,ar,writing,لطلاب الماجستير,كتابة أبحاث لطلاب الماجستير
120,ar,writing,لطلاب الدكتوراه,كتابة أبحاث لطلاب الدكتوراه
121,ar,writing,باللغة العربية,كتابة أبحاث باللغة العربية
122,ar,writing,باللغة الإنجليزية,كتابة أبحاث باللغة الإنجليزية
123,ar,writing,عربي وإنجليزي,كتابة أبحاث عربي وإنجليزي
124,ar,writing,في الجامعات الإماراتية,كتابة أبحاث في الجامعات الإماراتية
125,ar,writing,في دبي,كتابة أبحاث في دبي
126,ar,writing,في أبوظبي,كتابة أبحاث في أبوظبي
127,ar,writing,في الشارقة,كتابة أبحاث في الشارقة
128,ar,writing,للجامعات الخاصة,كتابة أبحاث للجامعات الخاصة
129,ar,writing,للجامعات الحكومية,كتابة أبحاث للجامعات الحكومية
130,ar,writing,عن بُعد,كتابة أبحاث عن بُعد
131,ar,writing,خدمة احترافية,كتابة أبحاث خدمة احترافية
132,ar,writing,مساعدة أكاديمية,كتابة أبحاث مساعدة أكاديمية
133,ar,writing,استشارة بحثية,كتابة أبحاث استشارة بحثية
134,ar,writing,مراجعة أكاديمية,كتابة أبحاث مراجعة أكاديمية
135,ar,writing,تدقيق علمي,كتابة أبحاث تدقيق علمي
136,ar,writing,تنسيق APA,كتابة أبحاث تنسيق APA
137,ar,writing,تنسيق MLA,كتابة أبحاث تنسيق MLA
138,ar,writing,تنسيق Chicago,كتابة أبحاث تنسيق Chicago
139,ar,writing,توثيق المصادر,كتابة أبحاث توثيق المصادر
140,ar,writing,تحسين الصياغة,كتابة أبحاث تحسين الصياغة
141,ar,writing,تحسين المنهجية,كتابة أبحاث تحسين المنهجية
142,ar,writing,قراءة وتحليل البيانات,كتابة أبحاث قراءة وتحليل البيانات
143,ar,writing,تصميم أداة البحث,كتابة أبحاث تصميم أداة البحث
144,ar,writing,مراجعة الاستبيان,كتابة أبحاث مراجعة الاستبيان
145,ar,writing,تفسير النتائج,كتابة أبحاث تفسير النتائج
146,ar,writing,إعداد الجداول,كتابة أبحاث إعداد الجداول
147,ar,writing,إعداد الرسوم البيانية,كتابة أبحاث إعداد الرسوم البيانية
148,ar,writing,تجهيز المناقشة,كتابة أبحاث تجهيز المناقشة
149,ar,writing,مع الحفاظ على الأمانة العلمية,كتابة أبحاث مع الحفاظ على الأمانة العلمية
150,ar,writing,وفق متطلبات الجامعة,كتابة أبحاث وفق متطلبات الجامعة
151,en,writing,simple explanation,research paper writing simple explanation
152,en,writing,practical guide,research paper writing practical guide
153,en,writing,step-by-step process,research paper writing step-by-step process
154,en,writing,editable template,research paper writing editable template
155,en,writing,worked example,research paper writing worked example
156,en,writing,action plan,research paper writing action plan
157,en,writing,student tips,research paper writing student tips
158,en,writing,common mistakes,research paper writing common mistakes
159,en,writing,quality standards,research paper writing quality standards
160,en,writing,how to prepare,research paper writing how to prepare
161,en,writing,how to write,research paper writing how to write
162,en,writing,how to format,research paper writing how to format
163,en,writing,how to cite sources,research paper writing how to cite sources
164,en,writing,how to proofread,research paper writing how to proofread
165,en,writing,how to analyze,research paper writing how to analyze
166,en,writing,how to present,research paper writing how to present
167,en,writing,before submission,research paper writing before submission
168,en,writing,for undergraduate students,research paper writing for undergraduate students
169,en,writing,for master's students,research paper writing for master's students
170,en,writing,for doctoral students,research paper writing for doctoral students
171,en,writing,in Arabic,research paper writing in Arabic
172,en,writing,in English,research paper writing in English
173,en,writing,Arabic and English,research paper writing Arabic and English
174,en,writing,for UAE universities,research paper writing for UAE universities
175,en,writing,in Dubai,research paper writing in Dubai
176,en,writing,in Abu Dhabi,research paper writing in Abu Dhabi
177,en,writing,in Sharjah,research paper writing in Sharjah
178,en,writing,for private universities,research paper writing for private universities
179,en,writing,for public universities,research paper writing for public universities
180,en,writing,online support,research paper writing online support
181,en,writing,professional service,research paper writing professional service
182,en,writing,academic assistance,research paper writing academic assistance
183,en,writing,research consultation,research paper writing research consultation
184,en,writing,academic review,research paper writing academic review
185,en,writing,scholarly proofreading,research paper writing scholarly proofreading
186,en,writing,APA formatting,research paper writing APA formatting
187,en,writing,MLA formatting,research paper writing MLA formatting
188,en,writing,Chicago formatting,research paper writing Chicago formatting
189,en,writing,source citation,research paper writing source citation
190,en,writing,academic rewriting,research paper writing academic rewriting
191,en,writing,methodology improvement,research paper writing methodology improvement
192,en,writing,data interpretation,research paper writing data interpretation
193,en,writing,research instrument design,research paper writing research instrument design
194,en,writing,survey review,research paper writing survey review
195,en,writing,results interpretation,research paper writing results interpretation
196,en,writing,table preparation,research paper writing table preparation
197,en,writing,chart preparation,research paper writing chart preparation
198,en,writing,discussion preparation,research paper writing discussion preparation
199,en,writing,with academic integrity,research paper writing with academic integrity
200,en,writing,according to university requirements,research paper writing according to university requirements
201,ar,proposal,شرح مبسط,خطة بحث شرح مبسط
202,ar,proposal,دليل عملي,خطة بحث دليل عملي
203,ar,proposal,خطوات التنفيذ,خطة بحث خطوات التنفيذ
204,ar,proposal,نموذج قابل للتعديل,خطة بحث نموذج قابل للتعديل
205,ar,proposal,مثال تطبيقي,خطة بحث مثال تطبيقي
206,ar,proposal,خطة عمل,خطة بحث خطة عمل
207,ar,proposal,نصائح للطلاب,خطة بحث نصائح للطلاب
208,ar,proposal,أخطاء شائعة,خطة بحث أخطاء شائعة
209,ar,proposal,معايير الجودة,خطة بحث معايير الجودة
210,ar,proposal,طريقة الإعداد,خطة بحث طريقة الإعداد
211,ar,proposal,كيفية الكتابة,خطة بحث كيفية الكتابة
212,ar,proposal,كيفية التنسيق,خطة بحث كيفية التنسيق
213,ar,proposal,كيفية التوثيق,خطة بحث كيفية التوثيق
214,ar,proposal,كيفية المراجعة,خطة بحث كيفية المراجعة
215,ar,proposal,كيفية التحليل,خطة بحث كيفية التحليل
216,ar,proposal,كيفية العرض,خطة بحث كيفية العرض
217,ar,proposal,قبل التسليم,خطة بحث قبل التسليم
218,ar,proposal,لطلاب البكالوريوس,خطة بحث لطلاب البكالوريوس
219,ar,proposal,لطلاب الماجستير,خطة بحث لطلاب الماجستير
220,ar,proposal,لطلاب الدكتوراه,خطة بحث لطلاب الدكتوراه
221,ar,proposal,باللغة العربية,خطة بحث باللغة العربية
222,ar,proposal,باللغة الإنجليزية,خطة بحث باللغة الإنجليزية
223,ar,proposal,عربي وإنجليزي,خطة بحث عربي وإنجليزي
224,ar,proposal,في الجامعات الإماراتية,خطة بحث في الجامعات الإماراتية
225,ar,proposal,في دبي,خطة بحث في دبي
226,ar,proposal,في أبوظبي,خطة بحث في أبوظبي
227,ar,proposal,في الشارقة,خطة بحث في الشارقة
228,ar,proposal,للجامعات الخاصة,خطة بحث للجامعات الخاصة
229,ar,proposal,للجامعات الحكومية,خطة بحث للجامعات الحكومية
230,ar,proposal,عن بُعد,خطة بحث عن بُعد
231,ar,proposal,خدمة احترافية,خطة بحث خدمة احترافية
232,ar,proposal,مساعدة أكاديمية,خطة بحث مساعدة أكاديمية
233,ar,proposal,استشارة بحثية,خطة بحث استشارة بحثية
234,ar,proposal,مراجعة أكاديمية,خطة بحث مراجعة أكاديمية
235,ar,proposal,تدقيق علمي,خطة بحث تدقيق علمي
236,ar,proposal,تنسيق APA,خطة بحث تنسيق APA
237,ar,proposal,تنسيق MLA,خطة بحث تنسيق MLA
238,ar,proposal,تنسيق Chicago,خطة بحث تنسيق Chicago
239,ar,proposal,توثيق المصادر,خطة بحث توثيق المصادر
240,ar,proposal,تحسين الصياغة,خطة بحث تحسين الصياغة
241,ar,proposal,تحسين المنهجية,خطة بحث تحسين المنهجية
242,ar,proposal,قراءة وتحليل البيانات,خطة بحث قراءة وتحليل البيانات
243,ar,proposal,تصميم أداة البحث,خطة بحث تصميم أداة البحث
244,ar,proposal,مراجعة الاستبيان,خطة بحث مراجعة الاستبيان
245,ar,proposal,تفسير النتائج,خطة بحث تفسير النتائج
246,ar,proposal,إعداد الجداول,خطة بحث إعداد الجداول
247,ar,proposal,إعداد الرسوم البيانية,خطة بحث إعداد الرسوم البيانية
248,ar,proposal,تجهيز المناقشة,خطة بحث تجهيز المناقشة
249,ar,proposal,مع الحفاظ على الأمانة العلمية,خطة بحث مع الحفاظ على الأمانة العلمية
250,ar,proposal,وفق متطلبات الجامعة,خطة بحث وفق متطلبات الجامعة
251,en,proposal,simple explanation,research proposal simple explanation
252,en,proposal,practical guide,research proposal practical guide
253,en,proposal,step-by-step process,research proposal step-by-step process
254,en,proposal,editable template,research proposal editable template
255,en,proposal,worked example,research proposal worked example
256,en,proposal,action plan,research proposal action plan
257,en,proposal,student tips,research proposal student tips
258,en,proposal,common mistakes,research proposal common mistakes
259,en,proposal,quality standards,research proposal quality standards
260,en,proposal,how to prepare,research proposal how to prepare
261,en,proposal,how to write,research proposal how to write
262,en,proposal,how to format,research proposal how to format
263,en,proposal,how to cite sources,research proposal how to cite sources
264,en,proposal,how to proofread,research proposal how to proofread
265,en,proposal,how to analyze,research proposal how to analyze
266,en,proposal,how to present,research proposal how to present
267,en,proposal,before submission,research proposal before submission
268,en,proposal,for undergraduate students,research proposal for undergraduate students
269,en,proposal,for master's students,research proposal for master's students
270,en,proposal,for doctoral students,research proposal for doctoral students
271,en,proposal,in Arabic,research proposal in Arabic
272,en,proposal,in English,research proposal in English
273,en,proposal,Arabic and English,research proposal Arabic and English
274,en,proposal,for UAE universities,research proposal for UAE universities
275,en,proposal,in Dubai,research proposal in Dubai
276,en,proposal,in Abu Dhabi,research proposal in Abu Dhabi
277,en,proposal,in Sharjah,research proposal in Sharjah
278,en,proposal,for private universities,research proposal for private universities
279,en,proposal,for public universities,research proposal for public universities
280,en,proposal,online support,research proposal online support
281,en,proposal,professional service,research proposal professional service
282,en,proposal,academic assistance,research proposal academic assistance
283,en,proposal,research consultation,research proposal research consultation
284,en,proposal,academic review,research proposal academic review
285,en,proposal,scholarly proofreading,research proposal scholarly proofreading
286,en,proposal,APA formatting,research proposal APA formatting
287,en,proposal,MLA formatting,research proposal MLA formatting
288,en,proposal,Chicago formatting,research proposal Chicago formatting
289,en,proposal,source citation,research proposal source citation
290,en,proposal,academic rewriting,research proposal academic rewriting
291,en,proposal,methodology improvement,research proposal methodology improvement
292,en,proposal,data interpretation,research proposal data interpretation
293,en,proposal,research instrument design,research proposal research instrument design
294,en,proposal,survey review,research proposal survey review
295,en,proposal,results interpretation,research proposal results interpretation
296,en,proposal,table preparation,research proposal table preparation
297,en,proposal,chart preparation,research proposal chart preparation
298,en,proposal,discussion preparation,research proposal discussion preparation
299,en,proposal,with academic integrity,research proposal with academic integrity
300,en,proposal,according to university requirements,research proposal according to university requirements
301,ar,methodology,شرح مبسط,منهجية البحث شرح مبسط
302,ar,methodology,دليل عملي,منهجية البحث دليل عملي
303,ar,methodology,خطوات التنفيذ,منهجية البحث خطوات التنفيذ
304,ar,methodology,نموذج قابل للتعديل,منهجية البحث نموذج قابل للتعديل
305,ar,methodology,مثال تطبيقي,منهجية البحث مثال تطبيقي
306,ar,methodology,خطة عمل,منهجية البحث خطة عمل
307,ar,methodology,نصائح للطلاب,منهجية البحث نصائح للطلاب
308,ar,methodology,أخطاء شائعة,منهجية البحث أخطاء شائعة
309,ar,methodology,معايير الجودة,منهجية البحث معايير الجودة
310,ar,methodology,طريقة الإعداد,منهجية البحث طريقة الإعداد
311,ar,methodology,كيفية الكتابة,منهجية البحث كيفية الكتابة
312,ar,methodology,كيفية التنسيق,منهجية البحث كيفية التنسيق
313,ar,methodology,كيفية التوثيق,منهجية البحث كيفية التوثيق
314,ar,methodology,كيفية المراجعة,منهجية البحث كيفية المراجعة
315,ar,methodology,كيفية التحليل,منهجية البحث كيفية التحليل
316,ar,methodology,كيفية العرض,منهجية البحث كيفية العرض
317,ar,methodology,قبل التسليم,منهجية البحث قبل التسليم
318,ar,methodology,لطلاب البكالوريوس,منهجية البحث لطلاب البكالوريوس
319,ar,methodology,لطلاب الماجستير,منهجية البحث لطلاب الماجستير
320,ar,methodology,لطلاب الدكتوراه,منهجية البحث لطلاب الدكتوراه
321,ar,methodology,باللغة العربية,منهجية البحث باللغة العربية
322,ar,methodology,باللغة الإنجليزية,منهجية البحث باللغة الإنجليزية
323,ar,methodology,عربي وإنجليزي,منهجية البحث عربي وإنجليزي
324,ar,methodology,في الجامعات الإماراتية,منهجية البحث في الجامعات الإماراتية
325,ar,methodology,في دبي,منهجية البحث في دبي
326,ar,methodology,في أبوظبي,منهجية البحث في أبوظبي
327,ar,methodology,في الشارقة,منهجية البحث في الشارقة
328,ar,methodology,للجامعات الخاصة,منهجية البحث للجامعات الخاصة
329,ar,methodology,للجامعات الحكومية,منهجية البحث للجامعات الحكومية
330,ar,methodology,عن بُعد,منهجية البحث عن بُعد
331,ar,methodology,خدمة احترافية,منهجية البحث خدمة احترافية
332,ar,methodology,مساعدة أكاديمية,منهجية البحث مساعدة أكاديمية
333,ar,methodology,استشارة بحثية,منهجية البحث استشارة بحثية
334,ar,methodology,مراجعة أكاديمية,منهجية البحث مراجعة أكاديمية
335,ar,methodology,تدقيق علمي,منهجية البحث تدقيق علمي
336,ar,methodology,تنسيق APA,منهجية البحث تنسيق APA
337,ar,methodology,تنسيق MLA,منهجية البحث تنسيق MLA
338,ar,methodology,تنسيق Chicago,منهجية البحث تنسيق Chicago
339,ar,methodology,توثيق المصادر,منهجية البحث توثيق المصادر
340,ar,methodology,تحسين الصياغة,منهجية البحث تحسين الصياغة
341,ar,methodology,تحسين المنهجية,منهجية البحث تحسين المنهجية
342,ar,methodology,قراءة وتحليل البيانات,منهجية البحث قراءة وتحليل البيانات
343,ar,methodology,تصميم أداة البحث,منهجية البحث تصميم أداة البحث
344,ar,methodology,مراجعة الاستبيان,منهجية البحث مراجعة الاستبيان
345,ar,methodology,تفسير النتائج,منهجية البحث تفسير النتائج
346,ar,methodology,إعداد الجداول,منهجية البحث إعداد الجداول
347,ar,methodology,إعداد الرسوم البيانية,منهجية البحث إعداد الرسوم البيانية
348,ar,methodology,تجهيز المناقشة,منهجية البحث تجهيز المناقشة
349,ar,methodology,مع الحفاظ على الأمانة العلمية,منهجية البحث مع الحفاظ على الأمانة العلمية
350,ar,methodology,وفق متطلبات الجامعة,منهجية البحث وفق متطلبات الجامعة
351,en,methodology,simple explanation,research methodology simple explanation
352,en,methodology,practical guide,research methodology practical guide
353,en,methodology,step-by-step process,research methodology step-by-step process
354,en,methodology,editable template,research methodology editable template
355,en,methodology,worked example,research methodology worked example
356,en,methodology,action plan,research methodology action plan
357,en,methodology,student tips,research methodology student tips
358,en,methodology,common mistakes,research methodology common mistakes
359,en,methodology,quality standards,research methodology quality standards
360,en,methodology,how to prepare,research methodology how to prepare
361,en,methodology,how to write,research methodology how to write
362,en,methodology,how to format,research methodology how to format
363,en,methodology,how to cite sources,research methodology how to cite sources
364,en,methodology,how to proofread,research methodology how to proofread
365,en,methodology,how to analyze,research methodology how to analyze
366,en,methodology,how to present,research methodology how to present
367,en,methodology,before submission,research methodology before submission
368,en,methodology,for undergraduate students,research methodology for undergraduate students
369,en,methodology,for master's students,research methodology for master's students
370,en,methodology,for doctoral students,research methodology for doctoral students
371,en,methodology,in Arabic,research methodology in Arabic
372,en,methodology,in English,research methodology in English
373,en,methodology,Arabic and English,research methodology Arabic and English
374,en,methodology,for UAE universities,research methodology for UAE universities
375,en,methodology,in Dubai,research methodology in Dubai
376,en,methodology,in Abu Dhabi,research methodology in Abu Dhabi
377,en,methodology,in Sharjah,research methodology in Sharjah
378,en,methodology,for private universities,research methodology for private universities
379,en,methodology,for public universities,research methodology for public universities
380,en,methodology,online support,research methodology online support
381,en,methodology,professional service,research methodology professional service
382,en,methodology,academic assistance,research methodology academic assistance
383,en,methodology,research consultation,research methodology research consultation
384,en,methodology,academic review,research methodology academic review
385,en,methodology,scholarly proofreading,research methodology scholarly proofreading
386,en,methodology,APA formatting,research methodology APA formatting
387,en,methodology,MLA formatting,research methodology MLA formatting
388,en,methodology,Chicago formatting,research methodology Chicago formatting
389,en,methodology,source citation,research methodology source citation
390,en,methodology,academic rewriting,research methodology academic rewriting
391,en,methodology,methodology improvement,research methodology methodology improvement
392,en,methodology,data interpretation,research methodology data interpretation
393,en,methodology,research instrument design,research methodology research instrument design
394,en,methodology,survey review,research methodology survey review
395,en,methodology,results interpretation,research methodology results interpretation
396,en,methodology,table preparation,research methodology table preparation
397,en,methodology,chart preparation,research methodology chart preparation
398,en,methodology,discussion preparation,research methodology discussion preparation
399,en,methodology,with academic integrity,research methodology with academic integrity
400,en,methodology,according to university requirements,research methodology according to university requirements
401,ar,literature,شرح مبسط,الإطار النظري والدراسات السابقة شرح مبسط
402,ar,literature,دليل عملي,الإطار النظري والدراسات السابقة دليل عملي
403,ar,literature,خطوات التنفيذ,الإطار النظري والدراسات السابقة خطوات التنفيذ
404,ar,literature,نموذج قابل للتعديل,الإطار النظري والدراسات السابقة نموذج قابل للتعديل
405,ar,literature,مثال تطبيقي,الإطار النظري والدراسات السابقة مثال تطبيقي
406,ar,literature,خطة عمل,الإطار النظري والدراسات السابقة خطة عمل
407,ar,literature,نصائح للطلاب,الإطار النظري والدراسات السابقة نصائح للطلاب
408,ar,literature,أخطاء شائعة,الإطار النظري والدراسات السابقة أخطاء شائعة
409,ar,literature,معايير الجودة,الإطار النظري والدراسات السابقة معايير الجودة
410,ar,literature,طريقة الإعداد,الإطار النظري والدراسات السابقة طريقة الإعداد
411,ar,literature,كيفية الكتابة,الإطار النظري والدراسات السابقة كيفية الكتابة
412,ar,literature,كيفية التنسيق,الإطار النظري والدراسات السابقة كيفية التنسيق
413,ar,literature,كيفية التوثيق,الإطار النظري والدراسات السابقة كيفية التوثيق
414,ar,literature,كيفية المراجعة,الإطار النظري والدراسات السابقة كيفية المراجعة
415,ar,literature,كيفية التحليل,الإطار النظري والدراسات السابقة كيفية التحليل
416,ar,literature,كيفية العرض,الإطار النظري والدراسات السابقة كيفية العرض
417,ar,literature,قبل التسليم,الإطار النظري والدراسات السابقة قبل التسليم
418,ar,literature,لطلاب البكالوريوس,الإطار النظري والدراسات السابقة لطلاب البكالوريوس
419,ar,literature,لطلاب الماجستير,الإطار النظري والدراسات السابقة لطلاب الماجستير
420,ar,literature,لطلاب الدكتوراه,الإطار النظري والدراسات السابقة لطلاب الدكتوراه
421,ar,literature,باللغة العربية,الإطار النظري والدراسات السابقة باللغة العربية
422,ar,literature,باللغة الإنجليزية,الإطار النظري والدراسات السابقة باللغة الإنجليزية
423,ar,literature,عربي وإنجليزي,الإطار النظري والدراسات السابقة عربي وإنجليزي
424,ar,literature,في الجامعات الإماراتية,الإطار النظري والدراسات السابقة في الجامعات الإماراتية
425,ar,literature,في دبي,الإطار النظري والدراسات السابقة في دبي
426,ar,literature,في أبوظبي,الإطار النظري والدراسات السابقة في أبوظبي
427,ar,literature,في الشارقة,الإطار النظري والدراسات السابقة في الشارقة
428,ar,literature,للجامعات الخاصة,الإطار النظري والدراسات السابقة للجامعات الخاصة
429,ar,literature,للجامعات الحكومية,الإطار النظري والدراسات السابقة للجامعات الحكومية
430,ar,literature,عن بُعد,الإطار النظري والدراسات السابقة عن بُعد
431,ar,literature,خدمة احترافية,الإطار النظري والدراسات السابقة خدمة احترافية
432,ar,literature,مساعدة أكاديمية,الإطار النظري والدراسات السابقة مساعدة أكاديمية
433,ar,literature,استشارة بحثية,الإطار النظري والدراسات السابقة استشارة بحثية
434,ar,literature,مراجعة أكاديمية,الإطار النظري والدراسات السابقة مراجعة أكاديمية
435,ar,literature,تدقيق علمي,الإطار النظري والدراسات السابقة تدقيق علمي
436,ar,literature,تنسيق APA,الإطار النظري والدراسات السابقة تنسيق APA
437,ar,literature,تنسيق MLA,الإطار النظري والدراسات السابقة تنسيق MLA
438,ar,literature,تنسيق Chicago,الإطار النظري والدراسات السابقة تنسيق Chicago
439,ar,literature,توثيق المصادر,الإطار النظري والدراسات السابقة توثيق المصادر
440,ar,literature,تحسين الصياغة,الإطار النظري والدراسات السابقة تحسين الصياغة
441,ar,literature,تحسين المنهجية,الإطار النظري والدراسات السابقة تحسين المنهجية
442,ar,literature,قراءة وتحليل البيانات,الإطار النظري والدراسات السابقة قراءة وتحليل البيانات
443,ar,literature,تصميم أداة البحث,الإطار النظري والدراسات السابقة تصميم أداة البحث
444,ar,literature,مراجعة الاستبيان,الإطار النظري والدراسات السابقة مراجعة الاستبيان
445,ar,literature,تفسير النتائج,الإطار النظري والدراسات السابقة تفسير النتائج
446,ar,literature,إعداد الجداول,الإطار النظري والدراسات السابقة إعداد الجداول
447,ar,literature,إعداد الرسوم البيانية,الإطار النظري والدراسات السابقة إعداد الرسوم البيانية
448,ar,literature,تجهيز المناقشة,الإطار النظري والدراسات السابقة تجهيز المناقشة
449,ar,literature,مع الحفاظ على الأمانة العلمية,الإطار النظري والدراسات السابقة مع الحفاظ على الأمانة العلمية
450,ar,literature,وفق متطلبات الجامعة,الإطار النظري والدراسات السابقة وفق متطلبات الجامعة
451,en,literature,simple explanation,theoretical framework and literature review simple explanation
452,en,literature,practical guide,theoretical framework and literature review practical guide
453,en,literature,step-by-step process,theoretical framework and literature review step-by-step process
454,en,literature,editable template,theoretical framework and literature review editable template
455,en,literature,worked example,theoretical framework and literature review worked example
456,en,literature,action plan,theoretical framework and literature review action plan
457,en,literature,student tips,theoretical framework and literature review student tips
458,en,literature,common mistakes,theoretical framework and literature review common mistakes
459,en,literature,quality standards,theoretical framework and literature review quality standards
460,en,literature,how to prepare,theoretical framework and literature review how to prepare
461,en,literature,how to write,theoretical framework and literature review how to write
462,en,literature,how to format,theoretical framework and literature review how to format
463,en,literature,how to cite sources,theoretical framework and literature review how to cite sources
464,en,literature,how to proofread,theoretical framework and literature review how to proofread
465,en,literature,how to analyze,theoretical framework and literature review how to analyze
466,en,literature,how to present,theoretical framework and literature review how to present
467,en,literature,before submission,theoretical framework and literature review before submission
468,en,literature,for undergraduate students,theoretical framework and literature review for undergraduate students
469,en,literature,for master's students,theoretical framework and literature review for master's students
470,en,literature,for doctoral students,theoretical framework and literature review for doctoral students
471,en,literature,in Arabic,theoretical framework and literature review in Arabic
472,en,literature,in English,theoretical framework and literature review in English
473,en,literature,Arabic and English,theoretical framework and literature review Arabic and English
474,en,literature,for UAE universities,theoretical framework and literature review for UAE universities
475,en,literature,in Dubai,theoretical framework and literature review in Dubai
476,en,literature,in Abu Dhabi,theoretical framework and literature review in Abu Dhabi
477,en,literature,in Sharjah,theoretical framework and literature review in Sharjah
478,en,literature,for private universities,theoretical framework and literature review for private universities
479,en,literature,for public universities,theoretical framework and literature review for public universities
480,en,literature,online support,theoretical framework and literature review online support
481,en,literature,professional service,theoretical framework and literature review professional service
482,en,literature,academic assistance,theoretical framework and literature review academic assistance
483,en,literature,research consultation,theoretical framework and literature review research consultation
484,en,literature,academic review,theoretical framework and literature review academic review
485,en,literature,scholarly proofreading,theoretical framework and literature review scholarly proofreading
486,en,literature,APA formatting,theoretical framework and literature review APA formatting
487,en,literature,MLA formatting,theoretical framework and literature review MLA formatting
488,en,literature,Chicago formatting,theoretical framework and literature review Chicago formatting
489,en,literature,source citation,theoretical framework and literature review source citation
490,en,literature,academic rewriting,theoretical framework and literature review academic rewriting
491,en,literature,methodology improvement,theoretical framework and literature review methodology improvement
492,en,literature,data interpretation,theoretical framework and literature review data interpretation
493,en,literature,research instrument design,theoretical framework and literature review research instrument design
494,en,literature,survey review,theoretical framework and literature review survey review
495,en,literature,results interpretation,theoretical framework and literature review results interpretation
496,en,literature,table preparation,theoretical framework and literature review table preparation
497,en,literature,chart preparation,theoretical framework and literature review chart preparation
498,en,literature,discussion preparation,theoretical framework and literature review discussion preparation
499,en,literature,with academic integrity,theoretical framework and literature review with academic integrity
500,en,literature,according to university requirements,theoretical framework and literature review according to university requirements
501,ar,references,شرح مبسط,المراجع وتوثيق المصادر شرح مبسط
502,ar,references,دليل عملي,المراجع وتوثيق المصادر دليل عملي
503,ar,references,خطوات التنفيذ,المراجع وتوثيق المصادر خطوات التنفيذ
504,ar,references,نموذج قابل للتعديل,المراجع وتوثيق المصادر نموذج قابل للتعديل
505,ar,references,مثال تطبيقي,المراجع وتوثيق المصادر مثال تطبيقي
506,ar,references,خطة عمل,المراجع وتوثيق المصادر خطة عمل
507,ar,references,نصائح للطلاب,المراجع وتوثيق المصادر نصائح للطلاب
508,ar,references,أخطاء شائعة,المراجع وتوثيق المصادر أخطاء شائعة
509,ar,references,معايير الجودة,المراجع وتوثيق المصادر معايير الجودة
510,ar,references,طريقة الإعداد,المراجع وتوثيق المصادر طريقة الإعداد
511,ar,references,كيفية الكتابة,المراجع وتوثيق المصادر كيفية الكتابة
512,ar,references,كيفية التنسيق,المراجع وتوثيق المصادر كيفية التنسيق
513,ar,references,كيفية التوثيق,المراجع وتوثيق المصادر كيفية التوثيق
514,ar,references,كيفية المراجعة,المراجع وتوثيق المصادر كيفية المراجعة
515,ar,references,كيفية التحليل,المراجع وتوثيق المصادر كيفية التحليل
516,ar,references,كيفية العرض,المراجع وتوثيق المصادر كيفية العرض
517,ar,references,قبل التسليم,المراجع وتوثيق المصادر قبل التسليم
518,ar,references,لطلاب البكالوريوس,المراجع وتوثيق المصادر لطلاب البكالوريوس
519,ar,references,لطلاب الماجستير,المراجع وتوثيق المصادر لطلاب الماجستير
520,ar,references,لطلاب الدكتوراه,المراجع وتوثيق المصادر لطلاب الدكتوراه
521,ar,references,باللغة العربية,المراجع وتوثيق المصادر باللغة العربية
522,ar,references,باللغة الإنجليزية,المراجع وتوثيق المصادر باللغة الإنجليزية
523,ar,references,عربي وإنجليزي,المراجع وتوثيق المصادر عربي وإنجليزي
524,ar,references,في الجامعات الإماراتية,المراجع وتوثيق المصادر في الجامعات الإماراتية
525,ar,references,في دبي,المراجع وتوثيق المصادر في دبي
526,ar,references,في أبوظبي,المراجع وتوثيق المصادر في أبوظبي
527,ar,references,في الشارقة,المراجع وتوثيق المصادر في الشارقة
528,ar,references,للجامعات الخاصة,المراجع وتوثيق المصادر للجامعات الخاصة
529,ar,references,للجامعات الحكومية,المراجع وتوثيق المصادر للجامعات الحكومية
530,ar,references,عن بُعد,المراجع وتوثيق المصادر عن بُعد
531,ar,references,خدمة احترافية,المراجع وتوثيق المصادر خدمة احترافية
532,ar,references,مساعدة أكاديمية,المراجع وتوثيق المصادر مساعدة أكاديمية
533,ar,references,استشارة بحثية,المراجع وتوثيق المصادر استشارة بحثية
534,ar,references,مراجعة أكاديمية,المراجع وتوثيق المصادر مراجعة أكاديمية
535,ar,references,تدقيق علمي,المراجع وتوثيق المصادر تدقيق علمي
536,ar,references,تنسيق APA,المراجع وتوثيق المصادر تنسيق APA
537,ar,references,تنسيق MLA,المراجع وتوثيق المصادر تنسيق MLA
538,ar,references,تنسيق Chicago,المراجع وتوثيق المصادر تنسيق Chicago
539,ar,references,توثيق المصادر,المراجع وتوثيق المصادر توثيق المصادر
540,ar,references,تحسين الصياغة,المراجع وتوثيق المصادر تحسين الصياغة
541,ar,references,تحسين المنهجية,المراجع وتوثيق المصادر تحسين المنهجية
542,ar,references,قراءة وتحليل البيانات,المراجع وتوثيق المصادر قراءة وتحليل البيانات
543,ar,references,تصميم أداة البحث,المراجع وتوثيق المصادر تصميم أداة البحث
544,ar,references,مراجعة الاستبيان,المراجع وتوثيق المصادر مراجعة الاستبيان
545,ar,references,تفسير النتائج,المراجع وتوثيق المصادر تفسير النتائج
546,ar,references,إعداد الجداول,المراجع وتوثيق المصادر إعداد الجداول
547,ar,references,إعداد الرسوم البيانية,المراجع وتوثيق المصادر إعداد الرسوم البيانية
548,ar,references,تجهيز المناقشة,المراجع وتوثيق المصادر تجهيز المناقشة
549,ar,references,مع الحفاظ على الأمانة العلمية,المراجع وتوثيق المصادر مع الحفاظ على الأمانة العلمية
550,ar,references,وفق متطلبات الجامعة,المراجع وتوثيق المصادر وفق متطلبات الجامعة
551,en,references,simple explanation,references and source citation simple explanation
552,en,references,practical guide,references and source citation practical guide
553,en,references,step-by-step process,references and source citation step-by-step process
554,en,references,editable template,references and source citation editable template
555,en,references,worked example,references and source citation worked example
556,en,references,action plan,references and source citation action plan
557,en,references,student tips,references and source citation student tips
558,en,references,common mistakes,references and source citation common mistakes
559,en,references,quality standards,references and source citation quality standards
560,en,references,how to prepare,references and source citation how to prepare
561,en,references,how to write,references and source citation how to write
562,en,references,how to format,references and source citation how to format
563,en,references,how to cite sources,references and source citation how to cite sources
564,en,references,how to proofread,references and source citation how to proofread
565,en,references,how to analyze,references and source citation how to analyze
566,en,references,how to present,references and source citation how to present
567,en,references,before submission,references and source citation before submission
568,en,references,for undergraduate students,references and source citation for undergraduate students
569,en,references,for master's students,references and source citation for master's students
570,en,references,for doctoral students,references and source citation for doctoral students
571,en,references,in Arabic,references and source citation in Arabic
572,en,references,in English,references and source citation in English
573,en,references,Arabic and English,references and source citation Arabic and English
574,en,references,for UAE universities,references and source citation for UAE universities
575,en,references,in Dubai,references and source citation in Dubai
576,en,references,in Abu Dhabi,references and source citation in Abu Dhabi
577,en,references,in Sharjah,references and source citation in Sharjah
578,en,references,for private universities,references and source citation for private universities
579,en,references,for public universities,references and source citation for public universities
580,en,references,online support,references and source citation online support
581,en,references,professional service,references and source citation professional service
582,en,references,academic assistance,references and source citation academic assistance
583,en,references,research consultation,references and source citation research consultation
584,en,references,academic review,references and source citation academic review
585,en,references,scholarly proofreading,references and source citation scholarly proofreading
586,en,references,APA formatting,references and source citation APA formatting
587,en,references,MLA formatting,references and source citation MLA formatting
588,en,references,Chicago formatting,references and source citation Chicago formatting
589,en,references,source citation,references and source citation source citation
590,en,references,academic rewriting,references and source citation academic rewriting
591,en,references,methodology improvement,references and source citation methodology improvement
592,en,references,data interpretation,references and source citation data interpretation
593,en,references,research instrument design,references and source citation research instrument design
594,en,references,survey review,references and source citation survey review
595,en,references,results interpretation,references and source citation results interpretation
596,en,references,table preparation,references and source citation table preparation
597,en,references,chart preparation,references and source citation chart preparation
598,en,references,discussion preparation,references and source citation discussion preparation
599,en,references,with academic integrity,references and source citation with academic integrity
600,en,references,according to university requirements,references and source citation according to university requirements
601,ar,masters,شرح مبسط,رسائل الماجستير شرح مبسط
602,ar,masters,دليل عملي,رسائل الماجستير دليل عملي
603,ar,masters,خطوات التنفيذ,رسائل الماجستير خطوات التنفيذ
604,ar,masters,نموذج قابل للتعديل,رسائل الماجستير نموذج قابل للتعديل
605,ar,masters,مثال تطبيقي,رسائل الماجستير مثال تطبيقي
606,ar,masters,خطة عمل,رسائل الماجستير خطة عمل
607,ar,masters,نصائح للطلاب,رسائل الماجستير نصائح للطلاب
608,ar,masters,أخطاء شائعة,رسائل الماجستير أخطاء شائعة
609,ar,masters,معايير الجودة,رسائل الماجستير معايير الجودة
610,ar,masters,طريقة الإعداد,رسائل الماجستير طريقة الإعداد
611,ar,masters,كيفية الكتابة,رسائل الماجستير كيفية الكتابة
612,ar,masters,كيفية التنسيق,رسائل الماجستير كيفية التنسيق
613,ar,masters,كيفية التوثيق,رسائل الماجستير كيفية التوثيق
614,ar,masters,كيفية المراجعة,رسائل الماجستير كيفية المراجعة
615,ar,masters,كيفية التحليل,رسائل الماجستير كيفية التحليل
616,ar,masters,كيفية العرض,رسائل الماجستير كيفية العرض
617,ar,masters,قبل التسليم,رسائل الماجستير قبل التسليم
618,ar,masters,لطلاب البكالوريوس,رسائل الماجستير لطلاب البكالوريوس
619,ar,masters,لطلاب الماجستير,رسائل الماجستير لطلاب الماجستير
620,ar,masters,لطلاب الدكتوراه,رسائل الماجستير لطلاب الدكتوراه
621,ar,masters,باللغة العربية,رسائل الماجستير باللغة العربية
622,ar,masters,باللغة الإنجليزية,رسائل الماجستير باللغة الإنجليزية
623,ar,masters,عربي وإنجليزي,رسائل الماجستير عربي وإنجليزي
624,ar,masters,في الجامعات الإماراتية,رسائل الماجستير في الجامعات الإماراتية
625,ar,masters,في دبي,رسائل الماجستير في دبي
626,ar,masters,في أبوظبي,رسائل الماجستير في أبوظبي
627,ar,masters,في الشارقة,رسائل الماجستير في الشارقة
628,ar,masters,للجامعات الخاصة,رسائل الماجستير للجامعات الخاصة
629,ar,masters,للجامعات الحكومية,رسائل الماجستير للجامعات الحكومية
630,ar,masters,عن بُعد,رسائل الماجستير عن بُعد
631,ar,masters,خدمة احترافية,رسائل الماجستير خدمة احترافية
632,ar,masters,مساعدة أكاديمية,رسائل الماجستير مساعدة أكاديمية
633,ar,masters,استشارة بحثية,رسائل الماجستير استشارة بحثية
634,ar,masters,مراجعة أكاديمية,رسائل الماجستير مراجعة أكاديمية
635,ar,masters,تدقيق علمي,رسائل الماجستير تدقيق علمي
636,ar,masters,تنسيق APA,رسائل الماجستير تنسيق APA
637,ar,masters,تنسيق MLA,رسائل الماجستير تنسيق MLA
638,ar,masters,تنسيق Chicago,رسائل الماجستير تنسيق Chicago
639,ar,masters,توثيق المصادر,رسائل الماجستير توثيق المصادر
640,ar,masters,تحسين الصياغة,رسائل الماجستير تحسين الصياغة
641,ar,masters,تحسين المنهجية,رسائل الماجستير تحسين المنهجية
642,ar,masters,قراءة وتحليل البيانات,رسائل الماجستير قراءة وتحليل البيانات
643,ar,masters,تصميم أداة البحث,رسائل الماجستير تصميم أداة البحث
644,ar,masters,مراجعة الاستبيان,رسائل الماجستير مراجعة الاستبيان
645,ar,masters,تفسير النتائج,رسائل الماجستير تفسير النتائج
646,ar,masters,إعداد الجداول,رسائل الماجستير إعداد الجداول
647,ar,masters,إعداد الرسوم البيانية,رسائل الماجستير إعداد الرسوم البيانية
648,ar,masters,تجهيز المناقشة,رسائل الماجستير تجهيز المناقشة
649,ar,masters,مع الحفاظ على الأمانة العلمية,رسائل الماجستير مع الحفاظ على الأمانة العلمية
650,ar,masters,وفق متطلبات الجامعة,رسائل الماجستير وفق متطلبات الجامعة
651,en,masters,simple explanation,master's thesis simple explanation
652,en,masters,practical guide,master's thesis practical guide
653,en,masters,step-by-step process,master's thesis step-by-step process
654,en,masters,editable template,master's thesis editable template
655,en,masters,worked example,master's thesis worked example
656,en,masters,action plan,master's thesis action plan
657,en,masters,student tips,master's thesis student tips
658,en,masters,common mistakes,master's thesis common mistakes
659,en,masters,quality standards,master's thesis quality standards
660,en,masters,how to prepare,master's thesis how to prepare
661,en,masters,how to write,master's thesis how to write
662,en,masters,how to format,master's thesis how to format
663,en,masters,how to cite sources,master's thesis how to cite sources
664,en,masters,how to proofread,master's thesis how to proofread
665,en,masters,how to analyze,master's thesis how to analyze
666,en,masters,how to present,master's thesis how to present
667,en,masters,before submission,master's thesis before submission
668,en,masters,for undergraduate students,master's thesis for undergraduate students
669,en,masters,for master's students,master's thesis for master's students
670,en,masters,for doctoral students,master's thesis for doctoral students
671,en,masters,in Arabic,master's thesis in Arabic
672,en,masters,in English,master's thesis in English
673,en,masters,Arabic and English,master's thesis Arabic and English
674,en,masters,for UAE universities,master's thesis for UAE universities
675,en,masters,in Dubai,master's thesis in Dubai
676,en,masters,in Abu Dhabi,master's thesis in Abu Dhabi
677,en,masters,in Sharjah,master's thesis in Sharjah
678,en,masters,for private universities,master's thesis for private universities
679,en,masters,for public universities,master's thesis for public universities
680,en,masters,online support,master's thesis online support
681,en,masters,professional service,master's thesis professional service
682,en,masters,academic assistance,master's thesis academic assistance
683,en,masters,research consultation,master's thesis research consultation
684,en,masters,academic review,master's thesis academic review
685,en,masters,scholarly proofreading,master's thesis scholarly proofreading
686,en,masters,APA formatting,master's thesis APA formatting
687,en,masters,MLA formatting,master's thesis MLA formatting
688,en,masters,Chicago formatting,master's thesis Chicago formatting
689,en,masters,source citation,master's thesis source citation
690,en,masters,academic rewriting,master's thesis academic rewriting
691,en,masters,methodology improvement,master's thesis methodology improvement
692,en,masters,data interpretation,master's thesis data interpretation
693,en,masters,research instrument design,master's thesis research instrument design
694,en,masters,survey review,master's thesis survey review
695,en,masters,results interpretation,master's thesis results interpretation
696,en,masters,table preparation,master's thesis table preparation
697,en,masters,chart preparation,master's thesis chart preparation
698,en,masters,discussion preparation,master's thesis discussion preparation
699,en,masters,with academic integrity,master's thesis with academic integrity
700,en,masters,according to university requirements,master's thesis according to university requirements
701,ar,doctoral,شرح مبسط,رسائل الدكتوراه شرح مبسط
702,ar,doctoral,دليل عملي,رسائل الدكتوراه دليل عملي
703,ar,doctoral,خطوات التنفيذ,رسائل الدكتوراه خطوات التنفيذ
704,ar,doctoral,نموذج قابل للتعديل,رسائل الدكتوراه نموذج قابل للتعديل
705,ar,doctoral,مثال تطبيقي,رسائل الدكتوراه مثال تطبيقي
706,ar,doctoral,خطة عمل,رسائل الدكتوراه خطة عمل
707,ar,doctoral,نصائح للطلاب,رسائل الدكتوراه نصائح للطلاب
708,ar,doctoral,أخطاء شائعة,رسائل الدكتوراه أخطاء شائعة
709,ar,doctoral,معايير الجودة,رسائل الدكتوراه معايير الجودة
710,ar,doctoral,طريقة الإعداد,رسائل الدكتوراه طريقة الإعداد
711,ar,doctoral,كيفية الكتابة,رسائل الدكتوراه كيفية الكتابة
712,ar,doctoral,كيفية التنسيق,رسائل الدكتوراه كيفية التنسيق
713,ar,doctoral,كيفية التوثيق,رسائل الدكتوراه كيفية التوثيق
714,ar,doctoral,كيفية المراجعة,رسائل الدكتوراه كيفية المراجعة
715,ar,doctoral,كيفية التحليل,رسائل الدكتوراه كيفية التحليل
716,ar,doctoral,كيفية العرض,رسائل الدكتوراه كيفية العرض
717,ar,doctoral,قبل التسليم,رسائل الدكتوراه قبل التسليم
718,ar,doctoral,لطلاب البكالوريوس,رسائل الدكتوراه لطلاب البكالوريوس
719,ar,doctoral,لطلاب الماجستير,رسائل الدكتوراه لطلاب الماجستير
720,ar,doctoral,لطلاب الدكتوراه,رسائل الدكتوراه لطلاب الدكتوراه
721,ar,doctoral,باللغة العربية,رسائل الدكتوراه باللغة العربية
722,ar,doctoral,باللغة الإنجليزية,رسائل الدكتوراه باللغة الإنجليزية
723,ar,doctoral,عربي وإنجليزي,رسائل الدكتوراه عربي وإنجليزي
724,ar,doctoral,في الجامعات الإماراتية,رسائل الدكتوراه في الجامعات الإماراتية
725,ar,doctoral,في دبي,رسائل الدكتوراه في دبي
726,ar,doctoral,في أبوظبي,رسائل الدكتوراه في أبوظبي
727,ar,doctoral,في الشارقة,رسائل الدكتوراه في الشارقة
728,ar,doctoral,للجامعات الخاصة,رسائل الدكتوراه للجامعات الخاصة
729,ar,doctoral,للجامعات الحكومية,رسائل الدكتوراه للجامعات الحكومية
730,ar,doctoral,عن بُعد,رسائل الدكتوراه عن بُعد
731,ar,doctoral,خدمة احترافية,رسائل الدكتوراه خدمة احترافية
732,ar,doctoral,مساعدة أكاديمية,رسائل الدكتوراه مساعدة أكاديمية
733,ar,doctoral,استشارة بحثية,رسائل الدكتوراه استشارة بحثية
734,ar,doctoral,مراجعة أكاديمية,رسائل الدكتوراه مراجعة أكاديمية
735,ar,doctoral,تدقيق علمي,رسائل الدكتوراه تدقيق علمي
736,ar,doctoral,تنسيق APA,رسائل الدكتوراه تنسيق APA
737,ar,doctoral,تنسيق MLA,رسائل الدكتوراه تنسيق MLA
738,ar,doctoral,تنسيق Chicago,رسائل الدكتوراه تنسيق Chicago
739,ar,doctoral,توثيق المصادر,رسائل الدكتوراه توثيق المصادر
740,ar,doctoral,تحسين الصياغة,رسائل الدكتوراه تحسين الصياغة
741,ar,doctoral,تحسين المنهجية,رسائل الدكتوراه تحسين المنهجية
742,ar,doctoral,قراءة وتحليل البيانات,رسائل الدكتوراه قراءة وتحليل البيانات
743,ar,doctoral,تصميم أداة البحث,رسائل الدكتوراه تصميم أداة البحث
744,ar,doctoral,مراجعة الاستبيان,رسائل الدكتوراه مراجعة الاستبيان
745,ar,doctoral,تفسير النتائج,رسائل الدكتوراه تفسير النتائج
746,ar,doctoral,إعداد الجداول,رسائل الدكتوراه إعداد الجداول
747,ar,doctoral,إعداد الرسوم البيانية,رسائل الدكتوراه إعداد الرسوم البيانية
748,ar,doctoral,تجهيز المناقشة,رسائل الدكتوراه تجهيز المناقشة
749,ar,doctoral,مع الحفاظ على الأمانة العلمية,رسائل الدكتوراه مع الحفاظ على الأمانة العلمية
750,ar,doctoral,وفق متطلبات الجامعة,رسائل الدكتوراه وفق متطلبات الجامعة
751,en,doctoral,simple explanation,doctoral dissertation simple explanation
752,en,doctoral,practical guide,doctoral dissertation practical guide
753,en,doctoral,step-by-step process,doctoral dissertation step-by-step process
754,en,doctoral,editable template,doctoral dissertation editable template
755,en,doctoral,worked example,doctoral dissertation worked example
756,en,doctoral,action plan,doctoral dissertation action plan
757,en,doctoral,student tips,doctoral dissertation student tips
758,en,doctoral,common mistakes,doctoral dissertation common mistakes
759,en,doctoral,quality standards,doctoral dissertation quality standards
760,en,doctoral,how to prepare,doctoral dissertation how to prepare
761,en,doctoral,how to write,doctoral dissertation how to write
762,en,doctoral,how to format,doctoral dissertation how to format
763,en,doctoral,how to cite sources,doctoral dissertation how to cite sources
764,en,doctoral,how to proofread,doctoral dissertation how to proofread
765,en,doctoral,how to analyze,doctoral dissertation how to analyze
766,en,doctoral,how to present,doctoral dissertation how to present
767,en,doctoral,before submission,doctoral dissertation before submission
768,en,doctoral,for undergraduate students,doctoral dissertation for undergraduate students
769,en,doctoral,for master's students,doctoral dissertation for master's students
770,en,doctoral,for doctoral students,doctoral dissertation for doctoral students
771,en,doctoral,in Arabic,doctoral dissertation in Arabic
772,en,doctoral,in English,doctoral dissertation in English
773,en,doctoral,Arabic and English,doctoral dissertation Arabic and English
774,en,doctoral,for UAE universities,doctoral dissertation for UAE universities
775,en,doctoral,in Dubai,doctoral dissertation in Dubai
776,en,doctoral,in Abu Dhabi,doctoral dissertation in Abu Dhabi
777,en,doctoral,in Sharjah,doctoral dissertation in Sharjah
778,en,doctoral,for private universities,doctoral dissertation for private universities
779,en,doctoral,for public universities,doctoral dissertation for public universities
780,en,doctoral,online support,doctoral dissertation online support
781,en,doctoral,professional service,doctoral dissertation professional service
782,en,doctoral,academic assistance,doctoral dissertation academic assistance
783,en,doctoral,research consultation,doctoral dissertation research consultation
784,en,doctoral,academic review,doctoral dissertation academic review
785,en,doctoral,scholarly proofreading,doctoral dissertation scholarly proofreading
786,en,doctoral,APA formatting,doctoral dissertation APA formatting
787,en,doctoral,MLA formatting,doctoral dissertation MLA formatting
788,en,doctoral,Chicago formatting,doctoral dissertation Chicago formatting
789,en,doctoral,source citation,doctoral dissertation source citation
790,en,doctoral,academic rewriting,doctoral dissertation academic rewriting
791,en,doctoral,methodology improvement,doctoral dissertation methodology improvement
792,en,doctoral,data interpretation,doctoral dissertation data interpretation
793,en,doctoral,research instrument design,doctoral dissertation research instrument design
794,en,doctoral,survey review,doctoral dissertation survey review
795,en,doctoral,results interpretation,doctoral dissertation results interpretation
796,en,doctoral,table preparation,doctoral dissertation table preparation
797,en,doctoral,chart preparation,doctoral dissertation chart preparation
798,en,doctoral,discussion preparation,doctoral dissertation discussion preparation
799,en,doctoral,with academic integrity,doctoral dissertation with academic integrity
800,en,doctoral,according to university requirements,doctoral dissertation according to university requirements
801,ar,business,شرح مبسط,أبحاث إدارة الأعمال شرح مبسط
802,ar,business,دليل عملي,أبحاث إدارة الأعمال دليل عملي
803,ar,business,خطوات التنفيذ,أبحاث إدارة الأعمال خطوات التنفيذ
804,ar,business,نموذج قابل للتعديل,أبحاث إدارة الأعمال نموذج قابل للتعديل
805,ar,business,مثال تطبيقي,أبحاث إدارة الأعمال مثال تطبيقي
806,ar,business,خطة عمل,أبحاث إدارة الأعمال خطة عمل
807,ar,business,نصائح للطلاب,أبحاث إدارة الأعمال نصائح للطلاب
808,ar,business,أخطاء شائعة,أبحاث إدارة الأعمال أخطاء شائعة
809,ar,business,معايير الجودة,أبحاث إدارة الأعمال معايير الجودة
810,ar,business,طريقة الإعداد,أبحاث إدارة الأعمال طريقة الإعداد
811,ar,business,كيفية الكتابة,أبحاث إدارة الأعمال كيفية الكتابة
812,ar,business,كيفية التنسيق,أبحاث إدارة الأعمال كيفية التنسيق
813,ar,business,كيفية التوثيق,أبحاث إدارة الأعمال كيفية التوثيق
814,ar,business,كيفية المراجعة,أبحاث إدارة الأعمال كيفية المراجعة
815,ar,business,كيفية التحليل,أبحاث إدارة الأعمال كيفية التحليل
816,ar,business,كيفية العرض,أبحاث إدارة الأعمال كيفية العرض
817,ar,business,قبل التسليم,أبحاث إدارة الأعمال قبل التسليم
818,ar,business,لطلاب البكالوريوس,أبحاث إدارة الأعمال لطلاب البكالوريوس
819,ar,business,لطلاب الماجستير,أبحاث إدارة الأعمال لطلاب الماجستير
820,ar,business,لطلاب الدكتوراه,أبحاث إدارة الأعمال لطلاب الدكتوراه
821,ar,business,باللغة العربية,أبحاث إدارة الأعمال باللغة العربية
822,ar,business,باللغة الإنجليزية,أبحاث إدارة الأعمال باللغة الإنجليزية
823,ar,business,عربي وإنجليزي,أبحاث إدارة الأعمال عربي وإنجليزي
824,ar,business,في الجامعات الإماراتية,أبحاث إدارة الأعمال في الجامعات الإماراتية
825,ar,business,في دبي,أبحاث إدارة الأعمال في دبي
826,ar,business,في أبوظبي,أبحاث إدارة الأعمال في أبوظبي
827,ar,business,في الشارقة,أبحاث إدارة الأعمال في الشارقة
828,ar,business,للجامعات الخاصة,أبحاث إدارة الأعمال للجامعات الخاصة
829,ar,business,للجامعات الحكومية,أبحاث إدارة الأعمال للجامعات الحكومية
830,ar,business,عن بُعد,أبحاث إدارة الأعمال عن بُعد
831,ar,business,خدمة احترافية,أبحاث إدارة الأعمال خدمة احترافية
832,ar,business,مساعدة أكاديمية,أبحاث إدارة الأعمال مساعدة أكاديمية
833,ar,business,استشارة بحثية,أبحاث إدارة الأعمال استشارة بحثية
834,ar,business,مراجعة أكاديمية,أبحاث إدارة الأعمال مراجعة أكاديمية
835,ar,business,تدقيق علمي,أبحاث إدارة الأعمال تدقيق علمي
836,ar,business,تنسيق APA,أبحاث إدارة الأعمال تنسيق APA
837,ar,business,تنسيق MLA,أبحاث إدارة الأعمال تنسيق MLA
838,ar,business,تنسيق Chicago,أبحاث إدارة الأعمال تنسيق Chicago
839,ar,business,توثيق المصادر,أبحاث إدارة الأعمال توثيق المصادر
840,ar,business,تحسين الصياغة,أبحاث إدارة الأعمال تحسين الصياغة
841,ar,business,تحسين المنهجية,أبحاث إدارة الأعمال تحسين المنهجية
842,ar,business,قراءة وتحليل البيانات,أبحاث إدارة الأعمال قراءة وتحليل البيانات
843,ar,business,تصميم أداة البحث,أبحاث إدارة الأعمال تصميم أداة البحث
844,ar,business,مراجعة الاستبيان,أبحاث إدارة الأعمال مراجعة الاستبيان
845,ar,business,تفسير النتائج,أبحاث إدارة الأعمال تفسير النتائج
846,ar,business,إعداد الجداول,أبحاث إدارة الأعمال إعداد الجداول
847,ar,business,إعداد الرسوم البيانية,أبحاث إدارة الأعمال إعداد الرسوم البيانية
848,ar,business,تجهيز المناقشة,أبحاث إدارة الأعمال تجهيز المناقشة
849,ar,business,مع الحفاظ على الأمانة العلمية,أبحاث إدارة الأعمال مع الحفاظ على الأمانة العلمية
850,ar,business,وفق متطلبات الجامعة,أبحاث إدارة الأعمال وفق متطلبات الجامعة
851,en,business,simple explanation,business administration research simple explanation
852,en,business,practical guide,business administration research practical guide
853,en,business,step-by-step process,business administration research step-by-step process
854,en,business,editable template,business administration research editable template
855,en,business,worked example,business administration research worked example
856,en,business,action plan,business administration research action plan
857,en,business,student tips,business administration research student tips
858,en,business,common mistakes,business administration research common mistakes
859,en,business,quality standards,business administration research quality standards
860,en,business,how to prepare,business administration research how to prepare
861,en,business,how to write,business administration research how to write
862,en,business,how to format,business administration research how to format
863,en,business,how to cite sources,business administration research how to cite sources
864,en,business,how to proofread,business administration research how to proofread
865,en,business,how to analyze,business administration research how to analyze
866,en,business,how to present,business administration research how to present
867,en,business,before submission,business administration research before submission
868,en,business,for undergraduate students,business administration research for undergraduate students
869,en,business,for master's students,business administration research for master's students
870,en,business,for doctoral students,business administration research for doctoral students
871,en,business,in Arabic,business administration research in Arabic
872,en,business,in English,business administration research in English
873,en,business,Arabic and English,business administration research Arabic and English
874,en,business,for UAE universities,business administration research for UAE universities
875,en,business,in Dubai,business administration research in Dubai
876,en,business,in Abu Dhabi,business administration research in Abu Dhabi
877,en,business,in Sharjah,business administration research in Sharjah
878,en,business,for private universities,business administration research for private universities
879,en,business,for public universities,business administration research for public universities
880,en,business,online support,business administration research online support
881,en,business,professional service,business administration research professional service
882,en,business,academic assistance,business administration research academic assistance
883,en,business,research consultation,business administration research research consultation
884,en,business,academic review,business administration research academic review
885,en,business,scholarly proofreading,business administration research scholarly proofreading
886,en,business,APA formatting,business administration research APA formatting
887,en,business,MLA formatting,business administration research MLA formatting
888,en,business,Chicago formatting,business administration research Chicago formatting
889,en,business,source citation,business administration research source citation
890,en,business,academic rewriting,business administration research academic rewriting
891,en,business,methodology improvement,business administration research methodology improvement
892,en,business,data interpretation,business administration research data interpretation
893,en,business,research instrument design,business administration research research instrument design
894,en,business,survey review,business administration research survey review
895,en,business,results interpretation,business administration research results interpretation
896,en,business,table preparation,business administration research table preparation
897,en,business,chart preparation,business administration research chart preparation
898,en,business,discussion preparation,business administration research discussion preparation
899,en,business,with academic integrity,business administration research with academic integrity
900,en,business,according to university requirements,business administration research according to university requirements
901,ar,education,شرح مبسط,أبحاث التربية والتعليم شرح مبسط
902,ar,education,دليل عملي,أبحاث التربية والتعليم دليل عملي
903,ar,education,خطوات التنفيذ,أبحاث التربية والتعليم خطوات التنفيذ
904,ar,education,نموذج قابل للتعديل,أبحاث التربية والتعليم نموذج قابل للتعديل
905,ar,education,مثال تطبيقي,أبحاث التربية والتعليم مثال تطبيقي
906,ar,education,خطة عمل,أبحاث التربية والتعليم خطة عمل
907,ar,education,نصائح للطلاب,أبحاث التربية والتعليم نصائح للطلاب
908,ar,education,أخطاء شائعة,أبحاث التربية والتعليم أخطاء شائعة
909,ar,education,معايير الجودة,أبحاث التربية والتعليم معايير الجودة
910,ar,education,طريقة الإعداد,أبحاث التربية والتعليم طريقة الإعداد
911,ar,education,كيفية الكتابة,أبحاث التربية والتعليم كيفية الكتابة
912,ar,education,كيفية التنسيق,أبحاث التربية والتعليم كيفية التنسيق
913,ar,education,كيفية التوثيق,أبحاث التربية والتعليم كيفية التوثيق
914,ar,education,كيفية المراجعة,أبحاث التربية والتعليم كيفية المراجعة
915,ar,education,كيفية التحليل,أبحاث التربية والتعليم كيفية التحليل
916,ar,education,كيفية العرض,أبحاث التربية والتعليم كيفية العرض
917,ar,education,قبل التسليم,أبحاث التربية والتعليم قبل التسليم
918,ar,education,لطلاب البكالوريوس,أبحاث التربية والتعليم لطلاب البكالوريوس
919,ar,education,لطلاب الماجستير,أبحاث التربية والتعليم لطلاب الماجستير
920,ar,education,لطلاب الدكتوراه,أبحاث التربية والتعليم لطلاب الدكتوراه
921,ar,education,باللغة العربية,أبحاث التربية والتعليم باللغة العربية
922,ar,education,باللغة الإنجليزية,أبحاث التربية والتعليم باللغة الإنجليزية
923,ar,education,عربي وإنجليزي,أبحاث التربية والتعليم عربي وإنجليزي
924,ar,education,في الجامعات الإماراتية,أبحاث التربية والتعليم في الجامعات الإماراتية
925,ar,education,في دبي,أبحاث التربية والتعليم في دبي
926,ar,education,في أبوظبي,أبحاث التربية والتعليم في أبوظبي
927,ar,education,في الشارقة,أبحاث التربية والتعليم في الشارقة
928,ar,education,للجامعات الخاصة,أبحاث التربية والتعليم للجامعات الخاصة
929,ar,education,للجامعات الحكومية,أبحاث التربية والتعليم للجامعات الحكومية
930,ar,education,عن بُعد,أبحاث التربية والتعليم عن بُعد
931,ar,education,خدمة احترافية,أبحاث التربية والتعليم خدمة احترافية
932,ar,education,مساعدة أكاديمية,أبحاث التربية والتعليم مساعدة أكاديمية
933,ar,education,استشارة بحثية,أبحاث التربية والتعليم استشارة بحثية
934,ar,education,مراجعة أكاديمية,أبحاث التربية والتعليم مراجعة أكاديمية
935,ar,education,تدقيق علمي,أبحاث التربية والتعليم تدقيق علمي
936,ar,education,تنسيق APA,أبحاث التربية والتعليم تنسيق APA
937,ar,education,تنسيق MLA,أبحاث التربية والتعليم تنسيق MLA
938,ar,education,تنسيق Chicago,أبحاث التربية والتعليم تنسيق Chicago
939,ar,education,توثيق المصادر,أبحاث التربية والتعليم توثيق المصادر
940,ar,education,تحسين الصياغة,أبحاث التربية والتعليم تحسين الصياغة
941,ar,education,تحسين المنهجية,أبحاث التربية والتعليم تحسين المنهجية
942,ar,education,قراءة وتحليل البيانات,أبحاث التربية والتعليم قراءة وتحليل البيانات
943,ar,education,تصميم أداة البحث,أبحاث التربية والتعليم تصميم أداة البحث
944,ar,education,مراجعة الاستبيان,أبحاث التربية والتعليم مراجعة الاستبيان
945,ar,education,تفسير النتائج,أبحاث التربية والتعليم تفسير النتائج
946,ar,education,إعداد الجداول,أبحاث التربية والتعليم إعداد الجداول
947,ar,education,إعداد الرسوم البيانية,أبحاث التربية والتعليم إعداد الرسوم البيانية
948,ar,education,تجهيز المناقشة,أبحاث التربية والتعليم تجهيز المناقشة
949,ar,education,مع الحفاظ على الأمانة العلمية,أبحاث التربية والتعليم مع الحفاظ على الأمانة العلمية
950,ar,education,وفق متطلبات الجامعة,أبحاث التربية والتعليم وفق متطلبات الجامعة
951,en,education,simple explanation,education research simple explanation
952,en,education,practical guide,education research practical guide
953,en,education,step-by-step process,education research step-by-step process
954,en,education,editable template,education research editable template
955,en,education,worked example,education research worked example
956,en,education,action plan,education research action plan
957,en,education,student tips,education research student tips
958,en,education,common mistakes,education research common mistakes
959,en,education,quality standards,education research quality standards
960,en,education,how to prepare,education research how to prepare
961,en,education,how to write,education research how to write
962,en,education,how to format,education research how to format
963,en,education,how to cite sources,education research how to cite sources
964,en,education,how to proofread,education research how to proofread
965,en,education,how to analyze,education research how to analyze
966,en,education,how to present,education research how to present
967,en,education,before submission,education research before submission
968,en,education,for undergraduate students,education research for undergraduate students
969,en,education,for master's students,education research for master's students
970,en,education,for doctoral students,education research for doctoral students
971,en,education,in Arabic,education research in Arabic
972,en,education,in English,education research in English
973,en,education,Arabic and English,education research Arabic and English
974,en,education,for UAE universities,education research for UAE universities
975,en,education,in Dubai,education research in Dubai
976,en,education,in Abu Dhabi,education research in Abu Dhabi
977,en,education,in Sharjah,education research in Sharjah
978,en,education,for private universities,education research for private universities
979,en,education,for public universities,education research for public universities
980,en,education,online support,education research online support
981,en,education,professional service,education research professional service
982,en,education,academic assistance,education research academic assistance
983,en,education,research consultation,education research research consultation
984,en,education,academic review,education research academic review
985,en,education,scholarly proofreading,education research scholarly proofreading
986,en,education,APA formatting,education research APA formatting
987,en,education,MLA formatting,education research MLA formatting
988,en,education,Chicago formatting,education research Chicago formatting
989,en,education,source citation,education research source citation
990,en,education,academic rewriting,education research academic rewriting
991,en,education,methodology improvement,education research methodology improvement
992,en,education,data interpretation,education research data interpretation
993,en,education,research instrument design,education research research instrument design
994,en,education,survey review,education research survey review
995,en,education,results interpretation,education research results interpretation
996,en,education,table preparation,education research table preparation
997,en,education,chart preparation,education research chart preparation
998,en,education,discussion preparation,education research discussion preparation
999,en,education,with academic integrity,education research with academic integrity
1000,en,education,according to university requirements,education research according to university requirements
1001,ar,law,شرح مبسط,أبحاث القانون شرح مبسط
1002,ar,law,دليل عملي,أبحاث القانون دليل عملي
1003,ar,law,خطوات التنفيذ,أبحاث القانون خطوات التنفيذ
1004,ar,law,نموذج قابل للتعديل,أبحاث القانون نموذج قابل للتعديل
1005,ar,law,مثال تطبيقي,أبحاث القانون مثال تطبيقي
1006,ar,law,خطة عمل,أبحاث القانون خطة عمل
1007,ar,law,نصائح للطلاب,أبحاث القانون نصائح للطلاب
1008,ar,law,أخطاء شائعة,أبحاث القانون أخطاء شائعة
1009,ar,law,معايير الجودة,أبحاث القانون معايير الجودة
1010,ar,law,طريقة الإعداد,أبحاث القانون طريقة الإعداد
1011,ar,law,كيفية الكتابة,أبحاث القانون كيفية الكتابة
1012,ar,law,كيفية التنسيق,أبحاث القانون كيفية التنسيق
1013,ar,law,كيفية التوثيق,أبحاث القانون كيفية التوثيق
1014,ar,law,كيفية المراجعة,أبحاث القانون كيفية المراجعة
1015,ar,law,كيفية التحليل,أبحاث القانون كيفية التحليل
1016,ar,law,كيفية العرض,أبحاث القانون كيفية العرض
1017,ar,law,قبل التسليم,أبحاث القانون قبل التسليم
1018,ar,law,لطلاب البكالوريوس,أبحاث القانون لطلاب البكالوريوس
1019,ar,law,لطلاب الماجستير,أبحاث القانون لطلاب الماجستير
1020,ar,law,لطلاب الدكتوراه,أبحاث القانون لطلاب الدكتوراه
1021,ar,law,باللغة العربية,أبحاث القانون باللغة العربية
1022,ar,law,باللغة الإنجليزية,أبحاث القانون باللغة الإنجليزية
1023,ar,law,عربي وإنجليزي,أبحاث القانون عربي وإنجليزي
1024,ar,law,في الجامعات الإماراتية,أبحاث القانون في الجامعات الإماراتية
1025,ar,law,في دبي,أبحاث القانون في دبي
1026,ar,law,في أبوظبي,أبحاث القانون في أبوظبي
1027,ar,law,في الشارقة,أبحاث القانون في الشارقة
1028,ar,law,للجامعات الخاصة,أبحاث القانون للجامعات الخاصة
1029,ar,law,للجامعات الحكومية,أبحاث القانون للجامعات الحكومية
1030,ar,law,عن بُعد,أبحاث القانون عن بُعد
1031,ar,law,خدمة احترافية,أبحاث القانون خدمة احترافية
1032,ar,law,مساعدة أكاديمية,أبحاث القانون مساعدة أكاديمية
1033,ar,law,استشارة بحثية,أبحاث القانون استشارة بحثية
1034,ar,law,مراجعة أكاديمية,أبحاث القانون مراجعة أكاديمية
1035,ar,law,تدقيق علمي,أبحاث القانون تدقيق علمي
1036,ar,law,تنسيق APA,أبحاث القانون تنسيق APA
1037,ar,law,تنسيق MLA,أبحاث القانون تنسيق MLA
1038,ar,law,تنسيق Chicago,أبحاث القانون تنسيق Chicago
1039,ar,law,توثيق المصادر,أبحاث القانون توثيق المصادر
1040,ar,law,تحسين الصياغة,أبحاث القانون تحسين الصياغة
1041,ar,law,تحسين المنهجية,أبحاث القانون تحسين المنهجية
1042,ar,law,قراءة وتحليل البيانات,أبحاث القانون قراءة وتحليل البيانات
1043,ar,law,تصميم أداة البحث,أبحاث القانون تصميم أداة البحث
1044,ar,law,مراجعة الاستبيان,أبحاث القانون مراجعة الاستبيان
1045,ar,law,تفسير النتائج,أبحاث القانون تفسير النتائج
1046,ar,law,إعداد الجداول,أبحاث القانون إعداد الجداول
1047,ar,law,إعداد الرسوم البيانية,أبحاث القانون إعداد الرسوم البيانية
1048,ar,law,تجهيز المناقشة,أبحاث القانون تجهيز المناقشة
1049,ar,law,مع الحفاظ على الأمانة العلمية,أبحاث القانون مع الحفاظ على الأمانة العلمية
1050,ar,law,وفق متطلبات الجامعة,أبحاث القانون وفق متطلبات الجامعة
1051,en,law,simple explanation,legal research simple explanation
1052,en,law,practical guide,legal research practical guide
1053,en,law,step-by-step process,legal research step-by-step process
1054,en,law,editable template,legal research editable template
1055,en,law,worked example,legal research worked example
1056,en,law,action plan,legal research action plan
1057,en,law,student tips,legal research student tips
1058,en,law,common mistakes,legal research common mistakes
1059,en,law,quality standards,legal research quality standards
1060,en,law,how to prepare,legal research how to prepare
1061,en,law,how to write,legal research how to write
1062,en,law,how to format,legal research how to format
1063,en,law,how to cite sources,legal research how to cite sources
1064,en,law,how to proofread,legal research how to proofread
1065,en,law,how to analyze,legal research how to analyze
1066,en,law,how to present,legal research how to present
1067,en,law,before submission,legal research before submission
1068,en,law,for undergraduate students,legal research for undergraduate students
1069,en,law,for master's students,legal research for master's students
1070,en,law,for doctoral students,legal research for doctoral students
1071,en,law,in Arabic,legal research in Arabic
1072,en,law,in English,legal research in English
1073,en,law,Arabic and English,legal research Arabic and English
1074,en,law,for UAE universities,legal research for UAE universities
1075,en,law,in Dubai,legal research in Dubai
1076,en,law,in Abu Dhabi,legal research in Abu Dhabi
1077,en,law,in Sharjah,legal research in Sharjah
1078,en,law,for private universities,legal research for private universities
1079,en,law,for public universities,legal research for public universities
1080,en,law,online support,legal research online support
1081,en,law,professional service,legal research professional service
1082,en,law,academic assistance,legal research academic assistance
1083,en,law,research consultation,legal research research consultation
1084,en,law,academic review,legal research academic review
1085,en,law,scholarly proofreading,legal research scholarly proofreading
1086,en,law,APA formatting,legal research APA formatting
1087,en,law,MLA formatting,legal research MLA formatting
1088,en,law,Chicago formatting,legal research Chicago formatting
1089,en,law,source citation,legal research source citation
1090,en,law,academic rewriting,legal research academic rewriting
1091,en,law,methodology improvement,legal research methodology improvement
1092,en,law,data interpretation,legal research data interpretation
1093,en,law,research instrument design,legal research research instrument design
1094,en,law,survey review,legal research survey review
1095,en,law,results interpretation,legal research results interpretation
1096,en,law,table preparation,legal research table preparation
1097,en,law,chart preparation,legal research chart preparation
1098,en,law,discussion preparation,legal research discussion preparation
1099,en,law,with academic integrity,legal research with academic integrity
1100,en,law,according to university requirements,legal research according to university requirements
1101,ar,engineering,شرح مبسط,أبحاث الهندسة شرح مبسط
1102,ar,engineering,دليل عملي,أبحاث الهندسة دليل عملي
1103,ar,engineering,خطوات التنفيذ,أبحاث الهندسة خطوات التنفيذ
1104,ar,engineering,نموذج قابل للتعديل,أبحاث الهندسة نموذج قابل للتعديل
1105,ar,engineering,مثال تطبيقي,أبحاث الهندسة مثال تطبيقي
1106,ar,engineering,خطة عمل,أبحاث الهندسة خطة عمل
1107,ar,engineering,نصائح للطلاب,أبحاث الهندسة نصائح للطلاب
1108,ar,engineering,أخطاء شائعة,أبحاث الهندسة أخطاء شائعة
1109,ar,engineering,معايير الجودة,أبحاث الهندسة معايير الجودة
1110,ar,engineering,طريقة الإعداد,أبحاث الهندسة طريقة الإعداد
1111,ar,engineering,كيفية الكتابة,أبحاث الهندسة كيفية الكتابة
1112,ar,engineering,كيفية التنسيق,أبحاث الهندسة كيفية التنسيق
1113,ar,engineering,كيفية التوثيق,أبحاث الهندسة كيفية التوثيق
1114,ar,engineering,كيفية المراجعة,أبحاث الهندسة كيفية المراجعة
1115,ar,engineering,كيفية التحليل,أبحاث الهندسة كيفية التحليل
1116,ar,engineering,كيفية العرض,أبحاث الهندسة كيفية العرض
1117,ar,engineering,قبل التسليم,أبحاث الهندسة قبل التسليم
1118,ar,engineering,لطلاب البكالوريوس,أبحاث الهندسة لطلاب البكالوريوس
1119,ar,engineering,لطلاب الماجستير,أبحاث الهندسة لطلاب الماجستير
1120,ar,engineering,لطلاب الدكتوراه,أبحاث الهندسة لطلاب الدكتوراه
1121,ar,engineering,باللغة العربية,أبحاث الهندسة باللغة العربية
1122,ar,engineering,باللغة الإنجليزية,أبحاث الهندسة باللغة الإنجليزية
1123,ar,engineering,عربي وإنجليزي,أبحاث الهندسة عربي وإنجليزي
1124,ar,engineering,في الجامعات الإماراتية,أبحاث الهندسة في الجامعات الإماراتية
1125,ar,engineering,في دبي,أبحاث الهندسة في دبي
1126,ar,engineering,في أبوظبي,أبحاث الهندسة في أبوظبي
1127,ar,engineering,في الشارقة,أبحاث الهندسة في الشارقة
1128,ar,engineering,للجامعات الخاصة,أبحاث الهندسة للجامعات الخاصة
1129,ar,engineering,للجامعات الحكومية,أبحاث الهندسة للجامعات الحكومية
1130,ar,engineering,عن بُعد,أبحاث الهندسة عن بُعد
1131,ar,engineering,خدمة احترافية,أبحاث الهندسة خدمة احترافية
1132,ar,engineering,مساعدة أكاديمية,أبحاث الهندسة مساعدة أكاديمية
1133,ar,engineering,استشارة بحثية,أبحاث الهندسة استشارة بحثية
1134,ar,engineering,مراجعة أكاديمية,أبحاث الهندسة مراجعة أكاديمية
1135,ar,engineering,تدقيق علمي,أبحاث الهندسة تدقيق علمي
1136,ar,engineering,تنسيق APA,أبحاث الهندسة تنسيق APA
1137,ar,engineering,تنسيق MLA,أبحاث الهندسة تنسيق MLA
1138,ar,engineering,تنسيق Chicago,أبحاث الهندسة تنسيق Chicago
1139,ar,engineering,توثيق المصادر,أبحاث الهندسة توثيق المصادر
1140,ar,engineering,تحسين الصياغة,أبحاث الهندسة تحسين الصياغة
1141,ar,engineering,تحسين المنهجية,أبحاث الهندسة تحسين المنهجية
1142,ar,engineering,قراءة وتحليل البيانات,أبحاث الهندسة قراءة وتحليل البيانات
1143,ar,engineering,تصميم أداة البحث,أبحاث الهندسة تصميم أداة البحث
1144,ar,engineering,مراجعة الاستبيان,أبحاث الهندسة مراجعة الاستبيان
1145,ar,engineering,تفسير النتائج,أبحاث الهندسة تفسير النتائج
1146,ar,engineering,إعداد الجداول,أبحاث الهندسة إعداد الجداول
1147,ar,engineering,إعداد الرسوم البيانية,أبحاث الهندسة إعداد الرسوم البيانية
1148,ar,engineering,تجهيز المناقشة,أبحاث الهندسة تجهيز المناقشة
1149,ar,engineering,مع الحفاظ على الأمانة العلمية,أبحاث الهندسة مع الحفاظ على الأمانة العلمية
1150,ar,engineering,وفق متطلبات الجامعة,أبحاث الهندسة وفق متطلبات الجامعة
1151,en,engineering,simple explanation,engineering research simple explanation
1152,en,engineering,practical guide,engineering research practical guide
1153,en,engineering,step-by-step process,engineering research step-by-step process
1154,en,engineering,editable template,engineering research editable template
1155,en,engineering,worked example,engineering research worked example
1156,en,engineering,action plan,engineering research action plan
1157,en,engineering,student tips,engineering research student tips
1158,en,engineering,common mistakes,engineering research common mistakes
1159,en,engineering,quality standards,engineering research quality standards
1160,en,engineering,how to prepare,engineering research how to prepare
1161,en,engineering,how to write,engineering research how to write
1162,en,engineering,how to format,engineering research how to format
1163,en,engineering,how to cite sources,engineering research how to cite sources
1164,en,engineering,how to proofread,engineering research how to proofread
1165,en,engineering,how to analyze,engineering research how to analyze
1166,en,engineering,how to present,engineering research how to present
1167,en,engineering,before submission,engineering research before submission
1168,en,engineering,for undergraduate students,engineering research for undergraduate students
1169,en,engineering,for master's students,engineering research for master's students
1170,en,engineering,for doctoral students,engineering research for doctoral students
1171,en,engineering,in Arabic,engineering research in Arabic
1172,en,engineering,in English,engineering research in English
1173,en,engineering,Arabic and English,engineering research Arabic and English
1174,en,engineering,for UAE universities,engineering research for UAE universities
1175,en,engineering,in Dubai,engineering research in Dubai
1176,en,engineering,in Abu Dhabi,engineering research in Abu Dhabi
1177,en,engineering,in Sharjah,engineering research in Sharjah
1178,en,engineering,for private universities,engineering research for private universities
1179,en,engineering,for public universities,engineering research for public universities
1180,en,engineering,online support,engineering research online support
1181,en,engineering,professional service,engineering research professional service
1182,en,engineering,academic assistance,engineering research academic assistance
1183,en,engineering,research consultation,engineering research research consultation
1184,en,engineering,academic review,engineering research academic review
1185,en,engineering,scholarly proofreading,engineering research scholarly proofreading
1186,en,engineering,APA formatting,engineering research APA formatting
1187,en,engineering,MLA formatting,engineering research MLA formatting
1188,en,engineering,Chicago formatting,engineering research Chicago formatting
1189,en,engineering,source citation,engineering research source citation
1190,en,engineering,academic rewriting,engineering research academic rewriting
1191,en,engineering,methodology improvement,engineering research methodology improvement
1192,en,engineering,data interpretation,engineering research data interpretation
1193,en,engineering,research instrument design,engineering research research instrument design
1194,en,engineering,survey review,engineering research survey review
1195,en,engineering,results interpretation,engineering research results interpretation
1196,en,engineering,table preparation,engineering research table preparation
1197,en,engineering,chart preparation,engineering research chart preparation
1198,en,engineering,discussion preparation,engineering research discussion preparation
1199,en,engineering,with academic integrity,engineering research with academic integrity
1200,en,engineering,according to university requirements,engineering research according to university requirements
1201,ar,health,شرح مبسط,أبحاث الصحة والعلوم الطبية شرح مبسط
1202,ar,health,دليل عملي,أبحاث الصحة والعلوم الطبية دليل عملي
1203,ar,health,خطوات التنفيذ,أبحاث الصحة والعلوم الطبية خطوات التنفيذ
1204,ar,health,نموذج قابل للتعديل,أبحاث الصحة والعلوم الطبية نموذج قابل للتعديل
1205,ar,health,مثال تطبيقي,أبحاث الصحة والعلوم الطبية مثال تطبيقي
1206,ar,health,خطة عمل,أبحاث الصحة والعلوم الطبية خطة عمل
1207,ar,health,نصائح للطلاب,أبحاث الصحة والعلوم الطبية نصائح للطلاب
1208,ar,health,أخطاء شائعة,أبحاث الصحة والعلوم الطبية أخطاء شائعة
1209,ar,health,معايير الجودة,أبحاث الصحة والعلوم الطبية معايير الجودة
1210,ar,health,طريقة الإعداد,أبحاث الصحة والعلوم الطبية طريقة الإعداد
1211,ar,health,كيفية الكتابة,أبحاث الصحة والعلوم الطبية كيفية الكتابة
1212,ar,health,كيفية التنسيق,أبحاث الصحة والعلوم الطبية كيفية التنسيق
1213,ar,health,كيفية التوثيق,أبحاث الصحة والعلوم الطبية كيفية التوثيق
1214,ar,health,كيفية المراجعة,أبحاث الصحة والعلوم الطبية كيفية المراجعة
1215,ar,health,كيفية التحليل,أبحاث الصحة والعلوم الطبية كيفية التحليل
1216,ar,health,كيفية العرض,أبحاث الصحة والعلوم الطبية كيفية العرض
1217,ar,health,قبل التسليم,أبحاث الصحة والعلوم الطبية قبل التسليم
1218,ar,health,لطلاب البكالوريوس,أبحاث الصحة والعلوم الطبية لطلاب البكالوريوس
1219,ar,health,لطلاب الماجستير,أبحاث الصحة والعلوم الطبية لطلاب الماجستير
1220,ar,health,لطلاب الدكتوراه,أبحاث الصحة والعلوم الطبية لطلاب الدكتوراه
1221,ar,health,باللغة العربية,أبحاث الصحة والعلوم الطبية باللغة العربية
1222,ar,health,باللغة الإنجليزية,أبحاث الصحة والعلوم الطبية باللغة الإنجليزية
1223,ar,health,عربي وإنجليزي,أبحاث الصحة والعلوم الطبية عربي وإنجليزي
1224,ar,health,في الجامعات الإماراتية,أبحاث الصحة والعلوم الطبية في الجامعات الإماراتية
1225,ar,health,في دبي,أبحاث الصحة والعلوم الطبية في دبي
1226,ar,health,في أبوظبي,أبحاث الصحة والعلوم الطبية في أبوظبي
1227,ar,health,في الشارقة,أبحاث الصحة والعلوم الطبية في الشارقة
1228,ar,health,للجامعات الخاصة,أبحاث الصحة والعلوم الطبية للجامعات الخاصة
1229,ar,health,للجامعات الحكومية,أبحاث الصحة والعلوم الطبية للجامعات الحكومية
1230,ar,health,عن بُعد,أبحاث الصحة والعلوم الطبية عن بُعد
1231,ar,health,خدمة احترافية,أبحاث الصحة والعلوم الطبية خدمة احترافية
1232,ar,health,مساعدة أكاديمية,أبحاث الصحة والعلوم الطبية مساعدة أكاديمية
1233,ar,health,استشارة بحثية,أبحاث الصحة والعلوم الطبية استشارة بحثية
1234,ar,health,مراجعة أكاديمية,أبحاث الصحة والعلوم الطبية مراجعة أكاديمية
1235,ar,health,تدقيق علمي,أبحاث الصحة والعلوم الطبية تدقيق علمي
1236,ar,health,تنسيق APA,أبحاث الصحة والعلوم الطبية تنسيق APA
1237,ar,health,تنسيق MLA,أبحاث الصحة والعلوم الطبية تنسيق MLA
1238,ar,health,تنسيق Chicago,أبحاث الصحة والعلوم الطبية تنسيق Chicago
1239,ar,health,توثيق المصادر,أبحاث الصحة والعلوم الطبية توثيق المصادر
1240,ar,health,تحسين الصياغة,أبحاث الصحة والعلوم الطبية تحسين الصياغة
1241,ar,health,تحسين المنهجية,أبحاث الصحة والعلوم الطبية تحسين المنهجية
1242,ar,health,قراءة وتحليل البيانات,أبحاث الصحة والعلوم الطبية قراءة وتحليل البيانات
1243,ar,health,تصميم أداة البحث,أبحاث الصحة والعلوم الطبية تصميم أداة البحث
1244,ar,health,مراجعة الاستبيان,أبحاث الصحة والعلوم الطبية مراجعة الاستبيان
1245,ar,health,تفسير النتائج,أبحاث الصحة والعلوم الطبية تفسير النتائج
1246,ar,health,إعداد الجداول,أبحاث الصحة والعلوم الطبية إعداد الجداول
1247,ar,health,إعداد الرسوم البيانية,أبحاث الصحة والعلوم الطبية إعداد الرسوم البيانية
1248,ar,health,تجهيز المناقشة,أبحاث الصحة والعلوم الطبية تجهيز المناقشة
1249,ar,health,مع الحفاظ على الأمانة العلمية,أبحاث الصحة والعلوم الطبية مع الحفاظ على الأمانة العلمية
1250,ar,health,وفق متطلبات الجامعة,أبحاث الصحة والعلوم الطبية وفق متطلبات الجامعة
1251,en,health,simple explanation,health and medical research simple explanation
1252,en,health,practical guide,health and medical research practical guide
1253,en,health,step-by-step process,health and medical research step-by-step process
1254,en,health,editable template,health and medical research editable template
1255,en,health,worked example,health and medical research worked example
1256,en,health,action plan,health and medical research action plan
1257,en,health,student tips,health and medical research student tips
1258,en,health,common mistakes,health and medical research common mistakes
1259,en,health,quality standards,health and medical research quality standards
1260,en,health,how to prepare,health and medical research how to prepare
1261,en,health,how to write,health and medical research how to write
1262,en,health,how to format,health and medical research how to format
1263,en,health,how to cite sources,health and medical research how to cite sources
1264,en,health,how to proofread,health and medical research how to proofread
1265,en,health,how to analyze,health and medical research how to analyze
1266,en,health,how to present,health and medical research how to present
1267,en,health,before submission,health and medical research before submission
1268,en,health,for undergraduate students,health and medical research for undergraduate students
1269,en,health,for master's students,health and medical research for master's students
1270,en,health,for doctoral students,health and medical research for doctoral students
1271,en,health,in Arabic,health and medical research in Arabic
1272,en,health,in English,health and medical research in English
1273,en,health,Arabic and English,health and medical research Arabic and English
1274,en,health,for UAE universities,health and medical research for UAE universities
1275,en,health,in Dubai,health and medical research in Dubai
1276,en,health,in Abu Dhabi,health and medical research in Abu Dhabi
1277,en,health,in Sharjah,health and medical research in Sharjah
1278,en,health,for private universities,health and medical research for private universities
1279,en,health,for public universities,health and medical research for public universities
1280,en,health,online support,health and medical research online support
1281,en,health,professional service,health and medical research professional service
1282,en,health,academic assistance,health and medical research academic assistance
1283,en,health,research consultation,health and medical research research consultation
1284,en,health,academic review,health and medical research academic review
1285,en,health,scholarly proofreading,health and medical research scholarly proofreading
1286,en,health,APA formatting,health and medical research APA formatting
1287,en,health,MLA formatting,health and medical research MLA formatting
1288,en,health,Chicago formatting,health and medical research Chicago formatting
1289,en,health,source citation,health and medical research source citation
1290,en,health,academic rewriting,health and medical research academic rewriting
1291,en,health,methodology improvement,health and medical research methodology improvement
1292,en,health,data interpretation,health and medical research data interpretation
1293,en,health,research instrument design,health and medical research research instrument design
1294,en,health,survey review,health and medical research survey review
1295,en,health,results interpretation,health and medical research results interpretation
1296,en,health,table preparation,health and medical research table preparation
1297,en,health,chart preparation,health and medical research chart preparation
1298,en,health,discussion preparation,health and medical research discussion preparation
1299,en,health,with academic integrity,health and medical research with academic integrity
1300,en,health,according to university requirements,health and medical research according to university requirements
1301,ar,it,شرح مبسط,أبحاث تقنية المعلومات شرح مبسط
1302,ar,it,دليل عملي,أبحاث تقنية المعلومات دليل عملي
1303,ar,it,خطوات التنفيذ,أبحاث تقنية المعلومات خطوات التنفيذ
1304,ar,it,نموذج قابل للتعديل,أبحاث تقنية المعلومات نموذج قابل للتعديل
1305,ar,it,مثال تطبيقي,أبحاث تقنية المعلومات مثال تطبيقي
1306,ar,it,خطة عمل,أبحاث تقنية المعلومات خطة عمل
1307,ar,it,نصائح للطلاب,أبحاث تقنية المعلومات نصائح للطلاب
1308,ar,it,أخطاء شائعة,أبحاث تقنية المعلومات أخطاء شائعة
1309,ar,it,معايير الجودة,أبحاث تقنية المعلومات معايير الجودة
1310,ar,it,طريقة الإعداد,أبحاث تقنية المعلومات طريقة الإعداد
1311,ar,it,كيفية الكتابة,أبحاث تقنية المعلومات كيفية الكتابة
1312,ar,it,كيفية التنسيق,أبحاث تقنية المعلومات كيفية التنسيق
1313,ar,it,كيفية التوثيق,أبحاث تقنية المعلومات كيفية التوثيق
1314,ar,it,كيفية المراجعة,أبحاث تقنية المعلومات كيفية المراجعة
1315,ar,it,كيفية التحليل,أبحاث تقنية المعلومات كيفية التحليل
1316,ar,it,كيفية العرض,أبحاث تقنية المعلومات كيفية العرض
1317,ar,it,قبل التسليم,أبحاث تقنية المعلومات قبل التسليم
1318,ar,it,لطلاب البكالوريوس,أبحاث تقنية المعلومات لطلاب البكالوريوس
1319,ar,it,لطلاب الماجستير,أبحاث تقنية المعلومات لطلاب الماجستير
1320,ar,it,لطلاب الدكتوراه,أبحاث تقنية المعلومات لطلاب الدكتوراه
1321,ar,it,باللغة العربية,أبحاث تقنية المعلومات باللغة العربية
1322,ar,it,باللغة الإنجليزية,أبحاث تقنية المعلومات باللغة الإنجليزية
1323,ar,it,عربي وإنجليزي,أبحاث تقنية المعلومات عربي وإنجليزي
1324,ar,it,في الجامعات الإماراتية,أبحاث تقنية المعلومات في الجامعات الإماراتية
1325,ar,it,في دبي,أبحاث تقنية المعلومات في دبي
1326,ar,it,في أبوظبي,أبحاث تقنية المعلومات في أبوظبي
1327,ar,it,في الشارقة,أبحاث تقنية المعلومات في الشارقة
1328,ar,it,للجامعات الخاصة,أبحاث تقنية المعلومات للجامعات الخاصة
1329,ar,it,للجامعات الحكومية,أبحاث تقنية المعلومات للجامعات الحكومية
1330,ar,it,عن بُعد,أبحاث تقنية المعلومات عن بُعد
1331,ar,it,خدمة احترافية,أبحاث تقنية المعلومات خدمة احترافية
1332,ar,it,مساعدة أكاديمية,أبحاث تقنية المعلومات مساعدة أكاديمية
1333,ar,it,استشارة بحثية,أبحاث تقنية المعلومات استشارة بحثية
1334,ar,it,مراجعة أكاديمية,أبحاث تقنية المعلومات مراجعة أكاديمية
1335,ar,it,تدقيق علمي,أبحاث تقنية المعلومات تدقيق علمي
1336,ar,it,تنسيق APA,أبحاث تقنية المعلومات تنسيق APA
1337,ar,it,تنسيق MLA,أبحاث تقنية المعلومات تنسيق MLA
1338,ar,it,تنسيق Chicago,أبحاث تقنية المعلومات تنسيق Chicago
1339,ar,it,توثيق المصادر,أبحاث تقنية المعلومات توثيق المصادر
1340,ar,it,تحسين الصياغة,أبحاث تقنية المعلومات تحسين الصياغة
1341,ar,it,تحسين المنهجية,أبحاث تقنية المعلومات تحسين المنهجية
1342,ar,it,قراءة وتحليل البيانات,أبحاث تقنية المعلومات قراءة وتحليل البيانات
1343,ar,it,تصميم أداة البحث,أبحاث تقنية المعلومات تصميم أداة البحث
1344,ar,it,مراجعة الاستبيان,أبحاث تقنية المعلومات مراجعة الاستبيان
1345,ar,it,تفسير النتائج,أبحاث تقنية المعلومات تفسير النتائج
1346,ar,it,إعداد الجداول,أبحاث تقنية المعلومات إعداد الجداول
1347,ar,it,إعداد الرسوم البيانية,أبحاث تقنية المعلومات إعداد الرسوم البيانية
1348,ar,it,تجهيز المناقشة,أبحاث تقنية المعلومات تجهيز المناقشة
1349,ar,it,مع الحفاظ على الأمانة العلمية,أبحاث تقنية المعلومات مع الحفاظ على الأمانة العلمية
1350,ar,it,وفق متطلبات الجامعة,أبحاث تقنية المعلومات وفق متطلبات الجامعة
1351,en,it,simple explanation,information technology research simple explanation
1352,en,it,practical guide,information technology research practical guide
1353,en,it,step-by-step process,information technology research step-by-step process
1354,en,it,editable template,information technology research editable template
1355,en,it,worked example,information technology research worked example
1356,en,it,action plan,information technology research action plan
1357,en,it,student tips,information technology research student tips
1358,en,it,common mistakes,information technology research common mistakes
1359,en,it,quality standards,information technology research quality standards
1360,en,it,how to prepare,information technology research how to prepare
1361,en,it,how to write,information technology research how to write
1362,en,it,how to format,information technology research how to format
1363,en,it,how to cite sources,information technology research how to cite sources
1364,en,it,how to proofread,information technology research how to proofread
1365,en,it,how to analyze,information technology research how to analyze
1366,en,it,how to present,information technology research how to present
1367,en,it,before submission,information technology research before submission
1368,en,it,for undergraduate students,information technology research for undergraduate students
1369,en,it,for master's students,information technology research for master's students
1370,en,it,for doctoral students,information technology research for doctoral students
1371,en,it,in Arabic,information technology research in Arabic
1372,en,it,in English,information technology research in English
1373,en,it,Arabic and English,information technology research Arabic and English
1374,en,it,for UAE universities,information technology research for UAE universities
1375,en,it,in Dubai,information technology research in Dubai
1376,en,it,in Abu Dhabi,information technology research in Abu Dhabi
1377,en,it,in Sharjah,information technology research in Sharjah
1378,en,it,for private universities,information technology research for private universities
1379,en,it,for public universities,information technology research for public universities
1380,en,it,online support,information technology research online support
1381,en,it,professional service,information technology research professional service
1382,en,it,academic assistance,information technology research academic assistance
1383,en,it,research consultation,information technology research research consultation
1384,en,it,academic review,information technology research academic review
1385,en,it,scholarly proofreading,information technology research scholarly proofreading
1386,en,it,APA formatting,information technology research APA formatting
1387,en,it,MLA formatting,information technology research MLA formatting
1388,en,it,Chicago formatting,information technology research Chicago formatting
1389,en,it,source citation,information technology research source citation
1390,en,it,academic rewriting,information technology research academic rewriting
1391,en,it,methodology improvement,information technology research methodology improvement
1392,en,it,data interpretation,information technology research data interpretation
1393,en,it,research instrument design,information technology research research instrument design
1394,en,it,survey review,information technology research survey review
1395,en,it,results interpretation,information technology research results interpretation
1396,en,it,table preparation,information technology research table preparation
1397,en,it,chart preparation,information technology research chart preparation
1398,en,it,discussion preparation,information technology research discussion preparation
1399,en,it,with academic integrity,information technology research with academic integrity
1400,en,it,according to university requirements,information technology research according to university requirements
1401,ar,economics,شرح مبسط,أبحاث الاقتصاد شرح مبسط
1402,ar,economics,دليل عملي,أبحاث الاقتصاد دليل عملي
1403,ar,economics,خطوات التنفيذ,أبحاث الاقتصاد خطوات التنفيذ
1404,ar,economics,نموذج قابل للتعديل,أبحاث الاقتصاد نموذج قابل للتعديل
1405,ar,economics,مثال تطبيقي,أبحاث الاقتصاد مثال تطبيقي
1406,ar,economics,خطة عمل,أبحاث الاقتصاد خطة عمل
1407,ar,economics,نصائح للطلاب,أبحاث الاقتصاد نصائح للطلاب
1408,ar,economics,أخطاء شائعة,أبحاث الاقتصاد أخطاء شائعة
1409,ar,economics,معايير الجودة,أبحاث الاقتصاد معايير الجودة
1410,ar,economics,طريقة الإعداد,أبحاث الاقتصاد طريقة الإعداد
1411,ar,economics,كيفية الكتابة,أبحاث الاقتصاد كيفية الكتابة
1412,ar,economics,كيفية التنسيق,أبحاث الاقتصاد كيفية التنسيق
1413,ar,economics,كيفية التوثيق,أبحاث الاقتصاد كيفية التوثيق
1414,ar,economics,كيفية المراجعة,أبحاث الاقتصاد كيفية المراجعة
1415,ar,economics,كيفية التحليل,أبحاث الاقتصاد كيفية التحليل
1416,ar,economics,كيفية العرض,أبحاث الاقتصاد كيفية العرض
1417,ar,economics,قبل التسليم,أبحاث الاقتصاد قبل التسليم
1418,ar,economics,لطلاب البكالوريوس,أبحاث الاقتصاد لطلاب البكالوريوس
1419,ar,economics,لطلاب الماجستير,أبحاث الاقتصاد لطلاب الماجستير
1420,ar,economics,لطلاب الدكتوراه,أبحاث الاقتصاد لطلاب الدكتوراه
1421,ar,economics,باللغة العربية,أبحاث الاقتصاد باللغة العربية
1422,ar,economics,باللغة الإنجليزية,أبحاث الاقتصاد باللغة الإنجليزية
1423,ar,economics,عربي وإنجليزي,أبحاث الاقتصاد عربي وإنجليزي
1424,ar,economics,في الجامعات الإماراتية,أبحاث الاقتصاد في الجامعات الإماراتية
1425,ar,economics,في دبي,أبحاث الاقتصاد في دبي
1426,ar,economics,في أبوظبي,أبحاث الاقتصاد في أبوظبي
1427,ar,economics,في الشارقة,أبحاث الاقتصاد في الشارقة
1428,ar,economics,للجامعات الخاصة,أبحاث الاقتصاد للجامعات الخاصة
1429,ar,economics,للجامعات الحكومية,أبحاث الاقتصاد للجامعات الحكومية
1430,ar,economics,عن بُعد,أبحاث الاقتصاد عن بُعد
1431,ar,economics,خدمة احترافية,أبحاث الاقتصاد خدمة احترافية
1432,ar,economics,مساعدة أكاديمية,أبحاث الاقتصاد مساعدة أكاديمية
1433,ar,economics,استشارة بحثية,أبحاث الاقتصاد استشارة بحثية
1434,ar,economics,مراجعة أكاديمية,أبحاث الاقتصاد مراجعة أكاديمية
1435,ar,economics,تدقيق علمي,أبحاث الاقتصاد تدقيق علمي
1436,ar,economics,تنسيق APA,أبحاث الاقتصاد تنسيق APA
1437,ar,economics,تنسيق MLA,أبحاث الاقتصاد تنسيق MLA
1438,ar,economics,تنسيق Chicago,أبحاث الاقتصاد تنسيق Chicago
1439,ar,economics,توثيق المصادر,أبحاث الاقتصاد توثيق المصادر
1440,ar,economics,تحسين الصياغة,أبحاث الاقتصاد تحسين الصياغة
1441,ar,economics,تحسين المنهجية,أبحاث الاقتصاد تحسين المنهجية
1442,ar,economics,قراءة وتحليل البيانات,أبحاث الاقتصاد قراءة وتحليل البيانات
1443,ar,economics,تصميم أداة البحث,أبحاث الاقتصاد تصميم أداة البحث
1444,ar,economics,مراجعة الاستبيان,أبحاث الاقتصاد مراجعة الاستبيان
1445,ar,economics,تفسير النتائج,أبحاث الاقتصاد تفسير النتائج
1446,ar,economics,إعداد الجداول,أبحاث الاقتصاد إعداد الجداول
1447,ar,economics,إعداد الرسوم البيانية,أبحاث الاقتصاد إعداد الرسوم البيانية
1448,ar,economics,تجهيز المناقشة,أبحاث الاقتصاد تجهيز المناقشة
1449,ar,economics,مع الحفاظ على الأمانة العلمية,أبحاث الاقتصاد مع الحفاظ على الأمانة العلمية
1450,ar,economics,وفق متطلبات الجامعة,أبحاث الاقتصاد وفق متطلبات الجامعة
1451,en,economics,simple explanation,economics research simple explanation
1452,en,economics,practical guide,economics research practical guide
1453,en,economics,step-by-step process,economics research step-by-step process
1454,en,economics,editable template,economics research editable template
1455,en,economics,worked example,economics research worked example
1456,en,economics,action plan,economics research action plan
1457,en,economics,student tips,economics research student tips
1458,en,economics,common mistakes,economics research common mistakes
1459,en,economics,quality standards,economics research quality standards
1460,en,economics,how to prepare,economics research how to prepare
1461,en,economics,how to write,economics research how to write
1462,en,economics,how to format,economics research how to format
1463,en,economics,how to cite sources,economics research how to cite sources
1464,en,economics,how to proofread,economics research how to proofread
1465,en,economics,how to analyze,economics research how to analyze
1466,en,economics,how to present,economics research how to present
1467,en,economics,before submission,economics research before submission
1468,en,economics,for undergraduate students,economics research for undergraduate students
1469,en,economics,for master's students,economics research for master's students
1470,en,economics,for doctoral students,economics research for doctoral students
1471,en,economics,in Arabic,economics research in Arabic
1472,en,economics,in English,economics research in English
1473,en,economics,Arabic and English,economics research Arabic and English
1474,en,economics,for UAE universities,economics research for UAE universities
1475,en,economics,in Dubai,economics research in Dubai
1476,en,economics,in Abu Dhabi,economics research in Abu Dhabi
1477,en,economics,in Sharjah,economics research in Sharjah
1478,en,economics,for private universities,economics research for private universities
1479,en,economics,for public universities,economics research for public universities
1480,en,economics,online support,economics research online support
1481,en,economics,professional service,economics research professional service
1482,en,economics,academic assistance,economics research academic assistance
1483,en,economics,research consultation,economics research research consultation
1484,en,economics,academic review,economics research academic review
1485,en,economics,scholarly proofreading,economics research scholarly proofreading
1486,en,economics,APA formatting,economics research APA formatting
1487,en,economics,MLA formatting,economics research MLA formatting
1488,en,economics,Chicago formatting,economics research Chicago formatting
1489,en,economics,source citation,economics research source citation
1490,en,economics,academic rewriting,economics research academic rewriting
1491,en,economics,methodology improvement,economics research methodology improvement
1492,en,economics,data interpretation,economics research data interpretation
1493,en,economics,research instrument design,economics research research instrument design
1494,en,economics,survey review,economics research survey review
1495,en,economics,results interpretation,economics research results interpretation
1496,en,economics,table preparation,economics research table preparation
1497,en,economics,chart preparation,economics research chart preparation
1498,en,economics,discussion preparation,economics research discussion preparation
1499,en,economics,with academic integrity,economics research with academic integrity
1500,en,economics,according to university requirements,economics research according to university requirements
1501,ar,translation,شرح مبسط,ترجمة أكاديمية شرح مبسط
1502,ar,translation,دليل عملي,ترجمة أكاديمية دليل عملي
1503,ar,translation,خطوات التنفيذ,ترجمة أكاديمية خطوات التنفيذ
1504,ar,translation,نموذج قابل للتعديل,ترجمة أكاديمية نموذج قابل للتعديل
1505,ar,translation,مثال تطبيقي,ترجمة أكاديمية مثال تطبيقي
1506,ar,translation,خطة عمل,ترجمة أكاديمية خطة عمل
1507,ar,translation,نصائح للطلاب,ترجمة أكاديمية نصائح للطلاب
1508,ar,translation,أخطاء شائعة,ترجمة أكاديمية أخطاء شائعة
1509,ar,translation,معايير الجودة,ترجمة أكاديمية معايير الجودة
1510,ar,translation,طريقة الإعداد,ترجمة أكاديمية طريقة الإعداد
1511,ar,translation,كيفية الكتابة,ترجمة أكاديمية كيفية الكتابة
1512,ar,translation,كيفية التنسيق,ترجمة أكاديمية كيفية التنسيق
1513,ar,translation,كيفية التوثيق,ترجمة أكاديمية كيفية التوثيق
1514,ar,translation,كيفية المراجعة,ترجمة أكاديمية كيفية المراجعة
1515,ar,translation,كيفية التحليل,ترجمة أكاديمية كيفية التحليل
1516,ar,translation,كيفية العرض,ترجمة أكاديمية كيفية العرض
1517,ar,translation,قبل التسليم,ترجمة أكاديمية قبل التسليم
1518,ar,translation,لطلاب البكالوريوس,ترجمة أكاديمية لطلاب البكالوريوس
1519,ar,translation,لطلاب الماجستير,ترجمة أكاديمية لطلاب الماجستير
1520,ar,translation,لطلاب الدكتوراه,ترجمة أكاديمية لطلاب الدكتوراه
1521,ar,translation,باللغة العربية,ترجمة أكاديمية باللغة العربية
1522,ar,translation,باللغة الإنجليزية,ترجمة أكاديمية باللغة الإنجليزية
1523,ar,translation,عربي وإنجليزي,ترجمة أكاديمية عربي وإنجليزي
1524,ar,translation,في الجامعات الإماراتية,ترجمة أكاديمية في الجامعات الإماراتية
1525,ar,translation,في دبي,ترجمة أكاديمية في دبي
1526,ar,translation,في أبوظبي,ترجمة أكاديمية في أبوظبي
1527,ar,translation,في الشارقة,ترجمة أكاديمية في الشارقة
1528,ar,translation,للجامعات الخاصة,ترجمة أكاديمية للجامعات الخاصة
1529,ar,translation,للجامعات الحكومية,ترجمة أكاديمية للجامعات الحكومية
1530,ar,translation,عن بُعد,ترجمة أكاديمية عن بُعد
1531,ar,translation,خدمة احترافية,ترجمة أكاديمية خدمة احترافية
1532,ar,translation,مساعدة أكاديمية,ترجمة أكاديمية مساعدة أكاديمية
1533,ar,translation,استشارة بحثية,ترجمة أكاديمية استشارة بحثية
1534,ar,translation,مراجعة أكاديمية,ترجمة أكاديمية مراجعة أكاديمية
1535,ar,translation,تدقيق علمي,ترجمة أكاديمية تدقيق علمي
1536,ar,translation,تنسيق APA,ترجمة أكاديمية تنسيق APA
1537,ar,translation,تنسيق MLA,ترجمة أكاديمية تنسيق MLA
1538,ar,translation,تنسيق Chicago,ترجمة أكاديمية تنسيق Chicago
1539,ar,translation,توثيق المصادر,ترجمة أكاديمية توثيق المصادر
1540,ar,translation,تحسين الصياغة,ترجمة أكاديمية تحسين الصياغة
1541,ar,translation,تحسين المنهجية,ترجمة أكاديمية تحسين المنهجية
1542,ar,translation,قراءة وتحليل البيانات,ترجمة أكاديمية قراءة وتحليل البيانات
1543,ar,translation,تصميم أداة البحث,ترجمة أكاديمية تصميم أداة البحث
1544,ar,translation,مراجعة الاستبيان,ترجمة أكاديمية مراجعة الاستبيان
1545,ar,translation,تفسير النتائج,ترجمة أكاديمية تفسير النتائج
1546,ar,translation,إعداد الجداول,ترجمة أكاديمية إعداد الجداول
1547,ar,translation,إعداد الرسوم البيانية,ترجمة أكاديمية إعداد الرسوم البيانية
1548,ar,translation,تجهيز المناقشة,ترجمة أكاديمية تجهيز المناقشة
1549,ar,translation,مع الحفاظ على الأمانة العلمية,ترجمة أكاديمية مع الحفاظ على الأمانة العلمية
1550,ar,translation,وفق متطلبات الجامعة,ترجمة أكاديمية وفق متطلبات الجامعة
1551,en,translation,simple explanation,academic translation simple explanation
1552,en,translation,practical guide,academic translation practical guide
1553,en,translation,step-by-step process,academic translation step-by-step process
1554,en,translation,editable template,academic translation editable template
1555,en,translation,worked example,academic translation worked example
1556,en,translation,action plan,academic translation action plan
1557,en,translation,student tips,academic translation student tips
1558,en,translation,common mistakes,academic translation common mistakes
1559,en,translation,quality standards,academic translation quality standards
1560,en,translation,how to prepare,academic translation how to prepare
1561,en,translation,how to write,academic translation how to write
1562,en,translation,how to format,academic translation how to format
1563,en,translation,how to cite sources,academic translation how to cite sources
1564,en,translation,how to proofread,academic translation how to proofread
1565,en,translation,how to analyze,academic translation how to analyze
1566,en,translation,how to present,academic translation how to present
1567,en,translation,before submission,academic translation before submission
1568,en,translation,for undergraduate students,academic translation for undergraduate students
1569,en,translation,for master's students,academic translation for master's students
1570,en,translation,for doctoral students,academic translation for doctoral students
1571,en,translation,in Arabic,academic translation in Arabic
1572,en,translation,in English,academic translation in English
1573,en,translation,Arabic and English,academic translation Arabic and English
1574,en,translation,for UAE universities,academic translation for UAE universities
1575,en,translation,in Dubai,academic translation in Dubai
1576,en,translation,in Abu Dhabi,academic translation in Abu Dhabi
1577,en,translation,in Sharjah,academic translation in Sharjah
1578,en,translation,for private universities,academic translation for private universities
1579,en,translation,for public universities,academic translation for public universities
1580,en,translation,online support,academic translation online support
1581,en,translation,professional service,academic translation professional service
1582,en,translation,academic assistance,academic translation academic assistance
1583,en,translation,research consultation,academic translation research consultation
1584,en,translation,academic review,academic translation academic review
1585,en,translation,scholarly proofreading,academic translation scholarly proofreading
1586,en,translation,APA formatting,academic translation APA formatting
1587,en,translation,MLA formatting,academic translation MLA formatting
1588,en,translation,Chicago formatting,academic translation Chicago formatting
1589,en,translation,source citation,academic translation source citation
1590,en,translation,academic rewriting,academic translation academic rewriting
1591,en,translation,methodology improvement,academic translation methodology improvement
1592,en,translation,data interpretation,academic translation data interpretation
1593,en,translation,research instrument design,academic translation research instrument design
1594,en,translation,survey review,academic translation survey review
1595,en,translation,results interpretation,academic translation results interpretation
1596,en,translation,table preparation,academic translation table preparation
1597,en,translation,chart preparation,academic translation chart preparation
1598,en,translation,discussion preparation,academic translation discussion preparation
1599,en,translation,with academic integrity,academic translation with academic integrity
1600,en,translation,according to university requirements,academic translation according to university requirements
1601,ar,editing,شرح مبسط,تدقيق لغوي وتنسيق أكاديمي شرح مبسط
1602,ar,editing,دليل عملي,تدقيق لغوي وتنسيق أكاديمي دليل عملي
1603,ar,editing,خطوات التنفيذ,تدقيق لغوي وتنسيق أكاديمي خطوات التنفيذ
1604,ar,editing,نموذج قابل للتعديل,تدقيق لغوي وتنسيق أكاديمي نموذج قابل للتعديل
1605,ar,editing,مثال تطبيقي,تدقيق لغوي وتنسيق أكاديمي مثال تطبيقي
1606,ar,editing,خطة عمل,تدقيق لغوي وتنسيق أكاديمي خطة عمل
1607,ar,editing,نصائح للطلاب,تدقيق لغوي وتنسيق أكاديمي نصائح للطلاب
1608,ar,editing,أخطاء شائعة,تدقيق لغوي وتنسيق أكاديمي أخطاء شائعة
1609,ar,editing,معايير الجودة,تدقيق لغوي وتنسيق أكاديمي معايير الجودة
1610,ar,editing,طريقة الإعداد,تدقيق لغوي وتنسيق أكاديمي طريقة الإعداد
1611,ar,editing,كيفية الكتابة,تدقيق لغوي وتنسيق أكاديمي كيفية الكتابة
1612,ar,editing,كيفية التنسيق,تدقيق لغوي وتنسيق أكاديمي كيفية التنسيق
1613,ar,editing,كيفية التوثيق,تدقيق لغوي وتنسيق أكاديمي كيفية التوثيق
1614,ar,editing,كيفية المراجعة,تدقيق لغوي وتنسيق أكاديمي كيفية المراجعة
1615,ar,editing,كيفية التحليل,تدقيق لغوي وتنسيق أكاديمي كيفية التحليل
1616,ar,editing,كيفية العرض,تدقيق لغوي وتنسيق أكاديمي كيفية العرض
1617,ar,editing,قبل التسليم,تدقيق لغوي وتنسيق أكاديمي قبل التسليم
1618,ar,editing,لطلاب البكالوريوس,تدقيق لغوي وتنسيق أكاديمي لطلاب البكالوريوس
1619,ar,editing,لطلاب الماجستير,تدقيق لغوي وتنسيق أكاديمي لطلاب الماجستير
1620,ar,editing,لطلاب الدكتوراه,تدقيق لغوي وتنسيق أكاديمي لطلاب الدكتوراه
1621,ar,editing,باللغة العربية,تدقيق لغوي وتنسيق أكاديمي باللغة العربية
1622,ar,editing,باللغة الإنجليزية,تدقيق لغوي وتنسيق أكاديمي باللغة الإنجليزية
1623,ar,editing,عربي وإنجليزي,تدقيق لغوي وتنسيق أكاديمي عربي وإنجليزي
1624,ar,editing,في الجامعات الإماراتية,تدقيق لغوي وتنسيق أكاديمي في الجامعات الإماراتية
1625,ar,editing,في دبي,تدقيق لغوي وتنسيق أكاديمي في دبي
1626,ar,editing,في أبوظبي,تدقيق لغوي وتنسيق أكاديمي في أبوظبي
1627,ar,editing,في الشارقة,تدقيق لغوي وتنسيق أكاديمي في الشارقة
1628,ar,editing,للجامعات الخاصة,تدقيق لغوي وتنسيق أكاديمي للجامعات الخاصة
1629,ar,editing,للجامعات الحكومية,تدقيق لغوي وتنسيق أكاديمي للجامعات الحكومية
1630,ar,editing,عن بُعد,تدقيق لغوي وتنسيق أكاديمي عن بُعد
1631,ar,editing,خدمة احترافية,تدقيق لغوي وتنسيق أكاديمي خدمة احترافية
1632,ar,editing,مساعدة أكاديمية,تدقيق لغوي وتنسيق أكاديمي مساعدة أكاديمية
1633,ar,editing,استشارة بحثية,تدقيق لغوي وتنسيق أكاديمي استشارة بحثية
1634,ar,editing,مراجعة أكاديمية,تدقيق لغوي وتنسيق أكاديمي مراجعة أكاديمية
1635,ar,editing,تدقيق علمي,تدقيق لغوي وتنسيق أكاديمي تدقيق علمي
1636,ar,editing,تنسيق APA,تدقيق لغوي وتنسيق أكاديمي تنسيق APA
1637,ar,editing,تنسيق MLA,تدقيق لغوي وتنسيق أكاديمي تنسيق MLA
1638,ar,editing,تنسيق Chicago,تدقيق لغوي وتنسيق أكاديمي تنسيق Chicago
1639,ar,editing,توثيق المصادر,تدقيق لغوي وتنسيق أكاديمي توثيق المصادر
1640,ar,editing,تحسين الصياغة,تدقيق لغوي وتنسيق أكاديمي تحسين الصياغة
1641,ar,editing,تحسين المنهجية,تدقيق لغوي وتنسيق أكاديمي تحسين المنهجية
1642,ar,editing,قراءة وتحليل البيانات,تدقيق لغوي وتنسيق أكاديمي قراءة وتحليل البيانات
1643,ar,editing,تصميم أداة البحث,تدقيق لغوي وتنسيق أكاديمي تصميم أداة البحث
1644,ar,editing,مراجعة الاستبيان,تدقيق لغوي وتنسيق أكاديمي مراجعة الاستبيان
1645,ar,editing,تفسير النتائج,تدقيق لغوي وتنسيق أكاديمي تفسير النتائج
1646,ar,editing,إعداد الجداول,تدقيق لغوي وتنسيق أكاديمي إعداد الجداول
1647,ar,editing,إعداد الرسوم البيانية,تدقيق لغوي وتنسيق أكاديمي إعداد الرسوم البيانية
1648,ar,editing,تجهيز المناقشة,تدقيق لغوي وتنسيق أكاديمي تجهيز المناقشة
1649,ar,editing,مع الحفاظ على الأمانة العلمية,تدقيق لغوي وتنسيق أكاديمي مع الحفاظ على الأمانة العلمية
1650,ar,editing,وفق متطلبات الجامعة,تدقيق لغوي وتنسيق أكاديمي وفق متطلبات الجامعة
1651,en,editing,simple explanation,academic proofreading and formatting simple explanation
1652,en,editing,practical guide,academic proofreading and formatting practical guide
1653,en,editing,step-by-step process,academic proofreading and formatting step-by-step process
1654,en,editing,editable template,academic proofreading and formatting editable template
1655,en,editing,worked example,academic proofreading and formatting worked example
1656,en,editing,action plan,academic proofreading and formatting action plan
1657,en,editing,student tips,academic proofreading and formatting student tips
1658,en,editing,common mistakes,academic proofreading and formatting common mistakes
1659,en,editing,quality standards,academic proofreading and formatting quality standards
1660,en,editing,how to prepare,academic proofreading and formatting how to prepare
1661,en,editing,how to write,academic proofreading and formatting how to write
1662,en,editing,how to format,academic proofreading and formatting how to format
1663,en,editing,how to cite sources,academic proofreading and formatting how to cite sources
1664,en,editing,how to proofread,academic proofreading and formatting how to proofread
1665,en,editing,how to analyze,academic proofreading and formatting how to analyze
1666,en,editing,how to present,academic proofreading and formatting how to present
1667,en,editing,before submission,academic proofreading and formatting before submission
1668,en,editing,for undergraduate students,academic proofreading and formatting for undergraduate students
1669,en,editing,for master's students,academic proofreading and formatting for master's students
1670,en,editing,for doctoral students,academic proofreading and formatting for doctoral students
1671,en,editing,in Arabic,academic proofreading and formatting in Arabic
1672,en,editing,in English,academic proofreading and formatting in English
1673,en,editing,Arabic and English,academic proofreading and formatting Arabic and English
1674,en,editing,for UAE universities,academic proofreading and formatting for UAE universities
1675,en,editing,in Dubai,academic proofreading and formatting in Dubai
1676,en,editing,in Abu Dhabi,academic proofreading and formatting in Abu Dhabi
1677,en,editing,in Sharjah,academic proofreading and formatting in Sharjah
1678,en,editing,for private universities,academic proofreading and formatting for private universities
1679,en,editing,for public universities,academic proofreading and formatting for public universities
1680,en,editing,online support,academic proofreading and formatting online support
1681,en,editing,professional service,academic proofreading and formatting professional service
1682,en,editing,academic assistance,academic proofreading and formatting academic assistance
1683,en,editing,research consultation,academic proofreading and formatting research consultation
1684,en,editing,academic review,academic proofreading and formatting academic review
1685,en,editing,scholarly proofreading,academic proofreading and formatting scholarly proofreading
1686,en,editing,APA formatting,academic proofreading and formatting APA formatting
1687,en,editing,MLA formatting,academic proofreading and formatting MLA formatting
1688,en,editing,Chicago formatting,academic proofreading and formatting Chicago formatting
1689,en,editing,source citation,academic proofreading and formatting source citation
1690,en,editing,academic rewriting,academic proofreading and formatting academic rewriting
1691,en,editing,methodology improvement,academic proofreading and formatting methodology improvement
1692,en,editing,data interpretation,academic proofreading and formatting data interpretation
1693,en,editing,research instrument design,academic proofreading and formatting research instrument design
1694,en,editing,survey review,academic proofreading and formatting survey review
1695,en,editing,results interpretation,academic proofreading and formatting results interpretation
1696,en,editing,table preparation,academic proofreading and formatting table preparation
1697,en,editing,chart preparation,academic proofreading and formatting chart preparation
1698,en,editing,discussion preparation,academic proofreading and formatting discussion preparation
1699,en,editing,with academic integrity,academic proofreading and formatting with academic integrity
1700,en,editing,according to university requirements,academic proofreading and formatting according to university requirements
1701,ar,statistics,شرح مبسط,تحليل إحصائي شرح مبسط
1702,ar,statistics,دليل عملي,تحليل إحصائي دليل عملي
1703,ar,statistics,خطوات التنفيذ,تحليل إحصائي خطوات التنفيذ
1704,ar,statistics,نموذج قابل للتعديل,تحليل إحصائي نموذج قابل للتعديل
1705,ar,statistics,مثال تطبيقي,تحليل إحصائي مثال تطبيقي
1706,ar,statistics,خطة عمل,تحليل إحصائي خطة عمل
1707,ar,statistics,نصائح للطلاب,تحليل إحصائي نصائح للطلاب
1708,ar,statistics,أخطاء شائعة,تحليل إحصائي أخطاء شائعة
1709,ar,statistics,معايير الجودة,تحليل إحصائي معايير الجودة
1710,ar,statistics,طريقة الإعداد,تحليل إحصائي طريقة الإعداد
1711,ar,statistics,كيفية الكتابة,تحليل إحصائي كيفية الكتابة
1712,ar,statistics,كيفية التنسيق,تحليل إحصائي كيفية التنسيق
1713,ar,statistics,كيفية التوثيق,تحليل إحصائي كيفية التوثيق
1714,ar,statistics,كيفية المراجعة,تحليل إحصائي كيفية المراجعة
1715,ar,statistics,كيفية التحليل,تحليل إحصائي كيفية التحليل
1716,ar,statistics,كيفية العرض,تحليل إحصائي كيفية العرض
1717,ar,statistics,قبل التسليم,تحليل إحصائي قبل التسليم
1718,ar,statistics,لطلاب البكالوريوس,تحليل إحصائي لطلاب البكالوريوس
1719,ar,statistics,لطلاب الماجستير,تحليل إحصائي لطلاب الماجستير
1720,ar,statistics,لطلاب الدكتوراه,تحليل إحصائي لطلاب الدكتوراه
1721,ar,statistics,باللغة العربية,تحليل إحصائي باللغة العربية
1722,ar,statistics,باللغة الإنجليزية,تحليل إحصائي باللغة الإنجليزية
1723,ar,statistics,عربي وإنجليزي,تحليل إحصائي عربي وإنجليزي
1724,ar,statistics,في الجامعات الإماراتية,تحليل إحصائي في الجامعات الإماراتية
1725,ar,statistics,في دبي,تحليل إحصائي في دبي
1726,ar,statistics,في أبوظبي,تحليل إحصائي في أبوظبي
1727,ar,statistics,في الشارقة,تحليل إحصائي في الشارقة
1728,ar,statistics,للجامعات الخاصة,تحليل إحصائي للجامعات الخاصة
1729,ar,statistics,للجامعات الحكومية,تحليل إحصائي للجامعات الحكومية
1730,ar,statistics,عن بُعد,تحليل إحصائي عن بُعد
1731,ar,statistics,خدمة احترافية,تحليل إحصائي خدمة احترافية
1732,ar,statistics,مساعدة أكاديمية,تحليل إحصائي مساعدة أكاديمية
1733,ar,statistics,استشارة بحثية,تحليل إحصائي استشارة بحثية
1734,ar,statistics,مراجعة أكاديمية,تحليل إحصائي مراجعة أكاديمية
1735,ar,statistics,تدقيق علمي,تحليل إحصائي تدقيق علمي
1736,ar,statistics,تنسيق APA,تحليل إحصائي تنسيق APA
1737,ar,statistics,تنسيق MLA,تحليل إحصائي تنسيق MLA
1738,ar,statistics,تنسيق Chicago,تحليل إحصائي تنسيق Chicago
1739,ar,statistics,توثيق المصادر,تحليل إحصائي توثيق المصادر
1740,ar,statistics,تحسين الصياغة,تحليل إحصائي تحسين الصياغة
1741,ar,statistics,تحسين المنهجية,تحليل إحصائي تحسين المنهجية
1742,ar,statistics,قراءة وتحليل البيانات,تحليل إحصائي قراءة وتحليل البيانات
1743,ar,statistics,تصميم أداة البحث,تحليل إحصائي تصميم أداة البحث
1744,ar,statistics,مراجعة الاستبيان,تحليل إحصائي مراجعة الاستبيان
1745,ar,statistics,تفسير النتائج,تحليل إحصائي تفسير النتائج
1746,ar,statistics,إعداد الجداول,تحليل إحصائي إعداد الجداول
1747,ar,statistics,إعداد الرسوم البيانية,تحليل إحصائي إعداد الرسوم البيانية
1748,ar,statistics,تجهيز المناقشة,تحليل إحصائي تجهيز المناقشة
1749,ar,statistics,مع الحفاظ على الأمانة العلمية,تحليل إحصائي مع الحفاظ على الأمانة العلمية
1750,ar,statistics,وفق متطلبات الجامعة,تحليل إحصائي وفق متطلبات الجامعة
1751,en,statistics,simple explanation,statistical analysis simple explanation
1752,en,statistics,practical guide,statistical analysis practical guide
1753,en,statistics,step-by-step process,statistical analysis step-by-step process
1754,en,statistics,editable template,statistical analysis editable template
1755,en,statistics,worked example,statistical analysis worked example
1756,en,statistics,action plan,statistical analysis action plan
1757,en,statistics,student tips,statistical analysis student tips
1758,en,statistics,common mistakes,statistical analysis common mistakes
1759,en,statistics,quality standards,statistical analysis quality standards
1760,en,statistics,how to prepare,statistical analysis how to prepare
1761,en,statistics,how to write,statistical analysis how to write
1762,en,statistics,how to format,statistical analysis how to format
1763,en,statistics,how to cite sources,statistical analysis how to cite sources
1764,en,statistics,how to proofread,statistical analysis how to proofread
1765,en,statistics,how to analyze,statistical analysis how to analyze
1766,en,statistics,how to present,statistical analysis how to present
1767,en,statistics,before submission,statistical analysis before submission
1768,en,statistics,for undergraduate students,statistical analysis for undergraduate students
1769,en,statistics,for master's students,statistical analysis for master's students
1770,en,statistics,for doctoral students,statistical analysis for doctoral students
1771,en,statistics,in Arabic,statistical analysis in Arabic
1772,en,statistics,in English,statistical analysis in English
1773,en,statistics,Arabic and English,statistical analysis Arabic and English
1774,en,statistics,for UAE universities,statistical analysis for UAE universities
1775,en,statistics,in Dubai,statistical analysis in Dubai
1776,en,statistics,in Abu Dhabi,statistical analysis in Abu Dhabi
1777,en,statistics,in Sharjah,statistical analysis in Sharjah
1778,en,statistics,for private universities,statistical analysis for private universities
1779,en,statistics,for public universities,statistical analysis for public universities
1780,en,statistics,online support,statistical analysis online support
1781,en,statistics,professional service,statistical analysis professional service
1782,en,statistics,academic assistance,statistical analysis academic assistance
1783,en,statistics,research consultation,statistical analysis research consultation
1784,en,statistics,academic review,statistical analysis academic review
1785,en,statistics,scholarly proofreading,statistical analysis scholarly proofreading
1786,en,statistics,APA formatting,statistical analysis APA formatting
1787,en,statistics,MLA formatting,statistical analysis MLA formatting
1788,en,statistics,Chicago formatting,statistical analysis Chicago formatting
1789,en,statistics,source citation,statistical analysis source citation
1790,en,statistics,academic rewriting,statistical analysis academic rewriting
1791,en,statistics,methodology improvement,statistical analysis methodology improvement
1792,en,statistics,data interpretation,statistical analysis data interpretation
1793,en,statistics,research instrument design,statistical analysis research instrument design
1794,en,statistics,survey review,statistical analysis survey review
1795,en,statistics,results interpretation,statistical analysis results interpretation
1796,en,statistics,table preparation,statistical analysis table preparation
1797,en,statistics,chart preparation,statistical analysis chart preparation
1798,en,statistics,discussion preparation,statistical analysis discussion preparation
1799,en,statistics,with academic integrity,statistical analysis with academic integrity
1800,en,statistics,according to university requirements,statistical analysis according to university requirements
1801,ar,spss,شرح مبسط,تحليل بيانات SPSS شرح مبسط
1802,ar,spss,دليل عملي,تحليل بيانات SPSS دليل عملي
1803,ar,spss,خطوات التنفيذ,تحليل بيانات SPSS خطوات التنفيذ
1804,ar,spss,نموذج قابل للتعديل,تحليل بيانات SPSS نموذج قابل للتعديل
1805,ar,spss,مثال تطبيقي,تحليل بيانات SPSS مثال تطبيقي
1806,ar,spss,خطة عمل,تحليل بيانات SPSS خطة عمل
1807,ar,spss,نصائح للطلاب,تحليل بيانات SPSS نصائح للطلاب
1808,ar,spss,أخطاء شائعة,تحليل بيانات SPSS أخطاء شائعة
1809,ar,spss,معايير الجودة,تحليل بيانات SPSS معايير الجودة
1810,ar,spss,طريقة الإعداد,تحليل بيانات SPSS طريقة الإعداد
1811,ar,spss,كيفية الكتابة,تحليل بيانات SPSS كيفية الكتابة
1812,ar,spss,كيفية التنسيق,تحليل بيانات SPSS كيفية التنسيق
1813,ar,spss,كيفية التوثيق,تحليل بيانات SPSS كيفية التوثيق
1814,ar,spss,كيفية المراجعة,تحليل بيانات SPSS كيفية المراجعة
1815,ar,spss,كيفية التحليل,تحليل بيانات SPSS كيفية التحليل
1816,ar,spss,كيفية العرض,تحليل بيانات SPSS كيفية العرض
1817,ar,spss,قبل التسليم,تحليل بيانات SPSS قبل التسليم
1818,ar,spss,لطلاب البكالوريوس,تحليل بيانات SPSS لطلاب البكالوريوس
1819,ar,spss,لطلاب الماجستير,تحليل بيانات SPSS لطلاب الماجستير
1820,ar,spss,لطلاب الدكتوراه,تحليل بيانات SPSS لطلاب الدكتوراه
1821,ar,spss,باللغة العربية,تحليل بيانات SPSS باللغة العربية
1822,ar,spss,باللغة الإنجليزية,تحليل بيانات SPSS باللغة الإنجليزية
1823,ar,spss,عربي وإنجليزي,تحليل بيانات SPSS عربي وإنجليزي
1824,ar,spss,في الجامعات الإماراتية,تحليل بيانات SPSS في الجامعات الإماراتية
1825,ar,spss,في دبي,تحليل بيانات SPSS في دبي
1826,ar,spss,في أبوظبي,تحليل بيانات SPSS في أبوظبي
1827,ar,spss,في الشارقة,تحليل بيانات SPSS في الشارقة
1828,ar,spss,للجامعات الخاصة,تحليل بيانات SPSS للجامعات الخاصة
1829,ar,spss,للجامعات الحكومية,تحليل بيانات SPSS للجامعات الحكومية
1830,ar,spss,عن بُعد,تحليل بيانات SPSS عن بُعد
1831,ar,spss,خدمة احترافية,تحليل بيانات SPSS خدمة احترافية
1832,ar,spss,مساعدة أكاديمية,تحليل بيانات SPSS مساعدة أكاديمية
1833,ar,spss,استشارة بحثية,تحليل بيانات SPSS استشارة بحثية
1834,ar,spss,مراجعة أكاديمية,تحليل بيانات SPSS مراجعة أكاديمية
1835,ar,spss,تدقيق علمي,تحليل بيانات SPSS تدقيق علمي
1836,ar,spss,تنسيق APA,تحليل بيانات SPSS تنسيق APA
1837,ar,spss,تنسيق MLA,تحليل بيانات SPSS تنسيق MLA
1838,ar,spss,تنسيق Chicago,تحليل بيانات SPSS تنسيق Chicago
1839,ar,spss,توثيق المصادر,تحليل بيانات SPSS توثيق المصادر
1840,ar,spss,تحسين الصياغة,تحليل بيانات SPSS تحسين الصياغة
1841,ar,spss,تحسين المنهجية,تحليل بيانات SPSS تحسين المنهجية
1842,ar,spss,قراءة وتحليل البيانات,تحليل بيانات SPSS قراءة وتحليل البيانات
1843,ar,spss,تصميم أداة البحث,تحليل بيانات SPSS تصميم أداة البحث
1844,ar,spss,مراجعة الاستبيان,تحليل بيانات SPSS مراجعة الاستبيان
1845,ar,spss,تفسير النتائج,تحليل بيانات SPSS تفسير النتائج
1846,ar,spss,إعداد الجداول,تحليل بيانات SPSS إعداد الجداول
1847,ar,spss,إعداد الرسوم البيانية,تحليل بيانات SPSS إعداد الرسوم البيانية
1848,ar,spss,تجهيز المناقشة,تحليل بيانات SPSS تجهيز المناقشة
1849,ar,spss,مع الحفاظ على الأمانة العلمية,تحليل بيانات SPSS مع الحفاظ على الأمانة العلمية
1850,ar,spss,وفق متطلبات الجامعة,تحليل بيانات SPSS وفق متطلبات الجامعة
1851,en,spss,simple explanation,SPSS data analysis simple explanation
1852,en,spss,practical guide,SPSS data analysis practical guide
1853,en,spss,step-by-step process,SPSS data analysis step-by-step process
1854,en,spss,editable template,SPSS data analysis editable template
1855,en,spss,worked example,SPSS data analysis worked example
1856,en,spss,action plan,SPSS data analysis action plan
1857,en,spss,student tips,SPSS data analysis student tips
1858,en,spss,common mistakes,SPSS data analysis common mistakes
1859,en,spss,quality standards,SPSS data analysis quality standards
1860,en,spss,how to prepare,SPSS data analysis how to prepare
1861,en,spss,how to write,SPSS data analysis how to write
1862,en,spss,how to format,SPSS data analysis how to format
1863,en,spss,how to cite sources,SPSS data analysis how to cite sources
1864,en,spss,how to proofread,SPSS data analysis how to proofread
1865,en,spss,how to analyze,SPSS data analysis how to analyze
1866,en,spss,how to present,SPSS data analysis how to present
1867,en,spss,before submission,SPSS data analysis before submission
1868,en,spss,for undergraduate students,SPSS data analysis for undergraduate students
1869,en,spss,for master's students,SPSS data analysis for master's students
1870,en,spss,for doctoral students,SPSS data analysis for doctoral students
1871,en,spss,in Arabic,SPSS data analysis in Arabic
1872,en,spss,in English,SPSS data analysis in English
1873,en,spss,Arabic and English,SPSS data analysis Arabic and English
1874,en,spss,for UAE universities,SPSS data analysis for UAE universities
1875,en,spss,in Dubai,SPSS data analysis in Dubai
1876,en,spss,in Abu Dhabi,SPSS data analysis in Abu Dhabi
1877,en,spss,in Sharjah,SPSS data analysis in Sharjah
1878,en,spss,for private universities,SPSS data analysis for private universities
1879,en,spss,for public universities,SPSS data analysis for public universities
1880,en,spss,online support,SPSS data analysis online support
1881,en,spss,professional service,SPSS data analysis professional service
1882,en,spss,academic assistance,SPSS data analysis academic assistance
1883,en,spss,research consultation,SPSS data analysis research consultation
1884,en,spss,academic review,SPSS data analysis academic review
1885,en,spss,scholarly proofreading,SPSS data analysis scholarly proofreading
1886,en,spss,APA formatting,SPSS data analysis APA formatting
1887,en,spss,MLA formatting,SPSS data analysis MLA formatting
1888,en,spss,Chicago formatting,SPSS data analysis Chicago formatting
1889,en,spss,source citation,SPSS data analysis source citation
1890,en,spss,academic rewriting,SPSS data analysis academic rewriting
1891,en,spss,methodology improvement,SPSS data analysis methodology improvement
1892,en,spss,data interpretation,SPSS data analysis data interpretation
1893,en,spss,research instrument design,SPSS data analysis research instrument design
1894,en,spss,survey review,SPSS data analysis survey review
1895,en,spss,results interpretation,SPSS data analysis results interpretation
1896,en,spss,table preparation,SPSS data analysis table preparation
1897,en,spss,chart preparation,SPSS data analysis chart preparation
1898,en,spss,discussion preparation,SPSS data analysis discussion preparation
1899,en,spss,with academic integrity,SPSS data analysis with academic integrity
1900,en,spss,according to university requirements,SPSS data analysis according to university requirements
1901,ar,survey,شرح مبسط,تصميم استبيان شرح مبسط
1902,ar,survey,دليل عملي,تصميم استبيان دليل عملي
1903,ar,survey,خطوات التنفيذ,تصميم استبيان خطوات التنفيذ
1904,ar,survey,نموذج قابل للتعديل,تصميم استبيان نموذج قابل للتعديل
1905,ar,survey,مثال تطبيقي,تصميم استبيان مثال تطبيقي
1906,ar,survey,خطة عمل,تصميم استبيان خطة عمل
1907,ar,survey,نصائح للطلاب,تصميم استبيان نصائح للطلاب
1908,ar,survey,أخطاء شائعة,تصميم استبيان أخطاء شائعة
1909,ar,survey,معايير الجودة,تصميم استبيان معايير الجودة
1910,ar,survey,طريقة الإعداد,تصميم استبيان طريقة الإعداد
1911,ar,survey,كيفية الكتابة,تصميم استبيان كيفية الكتابة
1912,ar,survey,كيفية التنسيق,تصميم استبيان كيفية التنسيق
1913,ar,survey,كيفية التوثيق,تصميم استبيان كيفية التوثيق
1914,ar,survey,كيفية المراجعة,تصميم استبيان كيفية المراجعة
1915,ar,survey,كيفية التحليل,تصميم استبيان كيفية التحليل
1916,ar,survey,كيفية العرض,تصميم استبيان كيفية العرض
1917,ar,survey,قبل التسليم,تصميم استبيان قبل التسليم
1918,ar,survey,لطلاب البكالوريوس,تصميم استبيان لطلاب البكالوريوس
1919,ar,survey,لطلاب الماجستير,تصميم استبيان لطلاب الماجستير
1920,ar,survey,لطلاب الدكتوراه,تصميم استبيان لطلاب الدكتوراه
1921,ar,survey,باللغة العربية,تصميم استبيان باللغة العربية
1922,ar,survey,باللغة الإنجليزية,تصميم استبيان باللغة الإنجليزية
1923,ar,survey,عربي وإنجليزي,تصميم استبيان عربي وإنجليزي
1924,ar,survey,في الجامعات الإماراتية,تصميم استبيان في الجامعات الإماراتية
1925,ar,survey,في دبي,تصميم استبيان في دبي
1926,ar,survey,في أبوظبي,تصميم استبيان في أبوظبي
1927,ar,survey,في الشارقة,تصميم استبيان في الشارقة
1928,ar,survey,للجامعات الخاصة,تصميم استبيان للجامعات الخاصة
1929,ar,survey,للجامعات الحكومية,تصميم استبيان للجامعات الحكومية
1930,ar,survey,عن بُعد,تصميم استبيان عن بُعد
1931,ar,survey,خدمة احترافية,تصميم استبيان خدمة احترافية
1932,ar,survey,مساعدة أكاديمية,تصميم استبيان مساعدة أكاديمية
1933,ar,survey,استشارة بحثية,تصميم استبيان استشارة بحثية
1934,ar,survey,مراجعة أكاديمية,تصميم استبيان مراجعة أكاديمية
1935,ar,survey,تدقيق علمي,تصميم استبيان تدقيق علمي
1936,ar,survey,تنسيق APA,تصميم استبيان تنسيق APA
1937,ar,survey,تنسيق MLA,تصميم استبيان تنسيق MLA
1938,ar,survey,تنسيق Chicago,تصميم استبيان تنسيق Chicago
1939,ar,survey,توثيق المصادر,تصميم استبيان توثيق المصادر
1940,ar,survey,تحسين الصياغة,تصميم استبيان تحسين الصياغة
1941,ar,survey,تحسين المنهجية,تصميم استبيان تحسين المنهجية
1942,ar,survey,قراءة وتحليل البيانات,تصميم استبيان قراءة وتحليل البيانات
1943,ar,survey,تصميم أداة البحث,تصميم استبيان تصميم أداة البحث
1944,ar,survey,مراجعة الاستبيان,تصميم استبيان مراجعة الاستبيان
1945,ar,survey,تفسير النتائج,تصميم استبيان تفسير النتائج
1946,ar,survey,إعداد الجداول,تصميم استبيان إعداد الجداول
1947,ar,survey,إعداد الرسوم البيانية,تصميم استبيان إعداد الرسوم البيانية
1948,ar,survey,تجهيز المناقشة,تصميم استبيان تجهيز المناقشة
1949,ar,survey,مع الحفاظ على الأمانة العلمية,تصميم استبيان مع الحفاظ على الأمانة العلمية
1950,ar,survey,وفق متطلبات الجامعة,تصميم استبيان وفق متطلبات الجامعة
1951,en,survey,simple explanation,survey design simple explanation
1952,en,survey,practical guide,survey design practical guide
1953,en,survey,step-by-step process,survey design step-by-step process
1954,en,survey,editable template,survey design editable template
1955,en,survey,worked example,survey design worked example
1956,en,survey,action plan,survey design action plan
1957,en,survey,student tips,survey design student tips
1958,en,survey,common mistakes,survey design common mistakes
1959,en,survey,quality standards,survey design quality standards
1960,en,survey,how to prepare,survey design how to prepare
1961,en,survey,how to write,survey design how to write
1962,en,survey,how to format,survey design how to format
1963,en,survey,how to cite sources,survey design how to cite sources
1964,en,survey,how to proofread,survey design how to proofread
1965,en,survey,how to analyze,survey design how to analyze
1966,en,survey,how to present,survey design how to present
1967,en,survey,before submission,survey design before submission
1968,en,survey,for undergraduate students,survey design for undergraduate students
1969,en,survey,for master's students,survey design for master's students
1970,en,survey,for doctoral students,survey design for doctoral students
1971,en,survey,in Arabic,survey design in Arabic
1972,en,survey,in English,survey design in English
1973,en,survey,Arabic and English,survey design Arabic and English
1974,en,survey,for UAE universities,survey design for UAE universities
1975,en,survey,in Dubai,survey design in Dubai
1976,en,survey,in Abu Dhabi,survey design in Abu Dhabi
1977,en,survey,in Sharjah,survey design in Sharjah
1978,en,survey,for private universities,survey design for private universities
1979,en,survey,for public universities,survey design for public universities
1980,en,survey,online support,survey design online support
1981,en,survey,professional service,survey design professional service
1982,en,survey,academic assistance,survey design academic assistance
1983,en,survey,research consultation,survey design research consultation
1984,en,survey,academic review,survey design academic review
1985,en,survey,scholarly proofreading,survey design scholarly proofreading
1986,en,survey,APA formatting,survey design APA formatting
1987,en,survey,MLA formatting,survey design MLA formatting
1988,en,survey,Chicago formatting,survey design Chicago formatting
1989,en,survey,source citation,survey design source citation
1990,en,survey,academic rewriting,survey design academic rewriting
1991,en,survey,methodology improvement,survey design methodology improvement
1992,en,survey,data interpretation,survey design data interpretation
1993,en,survey,research instrument design,survey design research instrument design
1994,en,survey,survey review,survey design survey review
1995,en,survey,results interpretation,survey design results interpretation
1996,en,survey,table preparation,survey design table preparation
1997,en,survey,chart preparation,survey design chart preparation
1998,en,survey,discussion preparation,survey design discussion preparation
1999,en,survey,with academic integrity,survey design with academic integrity
2000,en,survey,according to university requirements,survey design according to university requirements
2001,ar,questionnaire,شرح مبسط,تحليل الاستبيانات شرح مبسط
2002,ar,questionnaire,دليل عملي,تحليل الاستبيانات دليل عملي
2003,ar,questionnaire,خطوات التنفيذ,تحليل الاستبيانات خطوات التنفيذ
2004,ar,questionnaire,نموذج قابل للتعديل,تحليل الاستبيانات نموذج قابل للتعديل
2005,ar,questionnaire,مثال تطبيقي,تحليل الاستبيانات مثال تطبيقي
2006,ar,questionnaire,خطة عمل,تحليل الاستبيانات خطة عمل
2007,ar,questionnaire,نصائح للطلاب,تحليل الاستبيانات نصائح للطلاب
2008,ar,questionnaire,أخطاء شائعة,تحليل الاستبيانات أخطاء شائعة
2009,ar,questionnaire,معايير الجودة,تحليل الاستبيانات معايير الجودة
2010,ar,questionnaire,طريقة الإعداد,تحليل الاستبيانات طريقة الإعداد
2011,ar,questionnaire,كيفية الكتابة,تحليل الاستبيانات كيفية الكتابة
2012,ar,questionnaire,كيفية التنسيق,تحليل الاستبيانات كيفية التنسيق
2013,ar,questionnaire,كيفية التوثيق,تحليل الاستبيانات كيفية التوثيق
2014,ar,questionnaire,كيفية المراجعة,تحليل الاستبيانات كيفية المراجعة
2015,ar,questionnaire,كيفية التحليل,تحليل الاستبيانات كيفية التحليل
2016,ar,questionnaire,كيفية العرض,تحليل الاستبيانات كيفية العرض
2017,ar,questionnaire,قبل التسليم,تحليل الاستبيانات قبل التسليم
2018,ar,questionnaire,لطلاب البكالوريوس,تحليل الاستبيانات لطلاب البكالوريوس
2019,ar,questionnaire,لطلاب الماجستير,تحليل الاستبيانات لطلاب الماجستير
2020,ar,questionnaire,لطلاب الدكتوراه,تحليل الاستبيانات لطلاب الدكتوراه
2021,ar,questionnaire,باللغة العربية,تحليل الاستبيانات باللغة العربية
2022,ar,questionnaire,باللغة الإنجليزية,تحليل الاستبيانات باللغة الإنجليزية
2023,ar,questionnaire,عربي وإنجليزي,تحليل الاستبيانات عربي وإنجليزي
2024,ar,questionnaire,في الجامعات الإماراتية,تحليل الاستبيانات في الجامعات الإماراتية
2025,ar,questionnaire,في دبي,تحليل الاستبيانات في دبي
2026,ar,questionnaire,في أبوظبي,تحليل الاستبيانات في أبوظبي
2027,ar,questionnaire,في الشارقة,تحليل الاستبيانات في الشارقة
2028,ar,questionnaire,للجامعات الخاصة,تحليل الاستبيانات للجامعات الخاصة
2029,ar,questionnaire,للجامعات الحكومية,تحليل الاستبيانات للجامعات الحكومية
2030,ar,questionnaire,عن بُعد,تحليل الاستبيانات عن بُعد
2031,ar,questionnaire,خدمة احترافية,تحليل الاستبيانات خدمة احترافية
2032,ar,questionnaire,مساعدة أكاديمية,تحليل الاستبيانات مساعدة أكاديمية
2033,ar,questionnaire,استشارة بحثية,تحليل الاستبيانات استشارة بحثية
2034,ar,questionnaire,مراجعة أكاديمية,تحليل الاستبيانات مراجعة أكاديمية
2035,ar,questionnaire,تدقيق علمي,تحليل الاستبيانات تدقيق علمي
2036,ar,questionnaire,تنسيق APA,تحليل الاستبيانات تنسيق APA
2037,ar,questionnaire,تنسيق MLA,تحليل الاستبيانات تنسيق MLA
2038,ar,questionnaire,تنسيق Chicago,تحليل الاستبيانات تنسيق Chicago
2039,ar,questionnaire,توثيق المصادر,تحليل الاستبيانات توثيق المصادر
2040,ar,questionnaire,تحسين الصياغة,تحليل الاستبيانات تحسين الصياغة
2041,ar,questionnaire,تحسين المنهجية,تحليل الاستبيانات تحسين المنهجية
2042,ar,questionnaire,قراءة وتحليل البيانات,تحليل الاستبيانات قراءة وتحليل البيانات
2043,ar,questionnaire,تصميم أداة البحث,تحليل الاستبيانات تصميم أداة البحث
2044,ar,questionnaire,مراجعة الاستبيان,تحليل الاستبيانات مراجعة الاستبيان
2045,ar,questionnaire,تفسير النتائج,تحليل الاستبيانات تفسير النتائج
2046,ar,questionnaire,إعداد الجداول,تحليل الاستبيانات إعداد الجداول
2047,ar,questionnaire,إعداد الرسوم البيانية,تحليل الاستبيانات إعداد الرسوم البيانية
2048,ar,questionnaire,تجهيز المناقشة,تحليل الاستبيانات تجهيز المناقشة
2049,ar,questionnaire,مع الحفاظ على الأمانة العلمية,تحليل الاستبيانات مع الحفاظ على الأمانة العلمية
2050,ar,questionnaire,وفق متطلبات الجامعة,تحليل الاستبيانات وفق متطلبات الجامعة
2051,en,questionnaire,simple explanation,questionnaire analysis simple explanation
2052,en,questionnaire,practical guide,questionnaire analysis practical guide
2053,en,questionnaire,step-by-step process,questionnaire analysis step-by-step process
2054,en,questionnaire,editable template,questionnaire analysis editable template
2055,en,questionnaire,worked example,questionnaire analysis worked example
2056,en,questionnaire,action plan,questionnaire analysis action plan
2057,en,questionnaire,student tips,questionnaire analysis student tips
2058,en,questionnaire,common mistakes,questionnaire analysis common mistakes
2059,en,questionnaire,quality standards,questionnaire analysis quality standards
2060,en,questionnaire,how to prepare,questionnaire analysis how to prepare
2061,en,questionnaire,how to write,questionnaire analysis how to write
2062,en,questionnaire,how to format,questionnaire analysis how to format
2063,en,questionnaire,how to cite sources,questionnaire analysis how to cite sources
2064,en,questionnaire,how to proofread,questionnaire analysis how to proofread
2065,en,questionnaire,how to analyze,questionnaire analysis how to analyze
2066,en,questionnaire,how to present,questionnaire analysis how to present
2067,en,questionnaire,before submission,questionnaire analysis before submission
2068,en,questionnaire,for undergraduate students,questionnaire analysis for undergraduate students
2069,en,questionnaire,for master's students,questionnaire analysis for master's students
2070,en,questionnaire,for doctoral students,questionnaire analysis for doctoral students
2071,en,questionnaire,in Arabic,questionnaire analysis in Arabic
2072,en,questionnaire,in English,questionnaire analysis in English
2073,en,questionnaire,Arabic and English,questionnaire analysis Arabic and English
2074,en,questionnaire,for UAE universities,questionnaire analysis for UAE universities
2075,en,questionnaire,in Dubai,questionnaire analysis in Dubai
2076,en,questionnaire,in Abu Dhabi,questionnaire analysis in Abu Dhabi
2077,en,questionnaire,in Sharjah,questionnaire analysis in Sharjah
2078,en,questionnaire,for private universities,questionnaire analysis for private universities
2079,en,questionnaire,for public universities,questionnaire analysis for public universities
2080,en,questionnaire,online support,questionnaire analysis online support
2081,en,questionnaire,professional service,questionnaire analysis professional service
2082,en,questionnaire,academic assistance,questionnaire analysis academic assistance
2083,en,questionnaire,research consultation,questionnaire analysis research consultation
2084,en,questionnaire,academic review,questionnaire analysis academic review
2085,en,questionnaire,scholarly proofreading,questionnaire analysis scholarly proofreading
2086,en,questionnaire,APA formatting,questionnaire analysis APA formatting
2087,en,questionnaire,MLA formatting,questionnaire analysis MLA formatting
2088,en,questionnaire,Chicago formatting,questionnaire analysis Chicago formatting
2089,en,questionnaire,source citation,questionnaire analysis source citation
2090,en,questionnaire,academic rewriting,questionnaire analysis academic rewriting
2091,en,questionnaire,methodology improvement,questionnaire analysis methodology improvement
2092,en,questionnaire,data interpretation,questionnaire analysis data interpretation
2093,en,questionnaire,research instrument design,questionnaire analysis research instrument design
2094,en,questionnaire,survey review,questionnaire analysis survey review
2095,en,questionnaire,results interpretation,questionnaire analysis results interpretation
2096,en,questionnaire,table preparation,questionnaire analysis table preparation
2097,en,questionnaire,chart preparation,questionnaire analysis chart preparation
2098,en,questionnaire,discussion preparation,questionnaire analysis discussion preparation
2099,en,questionnaire,with academic integrity,questionnaire analysis with academic integrity
2100,en,questionnaire,according to university requirements,questionnaire analysis according to university requirements
2101,ar,hypotheses,شرح مبسط,فرضيات البحث شرح مبسط
2102,ar,hypotheses,دليل عملي,فرضيات البحث دليل عملي
2103,ar,hypotheses,خطوات التنفيذ,فرضيات البحث خطوات التنفيذ
2104,ar,hypotheses,نموذج قابل للتعديل,فرضيات البحث نموذج قابل للتعديل
2105,ar,hypotheses,مثال تطبيقي,فرضيات البحث مثال تطبيقي
2106,ar,hypotheses,خطة عمل,فرضيات البحث خطة عمل
2107,ar,hypotheses,نصائح للطلاب,فرضيات البحث نصائح للطلاب
2108,ar,hypotheses,أخطاء شائعة,فرضيات البحث أخطاء شائعة
2109,ar,hypotheses,معايير الجودة,فرضيات البحث معايير الجودة
2110,ar,hypotheses,طريقة الإعداد,فرضيات البحث طريقة الإعداد
2111,ar,hypotheses,كيفية الكتابة,فرضيات البحث كيفية الكتابة
2112,ar,hypotheses,كيفية التنسيق,فرضيات البحث كيفية التنسيق
2113,ar,hypotheses,كيفية التوثيق,فرضيات البحث كيفية التوثيق
2114,ar,hypotheses,كيفية المراجعة,فرضيات البحث كيفية المراجعة
2115,ar,hypotheses,كيفية التحليل,فرضيات البحث كيفية التحليل
2116,ar,hypotheses,كيفية العرض,فرضيات البحث كيفية العرض
2117,ar,hypotheses,قبل التسليم,فرضيات البحث قبل التسليم
2118,ar,hypotheses,لطلاب البكالوريوس,فرضيات البحث لطلاب البكالوريوس
2119,ar,hypotheses,لطلاب الماجستير,فرضيات البحث لطلاب الماجستير
2120,ar,hypotheses,لطلاب الدكتوراه,فرضيات البحث لطلاب الدكتوراه
2121,ar,hypotheses,باللغة العربية,فرضيات البحث باللغة العربية
2122,ar,hypotheses,باللغة الإنجليزية,فرضيات البحث باللغة الإنجليزية
2123,ar,hypotheses,عربي وإنجليزي,فرضيات البحث عربي وإنجليزي
2124,ar,hypotheses,في الجامعات الإماراتية,فرضيات البحث في الجامعات الإماراتية
2125,ar,hypotheses,في دبي,فرضيات البحث في دبي
2126,ar,hypotheses,في أبوظبي,فرضيات البحث في أبوظبي
2127,ar,hypotheses,في الشارقة,فرضيات البحث في الشارقة
2128,ar,hypotheses,للجامعات الخاصة,فرضيات البحث للجامعات الخاصة
2129,ar,hypotheses,للجامعات الحكومية,فرضيات البحث للجامعات الحكومية
2130,ar,hypotheses,عن بُعد,فرضيات البحث عن بُعد
2131,ar,hypotheses,خدمة احترافية,فرضيات البحث خدمة احترافية
2132,ar,hypotheses,مساعدة أكاديمية,فرضيات البحث مساعدة أكاديمية
2133,ar,hypotheses,استشارة بحثية,فرضيات البحث استشارة بحثية
2134,ar,hypotheses,مراجعة أكاديمية,فرضيات البحث مراجعة أكاديمية
2135,ar,hypotheses,تدقيق علمي,فرضيات البحث تدقيق علمي
2136,ar,hypotheses,تنسيق APA,فرضيات البحث تنسيق APA
2137,ar,hypotheses,تنسيق MLA,فرضيات البحث تنسيق MLA
2138,ar,hypotheses,تنسيق Chicago,فرضيات البحث تنسيق Chicago
2139,ar,hypotheses,توثيق المصادر,فرضيات البحث توثيق المصادر
2140,ar,hypotheses,تحسين الصياغة,فرضيات البحث تحسين الصياغة
2141,ar,hypotheses,تحسين المنهجية,فرضيات البحث تحسين المنهجية
2142,ar,hypotheses,قراءة وتحليل البيانات,فرضيات البحث قراءة وتحليل البيانات
2143,ar,hypotheses,تصميم أداة البحث,فرضيات البحث تصميم أداة البحث
2144,ar,hypotheses,مراجعة الاستبيان,فرضيات البحث مراجعة الاستبيان
2145,ar,hypotheses,تفسير النتائج,فرضيات البحث تفسير النتائج
2146,ar,hypotheses,إعداد الجداول,فرضيات البحث إعداد الجداول
2147,ar,hypotheses,إعداد الرسوم البيانية,فرضيات البحث إعداد الرسوم البيانية
2148,ar,hypotheses,تجهيز المناقشة,فرضيات البحث تجهيز المناقشة
2149,ar,hypotheses,مع الحفاظ على الأمانة العلمية,فرضيات البحث مع الحفاظ على الأمانة العلمية
2150,ar,hypotheses,وفق متطلبات الجامعة,فرضيات البحث وفق متطلبات الجامعة
2151,en,hypotheses,simple explanation,research hypotheses simple explanation
2152,en,hypotheses,practical guide,research hypotheses practical guide
2153,en,hypotheses,step-by-step process,research hypotheses step-by-step process
2154,en,hypotheses,editable template,research hypotheses editable template
2155,en,hypotheses,worked example,research hypotheses worked example
2156,en,hypotheses,action plan,research hypotheses action plan
2157,en,hypotheses,student tips,research hypotheses student tips
2158,en,hypotheses,common mistakes,research hypotheses common mistakes
2159,en,hypotheses,quality standards,research hypotheses quality standards
2160,en,hypotheses,how to prepare,research hypotheses how to prepare
2161,en,hypotheses,how to write,research hypotheses how to write
2162,en,hypotheses,how to format,research hypotheses how to format
2163,en,hypotheses,how to cite sources,research hypotheses how to cite sources
2164,en,hypotheses,how to proofread,research hypotheses how to proofread
2165,en,hypotheses,how to analyze,research hypotheses how to analyze
2166,en,hypotheses,how to present,research hypotheses how to present
2167,en,hypotheses,before submission,research hypotheses before submission
2168,en,hypotheses,for undergraduate students,research hypotheses for undergraduate students
2169,en,hypotheses,for master's students,research hypotheses for master's students
2170,en,hypotheses,for doctoral students,research hypotheses for doctoral students
2171,en,hypotheses,in Arabic,research hypotheses in Arabic
2172,en,hypotheses,in English,research hypotheses in English
2173,en,hypotheses,Arabic and English,research hypotheses Arabic and English
2174,en,hypotheses,for UAE universities,research hypotheses for UAE universities
2175,en,hypotheses,in Dubai,research hypotheses in Dubai
2176,en,hypotheses,in Abu Dhabi,research hypotheses in Abu Dhabi
2177,en,hypotheses,in Sharjah,research hypotheses in Sharjah
2178,en,hypotheses,for private universities,research hypotheses for private universities
2179,en,hypotheses,for public universities,research hypotheses for public universities
2180,en,hypotheses,online support,research hypotheses online support
2181,en,hypotheses,professional service,research hypotheses professional service
2182,en,hypotheses,academic assistance,research hypotheses academic assistance
2183,en,hypotheses,research consultation,research hypotheses research consultation
2184,en,hypotheses,academic review,research hypotheses academic review
2185,en,hypotheses,scholarly proofreading,research hypotheses scholarly proofreading
2186,en,hypotheses,APA formatting,research hypotheses APA formatting
2187,en,hypotheses,MLA formatting,research hypotheses MLA formatting
2188,en,hypotheses,Chicago formatting,research hypotheses Chicago formatting
2189,en,hypotheses,source citation,research hypotheses source citation
2190,en,hypotheses,academic rewriting,research hypotheses academic rewriting
2191,en,hypotheses,methodology improvement,research hypotheses methodology improvement
2192,en,hypotheses,data interpretation,research hypotheses data interpretation
2193,en,hypotheses,research instrument design,research hypotheses research instrument design
2194,en,hypotheses,survey review,research hypotheses survey review
2195,en,hypotheses,results interpretation,research hypotheses results interpretation
2196,en,hypotheses,table preparation,research hypotheses table preparation
2197,en,hypotheses,chart preparation,research hypotheses chart preparation
2198,en,hypotheses,discussion preparation,research hypotheses discussion preparation
2199,en,hypotheses,with academic integrity,research hypotheses with academic integrity
2200,en,hypotheses,according to university requirements,research hypotheses according to university requirements
2201,ar,qualitative,شرح مبسط,البحث النوعي شرح مبسط
2202,ar,qualitative,دليل عملي,البحث النوعي دليل عملي
2203,ar,qualitative,خطوات التنفيذ,البحث النوعي خطوات التنفيذ
2204,ar,qualitative,نموذج قابل للتعديل,البحث النوعي نموذج قابل للتعديل
2205,ar,qualitative,مثال تطبيقي,البحث النوعي مثال تطبيقي
2206,ar,qualitative,خطة عمل,البحث النوعي خطة عمل
2207,ar,qualitative,نصائح للطلاب,البحث النوعي نصائح للطلاب
2208,ar,qualitative,أخطاء شائعة,البحث النوعي أخطاء شائعة
2209,ar,qualitative,معايير الجودة,البحث النوعي معايير الجودة
2210,ar,qualitative,طريقة الإعداد,البحث النوعي طريقة الإعداد
2211,ar,qualitative,كيفية الكتابة,البحث النوعي كيفية الكتابة
2212,ar,qualitative,كيفية التنسيق,البحث النوعي كيفية التنسيق
2213,ar,qualitative,كيفية التوثيق,البحث النوعي كيفية التوثيق
2214,ar,qualitative,كيفية المراجعة,البحث النوعي كيفية المراجعة
2215,ar,qualitative,كيفية التحليل,البحث النوعي كيفية التحليل
2216,ar,qualitative,كيفية العرض,البحث النوعي كيفية العرض
2217,ar,qualitative,قبل التسليم,البحث النوعي قبل التسليم
2218,ar,qualitative,لطلاب البكالوريوس,البحث النوعي لطلاب البكالوريوس
2219,ar,qualitative,لطلاب الماجستير,البحث النوعي لطلاب الماجستير
2220,ar,qualitative,لطلاب الدكتوراه,البحث النوعي لطلاب الدكتوراه
2221,ar,qualitative,باللغة العربية,البحث النوعي باللغة العربية
2222,ar,qualitative,باللغة الإنجليزية,البحث النوعي باللغة الإنجليزية
2223,ar,qualitative,عربي وإنجليزي,البحث النوعي عربي وإنجليزي
2224,ar,qualitative,في الجامعات الإماراتية,البحث النوعي في الجامعات الإماراتية
2225,ar,qualitative,في دبي,البحث النوعي في دبي
2226,ar,qualitative,في أبوظبي,البحث النوعي في أبوظبي
2227,ar,qualitative,في الشارقة,البحث النوعي في الشارقة
2228,ar,qualitative,للجامعات الخاصة,البحث النوعي للجامعات الخاصة
2229,ar,qualitative,للجامعات الحكومية,البحث النوعي للجامعات الحكومية
2230,ar,qualitative,عن بُعد,البحث النوعي عن بُعد
2231,ar,qualitative,خدمة احترافية,البحث النوعي خدمة احترافية
2232,ar,qualitative,مساعدة أكاديمية,البحث النوعي مساعدة أكاديمية
2233,ar,qualitative,استشارة بحثية,البحث النوعي استشارة بحثية
2234,ar,qualitative,مراجعة أكاديمية,البحث النوعي مراجعة أكاديمية
2235,ar,qualitative,تدقيق علمي,البحث النوعي تدقيق علمي
2236,ar,qualitative,تنسيق APA,البحث النوعي تنسيق APA
2237,ar,qualitative,تنسيق MLA,البحث النوعي تنسيق MLA
2238,ar,qualitative,تنسيق Chicago,البحث النوعي تنسيق Chicago
2239,ar,qualitative,توثيق المصادر,البحث النوعي توثيق المصادر
2240,ar,qualitative,تحسين الصياغة,البحث النوعي تحسين الصياغة
2241,ar,qualitative,تحسين المنهجية,البحث النوعي تحسين المنهجية
2242,ar,qualitative,قراءة وتحليل البيانات,البحث النوعي قراءة وتحليل البيانات
2243,ar,qualitative,تصميم أداة البحث,البحث النوعي تصميم أداة البحث
2244,ar,qualitative,مراجعة الاستبيان,البحث النوعي مراجعة الاستبيان
2245,ar,qualitative,تفسير النتائج,البحث النوعي تفسير النتائج
2246,ar,qualitative,إعداد الجداول,البحث النوعي إعداد الجداول
2247,ar,qualitative,إعداد الرسوم البيانية,البحث النوعي إعداد الرسوم البيانية
2248,ar,qualitative,تجهيز المناقشة,البحث النوعي تجهيز المناقشة
2249,ar,qualitative,مع الحفاظ على الأمانة العلمية,البحث النوعي مع الحفاظ على الأمانة العلمية
2250,ar,qualitative,وفق متطلبات الجامعة,البحث النوعي وفق متطلبات الجامعة
2251,en,qualitative,simple explanation,qualitative research simple explanation
2252,en,qualitative,practical guide,qualitative research practical guide
2253,en,qualitative,step-by-step process,qualitative research step-by-step process
2254,en,qualitative,editable template,qualitative research editable template
2255,en,qualitative,worked example,qualitative research worked example
2256,en,qualitative,action plan,qualitative research action plan
2257,en,qualitative,student tips,qualitative research student tips
2258,en,qualitative,common mistakes,qualitative research common mistakes
2259,en,qualitative,quality standards,qualitative research quality standards
2260,en,qualitative,how to prepare,qualitative research how to prepare
2261,en,qualitative,how to write,qualitative research how to write
2262,en,qualitative,how to format,qualitative research how to format
2263,en,qualitative,how to cite sources,qualitative research how to cite sources
2264,en,qualitative,how to proofread,qualitative research how to proofread
2265,en,qualitative,how to analyze,qualitative research how to analyze
2266,en,qualitative,how to present,qualitative research how to present
2267,en,qualitative,before submission,qualitative research before submission
2268,en,qualitative,for undergraduate students,qualitative research for undergraduate students
2269,en,qualitative,for master's students,qualitative research for master's students
2270,en,qualitative,for doctoral students,qualitative research for doctoral students
2271,en,qualitative,in Arabic,qualitative research in Arabic
2272,en,qualitative,in English,qualitative research in English
2273,en,qualitative,Arabic and English,qualitative research Arabic and English
2274,en,qualitative,for UAE universities,qualitative research for UAE universities
2275,en,qualitative,in Dubai,qualitative research in Dubai
2276,en,qualitative,in Abu Dhabi,qualitative research in Abu Dhabi
2277,en,qualitative,in Sharjah,qualitative research in Sharjah
2278,en,qualitative,for private universities,qualitative research for private universities
2279,en,qualitative,for public universities,qualitative research for public universities
2280,en,qualitative,online support,qualitative research online support
2281,en,qualitative,professional service,qualitative research professional service
2282,en,qualitative,academic assistance,qualitative research academic assistance
2283,en,qualitative,research consultation,qualitative research research consultation
2284,en,qualitative,academic review,qualitative research academic review
2285,en,qualitative,scholarly proofreading,qualitative research scholarly proofreading
2286,en,qualitative,APA formatting,qualitative research APA formatting
2287,en,qualitative,MLA formatting,qualitative research MLA formatting
2288,en,qualitative,Chicago formatting,qualitative research Chicago formatting
2289,en,qualitative,source citation,qualitative research source citation
2290,en,qualitative,academic rewriting,qualitative research academic rewriting
2291,en,qualitative,methodology improvement,qualitative research methodology improvement
2292,en,qualitative,data interpretation,qualitative research data interpretation
2293,en,qualitative,research instrument design,qualitative research research instrument design
2294,en,qualitative,survey review,qualitative research survey review
2295,en,qualitative,results interpretation,qualitative research results interpretation
2296,en,qualitative,table preparation,qualitative research table preparation
2297,en,qualitative,chart preparation,qualitative research chart preparation
2298,en,qualitative,discussion preparation,qualitative research discussion preparation
2299,en,qualitative,with academic integrity,qualitative research with academic integrity
2300,en,qualitative,according to university requirements,qualitative research according to university requirements
2301,ar,quantitative,شرح مبسط,البحث الكمي شرح مبسط
2302,ar,quantitative,دليل عملي,البحث الكمي دليل عملي
2303,ar,quantitative,خطوات التنفيذ,البحث الكمي خطوات التنفيذ
2304,ar,quantitative,نموذج قابل للتعديل,البحث الكمي نموذج قابل للتعديل
2305,ar,quantitative,مثال تطبيقي,البحث الكمي مثال تطبيقي
2306,ar,quantitative,خطة عمل,البحث الكمي خطة عمل
2307,ar,quantitative,نصائح للطلاب,البحث الكمي نصائح للطلاب
2308,ar,quantitative,أخطاء شائعة,البحث الكمي أخطاء شائعة
2309,ar,quantitative,معايير الجودة,البحث الكمي معايير الجودة
2310,ar,quantitative,طريقة الإعداد,البحث الكمي طريقة الإعداد
2311,ar,quantitative,كيفية الكتابة,البحث الكمي كيفية الكتابة
2312,ar,quantitative,كيفية التنسيق,البحث الكمي كيفية التنسيق
2313,ar,quantitative,كيفية التوثيق,البحث الكمي كيفية التوثيق
2314,ar,quantitative,كيفية المراجعة,البحث الكمي كيفية المراجعة
2315,ar,quantitative,كيفية التحليل,البحث الكمي كيفية التحليل
2316,ar,quantitative,كيفية العرض,البحث الكمي كيفية العرض
2317,ar,quantitative,قبل التسليم,البحث الكمي قبل التسليم
2318,ar,quantitative,لطلاب البكالوريوس,البحث الكمي لطلاب البكالوريوس
2319,ar,quantitative,لطلاب الماجستير,البحث الكمي لطلاب الماجستير
2320,ar,quantitative,لطلاب الدكتوراه,البحث الكمي لطلاب الدكتوراه
2321,ar,quantitative,باللغة العربية,البحث الكمي باللغة العربية
2322,ar,quantitative,باللغة الإنجليزية,البحث الكمي باللغة الإنجليزية
2323,ar,quantitative,عربي وإنجليزي,البحث الكمي عربي وإنجليزي
2324,ar,quantitative,في الجامعات الإماراتية,البحث الكمي في الجامعات الإماراتية
2325,ar,quantitative,في دبي,البحث الكمي في دبي
2326,ar,quantitative,في أبوظبي,البحث الكمي في أبوظبي
2327,ar,quantitative,في الشارقة,البحث الكمي في الشارقة
2328,ar,quantitative,للجامعات الخاصة,البحث الكمي للجامعات الخاصة
2329,ar,quantitative,للجامعات الحكومية,البحث الكمي للجامعات الحكومية
2330,ar,quantitative,عن بُعد,البحث الكمي عن بُعد
2331,ar,quantitative,خدمة احترافية,البحث الكمي خدمة احترافية
2332,ar,quantitative,مساعدة أكاديمية,البحث الكمي مساعدة أكاديمية
2333,ar,quantitative,استشارة بحثية,البحث الكمي استشارة بحثية
2334,ar,quantitative,مراجعة أكاديمية,البحث الكمي مراجعة أكاديمية
2335,ar,quantitative,تدقيق علمي,البحث الكمي تدقيق علمي
2336,ar,quantitative,تنسيق APA,البحث الكمي تنسيق APA
2337,ar,quantitative,تنسيق MLA,البحث الكمي تنسيق MLA
2338,ar,quantitative,تنسيق Chicago,البحث الكمي تنسيق Chicago
2339,ar,quantitative,توثيق المصادر,البحث الكمي توثيق المصادر
2340,ar,quantitative,تحسين الصياغة,البحث الكمي تحسين الصياغة
2341,ar,quantitative,تحسين المنهجية,البحث الكمي تحسين المنهجية
2342,ar,quantitative,قراءة وتحليل البيانات,البحث الكمي قراءة وتحليل البيانات
2343,ar,quantitative,تصميم أداة البحث,البحث الكمي تصميم أداة البحث
2344,ar,quantitative,مراجعة الاستبيان,البحث الكمي مراجعة الاستبيان
2345,ar,quantitative,تفسير النتائج,البحث الكمي تفسير النتائج
2346,ar,quantitative,إعداد الجداول,البحث الكمي إعداد الجداول
2347,ar,quantitative,إعداد الرسوم البيانية,البحث الكمي إعداد الرسوم البيانية
2348,ar,quantitative,تجهيز المناقشة,البحث الكمي تجهيز المناقشة
2349,ar,quantitative,مع الحفاظ على الأمانة العلمية,البحث الكمي مع الحفاظ على الأمانة العلمية
2350,ar,quantitative,وفق متطلبات الجامعة,البحث الكمي وفق متطلبات الجامعة
2351,en,quantitative,simple explanation,quantitative research simple explanation
2352,en,quantitative,practical guide,quantitative research practical guide
2353,en,quantitative,step-by-step process,quantitative research step-by-step process
2354,en,quantitative,editable template,quantitative research editable template
2355,en,quantitative,worked example,quantitative research worked example
2356,en,quantitative,action plan,quantitative research action plan
2357,en,quantitative,student tips,quantitative research student tips
2358,en,quantitative,common mistakes,quantitative research common mistakes
2359,en,quantitative,quality standards,quantitative research quality standards
2360,en,quantitative,how to prepare,quantitative research how to prepare
2361,en,quantitative,how to write,quantitative research how to write
2362,en,quantitative,how to format,quantitative research how to format
2363,en,quantitative,how to cite sources,quantitative research how to cite sources
2364,en,quantitative,how to proofread,quantitative research how to proofread
2365,en,quantitative,how to analyze,quantitative research how to analyze
2366,en,quantitative,how to present,quantitative research how to present
2367,en,quantitative,before submission,quantitative research before submission
2368,en,quantitative,for undergraduate students,quantitative research for undergraduate students
2369,en,quantitative,for master's students,quantitative research for master's students
2370,en,quantitative,for doctoral students,quantitative research for doctoral students
2371,en,quantitative,in Arabic,quantitative research in Arabic
2372,en,quantitative,in English,quantitative research in English
2373,en,quantitative,Arabic and English,quantitative research Arabic and English
2374,en,quantitative,for UAE universities,quantitative research for UAE universities
2375,en,quantitative,in Dubai,quantitative research in Dubai
2376,en,quantitative,in Abu Dhabi,quantitative research in Abu Dhabi
2377,en,quantitative,in Sharjah,quantitative research in Sharjah
2378,en,quantitative,for private universities,quantitative research for private universities
2379,en,quantitative,for public universities,quantitative research for public universities
2380,en,quantitative,online support,quantitative research online support
2381,en,quantitative,professional service,quantitative research professional service
2382,en,quantitative,academic assistance,quantitative research academic assistance
2383,en,quantitative,research consultation,quantitative research research consultation
2384,en,quantitative,academic review,quantitative research academic review
2385,en,quantitative,scholarly proofreading,quantitative research scholarly proofreading
2386,en,quantitative,APA formatting,quantitative research APA formatting
2387,en,quantitative,MLA formatting,quantitative research MLA formatting
2388,en,quantitative,Chicago formatting,quantitative research Chicago formatting
2389,en,quantitative,source citation,quantitative research source citation
2390,en,quantitative,academic rewriting,quantitative research academic rewriting
2391,en,quantitative,methodology improvement,quantitative research methodology improvement
2392,en,quantitative,data interpretation,quantitative research data interpretation
2393,en,quantitative,research instrument design,quantitative research research instrument design
2394,en,quantitative,survey review,quantitative research survey review
2395,en,quantitative,results interpretation,quantitative research results interpretation
2396,en,quantitative,table preparation,quantitative research table preparation
2397,en,quantitative,chart preparation,quantitative research chart preparation
2398,en,quantitative,discussion preparation,quantitative research discussion preparation
2399,en,quantitative,with academic integrity,quantitative research with academic integrity
2400,en,quantitative,according to university requirements,quantitative research according to university requirements
2401,ar,mixed,شرح مبسط,البحث المختلط شرح مبسط
2402,ar,mixed,دليل عملي,البحث المختلط دليل عملي
2403,ar,mixed,خطوات التنفيذ,البحث المختلط خطوات التنفيذ
2404,ar,mixed,نموذج قابل للتعديل,البحث المختلط نموذج قابل للتعديل
2405,ar,mixed,مثال تطبيقي,البحث المختلط مثال تطبيقي
2406,ar,mixed,خطة عمل,البحث المختلط خطة عمل
2407,ar,mixed,نصائح للطلاب,البحث المختلط نصائح للطلاب
2408,ar,mixed,أخطاء شائعة,البحث المختلط أخطاء شائعة
2409,ar,mixed,معايير الجودة,البحث المختلط معايير الجودة
2410,ar,mixed,طريقة الإعداد,البحث المختلط طريقة الإعداد
2411,ar,mixed,كيفية الكتابة,البحث المختلط كيفية الكتابة
2412,ar,mixed,كيفية التنسيق,البحث المختلط كيفية التنسيق
2413,ar,mixed,كيفية التوثيق,البحث المختلط كيفية التوثيق
2414,ar,mixed,كيفية المراجعة,البحث المختلط كيفية المراجعة
2415,ar,mixed,كيفية التحليل,البحث المختلط كيفية التحليل
2416,ar,mixed,كيفية العرض,البحث المختلط كيفية العرض
2417,ar,mixed,قبل التسليم,البحث المختلط قبل التسليم
2418,ar,mixed,لطلاب البكالوريوس,البحث المختلط لطلاب البكالوريوس
2419,ar,mixed,لطلاب الماجستير,البحث المختلط لطلاب الماجستير
2420,ar,mixed,لطلاب الدكتوراه,البحث المختلط لطلاب الدكتوراه
2421,ar,mixed,باللغة العربية,البحث المختلط باللغة العربية
2422,ar,mixed,باللغة الإنجليزية,البحث المختلط باللغة الإنجليزية
2423,ar,mixed,عربي وإنجليزي,البحث المختلط عربي وإنجليزي
2424,ar,mixed,في الجامعات الإماراتية,البحث المختلط في الجامعات الإماراتية
2425,ar,mixed,في دبي,البحث المختلط في دبي
2426,ar,mixed,في أبوظبي,البحث المختلط في أبوظبي
2427,ar,mixed,في الشارقة,البحث المختلط في الشارقة
2428,ar,mixed,للجامعات الخاصة,البحث المختلط للجامعات الخاصة
2429,ar,mixed,للجامعات الحكومية,البحث المختلط للجامعات الحكومية
2430,ar,mixed,عن بُعد,البحث المختلط عن بُعد
2431,ar,mixed,خدمة احترافية,البحث المختلط خدمة احترافية
2432,ar,mixed,مساعدة أكاديمية,البحث المختلط مساعدة أكاديمية
2433,ar,mixed,استشارة بحثية,البحث المختلط استشارة بحثية
2434,ar,mixed,مراجعة أكاديمية,البحث المختلط مراجعة أكاديمية
2435,ar,mixed,تدقيق علمي,البحث المختلط تدقيق علمي
2436,ar,mixed,تنسيق APA,البحث المختلط تنسيق APA
2437,ar,mixed,تنسيق MLA,البحث المختلط تنسيق MLA
2438,ar,mixed,تنسيق Chicago,البحث المختلط تنسيق Chicago
2439,ar,mixed,توثيق المصادر,البحث المختلط توثيق المصادر
2440,ar,mixed,تحسين الصياغة,البحث المختلط تحسين الصياغة
2441,ar,mixed,تحسين المنهجية,البحث المختلط تحسين المنهجية
2442,ar,mixed,قراءة وتحليل البيانات,البحث المختلط قراءة وتحليل البيانات
2443,ar,mixed,تصميم أداة البحث,البحث المختلط تصميم أداة البحث
2444,ar,mixed,مراجعة الاستبيان,البحث المختلط مراجعة الاستبيان
2445,ar,mixed,تفسير النتائج,البحث المختلط تفسير النتائج
2446,ar,mixed,إعداد الجداول,البحث المختلط إعداد الجداول
2447,ar,mixed,إعداد الرسوم البيانية,البحث المختلط إعداد الرسوم البيانية
2448,ar,mixed,تجهيز المناقشة,البحث المختلط تجهيز المناقشة
2449,ar,mixed,مع الحفاظ على الأمانة العلمية,البحث المختلط مع الحفاظ على الأمانة العلمية
2450,ar,mixed,وفق متطلبات الجامعة,البحث المختلط وفق متطلبات الجامعة
2451,en,mixed,simple explanation,mixed methods research simple explanation
2452,en,mixed,practical guide,mixed methods research practical guide
2453,en,mixed,step-by-step process,mixed methods research step-by-step process
2454,en,mixed,editable template,mixed methods research editable template
2455,en,mixed,worked example,mixed methods research worked example
2456,en,mixed,action plan,mixed methods research action plan
2457,en,mixed,student tips,mixed methods research student tips
2458,en,mixed,common mistakes,mixed methods research common mistakes
2459,en,mixed,quality standards,mixed methods research quality standards
2460,en,mixed,how to prepare,mixed methods research how to prepare
2461,en,mixed,how to write,mixed methods research how to write
2462,en,mixed,how to format,mixed methods research how to format
2463,en,mixed,how to cite sources,mixed methods research how to cite sources
2464,en,mixed,how to proofread,mixed methods research how to proofread
2465,en,mixed,how to analyze,mixed methods research how to analyze
2466,en,mixed,how to present,mixed methods research how to present
2467,en,mixed,before submission,mixed methods research before submission
2468,en,mixed,for undergraduate students,mixed methods research for undergraduate students
2469,en,mixed,for master's students,mixed methods research for master's students
2470,en,mixed,for doctoral students,mixed methods research for doctoral students
2471,en,mixed,in Arabic,mixed methods research in Arabic
2472,en,mixed,in English,mixed methods research in English
2473,en,mixed,Arabic and English,mixed methods research Arabic and English
2474,en,mixed,for UAE universities,mixed methods research for UAE universities
2475,en,mixed,in Dubai,mixed methods research in Dubai
2476,en,mixed,in Abu Dhabi,mixed methods research in Abu Dhabi
2477,en,mixed,in Sharjah,mixed methods research in Sharjah
2478,en,mixed,for private universities,mixed methods research for private universities
2479,en,mixed,for public universities,mixed methods research for public universities
2480,en,mixed,online support,mixed methods research online support
2481,en,mixed,professional service,mixed methods research professional service
2482,en,mixed,academic assistance,mixed methods research academic assistance
2483,en,mixed,research consultation,mixed methods research research consultation
2484,en,mixed,academic review,mixed methods research academic review
2485,en,mixed,scholarly proofreading,mixed methods research scholarly proofreading
2486,en,mixed,APA formatting,mixed methods research APA formatting
2487,en,mixed,MLA formatting,mixed methods research MLA formatting
2488,en,mixed,Chicago formatting,mixed methods research Chicago formatting
2489,en,mixed,source citation,mixed methods research source citation
2490,en,mixed,academic rewriting,mixed methods research academic rewriting
2491,en,mixed,methodology improvement,mixed methods research methodology improvement
2492,en,mixed,data interpretation,mixed methods research data interpretation
2493,en,mixed,research instrument design,mixed methods research research instrument design
2494,en,mixed,survey review,mixed methods research survey review
2495,en,mixed,results interpretation,mixed methods research results interpretation
2496,en,mixed,table preparation,mixed methods research table preparation
2497,en,mixed,chart preparation,mixed methods research chart preparation
2498,en,mixed,discussion preparation,mixed methods research discussion preparation
2499,en,mixed,with academic integrity,mixed methods research with academic integrity
2500,en,mixed,according to university requirements,mixed methods research according to university requirements
2501,ar,graduation,شرح مبسط,مشروع التخرج شرح مبسط
2502,ar,graduation,دليل عملي,مشروع التخرج دليل عملي
2503,ar,graduation,خطوات التنفيذ,مشروع التخرج خطوات التنفيذ
2504,ar,graduation,نموذج قابل للتعديل,مشروع التخرج نموذج قابل للتعديل
2505,ar,graduation,مثال تطبيقي,مشروع التخرج مثال تطبيقي
2506,ar,graduation,خطة عمل,مشروع التخرج خطة عمل
2507,ar,graduation,نصائح للطلاب,مشروع التخرج نصائح للطلاب
2508,ar,graduation,أخطاء شائعة,مشروع التخرج أخطاء شائعة
2509,ar,graduation,معايير الجودة,مشروع التخرج معايير الجودة
2510,ar,graduation,طريقة الإعداد,مشروع التخرج طريقة الإعداد
2511,ar,graduation,كيفية الكتابة,مشروع التخرج كيفية الكتابة
2512,ar,graduation,كيفية التنسيق,مشروع التخرج كيفية التنسيق
2513,ar,graduation,كيفية التوثيق,مشروع التخرج كيفية التوثيق
2514,ar,graduation,كيفية المراجعة,مشروع التخرج كيفية المراجعة
2515,ar,graduation,كيفية التحليل,مشروع التخرج كيفية التحليل
2516,ar,graduation,كيفية العرض,مشروع التخرج كيفية العرض
2517,ar,graduation,قبل التسليم,مشروع التخرج قبل التسليم
2518,ar,graduation,لطلاب البكالوريوس,مشروع التخرج لطلاب البكالوريوس
2519,ar,graduation,لطلاب الماجستير,مشروع التخرج لطلاب الماجستير
2520,ar,graduation,لطلاب الدكتوراه,مشروع التخرج لطلاب الدكتوراه
2521,ar,graduation,باللغة العربية,مشروع التخرج باللغة العربية
2522,ar,graduation,باللغة الإنجليزية,مشروع التخرج باللغة الإنجليزية
2523,ar,graduation,عربي وإنجليزي,مشروع التخرج عربي وإنجليزي
2524,ar,graduation,في الجامعات الإماراتية,مشروع التخرج في الجامعات الإماراتية
2525,ar,graduation,في دبي,مشروع التخرج في دبي
2526,ar,graduation,في أبوظبي,مشروع التخرج في أبوظبي
2527,ar,graduation,في الشارقة,مشروع التخرج في الشارقة
2528,ar,graduation,للجامعات الخاصة,مشروع التخرج للجامعات الخاصة
2529,ar,graduation,للجامعات الحكومية,مشروع التخرج للجامعات الحكومية
2530,ar,graduation,عن بُعد,مشروع التخرج عن بُعد
2531,ar,graduation,خدمة احترافية,مشروع التخرج خدمة احترافية
2532,ar,graduation,مساعدة أكاديمية,مشروع التخرج مساعدة أكاديمية
2533,ar,graduation,استشارة بحثية,مشروع التخرج استشارة بحثية
2534,ar,graduation,مراجعة أكاديمية,مشروع التخرج مراجعة أكاديمية
2535,ar,graduation,تدقيق علمي,مشروع التخرج تدقيق علمي
2536,ar,graduation,تنسيق APA,مشروع التخرج تنسيق APA
2537,ar,graduation,تنسيق MLA,مشروع التخرج تنسيق MLA
2538,ar,graduation,تنسيق Chicago,مشروع التخرج تنسيق Chicago
2539,ar,graduation,توثيق المصادر,مشروع التخرج توثيق المصادر
2540,ar,graduation,تحسين الصياغة,مشروع التخرج تحسين الصياغة
2541,ar,graduation,تحسين المنهجية,مشروع التخرج تحسين المنهجية
2542,ar,graduation,قراءة وتحليل البيانات,مشروع التخرج قراءة وتحليل البيانات
2543,ar,graduation,تصميم أداة البحث,مشروع التخرج تصميم أداة البحث
2544,ar,graduation,مراجعة الاستبيان,مشروع التخرج مراجعة الاستبيان
2545,ar,graduation,تفسير النتائج,مشروع التخرج تفسير النتائج
2546,ar,graduation,إعداد الجداول,مشروع التخرج إعداد الجداول
2547,ar,graduation,إعداد الرسوم البيانية,مشروع التخرج إعداد الرسوم البيانية
2548,ar,graduation,تجهيز المناقشة,مشروع التخرج تجهيز المناقشة
2549,ar,graduation,مع الحفاظ على الأمانة العلمية,مشروع التخرج مع الحفاظ على الأمانة العلمية
2550,ar,graduation,وفق متطلبات الجامعة,مشروع التخرج وفق متطلبات الجامعة
2551,en,graduation,simple explanation,graduation project simple explanation
2552,en,graduation,practical guide,graduation project practical guide
2553,en,graduation,step-by-step process,graduation project step-by-step process
2554,en,graduation,editable template,graduation project editable template
2555,en,graduation,worked example,graduation project worked example
2556,en,graduation,action plan,graduation project action plan
2557,en,graduation,student tips,graduation project student tips
2558,en,graduation,common mistakes,graduation project common mistakes
2559,en,graduation,quality standards,graduation project quality standards
2560,en,graduation,how to prepare,graduation project how to prepare
2561,en,graduation,how to write,graduation project how to write
2562,en,graduation,how to format,graduation project how to format
2563,en,graduation,how to cite sources,graduation project how to cite sources
2564,en,graduation,how to proofread,graduation project how to proofread
2565,en,graduation,how to analyze,graduation project how to analyze
2566,en,graduation,how to present,graduation project how to present
2567,en,graduation,before submission,graduation project before submission
2568,en,graduation,for undergraduate students,graduation project for undergraduate students
2569,en,graduation,for master's students,graduation project for master's students
2570,en,graduation,for doctoral students,graduation project for doctoral students
2571,en,graduation,in Arabic,graduation project in Arabic
2572,en,graduation,in English,graduation project in English
2573,en,graduation,Arabic and English,graduation project Arabic and English
2574,en,graduation,for UAE universities,graduation project for UAE universities
2575,en,graduation,in Dubai,graduation project in Dubai
2576,en,graduation,in Abu Dhabi,graduation project in Abu Dhabi
2577,en,graduation,in Sharjah,graduation project in Sharjah
2578,en,graduation,for private universities,graduation project for private universities
2579,en,graduation,for public universities,graduation project for public universities
2580,en,graduation,online support,graduation project online support
2581,en,graduation,professional service,graduation project professional service
2582,en,graduation,academic assistance,graduation project academic assistance
2583,en,graduation,research consultation,graduation project research consultation
2584,en,graduation,academic review,graduation project academic review
2585,en,graduation,scholarly proofreading,graduation project scholarly proofreading
2586,en,graduation,APA formatting,graduation project APA formatting
2587,en,graduation,MLA formatting,graduation project MLA formatting
2588,en,graduation,Chicago formatting,graduation project Chicago formatting
2589,en,graduation,source citation,graduation project source citation
2590,en,graduation,academic rewriting,graduation project academic rewriting
2591,en,graduation,methodology improvement,graduation project methodology improvement
2592,en,graduation,data interpretation,graduation project data interpretation
2593,en,graduation,research instrument design,graduation project research instrument design
2594,en,graduation,survey review,graduation project survey review
2595,en,graduation,results interpretation,graduation project results interpretation
2596,en,graduation,table preparation,graduation project table preparation
2597,en,graduation,chart preparation,graduation project chart preparation
2598,en,graduation,discussion preparation,graduation project discussion preparation
2599,en,graduation,with academic integrity,graduation project with academic integrity
2600,en,graduation,according to university requirements,graduation project according to university requirements
2601,ar,capstone,شرح مبسط,مشاريع التخرج الجامعية شرح مبسط
2602,ar,capstone,دليل عملي,مشاريع التخرج الجامعية دليل عملي
2603,ar,capstone,خطوات التنفيذ,مشاريع التخرج الجامعية خطوات التنفيذ
2604,ar,capstone,نموذج قابل للتعديل,مشاريع التخرج الجامعية نموذج قابل للتعديل
2605,ar,capstone,مثال تطبيقي,مشاريع التخرج الجامعية مثال تطبيقي
2606,ar,capstone,خطة عمل,مشاريع التخرج الجامعية خطة عمل
2607,ar,capstone,نصائح للطلاب,مشاريع التخرج الجامعية نصائح للطلاب
2608,ar,capstone,أخطاء شائعة,مشاريع التخرج الجامعية أخطاء شائعة
2609,ar,capstone,معايير الجودة,مشاريع التخرج الجامعية معايير الجودة
2610,ar,capstone,طريقة الإعداد,مشاريع التخرج الجامعية طريقة الإعداد
2611,ar,capstone,كيفية الكتابة,مشاريع التخرج الجامعية كيفية الكتابة
2612,ar,capstone,كيفية التنسيق,مشاريع التخرج الجامعية كيفية التنسيق
2613,ar,capstone,كيفية التوثيق,مشاريع التخرج الجامعية كيفية التوثيق
2614,ar,capstone,كيفية المراجعة,مشاريع التخرج الجامعية كيفية المراجعة
2615,ar,capstone,كيفية التحليل,مشاريع التخرج الجامعية كيفية التحليل
2616,ar,capstone,كيفية العرض,مشاريع التخرج الجامعية كيفية العرض
2617,ar,capstone,قبل التسليم,مشاريع التخرج الجامعية قبل التسليم
2618,ar,capstone,لطلاب البكالوريوس,مشاريع التخرج الجامعية لطلاب البكالوريوس
2619,ar,capstone,لطلاب الماجستير,مشاريع التخرج الجامعية لطلاب الماجستير
2620,ar,capstone,لطلاب الدكتوراه,مشاريع التخرج الجامعية لطلاب الدكتوراه
2621,ar,capstone,باللغة العربية,مشاريع التخرج الجامعية باللغة العربية
2622,ar,capstone,باللغة الإنجليزية,مشاريع التخرج الجامعية باللغة الإنجليزية
2623,ar,capstone,عربي وإنجليزي,مشاريع التخرج الجامعية عربي وإنجليزي
2624,ar,capstone,في الجامعات الإماراتية,مشاريع التخرج الجامعية في الجامعات الإماراتية
2625,ar,capstone,في دبي,مشاريع التخرج الجامعية في دبي
2626,ar,capstone,في أبوظبي,مشاريع التخرج الجامعية في أبوظبي
2627,ar,capstone,في الشارقة,مشاريع التخرج الجامعية في الشارقة
2628,ar,capstone,للجامعات الخاصة,مشاريع التخرج الجامعية للجامعات الخاصة
2629,ar,capstone,للجامعات الحكومية,مشاريع التخرج الجامعية للجامعات الحكومية
2630,ar,capstone,عن بُعد,مشاريع التخرج الجامعية عن بُعد
2631,ar,capstone,خدمة احترافية,مشاريع التخرج الجامعية خدمة احترافية
2632,ar,capstone,مساعدة أكاديمية,مشاريع التخرج الجامعية مساعدة أكاديمية
2633,ar,capstone,استشارة بحثية,مشاريع التخرج الجامعية استشارة بحثية
2634,ar,capstone,مراجعة أكاديمية,مشاريع التخرج الجامعية مراجعة أكاديمية
2635,ar,capstone,تدقيق علمي,مشاريع التخرج الجامعية تدقيق علمي
2636,ar,capstone,تنسيق APA,مشاريع التخرج الجامعية تنسيق APA
2637,ar,capstone,تنسيق MLA,مشاريع التخرج الجامعية تنسيق MLA
2638,ar,capstone,تنسيق Chicago,مشاريع التخرج الجامعية تنسيق Chicago
2639,ar,capstone,توثيق المصادر,مشاريع التخرج الجامعية توثيق المصادر
2640,ar,capstone,تحسين الصياغة,مشاريع التخرج الجامعية تحسين الصياغة
2641,ar,capstone,تحسين المنهجية,مشاريع التخرج الجامعية تحسين المنهجية
2642,ar,capstone,قراءة وتحليل البيانات,مشاريع التخرج الجامعية قراءة وتحليل البيانات
2643,ar,capstone,تصميم أداة البحث,مشاريع التخرج الجامعية تصميم أداة البحث
2644,ar,capstone,مراجعة الاستبيان,مشاريع التخرج الجامعية مراجعة الاستبيان
2645,ar,capstone,تفسير النتائج,مشاريع التخرج الجامعية تفسير النتائج
2646,ar,capstone,إعداد الجداول,مشاريع التخرج الجامعية إعداد الجداول
2647,ar,capstone,إعداد الرسوم البيانية,مشاريع التخرج الجامعية إعداد الرسوم البيانية
2648,ar,capstone,تجهيز المناقشة,مشاريع التخرج الجامعية تجهيز المناقشة
2649,ar,capstone,مع الحفاظ على الأمانة العلمية,مشاريع التخرج الجامعية مع الحفاظ على الأمانة العلمية
2650,ar,capstone,وفق متطلبات الجامعة,مشاريع التخرج الجامعية وفق متطلبات الجامعة
2651,en,capstone,simple explanation,university capstone project simple explanation
2652,en,capstone,practical guide,university capstone project practical guide
2653,en,capstone,step-by-step process,university capstone project step-by-step process
2654,en,capstone,editable template,university capstone project editable template
2655,en,capstone,worked example,university capstone project worked example
2656,en,capstone,action plan,university capstone project action plan
2657,en,capstone,student tips,university capstone project student tips
2658,en,capstone,common mistakes,university capstone project common mistakes
2659,en,capstone,quality standards,university capstone project quality standards
2660,en,capstone,how to prepare,university capstone project how to prepare
2661,en,capstone,how to write,university capstone project how to write
2662,en,capstone,how to format,university capstone project how to format
2663,en,capstone,how to cite sources,university capstone project how to cite sources
2664,en,capstone,how to proofread,university capstone project how to proofread
2665,en,capstone,how to analyze,university capstone project how to analyze
2666,en,capstone,how to present,university capstone project how to present
2667,en,capstone,before submission,university capstone project before submission
2668,en,capstone,for undergraduate students,university capstone project for undergraduate students
2669,en,capstone,for master's students,university capstone project for master's students
2670,en,capstone,for doctoral students,university capstone project for doctoral students
2671,en,capstone,in Arabic,university capstone project in Arabic
2672,en,capstone,in English,university capstone project in English
2673,en,capstone,Arabic and English,university capstone project Arabic and English
2674,en,capstone,for UAE universities,university capstone project for UAE universities
2675,en,capstone,in Dubai,university capstone project in Dubai
2676,en,capstone,in Abu Dhabi,university capstone project in Abu Dhabi
2677,en,capstone,in Sharjah,university capstone project in Sharjah
2678,en,capstone,for private universities,university capstone project for private universities
2679,en,capstone,for public universities,university capstone project for public universities
2680,en,capstone,online support,university capstone project online support
2681,en,capstone,professional service,university capstone project professional service
2682,en,capstone,academic assistance,university capstone project academic assistance
2683,en,capstone,research consultation,university capstone project research consultation
2684,en,capstone,academic review,university capstone project academic review
2685,en,capstone,scholarly proofreading,university capstone project scholarly proofreading
2686,en,capstone,APA formatting,university capstone project APA formatting
2687,en,capstone,MLA formatting,university capstone project MLA formatting
2688,en,capstone,Chicago formatting,university capstone project Chicago formatting
2689,en,capstone,source citation,university capstone project source citation
2690,en,capstone,academic rewriting,university capstone project academic rewriting
2691,en,capstone,methodology improvement,university capstone project methodology improvement
2692,en,capstone,data interpretation,university capstone project data interpretation
2693,en,capstone,research instrument design,university capstone project research instrument design
2694,en,capstone,survey review,university capstone project survey review
2695,en,capstone,results interpretation,university capstone project results interpretation
2696,en,capstone,table preparation,university capstone project table preparation
2697,en,capstone,chart preparation,university capstone project chart preparation
2698,en,capstone,discussion preparation,university capstone project discussion preparation
2699,en,capstone,with academic integrity,university capstone project with academic integrity
2700,en,capstone,according to university requirements,university capstone project according to university requirements
2701,ar,presentation,شرح مبسط,عرض تقديمي أكاديمي شرح مبسط
2702,ar,presentation,دليل عملي,عرض تقديمي أكاديمي دليل عملي
2703,ar,presentation,خطوات التنفيذ,عرض تقديمي أكاديمي خطوات التنفيذ
2704,ar,presentation,نموذج قابل للتعديل,عرض تقديمي أكاديمي نموذج قابل للتعديل
2705,ar,presentation,مثال تطبيقي,عرض تقديمي أكاديمي مثال تطبيقي
2706,ar,presentation,خطة عمل,عرض تقديمي أكاديمي خطة عمل
2707,ar,presentation,نصائح للطلاب,عرض تقديمي أكاديمي نصائح للطلاب
2708,ar,presentation,أخطاء شائعة,عرض تقديمي أكاديمي أخطاء شائعة
2709,ar,presentation,معايير الجودة,عرض تقديمي أكاديمي معايير الجودة
2710,ar,presentation,طريقة الإعداد,عرض تقديمي أكاديمي طريقة الإعداد
2711,ar,presentation,كيفية الكتابة,عرض تقديمي أكاديمي كيفية الكتابة
2712,ar,presentation,كيفية التنسيق,عرض تقديمي أكاديمي كيفية التنسيق
2713,ar,presentation,كيفية التوثيق,عرض تقديمي أكاديمي كيفية التوثيق
2714,ar,presentation,كيفية المراجعة,عرض تقديمي أكاديمي كيفية المراجعة
2715,ar,presentation,كيفية التحليل,عرض تقديمي أكاديمي كيفية التحليل
2716,ar,presentation,كيفية العرض,عرض تقديمي أكاديمي كيفية العرض
2717,ar,presentation,قبل التسليم,عرض تقديمي أكاديمي قبل التسليم
2718,ar,presentation,لطلاب البكالوريوس,عرض تقديمي أكاديمي لطلاب البكالوريوس
2719,ar,presentation,لطلاب الماجستير,عرض تقديمي أكاديمي لطلاب الماجستير
2720,ar,presentation,لطلاب الدكتوراه,عرض تقديمي أكاديمي لطلاب الدكتوراه
2721,ar,presentation,باللغة العربية,عرض تقديمي أكاديمي باللغة العربية
2722,ar,presentation,باللغة الإنجليزية,عرض تقديمي أكاديمي باللغة الإنجليزية
2723,ar,presentation,عربي وإنجليزي,عرض تقديمي أكاديمي عربي وإنجليزي
2724,ar,presentation,في الجامعات الإماراتية,عرض تقديمي أكاديمي في الجامعات الإماراتية
2725,ar,presentation,في دبي,عرض تقديمي أكاديمي في دبي
2726,ar,presentation,في أبوظبي,عرض تقديمي أكاديمي في أبوظبي
2727,ar,presentation,في الشارقة,عرض تقديمي أكاديمي في الشارقة
2728,ar,presentation,للجامعات الخاصة,عرض تقديمي أكاديمي للجامعات الخاصة
2729,ar,presentation,للجامعات الحكومية,عرض تقديمي أكاديمي للجامعات الحكومية
2730,ar,presentation,عن بُعد,عرض تقديمي أكاديمي عن بُعد
2731,ar,presentation,خدمة احترافية,عرض تقديمي أكاديمي خدمة احترافية
2732,ar,presentation,مساعدة أكاديمية,عرض تقديمي أكاديمي مساعدة أكاديمية
2733,ar,presentation,استشارة بحثية,عرض تقديمي أكاديمي استشارة بحثية
2734,ar,presentation,مراجعة أكاديمية,عرض تقديمي أكاديمي مراجعة أكاديمية
2735,ar,presentation,تدقيق علمي,عرض تقديمي أكاديمي تدقيق علمي
2736,ar,presentation,تنسيق APA,عرض تقديمي أكاديمي تنسيق APA
2737,ar,presentation,تنسيق MLA,عرض تقديمي أكاديمي تنسيق MLA
2738,ar,presentation,تنسيق Chicago,عرض تقديمي أكاديمي تنسيق Chicago
2739,ar,presentation,توثيق المصادر,عرض تقديمي أكاديمي توثيق المصادر
2740,ar,presentation,تحسين الصياغة,عرض تقديمي أكاديمي تحسين الصياغة
2741,ar,presentation,تحسين المنهجية,عرض تقديمي أكاديمي تحسين المنهجية
2742,ar,presentation,قراءة وتحليل البيانات,عرض تقديمي أكاديمي قراءة وتحليل البيانات
2743,ar,presentation,تصميم أداة البحث,عرض تقديمي أكاديمي تصميم أداة البحث
2744,ar,presentation,مراجعة الاستبيان,عرض تقديمي أكاديمي مراجعة الاستبيان
2745,ar,presentation,تفسير النتائج,عرض تقديمي أكاديمي تفسير النتائج
2746,ar,presentation,إعداد الجداول,عرض تقديمي أكاديمي إعداد الجداول
2747,ar,presentation,إعداد الرسوم البيانية,عرض تقديمي أكاديمي إعداد الرسوم البيانية
2748,ar,presentation,تجهيز المناقشة,عرض تقديمي أكاديمي تجهيز المناقشة
2749,ar,presentation,مع الحفاظ على الأمانة العلمية,عرض تقديمي أكاديمي مع الحفاظ على الأمانة العلمية
2750,ar,presentation,وفق متطلبات الجامعة,عرض تقديمي أكاديمي وفق متطلبات الجامعة
2751,en,presentation,simple explanation,academic presentation simple explanation
2752,en,presentation,practical guide,academic presentation practical guide
2753,en,presentation,step-by-step process,academic presentation step-by-step process
2754,en,presentation,editable template,academic presentation editable template
2755,en,presentation,worked example,academic presentation worked example
2756,en,presentation,action plan,academic presentation action plan
2757,en,presentation,student tips,academic presentation student tips
2758,en,presentation,common mistakes,academic presentation common mistakes
2759,en,presentation,quality standards,academic presentation quality standards
2760,en,presentation,how to prepare,academic presentation how to prepare
2761,en,presentation,how to write,academic presentation how to write
2762,en,presentation,how to format,academic presentation how to format
2763,en,presentation,how to cite sources,academic presentation how to cite sources
2764,en,presentation,how to proofread,academic presentation how to proofread
2765,en,presentation,how to analyze,academic presentation how to analyze
2766,en,presentation,how to present,academic presentation how to present
2767,en,presentation,before submission,academic presentation before submission
2768,en,presentation,for undergraduate students,academic presentation for undergraduate students
2769,en,presentation,for master's students,academic presentation for master's students
2770,en,presentation,for doctoral students,academic presentation for doctoral students
2771,en,presentation,in Arabic,academic presentation in Arabic
2772,en,presentation,in English,academic presentation in English
2773,en,presentation,Arabic and English,academic presentation Arabic and English
2774,en,presentation,for UAE universities,academic presentation for UAE universities
2775,en,presentation,in Dubai,academic presentation in Dubai
2776,en,presentation,in Abu Dhabi,academic presentation in Abu Dhabi
2777,en,presentation,in Sharjah,academic presentation in Sharjah
2778,en,presentation,for private universities,academic presentation for private universities
2779,en,presentation,for public universities,academic presentation for public universities
2780,en,presentation,online support,academic presentation online support
2781,en,presentation,professional service,academic presentation professional service
2782,en,presentation,academic assistance,academic presentation academic assistance
2783,en,presentation,research consultation,academic presentation research consultation
2784,en,presentation,academic review,academic presentation academic review
2785,en,presentation,scholarly proofreading,academic presentation scholarly proofreading
2786,en,presentation,APA formatting,academic presentation APA formatting
2787,en,presentation,MLA formatting,academic presentation MLA formatting
2788,en,presentation,Chicago formatting,academic presentation Chicago formatting
2789,en,presentation,source citation,academic presentation source citation
2790,en,presentation,academic rewriting,academic presentation academic rewriting
2791,en,presentation,methodology improvement,academic presentation methodology improvement
2792,en,presentation,data interpretation,academic presentation data interpretation
2793,en,presentation,research instrument design,academic presentation research instrument design
2794,en,presentation,survey review,academic presentation survey review
2795,en,presentation,results interpretation,academic presentation results interpretation
2796,en,presentation,table preparation,academic presentation table preparation
2797,en,presentation,chart preparation,academic presentation chart preparation
2798,en,presentation,discussion preparation,academic presentation discussion preparation
2799,en,presentation,with academic integrity,academic presentation with academic integrity
2800,en,presentation,according to university requirements,academic presentation according to university requirements
2801,ar,powerpoint,شرح مبسط,بوربوينت للجامعة شرح مبسط
2802,ar,powerpoint,دليل عملي,بوربوينت للجامعة دليل عملي
2803,ar,powerpoint,خطوات التنفيذ,بوربوينت للجامعة خطوات التنفيذ
2804,ar,powerpoint,نموذج قابل للتعديل,بوربوينت للجامعة نموذج قابل للتعديل
2805,ar,powerpoint,مثال تطبيقي,بوربوينت للجامعة مثال تطبيقي
2806,ar,powerpoint,خطة عمل,بوربوينت للجامعة خطة عمل
2807,ar,powerpoint,نصائح للطلاب,بوربوينت للجامعة نصائح للطلاب
2808,ar,powerpoint,أخطاء شائعة,بوربوينت للجامعة أخطاء شائعة
2809,ar,powerpoint,معايير الجودة,بوربوينت للجامعة معايير الجودة
2810,ar,powerpoint,طريقة الإعداد,بوربوينت للجامعة طريقة الإعداد
2811,ar,powerpoint,كيفية الكتابة,بوربوينت للجامعة كيفية الكتابة
2812,ar,powerpoint,كيفية التنسيق,بوربوينت للجامعة كيفية التنسيق
2813,ar,powerpoint,كيفية التوثيق,بوربوينت للجامعة كيفية التوثيق
2814,ar,powerpoint,كيفية المراجعة,بوربوينت للجامعة كيفية المراجعة
2815,ar,powerpoint,كيفية التحليل,بوربوينت للجامعة كيفية التحليل
2816,ar,powerpoint,كيفية العرض,بوربوينت للجامعة كيفية العرض
2817,ar,powerpoint,قبل التسليم,بوربوينت للجامعة قبل التسليم
2818,ar,powerpoint,لطلاب البكالوريوس,بوربوينت للجامعة لطلاب البكالوريوس
2819,ar,powerpoint,لطلاب الماجستير,بوربوينت للجامعة لطلاب الماجستير
2820,ar,powerpoint,لطلاب الدكتوراه,بوربوينت للجامعة لطلاب الدكتوراه
2821,ar,powerpoint,باللغة العربية,بوربوينت للجامعة باللغة العربية
2822,ar,powerpoint,باللغة الإنجليزية,بوربوينت للجامعة باللغة الإنجليزية
2823,ar,powerpoint,عربي وإنجليزي,بوربوينت للجامعة عربي وإنجليزي
2824,ar,powerpoint,في الجامعات الإماراتية,بوربوينت للجامعة في الجامعات الإماراتية
2825,ar,powerpoint,في دبي,بوربوينت للجامعة في دبي
2826,ar,powerpoint,في أبوظبي,بوربوينت للجامعة في أبوظبي
2827,ar,powerpoint,في الشارقة,بوربوينت للجامعة في الشارقة
2828,ar,powerpoint,للجامعات الخاصة,بوربوينت للجامعة للجامعات الخاصة
2829,ar,powerpoint,للجامعات الحكومية,بوربوينت للجامعة للجامعات الحكومية
2830,ar,powerpoint,عن بُعد,بوربوينت للجامعة عن بُعد
2831,ar,powerpoint,خدمة احترافية,بوربوينت للجامعة خدمة احترافية
2832,ar,powerpoint,مساعدة أكاديمية,بوربوينت للجامعة مساعدة أكاديمية
2833,ar,powerpoint,استشارة بحثية,بوربوينت للجامعة استشارة بحثية
2834,ar,powerpoint,مراجعة أكاديمية,بوربوينت للجامعة مراجعة أكاديمية
2835,ar,powerpoint,تدقيق علمي,بوربوينت للجامعة تدقيق علمي
2836,ar,powerpoint,تنسيق APA,بوربوينت للجامعة تنسيق APA
2837,ar,powerpoint,تنسيق MLA,بوربوينت للجامعة تنسيق MLA
2838,ar,powerpoint,تنسيق Chicago,بوربوينت للجامعة تنسيق Chicago
2839,ar,powerpoint,توثيق المصادر,بوربوينت للجامعة توثيق المصادر
2840,ar,powerpoint,تحسين الصياغة,بوربوينت للجامعة تحسين الصياغة
2841,ar,powerpoint,تحسين المنهجية,بوربوينت للجامعة تحسين المنهجية
2842,ar,powerpoint,قراءة وتحليل البيانات,بوربوينت للجامعة قراءة وتحليل البيانات
2843,ar,powerpoint,تصميم أداة البحث,بوربوينت للجامعة تصميم أداة البحث
2844,ar,powerpoint,مراجعة الاستبيان,بوربوينت للجامعة مراجعة الاستبيان
2845,ar,powerpoint,تفسير النتائج,بوربوينت للجامعة تفسير النتائج
2846,ar,powerpoint,إعداد الجداول,بوربوينت للجامعة إعداد الجداول
2847,ar,powerpoint,إعداد الرسوم البيانية,بوربوينت للجامعة إعداد الرسوم البيانية
2848,ar,powerpoint,تجهيز المناقشة,بوربوينت للجامعة تجهيز المناقشة
2849,ar,powerpoint,مع الحفاظ على الأمانة العلمية,بوربوينت للجامعة مع الحفاظ على الأمانة العلمية
2850,ar,powerpoint,وفق متطلبات الجامعة,بوربوينت للجامعة وفق متطلبات الجامعة
2851,en,powerpoint,simple explanation,PowerPoint for university simple explanation
2852,en,powerpoint,practical guide,PowerPoint for university practical guide
2853,en,powerpoint,step-by-step process,PowerPoint for university step-by-step process
2854,en,powerpoint,editable template,PowerPoint for university editable template
2855,en,powerpoint,worked example,PowerPoint for university worked example
2856,en,powerpoint,action plan,PowerPoint for university action plan
2857,en,powerpoint,student tips,PowerPoint for university student tips
2858,en,powerpoint,common mistakes,PowerPoint for university common mistakes
2859,en,powerpoint,quality standards,PowerPoint for university quality standards
2860,en,powerpoint,how to prepare,PowerPoint for university how to prepare
2861,en,powerpoint,how to write,PowerPoint for university how to write
2862,en,powerpoint,how to format,PowerPoint for university how to format
2863,en,powerpoint,how to cite sources,PowerPoint for university how to cite sources
2864,en,powerpoint,how to proofread,PowerPoint for university how to proofread
2865,en,powerpoint,how to analyze,PowerPoint for university how to analyze
2866,en,powerpoint,how to present,PowerPoint for university how to present
2867,en,powerpoint,before submission,PowerPoint for university before submission
2868,en,powerpoint,for undergraduate students,PowerPoint for university for undergraduate students
2869,en,powerpoint,for master's students,PowerPoint for university for master's students
2870,en,powerpoint,for doctoral students,PowerPoint for university for doctoral students
2871,en,powerpoint,in Arabic,PowerPoint for university in Arabic
2872,en,powerpoint,in English,PowerPoint for university in English
2873,en,powerpoint,Arabic and English,PowerPoint for university Arabic and English
2874,en,powerpoint,for UAE universities,PowerPoint for university for UAE universities
2875,en,powerpoint,in Dubai,PowerPoint for university in Dubai
2876,en,powerpoint,in Abu Dhabi,PowerPoint for university in Abu Dhabi
2877,en,powerpoint,in Sharjah,PowerPoint for university in Sharjah
2878,en,powerpoint,for private universities,PowerPoint for university for private universities
2879,en,powerpoint,for public universities,PowerPoint for university for public universities
2880,en,powerpoint,online support,PowerPoint for university online support
2881,en,powerpoint,professional service,PowerPoint for university professional service
2882,en,powerpoint,academic assistance,PowerPoint for university academic assistance
2883,en,powerpoint,research consultation,PowerPoint for university research consultation
2884,en,powerpoint,academic review,PowerPoint for university academic review
2885,en,powerpoint,scholarly proofreading,PowerPoint for university scholarly proofreading
2886,en,powerpoint,APA formatting,PowerPoint for university APA formatting
2887,en,powerpoint,MLA formatting,PowerPoint for university MLA formatting
2888,en,powerpoint,Chicago formatting,PowerPoint for university Chicago formatting
2889,en,powerpoint,source citation,PowerPoint for university source citation
2890,en,powerpoint,academic rewriting,PowerPoint for university academic rewriting
2891,en,powerpoint,methodology improvement,PowerPoint for university methodology improvement
2892,en,powerpoint,data interpretation,PowerPoint for university data interpretation
2893,en,powerpoint,research instrument design,PowerPoint for university research instrument design
2894,en,powerpoint,survey review,PowerPoint for university survey review
2895,en,powerpoint,results interpretation,PowerPoint for university results interpretation
2896,en,powerpoint,table preparation,PowerPoint for university table preparation
2897,en,powerpoint,chart preparation,PowerPoint for university chart preparation
2898,en,powerpoint,discussion preparation,PowerPoint for university discussion preparation
2899,en,powerpoint,with academic integrity,PowerPoint for university with academic integrity
2900,en,powerpoint,according to university requirements,PowerPoint for university according to university requirements
2901,ar,poster,شرح مبسط,ملصق علمي شرح مبسط
2902,ar,poster,دليل عملي,ملصق علمي دليل عملي
2903,ar,poster,خطوات التنفيذ,ملصق علمي خطوات التنفيذ
2904,ar,poster,نموذج قابل للتعديل,ملصق علمي نموذج قابل للتعديل
2905,ar,poster,مثال تطبيقي,ملصق علمي مثال تطبيقي
2906,ar,poster,خطة عمل,ملصق علمي خطة عمل
2907,ar,poster,نصائح للطلاب,ملصق علمي نصائح للطلاب
2908,ar,poster,أخطاء شائعة,ملصق علمي أخطاء شائعة
2909,ar,poster,معايير الجودة,ملصق علمي معايير الجودة
2910,ar,poster,طريقة الإعداد,ملصق علمي طريقة الإعداد
2911,ar,poster,كيفية الكتابة,ملصق علمي كيفية الكتابة
2912,ar,poster,كيفية التنسيق,ملصق علمي كيفية التنسيق
2913,ar,poster,كيفية التوثيق,ملصق علمي كيفية التوثيق
2914,ar,poster,كيفية المراجعة,ملصق علمي كيفية المراجعة
2915,ar,poster,كيفية التحليل,ملصق علمي كيفية التحليل
2916,ar,poster,كيفية العرض,ملصق علمي كيفية العرض
2917,ar,poster,قبل التسليم,ملصق علمي قبل التسليم
2918,ar,poster,لطلاب البكالوريوس,ملصق علمي لطلاب البكالوريوس
2919,ar,poster,لطلاب الماجستير,ملصق علمي لطلاب الماجستير
2920,ar,poster,لطلاب الدكتوراه,ملصق علمي لطلاب الدكتوراه
2921,ar,poster,باللغة العربية,ملصق علمي باللغة العربية
2922,ar,poster,باللغة الإنجليزية,ملصق علمي باللغة الإنجليزية
2923,ar,poster,عربي وإنجليزي,ملصق علمي عربي وإنجليزي
2924,ar,poster,في الجامعات الإماراتية,ملصق علمي في الجامعات الإماراتية
2925,ar,poster,في دبي,ملصق علمي في دبي
2926,ar,poster,في أبوظبي,ملصق علمي في أبوظبي
2927,ar,poster,في الشارقة,ملصق علمي في الشارقة
2928,ar,poster,للجامعات الخاصة,ملصق علمي للجامعات الخاصة
2929,ar,poster,للجامعات الحكومية,ملصق علمي للجامعات الحكومية
2930,ar,poster,عن بُعد,ملصق علمي عن بُعد
2931,ar,poster,خدمة احترافية,ملصق علمي خدمة احترافية
2932,ar,poster,مساعدة أكاديمية,ملصق علمي مساعدة أكاديمية
2933,ar,poster,استشارة بحثية,ملصق علمي استشارة بحثية
2934,ar,poster,مراجعة أكاديمية,ملصق علمي مراجعة أكاديمية
2935,ar,poster,تدقيق علمي,ملصق علمي تدقيق علمي
2936,ar,poster,تنسيق APA,ملصق علمي تنسيق APA
2937,ar,poster,تنسيق MLA,ملصق علمي تنسيق MLA
2938,ar,poster,تنسيق Chicago,ملصق علمي تنسيق Chicago
2939,ar,poster,توثيق المصادر,ملصق علمي توثيق المصادر
2940,ar,poster,تحسين الصياغة,ملصق علمي تحسين الصياغة
2941,ar,poster,تحسين المنهجية,ملصق علمي تحسين المنهجية
2942,ar,poster,قراءة وتحليل البيانات,ملصق علمي قراءة وتحليل البيانات
2943,ar,poster,تصميم أداة البحث,ملصق علمي تصميم أداة البحث
2944,ar,poster,مراجعة الاستبيان,ملصق علمي مراجعة الاستبيان
2945,ar,poster,تفسير النتائج,ملصق علمي تفسير النتائج
2946,ar,poster,إعداد الجداول,ملصق علمي إعداد الجداول
2947,ar,poster,إعداد الرسوم البيانية,ملصق علمي إعداد الرسوم البيانية
2948,ar,poster,تجهيز المناقشة,ملصق علمي تجهيز المناقشة
2949,ar,poster,مع الحفاظ على الأمانة العلمية,ملصق علمي مع الحفاظ على الأمانة العلمية
2950,ar,poster,وفق متطلبات الجامعة,ملصق علمي وفق متطلبات الجامعة
2951,en,poster,simple explanation,academic research poster simple explanation
2952,en,poster,practical guide,academic research poster practical guide
2953,en,poster,step-by-step process,academic research poster step-by-step process
2954,en,poster,editable template,academic research poster editable template
2955,en,poster,worked example,academic research poster worked example
2956,en,poster,action plan,academic research poster action plan
2957,en,poster,student tips,academic research poster student tips
2958,en,poster,common mistakes,academic research poster common mistakes
2959,en,poster,quality standards,academic research poster quality standards
2960,en,poster,how to prepare,academic research poster how to prepare
2961,en,poster,how to write,academic research poster how to write
2962,en,poster,how to format,academic research poster how to format
2963,en,poster,how to cite sources,academic research poster how to cite sources
2964,en,poster,how to proofread,academic research poster how to proofread
2965,en,poster,how to analyze,academic research poster how to analyze
2966,en,poster,how to present,academic research poster how to present
2967,en,poster,before submission,academic research poster before submission
2968,en,poster,for undergraduate students,academic research poster for undergraduate students
2969,en,poster,for master's students,academic research poster for master's students
2970,en,poster,for doctoral students,academic research poster for doctoral students
2971,en,poster,in Arabic,academic research poster in Arabic
2972,en,poster,in English,academic research poster in English
2973,en,poster,Arabic and English,academic research poster Arabic and English
2974,en,poster,for UAE universities,academic research poster for UAE universities
2975,en,poster,in Dubai,academic research poster in Dubai
2976,en,poster,in Abu Dhabi,academic research poster in Abu Dhabi
2977,en,poster,in Sharjah,academic research poster in Sharjah
2978,en,poster,for private universities,academic research poster for private universities
2979,en,poster,for public universities,academic research poster for public universities
2980,en,poster,online support,academic research poster online support
2981,en,poster,professional service,academic research poster professional service
2982,en,poster,academic assistance,academic research poster academic assistance
2983,en,poster,research consultation,academic research poster research consultation
2984,en,poster,academic review,academic research poster academic review
2985,en,poster,scholarly proofreading,academic research poster scholarly proofreading
2986,en,poster,APA formatting,academic research poster APA formatting
2987,en,poster,MLA formatting,academic research poster MLA formatting
2988,en,poster,Chicago formatting,academic research poster Chicago formatting
2989,en,poster,source citation,academic research poster source citation
2990,en,poster,academic rewriting,academic research poster academic rewriting
2991,en,poster,methodology improvement,academic research poster methodology improvement
2992,en,poster,data interpretation,academic research poster data interpretation
2993,en,poster,research instrument design,academic research poster research instrument design
2994,en,poster,survey review,academic research poster survey review
2995,en,poster,results interpretation,academic research poster results interpretation
2996,en,poster,table preparation,academic research poster table preparation
2997,en,poster,chart preparation,academic research poster chart preparation
2998,en,poster,discussion preparation,academic research poster discussion preparation
2999,en,poster,with academic integrity,academic research poster with academic integrity
3000,en,poster,according to university requirements,academic research poster according to university requirements
3001,ar,abstract,شرح مبسط,الملخص العلمي شرح مبسط
3002,ar,abstract,دليل عملي,الملخص العلمي دليل عملي
3003,ar,abstract,خطوات التنفيذ,الملخص العلمي خطوات التنفيذ
3004,ar,abstract,نموذج قابل للتعديل,الملخص العلمي نموذج قابل للتعديل
3005,ar,abstract,مثال تطبيقي,الملخص العلمي مثال تطبيقي
3006,ar,abstract,خطة عمل,الملخص العلمي خطة عمل
3007,ar,abstract,نصائح للطلاب,الملخص العلمي نصائح للطلاب
3008,ar,abstract,أخطاء شائعة,الملخص العلمي أخطاء شائعة
3009,ar,abstract,معايير الجودة,الملخص العلمي معايير الجودة
3010,ar,abstract,طريقة الإعداد,الملخص العلمي طريقة الإعداد
3011,ar,abstract,كيفية الكتابة,الملخص العلمي كيفية الكتابة
3012,ar,abstract,كيفية التنسيق,الملخص العلمي كيفية التنسيق
3013,ar,abstract,كيفية التوثيق,الملخص العلمي كيفية التوثيق
3014,ar,abstract,كيفية المراجعة,الملخص العلمي كيفية المراجعة
3015,ar,abstract,كيفية التحليل,الملخص العلمي كيفية التحليل
3016,ar,abstract,كيفية العرض,الملخص العلمي كيفية العرض
3017,ar,abstract,قبل التسليم,الملخص العلمي قبل التسليم
3018,ar,abstract,لطلاب البكالوريوس,الملخص العلمي لطلاب البكالوريوس
3019,ar,abstract,لطلاب الماجستير,الملخص العلمي لطلاب الماجستير
3020,ar,abstract,لطلاب الدكتوراه,الملخص العلمي لطلاب الدكتوراه
3021,ar,abstract,باللغة العربية,الملخص العلمي باللغة العربية
3022,ar,abstract,باللغة الإنجليزية,الملخص العلمي باللغة الإنجليزية
3023,ar,abstract,عربي وإنجليزي,الملخص العلمي عربي وإنجليزي
3024,ar,abstract,في الجامعات الإماراتية,الملخص العلمي في الجامعات الإماراتية
3025,ar,abstract,في دبي,الملخص العلمي في دبي
3026,ar,abstract,في أبوظبي,الملخص العلمي في أبوظبي
3027,ar,abstract,في الشارقة,الملخص العلمي في الشارقة
3028,ar,abstract,للجامعات الخاصة,الملخص العلمي للجامعات الخاصة
3029,ar,abstract,للجامعات الحكومية,الملخص العلمي للجامعات الحكومية
3030,ar,abstract,عن بُعد,الملخص العلمي عن بُعد
3031,ar,abstract,خدمة احترافية,الملخص العلمي خدمة احترافية
3032,ar,abstract,مساعدة أكاديمية,الملخص العلمي مساعدة أكاديمية
3033,ar,abstract,استشارة بحثية,الملخص العلمي استشارة بحثية
3034,ar,abstract,مراجعة أكاديمية,الملخص العلمي مراجعة أكاديمية
3035,ar,abstract,تدقيق علمي,الملخص العلمي تدقيق علمي
3036,ar,abstract,تنسيق APA,الملخص العلمي تنسيق APA
3037,ar,abstract,تنسيق MLA,الملخص العلمي تنسيق MLA
3038,ar,abstract,تنسيق Chicago,الملخص العلمي تنسيق Chicago
3039,ar,abstract,توثيق المصادر,الملخص العلمي توثيق المصادر
3040,ar,abstract,تحسين الصياغة,الملخص العلمي تحسين الصياغة
3041,ar,abstract,تحسين المنهجية,الملخص العلمي تحسين المنهجية
3042,ar,abstract,قراءة وتحليل البيانات,الملخص العلمي قراءة وتحليل البيانات
3043,ar,abstract,تصميم أداة البحث,الملخص العلمي تصميم أداة البحث
3044,ar,abstract,مراجعة الاستبيان,الملخص العلمي مراجعة الاستبيان
3045,ar,abstract,تفسير النتائج,الملخص العلمي تفسير النتائج
3046,ar,abstract,إعداد الجداول,الملخص العلمي إعداد الجداول
3047,ar,abstract,إعداد الرسوم البيانية,الملخص العلمي إعداد الرسوم البيانية
3048,ar,abstract,تجهيز المناقشة,الملخص العلمي تجهيز المناقشة
3049,ar,abstract,مع الحفاظ على الأمانة العلمية,الملخص العلمي مع الحفاظ على الأمانة العلمية
3050,ar,abstract,وفق متطلبات الجامعة,الملخص العلمي وفق متطلبات الجامعة
3051,en,abstract,simple explanation,research abstract simple explanation
3052,en,abstract,practical guide,research abstract practical guide
3053,en,abstract,step-by-step process,research abstract step-by-step process
3054,en,abstract,editable template,research abstract editable template
3055,en,abstract,worked example,research abstract worked example
3056,en,abstract,action plan,research abstract action plan
3057,en,abstract,student tips,research abstract student tips
3058,en,abstract,common mistakes,research abstract common mistakes
3059,en,abstract,quality standards,research abstract quality standards
3060,en,abstract,how to prepare,research abstract how to prepare
3061,en,abstract,how to write,research abstract how to write
3062,en,abstract,how to format,research abstract how to format
3063,en,abstract,how to cite sources,research abstract how to cite sources
3064,en,abstract,how to proofread,research abstract how to proofread
3065,en,abstract,how to analyze,research abstract how to analyze
3066,en,abstract,how to present,research abstract how to present
3067,en,abstract,before submission,research abstract before submission
3068,en,abstract,for undergraduate students,research abstract for undergraduate students
3069,en,abstract,for master's students,research abstract for master's students
3070,en,abstract,for doctoral students,research abstract for doctoral students
3071,en,abstract,in Arabic,research abstract in Arabic
3072,en,abstract,in English,research abstract in English
3073,en,abstract,Arabic and English,research abstract Arabic and English
3074,en,abstract,for UAE universities,research abstract for UAE universities
3075,en,abstract,in Dubai,research abstract in Dubai
3076,en,abstract,in Abu Dhabi,research abstract in Abu Dhabi
3077,en,abstract,in Sharjah,research abstract in Sharjah
3078,en,abstract,for private universities,research abstract for private universities
3079,en,abstract,for public universities,research abstract for public universities
3080,en,abstract,online support,research abstract online support
3081,en,abstract,professional service,research abstract professional service
3082,en,abstract,academic assistance,research abstract academic assistance
3083,en,abstract,research consultation,research abstract research consultation
3084,en,abstract,academic review,research abstract academic review
3085,en,abstract,scholarly proofreading,research abstract scholarly proofreading
3086,en,abstract,APA formatting,research abstract APA formatting
3087,en,abstract,MLA formatting,research abstract MLA formatting
3088,en,abstract,Chicago formatting,research abstract Chicago formatting
3089,en,abstract,source citation,research abstract source citation
3090,en,abstract,academic rewriting,research abstract academic rewriting
3091,en,abstract,methodology improvement,research abstract methodology improvement
3092,en,abstract,data interpretation,research abstract data interpretation
3093,en,abstract,research instrument design,research abstract research instrument design
3094,en,abstract,survey review,research abstract survey review
3095,en,abstract,results interpretation,research abstract results interpretation
3096,en,abstract,table preparation,research abstract table preparation
3097,en,abstract,chart preparation,research abstract chart preparation
3098,en,abstract,discussion preparation,research abstract discussion preparation
3099,en,abstract,with academic integrity,research abstract with academic integrity
3100,en,abstract,according to university requirements,research abstract according to university requirements
3101,ar,results,شرح مبسط,كتابة نتائج البحث شرح مبسط
3102,ar,results,دليل عملي,كتابة نتائج البحث دليل عملي
3103,ar,results,خطوات التنفيذ,كتابة نتائج البحث خطوات التنفيذ
3104,ar,results,نموذج قابل للتعديل,كتابة نتائج البحث نموذج قابل للتعديل
3105,ar,results,مثال تطبيقي,كتابة نتائج البحث مثال تطبيقي
3106,ar,results,خطة عمل,كتابة نتائج البحث خطة عمل
3107,ar,results,نصائح للطلاب,كتابة نتائج البحث نصائح للطلاب
3108,ar,results,أخطاء شائعة,كتابة نتائج البحث أخطاء شائعة
3109,ar,results,معايير الجودة,كتابة نتائج البحث معايير الجودة
3110,ar,results,طريقة الإعداد,كتابة نتائج البحث طريقة الإعداد
3111,ar,results,كيفية الكتابة,كتابة نتائج البحث كيفية الكتابة
3112,ar,results,كيفية التنسيق,كتابة نتائج البحث كيفية التنسيق
3113,ar,results,كيفية التوثيق,كتابة نتائج البحث كيفية التوثيق
3114,ar,results,كيفية المراجعة,كتابة نتائج البحث كيفية المراجعة
3115,ar,results,كيفية التحليل,كتابة نتائج البحث كيفية التحليل
3116,ar,results,كيفية العرض,كتابة نتائج البحث كيفية العرض
3117,ar,results,قبل التسليم,كتابة نتائج البحث قبل التسليم
3118,ar,results,لطلاب البكالوريوس,كتابة نتائج البحث لطلاب البكالوريوس
3119,ar,results,لطلاب الماجستير,كتابة نتائج البحث لطلاب الماجستير
3120,ar,results,لطلاب الدكتوراه,كتابة نتائج البحث لطلاب الدكتوراه
3121,ar,results,باللغة العربية,كتابة نتائج البحث باللغة العربية
3122,ar,results,باللغة الإنجليزية,كتابة نتائج البحث باللغة الإنجليزية
3123,ar,results,عربي وإنجليزي,كتابة نتائج البحث عربي وإنجليزي
3124,ar,results,في الجامعات الإماراتية,كتابة نتائج البحث في الجامعات الإماراتية
3125,ar,results,في دبي,كتابة نتائج البحث في دبي
3126,ar,results,في أبوظبي,كتابة نتائج البحث في أبوظبي
3127,ar,results,في الشارقة,كتابة نتائج البحث في الشارقة
3128,ar,results,للجامعات الخاصة,كتابة نتائج البحث للجامعات الخاصة
3129,ar,results,للجامعات الحكومية,كتابة نتائج البحث للجامعات الحكومية
3130,ar,results,عن بُعد,كتابة نتائج البحث عن بُعد
3131,ar,results,خدمة احترافية,كتابة نتائج البحث خدمة احترافية
3132,ar,results,مساعدة أكاديمية,كتابة نتائج البحث مساعدة أكاديمية
3133,ar,results,استشارة بحثية,كتابة نتائج البحث استشارة بحثية
3134,ar,results,مراجعة أكاديمية,كتابة نتائج البحث مراجعة أكاديمية
3135,ar,results,تدقيق علمي,كتابة نتائج البحث تدقيق علمي
3136,ar,results,تنسيق APA,كتابة نتائج البحث تنسيق APA
3137,ar,results,تنسيق MLA,كتابة نتائج البحث تنسيق MLA
3138,ar,results,تنسيق Chicago,كتابة نتائج البحث تنسيق Chicago
3139,ar,results,توثيق المصادر,كتابة نتائج البحث توثيق المصادر
3140,ar,results,تحسين الصياغة,كتابة نتائج البحث تحسين الصياغة
3141,ar,results,تحسين المنهجية,كتابة نتائج البحث تحسين المنهجية
3142,ar,results,قراءة وتحليل البيانات,كتابة نتائج البحث قراءة وتحليل البيانات
3143,ar,results,تصميم أداة البحث,كتابة نتائج البحث تصميم أداة البحث
3144,ar,results,مراجعة الاستبيان,كتابة نتائج البحث مراجعة الاستبيان
3145,ar,results,تفسير النتائج,كتابة نتائج البحث تفسير النتائج
3146,ar,results,إعداد الجداول,كتابة نتائج البحث إعداد الجداول
3147,ar,results,إعداد الرسوم البيانية,كتابة نتائج البحث إعداد الرسوم البيانية
3148,ar,results,تجهيز المناقشة,كتابة نتائج البحث تجهيز المناقشة
3149,ar,results,مع الحفاظ على الأمانة العلمية,كتابة نتائج البحث مع الحفاظ على الأمانة العلمية
3150,ar,results,وفق متطلبات الجامعة,كتابة نتائج البحث وفق متطلبات الجامعة
3151,en,results,simple explanation,research results writing simple explanation
3152,en,results,practical guide,research results writing practical guide
3153,en,results,step-by-step process,research results writing step-by-step process
3154,en,results,editable template,research results writing editable template
3155,en,results,worked example,research results writing worked example
3156,en,results,action plan,research results writing action plan
3157,en,results,student tips,research results writing student tips
3158,en,results,common mistakes,research results writing common mistakes
3159,en,results,quality standards,research results writing quality standards
3160,en,results,how to prepare,research results writing how to prepare
3161,en,results,how to write,research results writing how to write
3162,en,results,how to format,research results writing how to format
3163,en,results,how to cite sources,research results writing how to cite sources
3164,en,results,how to proofread,research results writing how to proofread
3165,en,results,how to analyze,research results writing how to analyze
3166,en,results,how to present,research results writing how to present
3167,en,results,before submission,research results writing before submission
3168,en,results,for undergraduate students,research results writing for undergraduate students
3169,en,results,for master's students,research results writing for master's students
3170,en,results,for doctoral students,research results writing for doctoral students
3171,en,results,in Arabic,research results writing in Arabic
3172,en,results,in English,research results writing in English
3173,en,results,Arabic and English,research results writing Arabic and English
3174,en,results,for UAE universities,research results writing for UAE universities
3175,en,results,in Dubai,research results writing in Dubai
3176,en,results,in Abu Dhabi,research results writing in Abu Dhabi
3177,en,results,in Sharjah,research results writing in Sharjah
3178,en,results,for private universities,research results writing for private universities
3179,en,results,for public universities,research results writing for public universities
3180,en,results,online support,research results writing online support
3181,en,results,professional service,research results writing professional service
3182,en,results,academic assistance,research results writing academic assistance
3183,en,results,research consultation,research results writing research consultation
3184,en,results,academic review,research results writing academic review
3185,en,results,scholarly proofreading,research results writing scholarly proofreading
3186,en,results,APA formatting,research results writing APA formatting
3187,en,results,MLA formatting,research results writing MLA formatting
3188,en,results,Chicago formatting,research results writing Chicago formatting
3189,en,results,source citation,research results writing source citation
3190,en,results,academic rewriting,research results writing academic rewriting
3191,en,results,methodology improvement,research results writing methodology improvement
3192,en,results,data interpretation,research results writing data interpretation
3193,en,results,research instrument design,research results writing research instrument design
3194,en,results,survey review,research results writing survey review
3195,en,results,results interpretation,research results writing results interpretation
3196,en,results,table preparation,research results writing table preparation
3197,en,results,chart preparation,research results writing chart preparation
3198,en,results,discussion preparation,research results writing discussion preparation
3199,en,results,with academic integrity,research results writing with academic integrity
3200,en,results,according to university requirements,research results writing according to university requirements
3201,ar,discussion,شرح مبسط,مناقشة نتائج البحث شرح مبسط
3202,ar,discussion,دليل عملي,مناقشة نتائج البحث دليل عملي
3203,ar,discussion,خطوات التنفيذ,مناقشة نتائج البحث خطوات التنفيذ
3204,ar,discussion,نموذج قابل للتعديل,مناقشة نتائج البحث نموذج قابل للتعديل
3205,ar,discussion,مثال تطبيقي,مناقشة نتائج البحث مثال تطبيقي
3206,ar,discussion,خطة عمل,مناقشة نتائج البحث خطة عمل
3207,ar,discussion,نصائح للطلاب,مناقشة نتائج البحث نصائح للطلاب
3208,ar,discussion,أخطاء شائعة,مناقشة نتائج البحث أخطاء شائعة
3209,ar,discussion,معايير الجودة,مناقشة نتائج البحث معايير الجودة
3210,ar,discussion,طريقة الإعداد,مناقشة نتائج البحث طريقة الإعداد
3211,ar,discussion,كيفية الكتابة,مناقشة نتائج البحث كيفية الكتابة
3212,ar,discussion,كيفية التنسيق,مناقشة نتائج البحث كيفية التنسيق
3213,ar,discussion,كيفية التوثيق,مناقشة نتائج البحث كيفية التوثيق
3214,ar,discussion,كيفية المراجعة,مناقشة نتائج البحث كيفية المراجعة
3215,ar,discussion,كيفية التحليل,مناقشة نتائج البحث كيفية التحليل
3216,ar,discussion,كيفية العرض,مناقشة نتائج البحث كيفية العرض
3217,ar,discussion,قبل التسليم,مناقشة نتائج البحث قبل التسليم
3218,ar,discussion,لطلاب البكالوريوس,مناقشة نتائج البحث لطلاب البكالوريوس
3219,ar,discussion,لطلاب الماجستير,مناقشة نتائج البحث لطلاب الماجستير
3220,ar,discussion,لطلاب الدكتوراه,مناقشة نتائج البحث لطلاب الدكتوراه
3221,ar,discussion,باللغة العربية,مناقشة نتائج البحث باللغة العربية
3222,ar,discussion,باللغة الإنجليزية,مناقشة نتائج البحث باللغة الإنجليزية
3223,ar,discussion,عربي وإنجليزي,مناقشة نتائج البحث عربي وإنجليزي
3224,ar,discussion,في الجامعات الإماراتية,مناقشة نتائج البحث في الجامعات الإماراتية
3225,ar,discussion,في دبي,مناقشة نتائج البحث في دبي
3226,ar,discussion,في أبوظبي,مناقشة نتائج البحث في أبوظبي
3227,ar,discussion,في الشارقة,مناقشة نتائج البحث في الشارقة
3228,ar,discussion,للجامعات الخاصة,مناقشة نتائج البحث للجامعات الخاصة
3229,ar,discussion,للجامعات الحكومية,مناقشة نتائج البحث للجامعات الحكومية
3230,ar,discussion,عن بُعد,مناقشة نتائج البحث عن بُعد
3231,ar,discussion,خدمة احترافية,مناقشة نتائج البحث خدمة احترافية
3232,ar,discussion,مساعدة أكاديمية,مناقشة نتائج البحث مساعدة أكاديمية
3233,ar,discussion,استشارة بحثية,مناقشة نتائج البحث استشارة بحثية
3234,ar,discussion,مراجعة أكاديمية,مناقشة نتائج البحث مراجعة أكاديمية
3235,ar,discussion,تدقيق علمي,مناقشة نتائج البحث تدقيق علمي
3236,ar,discussion,تنسيق APA,مناقشة نتائج البحث تنسيق APA
3237,ar,discussion,تنسيق MLA,مناقشة نتائج البحث تنسيق MLA
3238,ar,discussion,تنسيق Chicago,مناقشة نتائج البحث تنسيق Chicago
3239,ar,discussion,توثيق المصادر,مناقشة نتائج البحث توثيق المصادر
3240,ar,discussion,تحسين الصياغة,مناقشة نتائج البحث تحسين الصياغة
3241,ar,discussion,تحسين المنهجية,مناقشة نتائج البحث تحسين المنهجية
3242,ar,discussion,قراءة وتحليل البيانات,مناقشة نتائج البحث قراءة وتحليل البيانات
3243,ar,discussion,تصميم أداة البحث,مناقشة نتائج البحث تصميم أداة البحث
3244,ar,discussion,مراجعة الاستبيان,مناقشة نتائج البحث مراجعة الاستبيان
3245,ar,discussion,تفسير النتائج,مناقشة نتائج البحث تفسير النتائج
3246,ar,discussion,إعداد الجداول,مناقشة نتائج البحث إعداد الجداول
3247,ar,discussion,إعداد الرسوم البيانية,مناقشة نتائج البحث إعداد الرسوم البيانية
3248,ar,discussion,تجهيز المناقشة,مناقشة نتائج البحث تجهيز المناقشة
3249,ar,discussion,مع الحفاظ على الأمانة العلمية,مناقشة نتائج البحث مع الحفاظ على الأمانة العلمية
3250,ar,discussion,وفق متطلبات الجامعة,مناقشة نتائج البحث وفق متطلبات الجامعة
3251,en,discussion,simple explanation,research discussion chapter simple explanation
3252,en,discussion,practical guide,research discussion chapter practical guide
3253,en,discussion,step-by-step process,research discussion chapter step-by-step process
3254,en,discussion,editable template,research discussion chapter editable template
3255,en,discussion,worked example,research discussion chapter worked example
3256,en,discussion,action plan,research discussion chapter action plan
3257,en,discussion,student tips,research discussion chapter student tips
3258,en,discussion,common mistakes,research discussion chapter common mistakes
3259,en,discussion,quality standards,research discussion chapter quality standards
3260,en,discussion,how to prepare,research discussion chapter how to prepare
3261,en,discussion,how to write,research discussion chapter how to write
3262,en,discussion,how to format,research discussion chapter how to format
3263,en,discussion,how to cite sources,research discussion chapter how to cite sources
3264,en,discussion,how to proofread,research discussion chapter how to proofread
3265,en,discussion,how to analyze,research discussion chapter how to analyze
3266,en,discussion,how to present,research discussion chapter how to present
3267,en,discussion,before submission,research discussion chapter before submission
3268,en,discussion,for undergraduate students,research discussion chapter for undergraduate students
3269,en,discussion,for master's students,research discussion chapter for master's students
3270,en,discussion,for doctoral students,research discussion chapter for doctoral students
3271,en,discussion,in Arabic,research discussion chapter in Arabic
3272,en,discussion,in English,research discussion chapter in English
3273,en,discussion,Arabic and English,research discussion chapter Arabic and English
3274,en,discussion,for UAE universities,research discussion chapter for UAE universities
3275,en,discussion,in Dubai,research discussion chapter in Dubai
3276,en,discussion,in Abu Dhabi,research discussion chapter in Abu Dhabi
3277,en,discussion,in Sharjah,research discussion chapter in Sharjah
3278,en,discussion,for private universities,research discussion chapter for private universities
3279,en,discussion,for public universities,research discussion chapter for public universities
3280,en,discussion,online support,research discussion chapter online support
3281,en,discussion,professional service,research discussion chapter professional service
3282,en,discussion,academic assistance,research discussion chapter academic assistance
3283,en,discussion,research consultation,research discussion chapter research consultation
3284,en,discussion,academic review,research discussion chapter academic review
3285,en,discussion,scholarly proofreading,research discussion chapter scholarly proofreading
3286,en,discussion,APA formatting,research discussion chapter APA formatting
3287,en,discussion,MLA formatting,research discussion chapter MLA formatting
3288,en,discussion,Chicago formatting,research discussion chapter Chicago formatting
3289,en,discussion,source citation,research discussion chapter source citation
3290,en,discussion,academic rewriting,research discussion chapter academic rewriting
3291,en,discussion,methodology improvement,research discussion chapter methodology improvement
3292,en,discussion,data interpretation,research discussion chapter data interpretation
3293,en,discussion,research instrument design,research discussion chapter research instrument design
3294,en,discussion,survey review,research discussion chapter survey review
3295,en,discussion,results interpretation,research discussion chapter results interpretation
3296,en,discussion,table preparation,research discussion chapter table preparation
3297,en,discussion,chart preparation,research discussion chapter chart preparation
3298,en,discussion,discussion preparation,research discussion chapter discussion preparation
3299,en,discussion,with academic integrity,research discussion chapter with academic integrity
3300,en,discussion,according to university requirements,research discussion chapter according to university requirements
3301,ar,introduction,شرح مبسط,مقدمة البحث شرح مبسط
3302,ar,introduction,دليل عملي,مقدمة البحث دليل عملي
3303,ar,introduction,خطوات التنفيذ,مقدمة البحث خطوات التنفيذ
3304,ar,introduction,نموذج قابل للتعديل,مقدمة البحث نموذج قابل للتعديل
3305,ar,introduction,مثال تطبيقي,مقدمة البحث مثال تطبيقي
3306,ar,introduction,خطة عمل,مقدمة البحث خطة عمل
3307,ar,introduction,نصائح للطلاب,مقدمة البحث نصائح للطلاب
3308,ar,introduction,أخطاء شائعة,مقدمة البحث أخطاء شائعة
3309,ar,introduction,معايير الجودة,مقدمة البحث معايير الجودة
3310,ar,introduction,طريقة الإعداد,مقدمة البحث طريقة الإعداد
3311,ar,introduction,كيفية الكتابة,مقدمة البحث كيفية الكتابة
3312,ar,introduction,كيفية التنسيق,مقدمة البحث كيفية التنسيق
3313,ar,introduction,كيفية التوثيق,مقدمة البحث كيفية التوثيق
3314,ar,introduction,كيفية المراجعة,مقدمة البحث كيفية المراجعة
3315,ar,introduction,كيفية التحليل,مقدمة البحث كيفية التحليل
3316,ar,introduction,كيفية العرض,مقدمة البحث كيفية العرض
3317,ar,introduction,قبل التسليم,مقدمة البحث قبل التسليم
3318,ar,introduction,لطلاب البكالوريوس,مقدمة البحث لطلاب البكالوريوس
3319,ar,introduction,لطلاب الماجستير,مقدمة البحث لطلاب الماجستير
3320,ar,introduction,لطلاب الدكتوراه,مقدمة البحث لطلاب الدكتوراه
3321,ar,introduction,باللغة العربية,مقدمة البحث باللغة العربية
3322,ar,introduction,باللغة الإنجليزية,مقدمة البحث باللغة الإنجليزية
3323,ar,introduction,عربي وإنجليزي,مقدمة البحث عربي وإنجليزي
3324,ar,introduction,في الجامعات الإماراتية,مقدمة البحث في الجامعات الإماراتية
3325,ar,introduction,في دبي,مقدمة البحث في دبي
3326,ar,introduction,في أبوظبي,مقدمة البحث في أبوظبي
3327,ar,introduction,في الشارقة,مقدمة البحث في الشارقة
3328,ar,introduction,للجامعات الخاصة,مقدمة البحث للجامعات الخاصة
3329,ar,introduction,للجامعات الحكومية,مقدمة البحث للجامعات الحكومية
3330,ar,introduction,عن بُعد,مقدمة البحث عن بُعد
3331,ar,introduction,خدمة احترافية,مقدمة البحث خدمة احترافية
3332,ar,introduction,مساعدة أكاديمية,مقدمة البحث مساعدة أكاديمية
3333,ar,introduction,استشارة بحثية,مقدمة البحث استشارة بحثية
3334,ar,introduction,مراجعة أكاديمية,مقدمة البحث مراجعة أكاديمية
3335,ar,introduction,تدقيق علمي,مقدمة البحث تدقيق علمي
3336,ar,introduction,تنسيق APA,مقدمة البحث تنسيق APA
3337,ar,introduction,تنسيق MLA,مقدمة البحث تنسيق MLA
3338,ar,introduction,تنسيق Chicago,مقدمة البحث تنسيق Chicago
3339,ar,introduction,توثيق المصادر,مقدمة البحث توثيق المصادر
3340,ar,introduction,تحسين الصياغة,مقدمة البحث تحسين الصياغة
3341,ar,introduction,تحسين المنهجية,مقدمة البحث تحسين المنهجية
3342,ar,introduction,قراءة وتحليل البيانات,مقدمة البحث قراءة وتحليل البيانات
3343,ar,introduction,تصميم أداة البحث,مقدمة البحث تصميم أداة البحث
3344,ar,introduction,مراجعة الاستبيان,مقدمة البحث مراجعة الاستبيان
3345,ar,introduction,تفسير النتائج,مقدمة البحث تفسير النتائج
3346,ar,introduction,إعداد الجداول,مقدمة البحث إعداد الجداول
3347,ar,introduction,إعداد الرسوم البيانية,مقدمة البحث إعداد الرسوم البيانية
3348,ar,introduction,تجهيز المناقشة,مقدمة البحث تجهيز المناقشة
3349,ar,introduction,مع الحفاظ على الأمانة العلمية,مقدمة البحث مع الحفاظ على الأمانة العلمية
3350,ar,introduction,وفق متطلبات الجامعة,مقدمة البحث وفق متطلبات الجامعة
3351,en,introduction,simple explanation,research introduction simple explanation
3352,en,introduction,practical guide,research introduction practical guide
3353,en,introduction,step-by-step process,research introduction step-by-step process
3354,en,introduction,editable template,research introduction editable template
3355,en,introduction,worked example,research introduction worked example
3356,en,introduction,action plan,research introduction action plan
3357,en,introduction,student tips,research introduction student tips
3358,en,introduction,common mistakes,research introduction common mistakes
3359,en,introduction,quality standards,research introduction quality standards
3360,en,introduction,how to prepare,research introduction how to prepare
3361,en,introduction,how to write,research introduction how to write
3362,en,introduction,how to format,research introduction how to format
3363,en,introduction,how to cite sources,research introduction how to cite sources
3364,en,introduction,how to proofread,research introduction how to proofread
3365,en,introduction,how to analyze,research introduction how to analyze
3366,en,introduction,how to present,research introduction how to present
3367,en,introduction,before submission,research introduction before submission
3368,en,introduction,for undergraduate students,research introduction for undergraduate students
3369,en,introduction,for master's students,research introduction for master's students
3370,en,introduction,for doctoral students,research introduction for doctoral students
3371,en,introduction,in Arabic,research introduction in Arabic
3372,en,introduction,in English,research introduction in English
3373,en,introduction,Arabic and English,research introduction Arabic and English
3374,en,introduction,for UAE universities,research introduction for UAE universities
3375,en,introduction,in Dubai,research introduction in Dubai
3376,en,introduction,in Abu Dhabi,research introduction in Abu Dhabi
3377,en,introduction,in Sharjah,research introduction in Sharjah
3378,en,introduction,for private universities,research introduction for private universities
3379,en,introduction,for public universities,research introduction for public universities
3380,en,introduction,online support,research introduction online support
3381,en,introduction,professional service,research introduction professional service
3382,en,introduction,academic assistance,research introduction academic assistance
3383,en,introduction,research consultation,research introduction research consultation
3384,en,introduction,academic review,research introduction academic review
3385,en,introduction,scholarly proofreading,research introduction scholarly proofreading
3386,en,introduction,APA formatting,research introduction APA formatting
3387,en,introduction,MLA formatting,research introduction MLA formatting
3388,en,introduction,Chicago formatting,research introduction Chicago formatting
3389,en,introduction,source citation,research introduction source citation
3390,en,introduction,academic rewriting,research introduction academic rewriting
3391,en,introduction,methodology improvement,research introduction methodology improvement
3392,en,introduction,data interpretation,research introduction data interpretation
3393,en,introduction,research instrument design,research introduction research instrument design
3394,en,introduction,survey review,research introduction survey review
3395,en,introduction,results interpretation,research introduction results interpretation
3396,en,introduction,table preparation,research introduction table preparation
3397,en,introduction,chart preparation,research introduction chart preparation
3398,en,introduction,discussion preparation,research introduction discussion preparation
3399,en,introduction,with academic integrity,research introduction with academic integrity
3400,en,introduction,according to university requirements,research introduction according to university requirements
3401,ar,conclusion,شرح مبسط,خاتمة وتوصيات البحث شرح مبسط
3402,ar,conclusion,دليل عملي,خاتمة وتوصيات البحث دليل عملي
3403,ar,conclusion,خطوات التنفيذ,خاتمة وتوصيات البحث خطوات التنفيذ
3404,ar,conclusion,نموذج قابل للتعديل,خاتمة وتوصيات البحث نموذج قابل للتعديل
3405,ar,conclusion,مثال تطبيقي,خاتمة وتوصيات البحث مثال تطبيقي
3406,ar,conclusion,خطة عمل,خاتمة وتوصيات البحث خطة عمل
3407,ar,conclusion,نصائح للطلاب,خاتمة وتوصيات البحث نصائح للطلاب
3408,ar,conclusion,أخطاء شائعة,خاتمة وتوصيات البحث أخطاء شائعة
3409,ar,conclusion,معايير الجودة,خاتمة وتوصيات البحث معايير الجودة
3410,ar,conclusion,طريقة الإعداد,خاتمة وتوصيات البحث طريقة الإعداد
3411,ar,conclusion,كيفية الكتابة,خاتمة وتوصيات البحث كيفية الكتابة
3412,ar,conclusion,كيفية التنسيق,خاتمة وتوصيات البحث كيفية التنسيق
3413,ar,conclusion,كيفية التوثيق,خاتمة وتوصيات البحث كيفية التوثيق
3414,ar,conclusion,كيفية المراجعة,خاتمة وتوصيات البحث كيفية المراجعة
3415,ar,conclusion,كيفية التحليل,خاتمة وتوصيات البحث كيفية التحليل
3416,ar,conclusion,كيفية العرض,خاتمة وتوصيات البحث كيفية العرض
3417,ar,conclusion,قبل التسليم,خاتمة وتوصيات البحث قبل التسليم
3418,ar,conclusion,لطلاب البكالوريوس,خاتمة وتوصيات البحث لطلاب البكالوريوس
3419,ar,conclusion,لطلاب الماجستير,خاتمة وتوصيات البحث لطلاب الماجستير
3420,ar,conclusion,لطلاب الدكتوراه,خاتمة وتوصيات البحث لطلاب الدكتوراه
3421,ar,conclusion,باللغة العربية,خاتمة وتوصيات البحث باللغة العربية
3422,ar,conclusion,باللغة الإنجليزية,خاتمة وتوصيات البحث باللغة الإنجليزية
3423,ar,conclusion,عربي وإنجليزي,خاتمة وتوصيات البحث عربي وإنجليزي
3424,ar,conclusion,في الجامعات الإماراتية,خاتمة وتوصيات البحث في الجامعات الإماراتية
3425,ar,conclusion,في دبي,خاتمة وتوصيات البحث في دبي
3426,ar,conclusion,في أبوظبي,خاتمة وتوصيات البحث في أبوظبي
3427,ar,conclusion,في الشارقة,خاتمة وتوصيات البحث في الشارقة
3428,ar,conclusion,للجامعات الخاصة,خاتمة وتوصيات البحث للجامعات الخاصة
3429,ar,conclusion,للجامعات الحكومية,خاتمة وتوصيات البحث للجامعات الحكومية
3430,ar,conclusion,عن بُعد,خاتمة وتوصيات البحث عن بُعد
3431,ar,conclusion,خدمة احترافية,خاتمة وتوصيات البحث خدمة احترافية
3432,ar,conclusion,مساعدة أكاديمية,خاتمة وتوصيات البحث مساعدة أكاديمية
3433,ar,conclusion,استشارة بحثية,خاتمة وتوصيات البحث استشارة بحثية
3434,ar,conclusion,مراجعة أكاديمية,خاتمة وتوصيات البحث مراجعة أكاديمية
3435,ar,conclusion,تدقيق علمي,خاتمة وتوصيات البحث تدقيق علمي
3436,ar,conclusion,تنسيق APA,خاتمة وتوصيات البحث تنسيق APA
3437,ar,conclusion,تنسيق MLA,خاتمة وتوصيات البحث تنسيق MLA
3438,ar,conclusion,تنسيق Chicago,خاتمة وتوصيات البحث تنسيق Chicago
3439,ar,conclusion,توثيق المصادر,خاتمة وتوصيات البحث توثيق المصادر
3440,ar,conclusion,تحسين الصياغة,خاتمة وتوصيات البحث تحسين الصياغة
3441,ar,conclusion,تحسين المنهجية,خاتمة وتوصيات البحث تحسين المنهجية
3442,ar,conclusion,قراءة وتحليل البيانات,خاتمة وتوصيات البحث قراءة وتحليل البيانات
3443,ar,conclusion,تصميم أداة البحث,خاتمة وتوصيات البحث تصميم أداة البحث
3444,ar,conclusion,مراجعة الاستبيان,خاتمة وتوصيات البحث مراجعة الاستبيان
3445,ar,conclusion,تفسير النتائج,خاتمة وتوصيات البحث تفسير النتائج
3446,ar,conclusion,إعداد الجداول,خاتمة وتوصيات البحث إعداد الجداول
3447,ar,conclusion,إعداد الرسوم البيانية,خاتمة وتوصيات البحث إعداد الرسوم البيانية
3448,ar,conclusion,تجهيز المناقشة,خاتمة وتوصيات البحث تجهيز المناقشة
3449,ar,conclusion,مع الحفاظ على الأمانة العلمية,خاتمة وتوصيات البحث مع الحفاظ على الأمانة العلمية
3450,ar,conclusion,وفق متطلبات الجامعة,خاتمة وتوصيات البحث وفق متطلبات الجامعة
3451,en,conclusion,simple explanation,research conclusion and recommendations simple explanation
3452,en,conclusion,practical guide,research conclusion and recommendations practical guide
3453,en,conclusion,step-by-step process,research conclusion and recommendations step-by-step process
3454,en,conclusion,editable template,research conclusion and recommendations editable template
3455,en,conclusion,worked example,research conclusion and recommendations worked example
3456,en,conclusion,action plan,research conclusion and recommendations action plan
3457,en,conclusion,student tips,research conclusion and recommendations student tips
3458,en,conclusion,common mistakes,research conclusion and recommendations common mistakes
3459,en,conclusion,quality standards,research conclusion and recommendations quality standards
3460,en,conclusion,how to prepare,research conclusion and recommendations how to prepare
3461,en,conclusion,how to write,research conclusion and recommendations how to write
3462,en,conclusion,how to format,research conclusion and recommendations how to format
3463,en,conclusion,how to cite sources,research conclusion and recommendations how to cite sources
3464,en,conclusion,how to proofread,research conclusion and recommendations how to proofread
3465,en,conclusion,how to analyze,research conclusion and recommendations how to analyze
3466,en,conclusion,how to present,research conclusion and recommendations how to present
3467,en,conclusion,before submission,research conclusion and recommendations before submission
3468,en,conclusion,for undergraduate students,research conclusion and recommendations for undergraduate students
3469,en,conclusion,for master's students,research conclusion and recommendations for master's students
3470,en,conclusion,for doctoral students,research conclusion and recommendations for doctoral students
3471,en,conclusion,in Arabic,research conclusion and recommendations in Arabic
3472,en,conclusion,in English,research conclusion and recommendations in English
3473,en,conclusion,Arabic and English,research conclusion and recommendations Arabic and English
3474,en,conclusion,for UAE universities,research conclusion and recommendations for UAE universities
3475,en,conclusion,in Dubai,research conclusion and recommendations in Dubai
3476,en,conclusion,in Abu Dhabi,research conclusion and recommendations in Abu Dhabi
3477,en,conclusion,in Sharjah,research conclusion and recommendations in Sharjah
3478,en,conclusion,for private universities,research conclusion and recommendations for private universities
3479,en,conclusion,for public universities,research conclusion and recommendations for public universities
3480,en,conclusion,online support,research conclusion and recommendations online support
3481,en,conclusion,professional service,research conclusion and recommendations professional service
3482,en,conclusion,academic assistance,research conclusion and recommendations academic assistance
3483,en,conclusion,research consultation,research conclusion and recommendations research consultation
3484,en,conclusion,academic review,research conclusion and recommendations academic review
3485,en,conclusion,scholarly proofreading,research conclusion and recommendations scholarly proofreading
3486,en,conclusion,APA formatting,research conclusion and recommendations APA formatting
3487,en,conclusion,MLA formatting,research conclusion and recommendations MLA formatting
3488,en,conclusion,Chicago formatting,research conclusion and recommendations Chicago formatting
3489,en,conclusion,source citation,research conclusion and recommendations source citation
3490,en,conclusion,academic rewriting,research conclusion and recommendations academic rewriting
3491,en,conclusion,methodology improvement,research conclusion and recommendations methodology improvement
3492,en,conclusion,data interpretation,research conclusion and recommendations data interpretation
3493,en,conclusion,research instrument design,research conclusion and recommendations research instrument design
3494,en,conclusion,survey review,research conclusion and recommendations survey review
3495,en,conclusion,results interpretation,research conclusion and recommendations results interpretation
3496,en,conclusion,table preparation,research conclusion and recommendations table preparation
3497,en,conclusion,chart preparation,research conclusion and recommendations chart preparation
3498,en,conclusion,discussion preparation,research conclusion and recommendations discussion preparation
3499,en,conclusion,with academic integrity,research conclusion and recommendations with academic integrity
3500,en,conclusion,according to university requirements,research conclusion and recommendations according to university requirements
3501,ar,uae,شرح مبسط,خدمات بحثية في الإمارات شرح مبسط
3502,ar,uae,دليل عملي,خدمات بحثية في الإمارات دليل عملي
3503,ar,uae,خطوات التنفيذ,خدمات بحثية في الإمارات خطوات التنفيذ
3504,ar,uae,نموذج قابل للتعديل,خدمات بحثية في الإمارات نموذج قابل للتعديل
3505,ar,uae,مثال تطبيقي,خدمات بحثية في الإمارات مثال تطبيقي
3506,ar,uae,خطة عمل,خدمات بحثية في الإمارات خطة عمل
3507,ar,uae,نصائح للطلاب,خدمات بحثية في الإمارات نصائح للطلاب
3508,ar,uae,أخطاء شائعة,خدمات بحثية في الإمارات أخطاء شائعة
3509,ar,uae,معايير الجودة,خدمات بحثية في الإمارات معايير الجودة
3510,ar,uae,طريقة الإعداد,خدمات بحثية في الإمارات طريقة الإعداد
3511,ar,uae,كيفية الكتابة,خدمات بحثية في الإمارات كيفية الكتابة
3512,ar,uae,كيفية التنسيق,خدمات بحثية في الإمارات كيفية التنسيق
3513,ar,uae,كيفية التوثيق,خدمات بحثية في الإمارات كيفية التوثيق
3514,ar,uae,كيفية المراجعة,خدمات بحثية في الإمارات كيفية المراجعة
3515,ar,uae,كيفية التحليل,خدمات بحثية في الإمارات كيفية التحليل
3516,ar,uae,كيفية العرض,خدمات بحثية في الإمارات كيفية العرض
3517,ar,uae,قبل التسليم,خدمات بحثية في الإمارات قبل التسليم
3518,ar,uae,لطلاب البكالوريوس,خدمات بحثية في الإمارات لطلاب البكالوريوس
3519,ar,uae,لطلاب الماجستير,خدمات بحثية في الإمارات لطلاب الماجستير
3520,ar,uae,لطلاب الدكتوراه,خدمات بحثية في الإمارات لطلاب الدكتوراه
3521,ar,uae,باللغة العربية,خدمات بحثية في الإمارات باللغة العربية
3522,ar,uae,باللغة الإنجليزية,خدمات بحثية في الإمارات باللغة الإنجليزية
3523,ar,uae,عربي وإنجليزي,خدمات بحثية في الإمارات عربي وإنجليزي
3524,ar,uae,في الجامعات الإماراتية,خدمات بحثية في الإمارات في الجامعات الإماراتية
3525,ar,uae,في دبي,خدمات بحثية في الإمارات في دبي
3526,ar,uae,في أبوظبي,خدمات بحثية في الإمارات في أبوظبي
3527,ar,uae,في الشارقة,خدمات بحثية في الإمارات في الشارقة
3528,ar,uae,للجامعات الخاصة,خدمات بحثية في الإمارات للجامعات الخاصة
3529,ar,uae,للجامعات الحكومية,خدمات بحثية في الإمارات للجامعات الحكومية
3530,ar,uae,عن بُعد,خدمات بحثية في الإمارات عن بُعد
3531,ar,uae,خدمة احترافية,خدمات بحثية في الإمارات خدمة احترافية
3532,ar,uae,مساعدة أكاديمية,خدمات بحثية في الإمارات مساعدة أكاديمية
3533,ar,uae,استشارة بحثية,خدمات بحثية في الإمارات استشارة بحثية
3534,ar,uae,مراجعة أكاديمية,خدمات بحثية في الإمارات مراجعة أكاديمية
3535,ar,uae,تدقيق علمي,خدمات بحثية في الإمارات تدقيق علمي
3536,ar,uae,تنسيق APA,خدمات بحثية في الإمارات تنسيق APA
3537,ar,uae,تنسيق MLA,خدمات بحثية في الإمارات تنسيق MLA
3538,ar,uae,تنسيق Chicago,خدمات بحثية في الإمارات تنسيق Chicago
3539,ar,uae,توثيق المصادر,خدمات بحثية في الإمارات توثيق المصادر
3540,ar,uae,تحسين الصياغة,خدمات بحثية في الإمارات تحسين الصياغة
3541,ar,uae,تحسين المنهجية,خدمات بحثية في الإمارات تحسين المنهجية
3542,ar,uae,قراءة وتحليل البيانات,خدمات بحثية في الإمارات قراءة وتحليل البيانات
3543,ar,uae,تصميم أداة البحث,خدمات بحثية في الإمارات تصميم أداة البحث
3544,ar,uae,مراجعة الاستبيان,خدمات بحثية في الإمارات مراجعة الاستبيان
3545,ar,uae,تفسير النتائج,خدمات بحثية في الإمارات تفسير النتائج
3546,ar,uae,إعداد الجداول,خدمات بحثية في الإمارات إعداد الجداول
3547,ar,uae,إعداد الرسوم البيانية,خدمات بحثية في الإمارات إعداد الرسوم البيانية
3548,ar,uae,تجهيز المناقشة,خدمات بحثية في الإمارات تجهيز المناقشة
3549,ar,uae,مع الحفاظ على الأمانة العلمية,خدمات بحثية في الإمارات مع الحفاظ على الأمانة العلمية
3550,ar,uae,وفق متطلبات الجامعة,خدمات بحثية في الإمارات وفق متطلبات الجامعة
3551,en,uae,simple explanation,academic services in the UAE simple explanation
3552,en,uae,practical guide,academic services in the UAE practical guide
3553,en,uae,step-by-step process,academic services in the UAE step-by-step process
3554,en,uae,editable template,academic services in the UAE editable template
3555,en,uae,worked example,academic services in the UAE worked example
3556,en,uae,action plan,academic services in the UAE action plan
3557,en,uae,student tips,academic services in the UAE student tips
3558,en,uae,common mistakes,academic services in the UAE common mistakes
3559,en,uae,quality standards,academic services in the UAE quality standards
3560,en,uae,how to prepare,academic services in the UAE how to prepare
3561,en,uae,how to write,academic services in the UAE how to write
3562,en,uae,how to format,academic services in the UAE how to format
3563,en,uae,how to cite sources,academic services in the UAE how to cite sources
3564,en,uae,how to proofread,academic services in the UAE how to proofread
3565,en,uae,how to analyze,academic services in the UAE how to analyze
3566,en,uae,how to present,academic services in the UAE how to present
3567,en,uae,before submission,academic services in the UAE before submission
3568,en,uae,for undergraduate students,academic services in the UAE for undergraduate students
3569,en,uae,for master's students,academic services in the UAE for master's students
3570,en,uae,for doctoral students,academic services in the UAE for doctoral students
3571,en,uae,in Arabic,academic services in the UAE in Arabic
3572,en,uae,in English,academic services in the UAE in English
3573,en,uae,Arabic and English,academic services in the UAE Arabic and English
3574,en,uae,for UAE universities,academic services in the UAE for UAE universities
3575,en,uae,in Dubai,academic services in the UAE in Dubai
3576,en,uae,in Abu Dhabi,academic services in the UAE in Abu Dhabi
3577,en,uae,in Sharjah,academic services in the UAE in Sharjah
3578,en,uae,for private universities,academic services in the UAE for private universities
3579,en,uae,for public universities,academic services in the UAE for public universities
3580,en,uae,online support,academic services in the UAE online support
3581,en,uae,professional service,academic services in the UAE professional service
3582,en,uae,academic assistance,academic services in the UAE academic assistance
3583,en,uae,research consultation,academic services in the UAE research consultation
3584,en,uae,academic review,academic services in the UAE academic review
3585,en,uae,scholarly proofreading,academic services in the UAE scholarly proofreading
3586,en,uae,APA formatting,academic services in the UAE APA formatting
3587,en,uae,MLA formatting,academic services in the UAE MLA formatting
3588,en,uae,Chicago formatting,academic services in the UAE Chicago formatting
3589,en,uae,source citation,academic services in the UAE source citation
3590,en,uae,academic rewriting,academic services in the UAE academic rewriting
3591,en,uae,methodology improvement,academic services in the UAE methodology improvement
3592,en,uae,data interpretation,academic services in the UAE data interpretation
3593,en,uae,research instrument design,academic services in the UAE research instrument design
3594,en,uae,survey review,academic services in the UAE survey review
3595,en,uae,results interpretation,academic services in the UAE results interpretation
3596,en,uae,table preparation,academic services in the UAE table preparation
3597,en,uae,chart preparation,academic services in the UAE chart preparation
3598,en,uae,discussion preparation,academic services in the UAE discussion preparation
3599,en,uae,with academic integrity,academic services in the UAE with academic integrity
3600,en,uae,according to university requirements,academic services in the UAE according to university requirements
3601,ar,dubai,شرح مبسط,خدمات طلابية في دبي شرح مبسط
3602,ar,dubai,دليل عملي,خدمات طلابية في دبي دليل عملي
3603,ar,dubai,خطوات التنفيذ,خدمات طلابية في دبي خطوات التنفيذ
3604,ar,dubai,نموذج قابل للتعديل,خدمات طلابية في دبي نموذج قابل للتعديل
3605,ar,dubai,مثال تطبيقي,خدمات طلابية في دبي مثال تطبيقي
3606,ar,dubai,خطة عمل,خدمات طلابية في دبي خطة عمل
3607,ar,dubai,نصائح للطلاب,خدمات طلابية في دبي نصائح للطلاب
3608,ar,dubai,أخطاء شائعة,خدمات طلابية في دبي أخطاء شائعة
3609,ar,dubai,معايير الجودة,خدمات طلابية في دبي معايير الجودة
3610,ar,dubai,طريقة الإعداد,خدمات طلابية في دبي طريقة الإعداد
3611,ar,dubai,كيفية الكتابة,خدمات طلابية في دبي كيفية الكتابة
3612,ar,dubai,كيفية التنسيق,خدمات طلابية في دبي كيفية التنسيق
3613,ar,dubai,كيفية التوثيق,خدمات طلابية في دبي كيفية التوثيق
3614,ar,dubai,كيفية المراجعة,خدمات طلابية في دبي كيفية المراجعة
3615,ar,dubai,كيفية التحليل,خدمات طلابية في دبي كيفية التحليل
3616,ar,dubai,كيفية العرض,خدمات طلابية في دبي كيفية العرض
3617,ar,dubai,قبل التسليم,خدمات طلابية في دبي قبل التسليم
3618,ar,dubai,لطلاب البكالوريوس,خدمات طلابية في دبي لطلاب البكالوريوس
3619,ar,dubai,لطلاب الماجستير,خدمات طلابية في دبي لطلاب الماجستير
3620,ar,dubai,لطلاب الدكتوراه,خدمات طلابية في دبي لطلاب الدكتوراه
3621,ar,dubai,باللغة العربية,خدمات طلابية في دبي باللغة العربية
3622,ar,dubai,باللغة الإنجليزية,خدمات طلابية في دبي باللغة الإنجليزية
3623,ar,dubai,عربي وإنجليزي,خدمات طلابية في دبي عربي وإنجليزي
3624,ar,dubai,في الجامعات الإماراتية,خدمات طلابية في دبي في الجامعات الإماراتية
3625,ar,dubai,في دبي,خدمات طلابية في دبي في دبي
3626,ar,dubai,في أبوظبي,خدمات طلابية في دبي في أبوظبي
3627,ar,dubai,في الشارقة,خدمات طلابية في دبي في الشارقة
3628,ar,dubai,للجامعات الخاصة,خدمات طلابية في دبي للجامعات الخاصة
3629,ar,dubai,للجامعات الحكومية,خدمات طلابية في دبي للجامعات الحكومية
3630,ar,dubai,عن بُعد,خدمات طلابية في دبي عن بُعد
3631,ar,dubai,خدمة احترافية,خدمات طلابية في دبي خدمة احترافية
3632,ar,dubai,مساعدة أكاديمية,خدمات طلابية في دبي مساعدة أكاديمية
3633,ar,dubai,استشارة بحثية,خدمات طلابية في دبي استشارة بحثية
3634,ar,dubai,مراجعة أكاديمية,خدمات طلابية في دبي مراجعة أكاديمية
3635,ar,dubai,تدقيق علمي,خدمات طلابية في دبي تدقيق علمي
3636,ar,dubai,تنسيق APA,خدمات طلابية في دبي تنسيق APA
3637,ar,dubai,تنسيق MLA,خدمات طلابية في دبي تنسيق MLA
3638,ar,dubai,تنسيق Chicago,خدمات طلابية في دبي تنسيق Chicago
3639,ar,dubai,توثيق المصادر,خدمات طلابية في دبي توثيق المصادر
3640,ar,dubai,تحسين الصياغة,خدمات طلابية في دبي تحسين الصياغة
3641,ar,dubai,تحسين المنهجية,خدمات طلابية في دبي تحسين المنهجية
3642,ar,dubai,قراءة وتحليل البيانات,خدمات طلابية في دبي قراءة وتحليل البيانات
3643,ar,dubai,تصميم أداة البحث,خدمات طلابية في دبي تصميم أداة البحث
3644,ar,dubai,مراجعة الاستبيان,خدمات طلابية في دبي مراجعة الاستبيان
3645,ar,dubai,تفسير النتائج,خدمات طلابية في دبي تفسير النتائج
3646,ar,dubai,إعداد الجداول,خدمات طلابية في دبي إعداد الجداول
3647,ar,dubai,إعداد الرسوم البيانية,خدمات طلابية في دبي إعداد الرسوم البيانية
3648,ar,dubai,تجهيز المناقشة,خدمات طلابية في دبي تجهيز المناقشة
3649,ar,dubai,مع الحفاظ على الأمانة العلمية,خدمات طلابية في دبي مع الحفاظ على الأمانة العلمية
3650,ar,dubai,وفق متطلبات الجامعة,خدمات طلابية في دبي وفق متطلبات الجامعة
3651,en,dubai,simple explanation,student services in Dubai simple explanation
3652,en,dubai,practical guide,student services in Dubai practical guide
3653,en,dubai,step-by-step process,student services in Dubai step-by-step process
3654,en,dubai,editable template,student services in Dubai editable template
3655,en,dubai,worked example,student services in Dubai worked example
3656,en,dubai,action plan,student services in Dubai action plan
3657,en,dubai,student tips,student services in Dubai student tips
3658,en,dubai,common mistakes,student services in Dubai common mistakes
3659,en,dubai,quality standards,student services in Dubai quality standards
3660,en,dubai,how to prepare,student services in Dubai how to prepare
3661,en,dubai,how to write,student services in Dubai how to write
3662,en,dubai,how to format,student services in Dubai how to format
3663,en,dubai,how to cite sources,student services in Dubai how to cite sources
3664,en,dubai,how to proofread,student services in Dubai how to proofread
3665,en,dubai,how to analyze,student services in Dubai how to analyze
3666,en,dubai,how to present,student services in Dubai how to present
3667,en,dubai,before submission,student services in Dubai before submission
3668,en,dubai,for undergraduate students,student services in Dubai for undergraduate students
3669,en,dubai,for master's students,student services in Dubai for master's students
3670,en,dubai,for doctoral students,student services in Dubai for doctoral students
3671,en,dubai,in Arabic,student services in Dubai in Arabic
3672,en,dubai,in English,student services in Dubai in English
3673,en,dubai,Arabic and English,student services in Dubai Arabic and English
3674,en,dubai,for UAE universities,student services in Dubai for UAE universities
3675,en,dubai,in Dubai,student services in Dubai in Dubai
3676,en,dubai,in Abu Dhabi,student services in Dubai in Abu Dhabi
3677,en,dubai,in Sharjah,student services in Dubai in Sharjah
3678,en,dubai,for private universities,student services in Dubai for private universities
3679,en,dubai,for public universities,student services in Dubai for public universities
3680,en,dubai,online support,student services in Dubai online support
3681,en,dubai,professional service,student services in Dubai professional service
3682,en,dubai,academic assistance,student services in Dubai academic assistance
3683,en,dubai,research consultation,student services in Dubai research consultation
3684,en,dubai,academic review,student services in Dubai academic review
3685,en,dubai,scholarly proofreading,student services in Dubai scholarly proofreading
3686,en,dubai,APA formatting,student services in Dubai APA formatting
3687,en,dubai,MLA formatting,student services in Dubai MLA formatting
3688,en,dubai,Chicago formatting,student services in Dubai Chicago formatting
3689,en,dubai,source citation,student services in Dubai source citation
3690,en,dubai,academic rewriting,student services in Dubai academic rewriting
3691,en,dubai,methodology improvement,student services in Dubai methodology improvement
3692,en,dubai,data interpretation,student services in Dubai data interpretation
3693,en,dubai,research instrument design,student services in Dubai research instrument design
3694,en,dubai,survey review,student services in Dubai survey review
3695,en,dubai,results interpretation,student services in Dubai results interpretation
3696,en,dubai,table preparation,student services in Dubai table preparation
3697,en,dubai,chart preparation,student services in Dubai chart preparation
3698,en,dubai,discussion preparation,student services in Dubai discussion preparation
3699,en,dubai,with academic integrity,student services in Dubai with academic integrity
3700,en,dubai,according to university requirements,student services in Dubai according to university requirements
3701,ar,sharjah,شرح مبسط,خدمات أكاديمية في الشارقة شرح مبسط
3702,ar,sharjah,دليل عملي,خدمات أكاديمية في الشارقة دليل عملي
3703,ar,sharjah,خطوات التنفيذ,خدمات أكاديمية في الشارقة خطوات التنفيذ
3704,ar,sharjah,نموذج قابل للتعديل,خدمات أكاديمية في الشارقة نموذج قابل للتعديل
3705,ar,sharjah,مثال تطبيقي,خدمات أكاديمية في الشارقة مثال تطبيقي
3706,ar,sharjah,خطة عمل,خدمات أكاديمية في الشارقة خطة عمل
3707,ar,sharjah,نصائح للطلاب,خدمات أكاديمية في الشارقة نصائح للطلاب
3708,ar,sharjah,أخطاء شائعة,خدمات أكاديمية في الشارقة أخطاء شائعة
3709,ar,sharjah,معايير الجودة,خدمات أكاديمية في الشارقة معايير الجودة
3710,ar,sharjah,طريقة الإعداد,خدمات أكاديمية في الشارقة طريقة الإعداد
3711,ar,sharjah,كيفية الكتابة,خدمات أكاديمية في الشارقة كيفية الكتابة
3712,ar,sharjah,كيفية التنسيق,خدمات أكاديمية في الشارقة كيفية التنسيق
3713,ar,sharjah,كيفية التوثيق,خدمات أكاديمية في الشارقة كيفية التوثيق
3714,ar,sharjah,كيفية المراجعة,خدمات أكاديمية في الشارقة كيفية المراجعة
3715,ar,sharjah,كيفية التحليل,خدمات أكاديمية في الشارقة كيفية التحليل
3716,ar,sharjah,كيفية العرض,خدمات أكاديمية في الشارقة كيفية العرض
3717,ar,sharjah,قبل التسليم,خدمات أكاديمية في الشارقة قبل التسليم
3718,ar,sharjah,لطلاب البكالوريوس,خدمات أكاديمية في الشارقة لطلاب البكالوريوس
3719,ar,sharjah,لطلاب الماجستير,خدمات أكاديمية في الشارقة لطلاب الماجستير
3720,ar,sharjah,لطلاب الدكتوراه,خدمات أكاديمية في الشارقة لطلاب الدكتوراه
3721,ar,sharjah,باللغة العربية,خدمات أكاديمية في الشارقة باللغة العربية
3722,ar,sharjah,باللغة الإنجليزية,خدمات أكاديمية في الشارقة باللغة الإنجليزية
3723,ar,sharjah,عربي وإنجليزي,خدمات أكاديمية في الشارقة عربي وإنجليزي
3724,ar,sharjah,في الجامعات الإماراتية,خدمات أكاديمية في الشارقة في الجامعات الإماراتية
3725,ar,sharjah,في دبي,خدمات أكاديمية في الشارقة في دبي
3726,ar,sharjah,في أبوظبي,خدمات أكاديمية في الشارقة في أبوظبي
3727,ar,sharjah,في الشارقة,خدمات أكاديمية في الشارقة في الشارقة
3728,ar,sharjah,للجامعات الخاصة,خدمات أكاديمية في الشارقة للجامعات الخاصة
3729,ar,sharjah,للجامعات الحكومية,خدمات أكاديمية في الشارقة للجامعات الحكومية
3730,ar,sharjah,عن بُعد,خدمات أكاديمية في الشارقة عن بُعد
3731,ar,sharjah,خدمة احترافية,خدمات أكاديمية في الشارقة خدمة احترافية
3732,ar,sharjah,مساعدة أكاديمية,خدمات أكاديمية في الشارقة مساعدة أكاديمية
3733,ar,sharjah,استشارة بحثية,خدمات أكاديمية في الشارقة استشارة بحثية
3734,ar,sharjah,مراجعة أكاديمية,خدمات أكاديمية في الشارقة مراجعة أكاديمية
3735,ar,sharjah,تدقيق علمي,خدمات أكاديمية في الشارقة تدقيق علمي
3736,ar,sharjah,تنسيق APA,خدمات أكاديمية في الشارقة تنسيق APA
3737,ar,sharjah,تنسيق MLA,خدمات أكاديمية في الشارقة تنسيق MLA
3738,ar,sharjah,تنسيق Chicago,خدمات أكاديمية في الشارقة تنسيق Chicago
3739,ar,sharjah,توثيق المصادر,خدمات أكاديمية في الشارقة توثيق المصادر
3740,ar,sharjah,تحسين الصياغة,خدمات أكاديمية في الشارقة تحسين الصياغة
3741,ar,sharjah,تحسين المنهجية,خدمات أكاديمية في الشارقة تحسين المنهجية
3742,ar,sharjah,قراءة وتحليل البيانات,خدمات أكاديمية في الشارقة قراءة وتحليل البيانات
3743,ar,sharjah,تصميم أداة البحث,خدمات أكاديمية في الشارقة تصميم أداة البحث
3744,ar,sharjah,مراجعة الاستبيان,خدمات أكاديمية في الشارقة مراجعة الاستبيان
3745,ar,sharjah,تفسير النتائج,خدمات أكاديمية في الشارقة تفسير النتائج
3746,ar,sharjah,إعداد الجداول,خدمات أكاديمية في الشارقة إعداد الجداول
3747,ar,sharjah,إعداد الرسوم البيانية,خدمات أكاديمية في الشارقة إعداد الرسوم البيانية
3748,ar,sharjah,تجهيز المناقشة,خدمات أكاديمية في الشارقة تجهيز المناقشة
3749,ar,sharjah,مع الحفاظ على الأمانة العلمية,خدمات أكاديمية في الشارقة مع الحفاظ على الأمانة العلمية
3750,ar,sharjah,وفق متطلبات الجامعة,خدمات أكاديمية في الشارقة وفق متطلبات الجامعة
3751,en,sharjah,simple explanation,academic services in Sharjah simple explanation
3752,en,sharjah,practical guide,academic services in Sharjah practical guide
3753,en,sharjah,step-by-step process,academic services in Sharjah step-by-step process
3754,en,sharjah,editable template,academic services in Sharjah editable template
3755,en,sharjah,worked example,academic services in Sharjah worked example
3756,en,sharjah,action plan,academic services in Sharjah action plan
3757,en,sharjah,student tips,academic services in Sharjah student tips
3758,en,sharjah,common mistakes,academic services in Sharjah common mistakes
3759,en,sharjah,quality standards,academic services in Sharjah quality standards
3760,en,sharjah,how to prepare,academic services in Sharjah how to prepare
3761,en,sharjah,how to write,academic services in Sharjah how to write
3762,en,sharjah,how to format,academic services in Sharjah how to format
3763,en,sharjah,how to cite sources,academic services in Sharjah how to cite sources
3764,en,sharjah,how to proofread,academic services in Sharjah how to proofread
3765,en,sharjah,how to analyze,academic services in Sharjah how to analyze
3766,en,sharjah,how to present,academic services in Sharjah how to present
3767,en,sharjah,before submission,academic services in Sharjah before submission
3768,en,sharjah,for undergraduate students,academic services in Sharjah for undergraduate students
3769,en,sharjah,for master's students,academic services in Sharjah for master's students
3770,en,sharjah,for doctoral students,academic services in Sharjah for doctoral students
3771,en,sharjah,in Arabic,academic services in Sharjah in Arabic
3772,en,sharjah,in English,academic services in Sharjah in English
3773,en,sharjah,Arabic and English,academic services in Sharjah Arabic and English
3774,en,sharjah,for UAE universities,academic services in Sharjah for UAE universities
3775,en,sharjah,in Dubai,academic services in Sharjah in Dubai
3776,en,sharjah,in Abu Dhabi,academic services in Sharjah in Abu Dhabi
3777,en,sharjah,in Sharjah,academic services in Sharjah in Sharjah
3778,en,sharjah,for private universities,academic services in Sharjah for private universities
3779,en,sharjah,for public universities,academic services in Sharjah for public universities
3780,en,sharjah,online support,academic services in Sharjah online support
3781,en,sharjah,professional service,academic services in Sharjah professional service
3782,en,sharjah,academic assistance,academic services in Sharjah academic assistance
3783,en,sharjah,research consultation,academic services in Sharjah research consultation
3784,en,sharjah,academic review,academic services in Sharjah academic review
3785,en,sharjah,scholarly proofreading,academic services in Sharjah scholarly proofreading
3786,en,sharjah,APA formatting,academic services in Sharjah APA formatting
3787,en,sharjah,MLA formatting,academic services in Sharjah MLA formatting
3788,en,sharjah,Chicago formatting,academic services in Sharjah Chicago formatting
3789,en,sharjah,source citation,academic services in Sharjah source citation
3790,en,sharjah,academic rewriting,academic services in Sharjah academic rewriting
3791,en,sharjah,methodology improvement,academic services in Sharjah methodology improvement
3792,en,sharjah,data interpretation,academic services in Sharjah data interpretation
3793,en,sharjah,research instrument design,academic services in Sharjah research instrument design
3794,en,sharjah,survey review,academic services in Sharjah survey review
3795,en,sharjah,results interpretation,academic services in Sharjah results interpretation
3796,en,sharjah,table preparation,academic services in Sharjah table preparation
3797,en,sharjah,chart preparation,academic services in Sharjah chart preparation
3798,en,sharjah,discussion preparation,academic services in Sharjah discussion preparation
3799,en,sharjah,with academic integrity,academic services in Sharjah with academic integrity
3800,en,sharjah,according to university requirements,academic services in Sharjah according to university requirements
3801,ar,abu-dhabi,شرح مبسط,خدمات بحثية في أبوظبي شرح مبسط
3802,ar,abu-dhabi,دليل عملي,خدمات بحثية في أبوظبي دليل عملي
3803,ar,abu-dhabi,خطوات التنفيذ,خدمات بحثية في أبوظبي خطوات التنفيذ
3804,ar,abu-dhabi,نموذج قابل للتعديل,خدمات بحثية في أبوظبي نموذج قابل للتعديل
3805,ar,abu-dhabi,مثال تطبيقي,خدمات بحثية في أبوظبي مثال تطبيقي
3806,ar,abu-dhabi,خطة عمل,خدمات بحثية في أبوظبي خطة عمل
3807,ar,abu-dhabi,نصائح للطلاب,خدمات بحثية في أبوظبي نصائح للطلاب
3808,ar,abu-dhabi,أخطاء شائعة,خدمات بحثية في أبوظبي أخطاء شائعة
3809,ar,abu-dhabi,معايير الجودة,خدمات بحثية في أبوظبي معايير الجودة
3810,ar,abu-dhabi,طريقة الإعداد,خدمات بحثية في أبوظبي طريقة الإعداد
3811,ar,abu-dhabi,كيفية الكتابة,خدمات بحثية في أبوظبي كيفية الكتابة
3812,ar,abu-dhabi,كيفية التنسيق,خدمات بحثية في أبوظبي كيفية التنسيق
3813,ar,abu-dhabi,كيفية التوثيق,خدمات بحثية في أبوظبي كيفية التوثيق
3814,ar,abu-dhabi,كيفية المراجعة,خدمات بحثية في أبوظبي كيفية المراجعة
3815,ar,abu-dhabi,كيفية التحليل,خدمات بحثية في أبوظبي كيفية التحليل
3816,ar,abu-dhabi,كيفية العرض,خدمات بحثية في أبوظبي كيفية العرض
3817,ar,abu-dhabi,قبل التسليم,خدمات بحثية في أبوظبي قبل التسليم
3818,ar,abu-dhabi,لطلاب البكالوريوس,خدمات بحثية في أبوظبي لطلاب البكالوريوس
3819,ar,abu-dhabi,لطلاب الماجستير,خدمات بحثية في أبوظبي لطلاب الماجستير
3820,ar,abu-dhabi,لطلاب الدكتوراه,خدمات بحثية في أبوظبي لطلاب الدكتوراه
3821,ar,abu-dhabi,باللغة العربية,خدمات بحثية في أبوظبي باللغة العربية
3822,ar,abu-dhabi,باللغة الإنجليزية,خدمات بحثية في أبوظبي باللغة الإنجليزية
3823,ar,abu-dhabi,عربي وإنجليزي,خدمات بحثية في أبوظبي عربي وإنجليزي
3824,ar,abu-dhabi,في الجامعات الإماراتية,خدمات بحثية في أبوظبي في الجامعات الإماراتية
3825,ar,abu-dhabi,في دبي,خدمات بحثية في أبوظبي في دبي
3826,ar,abu-dhabi,في أبوظبي,خدمات بحثية في أبوظبي في أبوظبي
3827,ar,abu-dhabi,في الشارقة,خدمات بحثية في أبوظبي في الشارقة
3828,ar,abu-dhabi,للجامعات الخاصة,خدمات بحثية في أبوظبي للجامعات الخاصة
3829,ar,abu-dhabi,للجامعات الحكومية,خدمات بحثية في أبوظبي للجامعات الحكومية
3830,ar,abu-dhabi,عن بُعد,خدمات بحثية في أبوظبي عن بُعد
3831,ar,abu-dhabi,خدمة احترافية,خدمات بحثية في أبوظبي خدمة احترافية
3832,ar,abu-dhabi,مساعدة أكاديمية,خدمات بحثية في أبوظبي مساعدة أكاديمية
3833,ar,abu-dhabi,استشارة بحثية,خدمات بحثية في أبوظبي استشارة بحثية
3834,ar,abu-dhabi,مراجعة أكاديمية,خدمات بحثية في أبوظبي مراجعة أكاديمية
3835,ar,abu-dhabi,تدقيق علمي,خدمات بحثية في أبوظبي تدقيق علمي
3836,ar,abu-dhabi,تنسيق APA,خدمات بحثية في أبوظبي تنسيق APA
3837,ar,abu-dhabi,تنسيق MLA,خدمات بحثية في أبوظبي تنسيق MLA
3838,ar,abu-dhabi,تنسيق Chicago,خدمات بحثية في أبوظبي تنسيق Chicago
3839,ar,abu-dhabi,توثيق المصادر,خدمات بحثية في أبوظبي توثيق المصادر
3840,ar,abu-dhabi,تحسين الصياغة,خدمات بحثية في أبوظبي تحسين الصياغة
3841,ar,abu-dhabi,تحسين المنهجية,خدمات بحثية في أبوظبي تحسين المنهجية
3842,ar,abu-dhabi,قراءة وتحليل البيانات,خدمات بحثية في أبوظبي قراءة وتحليل البيانات
3843,ar,abu-dhabi,تصميم أداة البحث,خدمات بحثية في أبوظبي تصميم أداة البحث
3844,ar,abu-dhabi,مراجعة الاستبيان,خدمات بحثية في أبوظبي مراجعة الاستبيان
3845,ar,abu-dhabi,تفسير النتائج,خدمات بحثية في أبوظبي تفسير النتائج
3846,ar,abu-dhabi,إعداد الجداول,خدمات بحثية في أبوظبي إعداد الجداول
3847,ar,abu-dhabi,إعداد الرسوم البيانية,خدمات بحثية في أبوظبي إعداد الرسوم البيانية
3848,ar,abu-dhabi,تجهيز المناقشة,خدمات بحثية في أبوظبي تجهيز المناقشة
3849,ar,abu-dhabi,مع الحفاظ على الأمانة العلمية,خدمات بحثية في أبوظبي مع الحفاظ على الأمانة العلمية
3850,ar,abu-dhabi,وفق متطلبات الجامعة,خدمات بحثية في أبوظبي وفق متطلبات الجامعة
3851,en,abu-dhabi,simple explanation,research services in Abu Dhabi simple explanation
3852,en,abu-dhabi,practical guide,research services in Abu Dhabi practical guide
3853,en,abu-dhabi,step-by-step process,research services in Abu Dhabi step-by-step process
3854,en,abu-dhabi,editable template,research services in Abu Dhabi editable template
3855,en,abu-dhabi,worked example,research services in Abu Dhabi worked example
3856,en,abu-dhabi,action plan,research services in Abu Dhabi action plan
3857,en,abu-dhabi,student tips,research services in Abu Dhabi student tips
3858,en,abu-dhabi,common mistakes,research services in Abu Dhabi common mistakes
3859,en,abu-dhabi,quality standards,research services in Abu Dhabi quality standards
3860,en,abu-dhabi,how to prepare,research services in Abu Dhabi how to prepare
3861,en,abu-dhabi,how to write,research services in Abu Dhabi how to write
3862,en,abu-dhabi,how to format,research services in Abu Dhabi how to format
3863,en,abu-dhabi,how to cite sources,research services in Abu Dhabi how to cite sources
3864,en,abu-dhabi,how to proofread,research services in Abu Dhabi how to proofread
3865,en,abu-dhabi,how to analyze,research services in Abu Dhabi how to analyze
3866,en,abu-dhabi,how to present,research services in Abu Dhabi how to present
3867,en,abu-dhabi,before submission,research services in Abu Dhabi before submission
3868,en,abu-dhabi,for undergraduate students,research services in Abu Dhabi for undergraduate students
3869,en,abu-dhabi,for master's students,research services in Abu Dhabi for master's students
3870,en,abu-dhabi,for doctoral students,research services in Abu Dhabi for doctoral students
3871,en,abu-dhabi,in Arabic,research services in Abu Dhabi in Arabic
3872,en,abu-dhabi,in English,research services in Abu Dhabi in English
3873,en,abu-dhabi,Arabic and English,research services in Abu Dhabi Arabic and English
3874,en,abu-dhabi,for UAE universities,research services in Abu Dhabi for UAE universities
3875,en,abu-dhabi,in Dubai,research services in Abu Dhabi in Dubai
3876,en,abu-dhabi,in Abu Dhabi,research services in Abu Dhabi in Abu Dhabi
3877,en,abu-dhabi,in Sharjah,research services in Abu Dhabi in Sharjah
3878,en,abu-dhabi,for private universities,research services in Abu Dhabi for private universities
3879,en,abu-dhabi,for public universities,research services in Abu Dhabi for public universities
3880,en,abu-dhabi,online support,research services in Abu Dhabi online support
3881,en,abu-dhabi,professional service,research services in Abu Dhabi professional service
3882,en,abu-dhabi,academic assistance,research services in Abu Dhabi academic assistance
3883,en,abu-dhabi,research consultation,research services in Abu Dhabi research consultation
3884,en,abu-dhabi,academic review,research services in Abu Dhabi academic review
3885,en,abu-dhabi,scholarly proofreading,research services in Abu Dhabi scholarly proofreading
3886,en,abu-dhabi,APA formatting,research services in Abu Dhabi APA formatting
3887,en,abu-dhabi,MLA formatting,research services in Abu Dhabi MLA formatting
3888,en,abu-dhabi,Chicago formatting,research services in Abu Dhabi Chicago formatting
3889,en,abu-dhabi,source citation,research services in Abu Dhabi source citation
3890,en,abu-dhabi,academic rewriting,research services in Abu Dhabi academic rewriting
3891,en,abu-dhabi,methodology improvement,research services in Abu Dhabi methodology improvement
3892,en,abu-dhabi,data interpretation,research services in Abu Dhabi data interpretation
3893,en,abu-dhabi,research instrument design,research services in Abu Dhabi research instrument design
3894,en,abu-dhabi,survey review,research services in Abu Dhabi survey review
3895,en,abu-dhabi,results interpretation,research services in Abu Dhabi results interpretation
3896,en,abu-dhabi,table preparation,research services in Abu Dhabi table preparation
3897,en,abu-dhabi,chart preparation,research services in Abu Dhabi chart preparation
3898,en,abu-dhabi,discussion preparation,research services in Abu Dhabi discussion preparation
3899,en,abu-dhabi,with academic integrity,research services in Abu Dhabi with academic integrity
3900,en,abu-dhabi,according to university requirements,research services in Abu Dhabi according to university requirements
3901,ar,academic-integrity,شرح مبسط,الأمانة العلمية ومنهجية الاقتباس شرح مبسط
3902,ar,academic-integrity,دليل عملي,الأمانة العلمية ومنهجية الاقتباس دليل عملي
3903,ar,academic-integrity,خطوات التنفيذ,الأمانة العلمية ومنهجية الاقتباس خطوات التنفيذ
3904,ar,academic-integrity,نموذج قابل للتعديل,الأمانة العلمية ومنهجية الاقتباس نموذج قابل للتعديل
3905,ar,academic-integrity,مثال تطبيقي,الأمانة العلمية ومنهجية الاقتباس مثال تطبيقي
3906,ar,academic-integrity,خطة عمل,الأمانة العلمية ومنهجية الاقتباس خطة عمل
3907,ar,academic-integrity,نصائح للطلاب,الأمانة العلمية ومنهجية الاقتباس نصائح للطلاب
3908,ar,academic-integrity,أخطاء شائعة,الأمانة العلمية ومنهجية الاقتباس أخطاء شائعة
3909,ar,academic-integrity,معايير الجودة,الأمانة العلمية ومنهجية الاقتباس معايير الجودة
3910,ar,academic-integrity,طريقة الإعداد,الأمانة العلمية ومنهجية الاقتباس طريقة الإعداد
3911,ar,academic-integrity,كيفية الكتابة,الأمانة العلمية ومنهجية الاقتباس كيفية الكتابة
3912,ar,academic-integrity,كيفية التنسيق,الأمانة العلمية ومنهجية الاقتباس كيفية التنسيق
3913,ar,academic-integrity,كيفية التوثيق,الأمانة العلمية ومنهجية الاقتباس كيفية التوثيق
3914,ar,academic-integrity,كيفية المراجعة,الأمانة العلمية ومنهجية الاقتباس كيفية المراجعة
3915,ar,academic-integrity,كيفية التحليل,الأمانة العلمية ومنهجية الاقتباس كيفية التحليل
3916,ar,academic-integrity,كيفية العرض,الأمانة العلمية ومنهجية الاقتباس كيفية العرض
3917,ar,academic-integrity,قبل التسليم,الأمانة العلمية ومنهجية الاقتباس قبل التسليم
3918,ar,academic-integrity,لطلاب البكالوريوس,الأمانة العلمية ومنهجية الاقتباس لطلاب البكالوريوس
3919,ar,academic-integrity,لطلاب الماجستير,الأمانة العلمية ومنهجية الاقتباس لطلاب الماجستير
3920,ar,academic-integrity,لطلاب الدكتوراه,الأمانة العلمية ومنهجية الاقتباس لطلاب الدكتوراه
3921,ar,academic-integrity,باللغة العربية,الأمانة العلمية ومنهجية الاقتباس باللغة العربية
3922,ar,academic-integrity,باللغة الإنجليزية,الأمانة العلمية ومنهجية الاقتباس باللغة الإنجليزية
3923,ar,academic-integrity,عربي وإنجليزي,الأمانة العلمية ومنهجية الاقتباس عربي وإنجليزي
3924,ar,academic-integrity,في الجامعات الإماراتية,الأمانة العلمية ومنهجية الاقتباس في الجامعات الإماراتية
3925,ar,academic-integrity,في دبي,الأمانة العلمية ومنهجية الاقتباس في دبي
3926,ar,academic-integrity,في أبوظبي,الأمانة العلمية ومنهجية الاقتباس في أبوظبي
3927,ar,academic-integrity,في الشارقة,الأمانة العلمية ومنهجية الاقتباس في الشارقة
3928,ar,academic-integrity,للجامعات الخاصة,الأمانة العلمية ومنهجية الاقتباس للجامعات الخاصة
3929,ar,academic-integrity,للجامعات الحكومية,الأمانة العلمية ومنهجية الاقتباس للجامعات الحكومية
3930,ar,academic-integrity,عن بُعد,الأمانة العلمية ومنهجية الاقتباس عن بُعد
3931,ar,academic-integrity,خدمة احترافية,الأمانة العلمية ومنهجية الاقتباس خدمة احترافية
3932,ar,academic-integrity,مساعدة أكاديمية,الأمانة العلمية ومنهجية الاقتباس مساعدة أكاديمية
3933,ar,academic-integrity,استشارة بحثية,الأمانة العلمية ومنهجية الاقتباس استشارة بحثية
3934,ar,academic-integrity,مراجعة أكاديمية,الأمانة العلمية ومنهجية الاقتباس مراجعة أكاديمية
3935,ar,academic-integrity,تدقيق علمي,الأمانة العلمية ومنهجية الاقتباس تدقيق علمي
3936,ar,academic-integrity,تنسيق APA,الأمانة العلمية ومنهجية الاقتباس تنسيق APA
3937,ar,academic-integrity,تنسيق MLA,الأمانة العلمية ومنهجية الاقتباس تنسيق MLA
3938,ar,academic-integrity,تنسيق Chicago,الأمانة العلمية ومنهجية الاقتباس تنسيق Chicago
3939,ar,academic-integrity,توثيق المصادر,الأمانة العلمية ومنهجية الاقتباس توثيق المصادر
3940,ar,academic-integrity,تحسين الصياغة,الأمانة العلمية ومنهجية الاقتباس تحسين الصياغة
3941,ar,academic-integrity,تحسين المنهجية,الأمانة العلمية ومنهجية الاقتباس تحسين المنهجية
3942,ar,academic-integrity,قراءة وتحليل البيانات,الأمانة العلمية ومنهجية الاقتباس قراءة وتحليل البيانات
3943,ar,academic-integrity,تصميم أداة البحث,الأمانة العلمية ومنهجية الاقتباس تصميم أداة البحث
3944,ar,academic-integrity,مراجعة الاستبيان,الأمانة العلمية ومنهجية الاقتباس مراجعة الاستبيان
3945,ar,academic-integrity,تفسير النتائج,الأمانة العلمية ومنهجية الاقتباس تفسير النتائج
3946,ar,academic-integrity,إعداد الجداول,الأمانة العلمية ومنهجية الاقتباس إعداد الجداول
3947,ar,academic-integrity,إعداد الرسوم البيانية,الأمانة العلمية ومنهجية الاقتباس إعداد الرسوم البيانية
3948,ar,academic-integrity,تجهيز المناقشة,الأمانة العلمية ومنهجية الاقتباس تجهيز المناقشة
3949,ar,academic-integrity,مع الحفاظ على الأمانة العلمية,الأمانة العلمية ومنهجية الاقتباس مع الحفاظ على الأمانة العلمية
3950,ar,academic-integrity,وفق متطلبات الجامعة,الأمانة العلمية ومنهجية الاقتباس وفق متطلبات الجامعة
3951,en,academic-integrity,simple explanation,academic integrity and citation practice simple explanation
3952,en,academic-integrity,practical guide,academic integrity and citation practice practical guide
3953,en,academic-integrity,step-by-step process,academic integrity and citation practice step-by-step process
3954,en,academic-integrity,editable template,academic integrity and citation practice editable template
3955,en,academic-integrity,worked example,academic integrity and citation practice worked example
3956,en,academic-integrity,action plan,academic integrity and citation practice action plan
3957,en,academic-integrity,student tips,academic integrity and citation practice student tips
3958,en,academic-integrity,common mistakes,academic integrity and citation practice common mistakes
3959,en,academic-integrity,quality standards,academic integrity and citation practice quality standards
3960,en,academic-integrity,how to prepare,academic integrity and citation practice how to prepare
3961,en,academic-integrity,how to write,academic integrity and citation practice how to write
3962,en,academic-integrity,how to format,academic integrity and citation practice how to format
3963,en,academic-integrity,how to cite sources,academic integrity and citation practice how to cite sources
3964,en,academic-integrity,how to proofread,academic integrity and citation practice how to proofread
3965,en,academic-integrity,how to analyze,academic integrity and citation practice how to analyze
3966,en,academic-integrity,how to present,academic integrity and citation practice how to present
3967,en,academic-integrity,before submission,academic integrity and citation practice before submission
3968,en,academic-integrity,for undergraduate students,academic integrity and citation practice for undergraduate students
3969,en,academic-integrity,for master's students,academic integrity and citation practice for master's students
3970,en,academic-integrity,for doctoral students,academic integrity and citation practice for doctoral students
3971,en,academic-integrity,in Arabic,academic integrity and citation practice in Arabic
3972,en,academic-integrity,in English,academic integrity and citation practice in English
3973,en,academic-integrity,Arabic and English,academic integrity and citation practice Arabic and English
3974,en,academic-integrity,for UAE universities,academic integrity and citation practice for UAE universities
3975,en,academic-integrity,in Dubai,academic integrity and citation practice in Dubai
3976,en,academic-integrity,in Abu Dhabi,academic integrity and citation practice in Abu Dhabi
3977,en,academic-integrity,in Sharjah,academic integrity and citation practice in Sharjah
3978,en,academic-integrity,for private universities,academic integrity and citation practice for private universities
3979,en,academic-integrity,for public universities,academic integrity and citation practice for public universities
3980,en,academic-integrity,online support,academic integrity and citation practice online support
3981,en,academic-integrity,professional service,academic integrity and citation practice professional service
3982,en,academic-integrity,academic assistance,academic integrity and citation practice academic assistance
3983,en,academic-integrity,research consultation,academic integrity and citation practice research consultation
3984,en,academic-integrity,academic review,academic integrity and citation practice academic review
3985,en,academic-integrity,scholarly proofreading,academic integrity and citation practice scholarly proofreading
3986,en,academic-integrity,APA formatting,academic integrity and citation practice APA formatting
3987,en,academic-integrity,MLA formatting,academic integrity and citation practice MLA formatting
3988,en,academic-integrity,Chicago formatting,academic integrity and citation practice Chicago formatting
3989,en,academic-integrity,source citation,academic integrity and citation practice source citation
3990,en,academic-integrity,academic rewriting,academic integrity and citation practice academic rewriting
3991,en,academic-integrity,methodology improvement,academic integrity and citation practice methodology improvement
3992,en,academic-integrity,data interpretation,academic integrity and citation practice data interpretation
3993,en,academic-integrity,research instrument design,academic integrity and citation practice research instrument design
3994,en,academic-integrity,survey review,academic integrity and citation practice survey review
3995,en,academic-integrity,results interpretation,academic integrity and citation practice results interpretation
3996,en,academic-integrity,table preparation,academic integrity and citation practice table preparation
3997,en,academic-integrity,chart preparation,academic integrity and citation practice chart preparation
3998,en,academic-integrity,discussion preparation,academic integrity and citation practice discussion preparation
3999,en,academic-integrity,with academic integrity,academic integrity and citation practice with academic integrity
4000,en,academic-integrity,according to university requirements,academic integrity and citation practice according to university requirements
