keyword,cluster,intent,language,suggested_page
كتابة بحث جامعي في الكويت,الأبحاث الجامعية,local,ar,
رسالة ماجستير في الكويت,الماجستير,local,ar,
رسالة دكتوراه في الكويت,الدكتوراه,local,ar,
تحليل إحصائي في الكويت,التحليل الإحصائي,local,ar,
تصميم استبيان في الكويت,الاستبيانات,local,ar,
عرض تقديمي جامعي في الكويت,العروض التقديمية,local,ar,
خطة بحث في الكويت,خطة البحث والإطار النظري,local,ar,
تدقيق لغوي أكاديمي في الكويت,التدقيق والتنسيق,local,ar,
نشر بحث علمي في الكويت,النشر العلمي,local,ar,
professional university research Kuwait,English services,commercial,en,
كتابة بحث جامعي بالكويت,الأبحاث الجامعية,local,ar,
رسالة ماجستير بالكويت,الماجستير,local,ar,
رسالة دكتوراه بالكويت,الدكتوراه,local,ar,
تحليل إحصائي بالكويت,التحليل الإحصائي,local,ar,
تصميم استبيان بالكويت,الاستبيانات,local,ar,
عرض تقديمي جامعي بالكويت,العروض التقديمية,local,ar,
خطة بحث بالكويت,خطة البحث والإطار النظري,local,ar,
تدقيق لغوي أكاديمي بالكويت,التدقيق والتنسيق,local,ar,
نشر بحث علمي بالكويت,النشر العلمي,local,ar,
expert university research Kuwait,English services,commercial,en,
كتابة بحث جامعي لطلاب الكويت,الأبحاث الجامعية,local,ar,
رسالة ماجستير لطلاب الكويت,الماجستير,local,ar,
رسالة دكتوراه لطلاب الكويت,الدكتوراه,local,ar,
تحليل إحصائي لطلاب الكويت,التحليل الإحصائي,local,ar,
تصميم استبيان لطلاب الكويت,الاستبيانات,local,ar,
عرض تقديمي جامعي لطلاب الكويت,العروض التقديمية,local,ar,
خطة بحث لطلاب الكويت,خطة البحث والإطار النظري,local,ar,
تدقيق لغوي أكاديمي لطلاب الكويت,التدقيق والتنسيق,local,ar,
نشر بحث علمي لطلاب الكويت,النشر العلمي,local,ar,
affordable university research Kuwait,English services,commercial,en,
كتابة بحث جامعي للطلاب في الكويت,الأبحاث الجامعية,local,ar,
رسالة ماجستير للطلاب في الكويت,الماجستير,local,ar,
رسالة دكتوراه للطلاب في الكويت,الدكتوراه,local,ar,
تحليل إحصائي للطلاب في الكويت,التحليل الإحصائي,local,ar,
تصميم استبيان للطلاب في الكويت,الاستبيانات,local,ar,
عرض تقديمي جامعي للطلاب في الكويت,العروض التقديمية,local,ar,
خطة بحث للطلاب في الكويت,خطة البحث والإطار النظري,local,ar,
تدقيق لغوي أكاديمي للطلاب في الكويت,التدقيق والتنسيق,local,ar,
نشر بحث علمي للطلاب في الكويت,النشر العلمي,local,ar,
online university research Kuwait,English services,commercial,en,
كتابة بحث جامعي للباحثين في الكويت,الأبحاث الجامعية,local,ar,
رسالة ماجستير للباحثين في الكويت,الماجستير,local,ar,
رسالة دكتوراه للباحثين في الكويت,الدكتوراه,local,ar,
تحليل إحصائي للباحثين في الكويت,التحليل الإحصائي,local,ar,
تصميم استبيان للباحثين في الكويت,الاستبيانات,local,ar,
عرض تقديمي جامعي للباحثين في الكويت,العروض التقديمية,local,ar,
خطة بحث للباحثين في الكويت,خطة البحث والإطار النظري,local,ar,
تدقيق لغوي أكاديمي للباحثين في الكويت,التدقيق والتنسيق,local,ar,
نشر بحث علمي للباحثين في الكويت,النشر العلمي,local,ar,
for students university research Kuwait,English services,commercial,en,
كتابة بحث جامعي للجامعات الكويتية,الأبحاث الجامعية,local,ar,
رسالة ماجستير للجامعات الكويتية,الماجستير,local,ar,
رسالة دكتوراه للجامعات الكويتية,الدكتوراه,local,ar,
تحليل إحصائي للجامعات الكويتية,التحليل الإحصائي,local,ar,
تصميم استبيان للجامعات الكويتية,الاستبيانات,local,ar,
عرض تقديمي جامعي للجامعات الكويتية,العروض التقديمية,local,ar,
خطة بحث للجامعات الكويتية,خطة البحث والإطار النظري,local,ar,
تدقيق لغوي أكاديمي للجامعات الكويتية,التدقيق والتنسيق,local,ar,
نشر بحث علمي للجامعات الكويتية,النشر العلمي,local,ar,
for researchers university research Kuwait,English services,commercial,en,
كتابة بحث جامعي جامعة الكويت,الأبحاث الجامعية,local,ar,
رسالة ماجستير جامعة الكويت,الماجستير,local,ar,
رسالة دكتوراه جامعة الكويت,الدكتوراه,local,ar,
تحليل إحصائي جامعة الكويت,التحليل الإحصائي,local,ar,
تصميم استبيان جامعة الكويت,الاستبيانات,local,ar,
عرض تقديمي جامعي جامعة الكويت,العروض التقديمية,local,ar,
خطة بحث جامعة الكويت,خطة البحث والإطار النظري,local,ar,
تدقيق لغوي أكاديمي جامعة الكويت,التدقيق والتنسيق,local,ar,
نشر بحث علمي جامعة الكويت,النشر العلمي,local,ar,
near me university research Kuwait,English services,commercial,en,
كتابة بحث جامعي الهيئة العامة للتعليم التطبيقي,الأبحاث الجامعية,local,ar,
رسالة ماجستير الهيئة العامة للتعليم التطبيقي,الماجستير,local,ar,
رسالة دكتوراه الهيئة العامة للتعليم التطبيقي,الدكتوراه,local,ar,
تحليل إحصائي الهيئة العامة للتعليم التطبيقي,التحليل الإحصائي,local,ar,
تصميم استبيان الهيئة العامة للتعليم التطبيقي,الاستبيانات,local,ar,
عرض تقديمي جامعي الهيئة العامة للتعليم التطبيقي,العروض التقديمية,local,ar,
خطة بحث الهيئة العامة للتعليم التطبيقي,خطة البحث والإطار النظري,local,ar,
تدقيق لغوي أكاديمي الهيئة العامة للتعليم التطبيقي,التدقيق والتنسيق,local,ar,
نشر بحث علمي الهيئة العامة للتعليم التطبيقي,النشر العلمي,local,ar,
best service university research Kuwait,English services,commercial,en,
كتابة بحث جامعي التعليم العالي في الكويت,الأبحاث الجامعية,local,ar,
رسالة ماجستير التعليم العالي في الكويت,الماجستير,local,ar,
رسالة دكتوراه التعليم العالي في الكويت,الدكتوراه,local,ar,
تحليل إحصائي التعليم العالي في الكويت,التحليل الإحصائي,local,ar,
تصميم استبيان التعليم العالي في الكويت,الاستبيانات,local,ar,
عرض تقديمي جامعي التعليم العالي في الكويت,العروض التقديمية,local,ar,
خطة بحث التعليم العالي في الكويت,خطة البحث والإطار النظري,local,ar,
تدقيق لغوي أكاديمي التعليم العالي في الكويت,التدقيق والتنسيق,local,ar,
نشر بحث علمي التعليم العالي في الكويت,النشر العلمي,local,ar,
support university research Kuwait,English services,commercial,en,
كتابة بحث جامعي في حولي,الأبحاث الجامعية,local,ar,
رسالة ماجستير في حولي,الماجستير,local,ar,
رسالة دكتوراه في حولي,الدكتوراه,local,ar,
تحليل إحصائي في حولي,التحليل الإحصائي,local,ar,
تصميم استبيان في حولي,الاستبيانات,local,ar,
عرض تقديمي جامعي في حولي,العروض التقديمية,local,ar,
خطة بحث في حولي,خطة البحث والإطار النظري,local,ar,
تدقيق لغوي أكاديمي في حولي,التدقيق والتنسيق,local,ar,
نشر بحث علمي في حولي,النشر العلمي,local,ar,
consultation university research Kuwait,English services,commercial,en,
كتابة بحث جامعي في السالمية,الأبحاث الجامعية,local,ar,
رسالة ماجستير في السالمية,الماجستير,local,ar,
رسالة دكتوراه في السالمية,الدكتوراه,local,ar,
تحليل إحصائي في السالمية,التحليل الإحصائي,local,ar,
تصميم استبيان في السالمية,الاستبيانات,local,ar,
عرض تقديمي جامعي في السالمية,العروض التقديمية,local,ar,
خطة بحث في السالمية,خطة البحث والإطار النظري,local,ar,
تدقيق لغوي أكاديمي في السالمية,التدقيق والتنسيق,local,ar,
نشر بحث علمي في السالمية,النشر العلمي,local,ar,
university research Kuwait for Kuwait universities,English services,local,en,
كتابة بحث جامعي في الفروانية,الأبحاث الجامعية,local,ar,
رسالة ماجستير في الفروانية,الماجستير,local,ar,
رسالة دكتوراه في الفروانية,الدكتوراه,local,ar,
تحليل إحصائي في الفروانية,التحليل الإحصائي,local,ar,
تصميم استبيان في الفروانية,الاستبيانات,local,ar,
عرض تقديمي جامعي في الفروانية,العروض التقديمية,local,ar,
خطة بحث في الفروانية,خطة البحث والإطار النظري,local,ar,
تدقيق لغوي أكاديمي في الفروانية,التدقيق والتنسيق,local,ar,
نشر بحث علمي في الفروانية,النشر العلمي,local,ar,
professional academic research Kuwait,English services,commercial,en,
كتابة بحث جامعي في الجهراء,الأبحاث الجامعية,local,ar,
رسالة ماجستير في الجهراء,الماجستير,local,ar,
رسالة دكتوراه في الجهراء,الدكتوراه,local,ar,
تحليل إحصائي في الجهراء,التحليل الإحصائي,local,ar,
تصميم استبيان في الجهراء,الاستبيانات,local,ar,
عرض تقديمي جامعي في الجهراء,العروض التقديمية,local,ar,
خطة بحث في الجهراء,خطة البحث والإطار النظري,local,ar,
تدقيق لغوي أكاديمي في الجهراء,التدقيق والتنسيق,local,ar,
نشر بحث علمي في الجهراء,النشر العلمي,local,ar,
expert academic research Kuwait,English services,commercial,en,
كتابة بحث جامعي في الأحمدي,الأبحاث الجامعية,local,ar,
رسالة ماجستير في الأحمدي,الماجستير,local,ar,
رسالة دكتوراه في الأحمدي,الدكتوراه,local,ar,
تحليل إحصائي في الأحمدي,التحليل الإحصائي,local,ar,
تصميم استبيان في الأحمدي,الاستبيانات,local,ar,
عرض تقديمي جامعي في الأحمدي,العروض التقديمية,local,ar,
خطة بحث في الأحمدي,خطة البحث والإطار النظري,local,ar,
تدقيق لغوي أكاديمي في الأحمدي,التدقيق والتنسيق,local,ar,
نشر بحث علمي في الأحمدي,النشر العلمي,local,ar,
affordable academic research Kuwait,English services,commercial,en,
كتابة بحث جامعي في مبارك الكبير,الأبحاث الجامعية,local,ar,
رسالة ماجستير في مبارك الكبير,الماجستير,local,ar,
رسالة دكتوراه في مبارك الكبير,الدكتوراه,local,ar,
تحليل إحصائي في مبارك الكبير,التحليل الإحصائي,local,ar,
تصميم استبيان في مبارك الكبير,الاستبيانات,local,ar,
عرض تقديمي جامعي في مبارك الكبير,العروض التقديمية,local,ar,
خطة بحث في مبارك الكبير,خطة البحث والإطار النظري,local,ar,
تدقيق لغوي أكاديمي في مبارك الكبير,التدقيق والتنسيق,local,ar,
نشر بحث علمي في مبارك الكبير,النشر العلمي,local,ar,
online academic research Kuwait,English services,commercial,en,
كتابة بحث جامعي في العاصمة الكويت,الأبحاث الجامعية,local,ar,
رسالة ماجستير في العاصمة الكويت,الماجستير,local,ar,
رسالة دكتوراه في العاصمة الكويت,الدكتوراه,local,ar,
تحليل إحصائي في العاصمة الكويت,التحليل الإحصائي,local,ar,
تصميم استبيان في العاصمة الكويت,الاستبيانات,local,ar,
عرض تقديمي جامعي في العاصمة الكويت,العروض التقديمية,local,ar,
خطة بحث في العاصمة الكويت,خطة البحث والإطار النظري,local,ar,
تدقيق لغوي أكاديمي في العاصمة الكويت,التدقيق والتنسيق,local,ar,
نشر بحث علمي في العاصمة الكويت,النشر العلمي,local,ar,
for students academic research Kuwait,English services,commercial,en,
كتابة بحث جامعي أونلاين في الكويت,الأبحاث الجامعية,local,ar,
رسالة ماجستير أونلاين في الكويت,الماجستير,local,ar,
رسالة دكتوراه أونلاين في الكويت,الدكتوراه,local,ar,
تحليل إحصائي أونلاين في الكويت,التحليل الإحصائي,local,ar,
تصميم استبيان أونلاين في الكويت,الاستبيانات,local,ar,
عرض تقديمي جامعي أونلاين في الكويت,العروض التقديمية,local,ar,
خطة بحث أونلاين في الكويت,خطة البحث والإطار النظري,local,ar,
تدقيق لغوي أكاديمي أونلاين في الكويت,التدقيق والتنسيق,local,ar,
نشر بحث علمي أونلاين في الكويت,النشر العلمي,local,ar,
for researchers academic research Kuwait,English services,commercial,en,
كتابة بحث جامعي خدمة أكاديمية كويتية,الأبحاث الجامعية,local,ar,
رسالة ماجستير خدمة أكاديمية كويتية,الماجستير,local,ar,
رسالة دكتوراه خدمة أكاديمية كويتية,الدكتوراه,local,ar,
تحليل إحصائي خدمة أكاديمية كويتية,التحليل الإحصائي,local,ar,
تصميم استبيان خدمة أكاديمية كويتية,الاستبيانات,local,ar,
عرض تقديمي جامعي خدمة أكاديمية كويتية,العروض التقديمية,local,ar,
خطة بحث خدمة أكاديمية كويتية,خطة البحث والإطار النظري,local,ar,
تدقيق لغوي أكاديمي خدمة أكاديمية كويتية,التدقيق والتنسيق,local,ar,
نشر بحث علمي خدمة أكاديمية كويتية,النشر العلمي,local,ar,
near me academic research Kuwait,English services,commercial,en,
كتابة بحث جامعي مكتب خدمات طلابية الكويت,الأبحاث الجامعية,local,ar,
رسالة ماجستير مكتب خدمات طلابية الكويت,الماجستير,local,ar,
رسالة دكتوراه مكتب خدمات طلابية الكويت,الدكتوراه,local,ar,
تحليل إحصائي مكتب خدمات طلابية الكويت,التحليل الإحصائي,local,ar,
تصميم استبيان مكتب خدمات طلابية الكويت,الاستبيانات,local,ar,
عرض تقديمي جامعي مكتب خدمات طلابية الكويت,العروض التقديمية,local,ar,
خطة بحث مكتب خدمات طلابية الكويت,خطة البحث والإطار النظري,local,ar,
تدقيق لغوي أكاديمي مكتب خدمات طلابية الكويت,التدقيق والتنسيق,local,ar,
نشر بحث علمي مكتب خدمات طلابية الكويت,النشر العلمي,local,ar,
best service academic research Kuwait,English services,commercial,en,
كتابة بحث جامعي أفضل خدمة في الكويت,الأبحاث الجامعية,local,ar,
رسالة ماجستير أفضل خدمة في الكويت,الماجستير,local,ar,
رسالة دكتوراه أفضل خدمة في الكويت,الدكتوراه,local,ar,
تحليل إحصائي أفضل خدمة في الكويت,التحليل الإحصائي,local,ar,
تصميم استبيان أفضل خدمة في الكويت,الاستبيانات,local,ar,
عرض تقديمي جامعي أفضل خدمة في الكويت,العروض التقديمية,local,ar,
خطة بحث أفضل خدمة في الكويت,خطة البحث والإطار النظري,local,ar,
تدقيق لغوي أكاديمي أفضل خدمة في الكويت,التدقيق والتنسيق,local,ar,
نشر بحث علمي أفضل خدمة في الكويت,النشر العلمي,local,ar,
support academic research Kuwait,English services,commercial,en,
كتابة بحث جامعي احترافي,الأبحاث الجامعية,commercial,ar,
رسالة ماجستير احترافي,الماجستير,commercial,ar,
رسالة دكتوراه احترافي,الدكتوراه,commercial,ar,
تحليل إحصائي احترافي,التحليل الإحصائي,commercial,ar,
تصميم استبيان احترافي,الاستبيانات,commercial,ar,
عرض تقديمي جامعي احترافي,العروض التقديمية,commercial,ar,
خطة بحث احترافي,خطة البحث والإطار النظري,commercial,ar,
تدقيق لغوي أكاديمي احترافي,التدقيق والتنسيق,commercial,ar,
نشر بحث علمي احترافي,النشر العلمي,commercial,ar,
consultation academic research Kuwait,English services,commercial,en,
كتابة بحث جامعي متخصص,الأبحاث الجامعية,commercial,ar,
رسالة ماجستير متخصص,الماجستير,commercial,ar,
رسالة دكتوراه متخصص,الدكتوراه,commercial,ar,
تحليل إحصائي متخصص,التحليل الإحصائي,commercial,ar,
تصميم استبيان متخصص,الاستبيانات,commercial,ar,
عرض تقديمي جامعي متخصص,العروض التقديمية,commercial,ar,
خطة بحث متخصص,خطة البحث والإطار النظري,commercial,ar,
تدقيق لغوي أكاديمي متخصص,التدقيق والتنسيق,commercial,ar,
نشر بحث علمي متخصص,النشر العلمي,commercial,ar,
academic research Kuwait for Kuwait universities,English services,local,en,
كتابة بحث جامعي موثوق,الأبحاث الجامعية,commercial,ar,
رسالة ماجستير موثوق,الماجستير,commercial,ar,
رسالة دكتوراه موثوق,الدكتوراه,commercial,ar,
تحليل إحصائي موثوق,التحليل الإحصائي,commercial,ar,
تصميم استبيان موثوق,الاستبيانات,commercial,ar,
عرض تقديمي جامعي موثوق,العروض التقديمية,commercial,ar,
خطة بحث موثوق,خطة البحث والإطار النظري,commercial,ar,
تدقيق لغوي أكاديمي موثوق,التدقيق والتنسيق,commercial,ar,
نشر بحث علمي موثوق,النشر العلمي,commercial,ar,
professional graduation research Kuwait,English services,commercial,en,
كتابة بحث جامعي سريع,الأبحاث الجامعية,commercial,ar,
رسالة ماجستير سريع,الماجستير,commercial,ar,
رسالة دكتوراه سريع,الدكتوراه,commercial,ar,
تحليل إحصائي سريع,التحليل الإحصائي,commercial,ar,
تصميم استبيان سريع,الاستبيانات,commercial,ar,
عرض تقديمي جامعي سريع,العروض التقديمية,commercial,ar,
خطة بحث سريع,خطة البحث والإطار النظري,commercial,ar,
تدقيق لغوي أكاديمي سريع,التدقيق والتنسيق,commercial,ar,
نشر بحث علمي سريع,النشر العلمي,commercial,ar,
expert graduation research Kuwait,English services,commercial,en,
كتابة بحث جامعي معتمد,الأبحاث الجامعية,commercial,ar,
رسالة ماجستير معتمد,الماجستير,commercial,ar,
رسالة دكتوراه معتمد,الدكتوراه,commercial,ar,
تحليل إحصائي معتمد,التحليل الإحصائي,commercial,ar,
تصميم استبيان معتمد,الاستبيانات,commercial,ar,
عرض تقديمي جامعي معتمد,العروض التقديمية,commercial,ar,
خطة بحث معتمد,خطة البحث والإطار النظري,commercial,ar,
تدقيق لغوي أكاديمي معتمد,التدقيق والتنسيق,commercial,ar,
نشر بحث علمي معتمد,النشر العلمي,commercial,ar,
affordable graduation research Kuwait,English services,commercial,en,
كتابة بحث جامعي متكامل,الأبحاث الجامعية,commercial,ar,
رسالة ماجستير متكامل,الماجستير,commercial,ar,
رسالة دكتوراه متكامل,الدكتوراه,commercial,ar,
تحليل إحصائي متكامل,التحليل الإحصائي,commercial,ar,
تصميم استبيان متكامل,الاستبيانات,commercial,ar,
عرض تقديمي جامعي متكامل,العروض التقديمية,commercial,ar,
خطة بحث متكامل,خطة البحث والإطار النظري,commercial,ar,
تدقيق لغوي أكاديمي متكامل,التدقيق والتنسيق,commercial,ar,
نشر بحث علمي متكامل,النشر العلمي,commercial,ar,
online graduation research Kuwait,English services,commercial,en,
كتابة بحث جامعي عالي الجودة,الأبحاث الجامعية,commercial,ar,
رسالة ماجستير عالي الجودة,الماجستير,commercial,ar,
رسالة دكتوراه عالي الجودة,الدكتوراه,commercial,ar,
تحليل إحصائي عالي الجودة,التحليل الإحصائي,commercial,ar,
تصميم استبيان عالي الجودة,الاستبيانات,commercial,ar,
عرض تقديمي جامعي عالي الجودة,العروض التقديمية,commercial,ar,
خطة بحث عالي الجودة,خطة البحث والإطار النظري,commercial,ar,
تدقيق لغوي أكاديمي عالي الجودة,التدقيق والتنسيق,commercial,ar,
نشر بحث علمي عالي الجودة,النشر العلمي,commercial,ar,
for students graduation research Kuwait,English services,commercial,en,
كتابة بحث جامعي بأسعار مناسبة,الأبحاث الجامعية,commercial,ar,
رسالة ماجستير بأسعار مناسبة,الماجستير,commercial,ar,
رسالة دكتوراه بأسعار مناسبة,الدكتوراه,commercial,ar,
تحليل إحصائي بأسعار مناسبة,التحليل الإحصائي,commercial,ar,
تصميم استبيان بأسعار مناسبة,الاستبيانات,commercial,ar,
عرض تقديمي جامعي بأسعار مناسبة,العروض التقديمية,commercial,ar,
خطة بحث بأسعار مناسبة,خطة البحث والإطار النظري,commercial,ar,
تدقيق لغوي أكاديمي بأسعار مناسبة,التدقيق والتنسيق,commercial,ar,
نشر بحث علمي بأسعار مناسبة,النشر العلمي,commercial,ar,
for researchers graduation research Kuwait,English services,commercial,en,
كتابة بحث جامعي مع الحفاظ على الخصوصية,الأبحاث الجامعية,commercial,ar,
رسالة ماجستير مع الحفاظ على الخصوصية,الماجستير,commercial,ar,
رسالة دكتوراه مع الحفاظ على الخصوصية,الدكتوراه,commercial,ar,
تحليل إحصائي مع الحفاظ على الخصوصية,التحليل الإحصائي,commercial,ar,
تصميم استبيان مع الحفاظ على الخصوصية,الاستبيانات,commercial,ar,
عرض تقديمي جامعي مع الحفاظ على الخصوصية,العروض التقديمية,commercial,ar,
خطة بحث مع الحفاظ على الخصوصية,خطة البحث والإطار النظري,commercial,ar,
تدقيق لغوي أكاديمي مع الحفاظ على الخصوصية,التدقيق والتنسيق,commercial,ar,
نشر بحث علمي مع الحفاظ على الخصوصية,النشر العلمي,commercial,ar,
near me graduation research Kuwait,English services,commercial,en,
كتابة بحث جامعي مع دعم أكاديمي,الأبحاث الجامعية,commercial,ar,
رسالة ماجستير مع دعم أكاديمي,الماجستير,commercial,ar,
رسالة دكتوراه مع دعم أكاديمي,الدكتوراه,commercial,ar,
تحليل إحصائي مع دعم أكاديمي,التحليل الإحصائي,commercial,ar,
تصميم استبيان مع دعم أكاديمي,الاستبيانات,commercial,ar,
عرض تقديمي جامعي مع دعم أكاديمي,العروض التقديمية,commercial,ar,
خطة بحث مع دعم أكاديمي,خطة البحث والإطار النظري,commercial,ar,
تدقيق لغوي أكاديمي مع دعم أكاديمي,التدقيق والتنسيق,commercial,ar,
نشر بحث علمي مع دعم أكاديمي,النشر العلمي,commercial,ar,
best service graduation research Kuwait,English services,commercial,en,
كتابة بحث جامعي لطلاب البكالوريوس,الأبحاث الجامعية,commercial,ar,
رسالة ماجستير لطلاب البكالوريوس,الماجستير,commercial,ar,
رسالة دكتوراه لطلاب البكالوريوس,الدكتوراه,commercial,ar,
تحليل إحصائي لطلاب البكالوريوس,التحليل الإحصائي,commercial,ar,
تصميم استبيان لطلاب البكالوريوس,الاستبيانات,commercial,ar,
عرض تقديمي جامعي لطلاب البكالوريوس,العروض التقديمية,commercial,ar,
خطة بحث لطلاب البكالوريوس,خطة البحث والإطار النظري,commercial,ar,
تدقيق لغوي أكاديمي لطلاب البكالوريوس,التدقيق والتنسيق,commercial,ar,
نشر بحث علمي لطلاب البكالوريوس,النشر العلمي,commercial,ar,
support graduation research Kuwait,English services,commercial,en,
كتابة بحث جامعي لطلاب الدراسات العليا,الأبحاث الجامعية,commercial,ar,
رسالة ماجستير لطلاب الدراسات العليا,الماجستير,commercial,ar,
رسالة دكتوراه لطلاب الدراسات العليا,الدكتوراه,commercial,ar,
تحليل إحصائي لطلاب الدراسات العليا,التحليل الإحصائي,commercial,ar,
تصميم استبيان لطلاب الدراسات العليا,الاستبيانات,commercial,ar,
عرض تقديمي جامعي لطلاب الدراسات العليا,العروض التقديمية,commercial,ar,
خطة بحث لطلاب الدراسات العليا,خطة البحث والإطار النظري,commercial,ar,
تدقيق لغوي أكاديمي لطلاب الدراسات العليا,التدقيق والتنسيق,commercial,ar,
نشر بحث علمي لطلاب الدراسات العليا,النشر العلمي,commercial,ar,
consultation graduation research Kuwait,English services,commercial,en,
كتابة بحث جامعي لطلاب الماجستير,الأبحاث الجامعية,commercial,ar,
رسالة ماجستير لطلاب الماجستير,الماجستير,commercial,ar,
رسالة دكتوراه لطلاب الماجستير,الدكتوراه,commercial,ar,
تحليل إحصائي لطلاب الماجستير,التحليل الإحصائي,commercial,ar,
تصميم استبيان لطلاب الماجستير,الاستبيانات,commercial,ar,
عرض تقديمي جامعي لطلاب الماجستير,العروض التقديمية,commercial,ar,
خطة بحث لطلاب الماجستير,خطة البحث والإطار النظري,commercial,ar,
تدقيق لغوي أكاديمي لطلاب الماجستير,التدقيق والتنسيق,commercial,ar,
نشر بحث علمي لطلاب الماجستير,النشر العلمي,commercial,ar,
graduation research Kuwait for Kuwait universities,English services,local,en,
كتابة بحث جامعي لطلاب الدكتوراه,الأبحاث الجامعية,commercial,ar,
رسالة ماجستير لطلاب الدكتوراه,الماجستير,commercial,ar,
رسالة دكتوراه لطلاب الدكتوراه,الدكتوراه,commercial,ar,
تحليل إحصائي لطلاب الدكتوراه,التحليل الإحصائي,commercial,ar,
تصميم استبيان لطلاب الدكتوراه,الاستبيانات,commercial,ar,
عرض تقديمي جامعي لطلاب الدكتوراه,العروض التقديمية,commercial,ar,
خطة بحث لطلاب الدكتوراه,خطة البحث والإطار النظري,commercial,ar,
تدقيق لغوي أكاديمي لطلاب الدكتوراه,التدقيق والتنسيق,commercial,ar,
نشر بحث علمي لطلاب الدكتوراه,النشر العلمي,commercial,ar,
professional master thesis Kuwait,English services,commercial,en,
كتابة بحث جامعي باللغة العربية,الأبحاث الجامعية,commercial,ar,
رسالة ماجستير باللغة العربية,الماجستير,commercial,ar,
رسالة دكتوراه باللغة العربية,الدكتوراه,commercial,ar,
تحليل إحصائي باللغة العربية,التحليل الإحصائي,commercial,ar,
تصميم استبيان باللغة العربية,الاستبيانات,commercial,ar,
عرض تقديمي جامعي باللغة العربية,العروض التقديمية,commercial,ar,
خطة بحث باللغة العربية,خطة البحث والإطار النظري,commercial,ar,
تدقيق لغوي أكاديمي باللغة العربية,التدقيق والتنسيق,commercial,ar,
نشر بحث علمي باللغة العربية,النشر العلمي,commercial,ar,
expert master thesis Kuwait,English services,commercial,en,
كتابة بحث جامعي باللغة الإنجليزية,الأبحاث الجامعية,commercial,ar,
رسالة ماجستير باللغة الإنجليزية,الماجستير,commercial,ar,
رسالة دكتوراه باللغة الإنجليزية,الدكتوراه,commercial,ar,
تحليل إحصائي باللغة الإنجليزية,التحليل الإحصائي,commercial,ar,
تصميم استبيان باللغة الإنجليزية,الاستبيانات,commercial,ar,
عرض تقديمي جامعي باللغة الإنجليزية,العروض التقديمية,commercial,ar,
خطة بحث باللغة الإنجليزية,خطة البحث والإطار النظري,commercial,ar,
تدقيق لغوي أكاديمي باللغة الإنجليزية,التدقيق والتنسيق,commercial,ar,
نشر بحث علمي باللغة الإنجليزية,النشر العلمي,commercial,ar,
affordable master thesis Kuwait,English services,commercial,en,
كتابة بحث جامعي عربي وإنجليزي,الأبحاث الجامعية,commercial,ar,
رسالة ماجستير عربي وإنجليزي,الماجستير,commercial,ar,
رسالة دكتوراه عربي وإنجليزي,الدكتوراه,commercial,ar,
تحليل إحصائي عربي وإنجليزي,التحليل الإحصائي,commercial,ar,
تصميم استبيان عربي وإنجليزي,الاستبيانات,commercial,ar,
عرض تقديمي جامعي عربي وإنجليزي,العروض التقديمية,commercial,ar,
خطة بحث عربي وإنجليزي,خطة البحث والإطار النظري,commercial,ar,
تدقيق لغوي أكاديمي عربي وإنجليزي,التدقيق والتنسيق,commercial,ar,
نشر بحث علمي عربي وإنجليزي,النشر العلمي,commercial,ar,
online master thesis Kuwait,English services,commercial,en,
كتابة بحث جامعي عن بعد,الأبحاث الجامعية,commercial,ar,
رسالة ماجستير عن بعد,الماجستير,commercial,ar,
رسالة دكتوراه عن بعد,الدكتوراه,commercial,ar,
تحليل إحصائي عن بعد,التحليل الإحصائي,commercial,ar,
تصميم استبيان عن بعد,الاستبيانات,commercial,ar,
عرض تقديمي جامعي عن بعد,العروض التقديمية,commercial,ar,
خطة بحث عن بعد,خطة البحث والإطار النظري,commercial,ar,
تدقيق لغوي أكاديمي عن بعد,التدقيق والتنسيق,commercial,ar,
نشر بحث علمي عن بعد,النشر العلمي,commercial,ar,
for students master thesis Kuwait,English services,commercial,en,
كتابة بحث جامعي عاجل,الأبحاث الجامعية,commercial,ar,
رسالة ماجستير عاجل,الماجستير,commercial,ar,
رسالة دكتوراه عاجل,الدكتوراه,commercial,ar,
تحليل إحصائي عاجل,التحليل الإحصائي,commercial,ar,
تصميم استبيان عاجل,الاستبيانات,commercial,ar,
عرض تقديمي جامعي عاجل,العروض التقديمية,commercial,ar,
خطة بحث عاجل,خطة البحث والإطار النظري,commercial,ar,
تدقيق لغوي أكاديمي عاجل,التدقيق والتنسيق,commercial,ar,
نشر بحث علمي عاجل,النشر العلمي,commercial,ar,
for researchers master thesis Kuwait,English services,commercial,en,
كتابة بحث جامعي حسب متطلبات الجامعة,الأبحاث الجامعية,commercial,ar,
رسالة ماجستير حسب متطلبات الجامعة,الماجستير,commercial,ar,
رسالة دكتوراه حسب متطلبات الجامعة,الدكتوراه,commercial,ar,
تحليل إحصائي حسب متطلبات الجامعة,التحليل الإحصائي,commercial,ar,
تصميم استبيان حسب متطلبات الجامعة,الاستبيانات,commercial,ar,
عرض تقديمي جامعي حسب متطلبات الجامعة,العروض التقديمية,commercial,ar,
خطة بحث حسب متطلبات الجامعة,خطة البحث والإطار النظري,commercial,ar,
تدقيق لغوي أكاديمي حسب متطلبات الجامعة,التدقيق والتنسيق,commercial,ar,
نشر بحث علمي حسب متطلبات الجامعة,النشر العلمي,commercial,ar,
near me master thesis Kuwait,English services,commercial,en,
طلب كتابة بحث جامعي في الكويت,الأبحاث الجامعية,transactional,ar,
طلب رسالة ماجستير في الكويت,الماجستير,transactional,ar,
طلب رسالة دكتوراه في الكويت,الدكتوراه,transactional,ar,
طلب تحليل إحصائي في الكويت,التحليل الإحصائي,transactional,ar,
طلب تصميم استبيان في الكويت,الاستبيانات,transactional,ar,
طلب عرض تقديمي جامعي في الكويت,العروض التقديمية,transactional,ar,
طلب خطة بحث في الكويت,خطة البحث والإطار النظري,transactional,ar,
طلب تدقيق لغوي أكاديمي في الكويت,التدقيق والتنسيق,transactional,ar,
طلب نشر بحث علمي في الكويت,النشر العلمي,transactional,ar,
best service master thesis Kuwait,English services,commercial,en,
سعر كتابة بحث جامعي في الكويت,الأبحاث الجامعية,transactional,ar,
سعر رسالة ماجستير في الكويت,الماجستير,transactional,ar,
سعر رسالة دكتوراه في الكويت,الدكتوراه,transactional,ar,
سعر تحليل إحصائي في الكويت,التحليل الإحصائي,transactional,ar,
سعر تصميم استبيان في الكويت,الاستبيانات,transactional,ar,
سعر عرض تقديمي جامعي في الكويت,العروض التقديمية,transactional,ar,
سعر خطة بحث في الكويت,خطة البحث والإطار النظري,transactional,ar,
سعر تدقيق لغوي أكاديمي في الكويت,التدقيق والتنسيق,transactional,ar,
سعر نشر بحث علمي في الكويت,النشر العلمي,transactional,ar,
support master thesis Kuwait,English services,commercial,en,
أسعار كتابة بحث جامعي في الكويت,الأبحاث الجامعية,transactional,ar,
أسعار رسالة ماجستير في الكويت,الماجستير,transactional,ar,
أسعار رسالة دكتوراه في الكويت,الدكتوراه,transactional,ar,
أسعار تحليل إحصائي في الكويت,التحليل الإحصائي,transactional,ar,
أسعار تصميم استبيان في الكويت,الاستبيانات,transactional,ar,
أسعار عرض تقديمي جامعي في الكويت,العروض التقديمية,transactional,ar,
أسعار خطة بحث في الكويت,خطة البحث والإطار النظري,transactional,ar,
أسعار تدقيق لغوي أكاديمي في الكويت,التدقيق والتنسيق,transactional,ar,
أسعار نشر بحث علمي في الكويت,النشر العلمي,transactional,ar,
consultation master thesis Kuwait,English services,commercial,en,
أفضل كتابة بحث جامعي في الكويت,الأبحاث الجامعية,transactional,ar,
أفضل رسالة ماجستير في الكويت,الماجستير,transactional,ar,
أفضل رسالة دكتوراه في الكويت,الدكتوراه,transactional,ar,
أفضل تحليل إحصائي في الكويت,التحليل الإحصائي,transactional,ar,
أفضل تصميم استبيان في الكويت,الاستبيانات,transactional,ar,
أفضل عرض تقديمي جامعي في الكويت,العروض التقديمية,transactional,ar,
أفضل خطة بحث في الكويت,خطة البحث والإطار النظري,transactional,ar,
أفضل تدقيق لغوي أكاديمي في الكويت,التدقيق والتنسيق,transactional,ar,
أفضل نشر بحث علمي في الكويت,النشر العلمي,transactional,ar,
master thesis Kuwait for Kuwait universities,English services,local,en,
مكتب كتابة بحث جامعي في الكويت,الأبحاث الجامعية,transactional,ar,
مكتب رسالة ماجستير في الكويت,الماجستير,transactional,ar,
مكتب رسالة دكتوراه في الكويت,الدكتوراه,transactional,ar,
مكتب تحليل إحصائي في الكويت,التحليل الإحصائي,transactional,ar,
مكتب تصميم استبيان في الكويت,الاستبيانات,transactional,ar,
مكتب عرض تقديمي جامعي في الكويت,العروض التقديمية,transactional,ar,
مكتب خطة بحث في الكويت,خطة البحث والإطار النظري,transactional,ar,
مكتب تدقيق لغوي أكاديمي في الكويت,التدقيق والتنسيق,transactional,ar,
مكتب نشر بحث علمي في الكويت,النشر العلمي,transactional,ar,
professional PhD dissertation Kuwait,English services,commercial,en,
شركة كتابة بحث جامعي في الكويت,الأبحاث الجامعية,transactional,ar,
شركة رسالة ماجستير في الكويت,الماجستير,transactional,ar,
شركة رسالة دكتوراه في الكويت,الدكتوراه,transactional,ar,
شركة تحليل إحصائي في الكويت,التحليل الإحصائي,transactional,ar,
شركة تصميم استبيان في الكويت,الاستبيانات,transactional,ar,
شركة عرض تقديمي جامعي في الكويت,العروض التقديمية,transactional,ar,
شركة خطة بحث في الكويت,خطة البحث والإطار النظري,transactional,ar,
شركة تدقيق لغوي أكاديمي في الكويت,التدقيق والتنسيق,transactional,ar,
شركة نشر بحث علمي في الكويت,النشر العلمي,transactional,ar,
expert PhD dissertation Kuwait,English services,commercial,en,
خدمة كتابة بحث جامعي في الكويت,الأبحاث الجامعية,transactional,ar,
خدمة رسالة ماجستير في الكويت,الماجستير,transactional,ar,
خدمة رسالة دكتوراه في الكويت,الدكتوراه,transactional,ar,
خدمة تحليل إحصائي في الكويت,التحليل الإحصائي,transactional,ar,
خدمة تصميم استبيان في الكويت,الاستبيانات,transactional,ar,
خدمة عرض تقديمي جامعي في الكويت,العروض التقديمية,transactional,ar,
خدمة خطة بحث في الكويت,خطة البحث والإطار النظري,transactional,ar,
خدمة تدقيق لغوي أكاديمي في الكويت,التدقيق والتنسيق,transactional,ar,
خدمة نشر بحث علمي في الكويت,النشر العلمي,transactional,ar,
affordable PhD dissertation Kuwait,English services,commercial,en,
مساعدة كتابة بحث جامعي في الكويت,الأبحاث الجامعية,transactional,ar,
مساعدة رسالة ماجستير في الكويت,الماجستير,transactional,ar,
مساعدة رسالة دكتوراه في الكويت,الدكتوراه,transactional,ar,
مساعدة تحليل إحصائي في الكويت,التحليل الإحصائي,transactional,ar,
مساعدة تصميم استبيان في الكويت,الاستبيانات,transactional,ar,
مساعدة عرض تقديمي جامعي في الكويت,العروض التقديمية,transactional,ar,
مساعدة خطة بحث في الكويت,خطة البحث والإطار النظري,transactional,ar,
مساعدة تدقيق لغوي أكاديمي في الكويت,التدقيق والتنسيق,transactional,ar,
مساعدة نشر بحث علمي في الكويت,النشر العلمي,transactional,ar,
online PhD dissertation Kuwait,English services,commercial,en,
متابعة كتابة بحث جامعي في الكويت,الأبحاث الجامعية,transactional,ar,
متابعة رسالة ماجستير في الكويت,الماجستير,transactional,ar,
متابعة رسالة دكتوراه في الكويت,الدكتوراه,transactional,ar,
متابعة تحليل إحصائي في الكويت,التحليل الإحصائي,transactional,ar,
متابعة تصميم استبيان في الكويت,الاستبيانات,transactional,ar,
متابعة عرض تقديمي جامعي في الكويت,العروض التقديمية,transactional,ar,
متابعة خطة بحث في الكويت,خطة البحث والإطار النظري,transactional,ar,
متابعة تدقيق لغوي أكاديمي في الكويت,التدقيق والتنسيق,transactional,ar,
متابعة نشر بحث علمي في الكويت,النشر العلمي,transactional,ar,
for students PhD dissertation Kuwait,English services,commercial,en,
استشارة كتابة بحث جامعي في الكويت,الأبحاث الجامعية,transactional,ar,
استشارة رسالة ماجستير في الكويت,الماجستير,transactional,ar,
استشارة رسالة دكتوراه في الكويت,الدكتوراه,transactional,ar,
استشارة تحليل إحصائي في الكويت,التحليل الإحصائي,transactional,ar,
استشارة تصميم استبيان في الكويت,الاستبيانات,transactional,ar,
استشارة عرض تقديمي جامعي في الكويت,العروض التقديمية,transactional,ar,
استشارة خطة بحث في الكويت,خطة البحث والإطار النظري,transactional,ar,
استشارة تدقيق لغوي أكاديمي في الكويت,التدقيق والتنسيق,transactional,ar,
استشارة نشر بحث علمي في الكويت,النشر العلمي,transactional,ar,
for researchers PhD dissertation Kuwait,English services,commercial,en,
دعم كتابة بحث جامعي في الكويت,الأبحاث الجامعية,transactional,ar,
دعم رسالة ماجستير في الكويت,الماجستير,transactional,ar,
دعم رسالة دكتوراه في الكويت,الدكتوراه,transactional,ar,
دعم تحليل إحصائي في الكويت,التحليل الإحصائي,transactional,ar,
دعم تصميم استبيان في الكويت,الاستبيانات,transactional,ar,
دعم عرض تقديمي جامعي في الكويت,العروض التقديمية,transactional,ar,
دعم خطة بحث في الكويت,خطة البحث والإطار النظري,transactional,ar,
دعم تدقيق لغوي أكاديمي في الكويت,التدقيق والتنسيق,transactional,ar,
دعم نشر بحث علمي في الكويت,النشر العلمي,transactional,ar,
near me PhD dissertation Kuwait,English services,commercial,en,
حل كتابة بحث جامعي في الكويت,الأبحاث الجامعية,transactional,ar,
حل رسالة ماجستير في الكويت,الماجستير,transactional,ar,
حل رسالة دكتوراه في الكويت,الدكتوراه,transactional,ar,
حل تحليل إحصائي في الكويت,التحليل الإحصائي,transactional,ar,
حل تصميم استبيان في الكويت,الاستبيانات,transactional,ar,
حل عرض تقديمي جامعي في الكويت,العروض التقديمية,transactional,ar,
حل خطة بحث في الكويت,خطة البحث والإطار النظري,transactional,ar,
حل تدقيق لغوي أكاديمي في الكويت,التدقيق والتنسيق,transactional,ar,
حل نشر بحث علمي في الكويت,النشر العلمي,transactional,ar,
best service PhD dissertation Kuwait,English services,commercial,en,
مراجعة كتابة بحث جامعي في الكويت,الأبحاث الجامعية,transactional,ar,
مراجعة رسالة ماجستير في الكويت,الماجستير,transactional,ar,
مراجعة رسالة دكتوراه في الكويت,الدكتوراه,transactional,ar,
مراجعة تحليل إحصائي في الكويت,التحليل الإحصائي,transactional,ar,
مراجعة تصميم استبيان في الكويت,الاستبيانات,transactional,ar,
مراجعة عرض تقديمي جامعي في الكويت,العروض التقديمية,transactional,ar,
مراجعة خطة بحث في الكويت,خطة البحث والإطار النظري,transactional,ar,
مراجعة تدقيق لغوي أكاديمي في الكويت,التدقيق والتنسيق,transactional,ar,
مراجعة نشر بحث علمي في الكويت,النشر العلمي,transactional,ar,
support PhD dissertation Kuwait,English services,commercial,en,
تدقيق كتابة بحث جامعي في الكويت,الأبحاث الجامعية,transactional,ar,
تدقيق رسالة ماجستير في الكويت,الماجستير,transactional,ar,
تدقيق رسالة دكتوراه في الكويت,الدكتوراه,transactional,ar,
تدقيق تحليل إحصائي في الكويت,التحليل الإحصائي,transactional,ar,
تدقيق تصميم استبيان في الكويت,الاستبيانات,transactional,ar,
تدقيق عرض تقديمي جامعي في الكويت,العروض التقديمية,transactional,ar,
تدقيق خطة بحث في الكويت,خطة البحث والإطار النظري,transactional,ar,
تدقيق تدقيق لغوي أكاديمي في الكويت,التدقيق والتنسيق,transactional,ar,
تدقيق نشر بحث علمي في الكويت,النشر العلمي,transactional,ar,
consultation PhD dissertation Kuwait,English services,commercial,en,
تنسيق كتابة بحث جامعي في الكويت,الأبحاث الجامعية,transactional,ar,
تنسيق رسالة ماجستير في الكويت,الماجستير,transactional,ar,
تنسيق رسالة دكتوراه في الكويت,الدكتوراه,transactional,ar,
تنسيق تحليل إحصائي في الكويت,التحليل الإحصائي,transactional,ar,
تنسيق تصميم استبيان في الكويت,الاستبيانات,transactional,ar,
تنسيق عرض تقديمي جامعي في الكويت,العروض التقديمية,transactional,ar,
تنسيق خطة بحث في الكويت,خطة البحث والإطار النظري,transactional,ar,
تنسيق تدقيق لغوي أكاديمي في الكويت,التدقيق والتنسيق,transactional,ar,
تنسيق نشر بحث علمي في الكويت,النشر العلمي,transactional,ar,
PhD dissertation Kuwait for Kuwait universities,English services,local,en,
إعداد كتابة بحث جامعي في الكويت,الأبحاث الجامعية,transactional,ar,
إعداد رسالة ماجستير في الكويت,الماجستير,transactional,ar,
إعداد رسالة دكتوراه في الكويت,الدكتوراه,transactional,ar,
إعداد تحليل إحصائي في الكويت,التحليل الإحصائي,transactional,ar,
إعداد تصميم استبيان في الكويت,الاستبيانات,transactional,ar,
إعداد عرض تقديمي جامعي في الكويت,العروض التقديمية,transactional,ar,
إعداد خطة بحث في الكويت,خطة البحث والإطار النظري,transactional,ar,
إعداد تدقيق لغوي أكاديمي في الكويت,التدقيق والتنسيق,transactional,ar,
إعداد نشر بحث علمي في الكويت,النشر العلمي,transactional,ar,
professional research proposal Kuwait,English services,commercial,en,
كتابة كتابة بحث جامعي في الكويت,الأبحاث الجامعية,transactional,ar,
كتابة رسالة ماجستير في الكويت,الماجستير,transactional,ar,
كتابة رسالة دكتوراه في الكويت,الدكتوراه,transactional,ar,
كتابة تحليل إحصائي في الكويت,التحليل الإحصائي,transactional,ar,
كتابة تصميم استبيان في الكويت,الاستبيانات,transactional,ar,
كتابة عرض تقديمي جامعي في الكويت,العروض التقديمية,transactional,ar,
كتابة خطة بحث في الكويت,خطة البحث والإطار النظري,transactional,ar,
كتابة تدقيق لغوي أكاديمي في الكويت,التدقيق والتنسيق,transactional,ar,
كتابة نشر بحث علمي في الكويت,النشر العلمي,transactional,ar,
expert research proposal Kuwait,English services,commercial,en,
تصميم كتابة بحث جامعي في الكويت,الأبحاث الجامعية,transactional,ar,
تصميم رسالة ماجستير في الكويت,الماجستير,transactional,ar,
تصميم رسالة دكتوراه في الكويت,الدكتوراه,transactional,ar,
تصميم تحليل إحصائي في الكويت,التحليل الإحصائي,transactional,ar,
تصميم تصميم استبيان في الكويت,الاستبيانات,transactional,ar,
تصميم عرض تقديمي جامعي في الكويت,العروض التقديمية,transactional,ar,
تصميم خطة بحث في الكويت,خطة البحث والإطار النظري,transactional,ar,
تصميم تدقيق لغوي أكاديمي في الكويت,التدقيق والتنسيق,transactional,ar,
تصميم نشر بحث علمي في الكويت,النشر العلمي,transactional,ar,
affordable research proposal Kuwait,English services,commercial,en,
تحليل كتابة بحث جامعي في الكويت,الأبحاث الجامعية,transactional,ar,
تحليل رسالة ماجستير في الكويت,الماجستير,transactional,ar,
تحليل رسالة دكتوراه في الكويت,الدكتوراه,transactional,ar,
تحليل تحليل إحصائي في الكويت,التحليل الإحصائي,transactional,ar,
تحليل تصميم استبيان في الكويت,الاستبيانات,transactional,ar,
تحليل عرض تقديمي جامعي في الكويت,العروض التقديمية,transactional,ar,
تحليل خطة بحث في الكويت,خطة البحث والإطار النظري,transactional,ar,
تحليل تدقيق لغوي أكاديمي في الكويت,التدقيق والتنسيق,transactional,ar,
تحليل نشر بحث علمي في الكويت,النشر العلمي,transactional,ar,
online research proposal Kuwait,English services,commercial,en,
تفسير كتابة بحث جامعي في الكويت,الأبحاث الجامعية,transactional,ar,
تفسير رسالة ماجستير في الكويت,الماجستير,transactional,ar,
تفسير رسالة دكتوراه في الكويت,الدكتوراه,transactional,ar,
تفسير تحليل إحصائي في الكويت,التحليل الإحصائي,transactional,ar,
تفسير تصميم استبيان في الكويت,الاستبيانات,transactional,ar,
تفسير عرض تقديمي جامعي في الكويت,العروض التقديمية,transactional,ar,
تفسير خطة بحث في الكويت,خطة البحث والإطار النظري,transactional,ar,
تفسير تدقيق لغوي أكاديمي في الكويت,التدقيق والتنسيق,transactional,ar,
تفسير نشر بحث علمي في الكويت,النشر العلمي,transactional,ar,
for students research proposal Kuwait,English services,commercial,en,
إعداد بحث جامعي في الكويت,الأبحاث الجامعية,local,ar,
كتابة رسالة ماجستير بالكويت,الماجستير,local,ar,
كتابة رسالة دكتوراه بالكويت,الدكتوراه,local,ar,
تحليل إحصائي للرسائل في الكويت,التحليل الإحصائي,local,ar,
إعداد استبيان بحثي في الكويت,الاستبيانات,local,ar,
بوربوينت جامعي في الكويت,العروض التقديمية,local,ar,
إعداد خطة بحث بالكويت,خطة البحث والإطار النظري,local,ar,
تنسيق بحث جامعي في الكويت,التدقيق والتنسيق,local,ar,
مساعدة النشر العلمي في الكويت,النشر العلمي,local,ar,
for researchers research proposal Kuwait,English services,commercial,en,
إعداد بحث جامعي بالكويت,الأبحاث الجامعية,local,ar,
كتابة رسالة ماجستير لطلاب الكويت,الماجستير,local,ar,
كتابة رسالة دكتوراه لطلاب الكويت,الدكتوراه,local,ar,
تحليل إحصائي للرسائل بالكويت,التحليل الإحصائي,local,ar,
إعداد استبيان بحثي بالكويت,الاستبيانات,local,ar,
بوربوينت جامعي بالكويت,العروض التقديمية,local,ar,
إعداد خطة بحث لطلاب الكويت,خطة البحث والإطار النظري,local,ar,
تنسيق بحث جامعي بالكويت,التدقيق والتنسيق,local,ar,
مساعدة النشر العلمي بالكويت,النشر العلمي,local,ar,
near me research proposal Kuwait,English services,commercial,en,
إعداد بحث جامعي لطلاب الكويت,الأبحاث الجامعية,local,ar,
كتابة رسالة ماجستير للطلاب في الكويت,الماجستير,local,ar,
كتابة رسالة دكتوراه للطلاب في الكويت,الدكتوراه,local,ar,
تحليل إحصائي للرسائل لطلاب الكويت,التحليل الإحصائي,local,ar,
إعداد استبيان بحثي لطلاب الكويت,الاستبيانات,local,ar,
بوربوينت جامعي لطلاب الكويت,العروض التقديمية,local,ar,
إعداد خطة بحث للطلاب في الكويت,خطة البحث والإطار النظري,local,ar,
تنسيق بحث جامعي لطلاب الكويت,التدقيق والتنسيق,local,ar,
مساعدة النشر العلمي لطلاب الكويت,النشر العلمي,local,ar,
best service research proposal Kuwait,English services,commercial,en,
إعداد بحث جامعي للطلاب في الكويت,الأبحاث الجامعية,local,ar,
كتابة رسالة ماجستير للباحثين في الكويت,الماجستير,local,ar,
كتابة رسالة دكتوراه للباحثين في الكويت,الدكتوراه,local,ar,
تحليل إحصائي للرسائل للطلاب في الكويت,التحليل الإحصائي,local,ar,
إعداد استبيان بحثي للطلاب في الكويت,الاستبيانات,local,ar,
بوربوينت جامعي للطلاب في الكويت,العروض التقديمية,local,ar,
إعداد خطة بحث للباحثين في الكويت,خطة البحث والإطار النظري,local,ar,
تنسيق بحث جامعي للطلاب في الكويت,التدقيق والتنسيق,local,ar,
مساعدة النشر العلمي للطلاب في الكويت,النشر العلمي,local,ar,
support research proposal Kuwait,English services,commercial,en,
إعداد بحث جامعي للباحثين في الكويت,الأبحاث الجامعية,local,ar,
كتابة رسالة ماجستير للجامعات الكويتية,الماجستير,local,ar,
كتابة رسالة دكتوراه للجامعات الكويتية,الدكتوراه,local,ar,
تحليل إحصائي للرسائل للباحثين في الكويت,التحليل الإحصائي,local,ar,
إعداد استبيان بحثي للباحثين في الكويت,الاستبيانات,local,ar,
بوربوينت جامعي للباحثين في الكويت,العروض التقديمية,local,ar,
إعداد خطة بحث للجامعات الكويتية,خطة البحث والإطار النظري,local,ar,
تنسيق بحث جامعي للباحثين في الكويت,التدقيق والتنسيق,local,ar,
مساعدة النشر العلمي للباحثين في الكويت,النشر العلمي,local,ar,
consultation research proposal Kuwait,English services,commercial,en,
إعداد بحث جامعي للجامعات الكويتية,الأبحاث الجامعية,local,ar,
كتابة رسالة ماجستير جامعة الكويت,الماجستير,local,ar,
كتابة رسالة دكتوراه جامعة الكويت,الدكتوراه,local,ar,
تحليل إحصائي للرسائل للجامعات الكويتية,التحليل الإحصائي,local,ar,
إعداد استبيان بحثي للجامعات الكويتية,الاستبيانات,local,ar,
بوربوينت جامعي للجامعات الكويتية,العروض التقديمية,local,ar,
إعداد خطة بحث جامعة الكويت,خطة البحث والإطار النظري,local,ar,
تنسيق بحث جامعي للجامعات الكويتية,التدقيق والتنسيق,local,ar,
مساعدة النشر العلمي للجامعات الكويتية,النشر العلمي,local,ar,
research proposal Kuwait for Kuwait universities,English services,local,en,
إعداد بحث جامعي جامعة الكويت,الأبحاث الجامعية,local,ar,
كتابة رسالة ماجستير الهيئة العامة للتعليم التطبيقي,الماجستير,local,ar,
كتابة رسالة دكتوراه الهيئة العامة للتعليم التطبيقي,الدكتوراه,local,ar,
تحليل إحصائي للرسائل جامعة الكويت,التحليل الإحصائي,local,ar,
إعداد استبيان بحثي جامعة الكويت,الاستبيانات,local,ar,
بوربوينت جامعي جامعة الكويت,العروض التقديمية,local,ar,
إعداد خطة بحث الهيئة العامة للتعليم التطبيقي,خطة البحث والإطار النظري,local,ar,
تنسيق بحث جامعي جامعة الكويت,التدقيق والتنسيق,local,ar,
مساعدة النشر العلمي جامعة الكويت,النشر العلمي,local,ar,
professional theoretical framework Kuwait,English services,commercial,en,
إعداد بحث جامعي الهيئة العامة للتعليم التطبيقي,الأبحاث الجامعية,local,ar,
كتابة رسالة ماجستير التعليم العالي في الكويت,الماجستير,local,ar,
كتابة رسالة دكتوراه التعليم العالي في الكويت,الدكتوراه,local,ar,
تحليل إحصائي للرسائل الهيئة العامة للتعليم التطبيقي,التحليل الإحصائي,local,ar,
إعداد استبيان بحثي الهيئة العامة للتعليم التطبيقي,الاستبيانات,local,ar,
بوربوينت جامعي الهيئة العامة للتعليم التطبيقي,العروض التقديمية,local,ar,
إعداد خطة بحث التعليم العالي في الكويت,خطة البحث والإطار النظري,local,ar,
تنسيق بحث جامعي الهيئة العامة للتعليم التطبيقي,التدقيق والتنسيق,local,ar,
مساعدة النشر العلمي الهيئة العامة للتعليم التطبيقي,النشر العلمي,local,ar,
expert theoretical framework Kuwait,English services,commercial,en,
إعداد بحث جامعي التعليم العالي في الكويت,الأبحاث الجامعية,local,ar,
كتابة رسالة ماجستير في حولي,الماجستير,local,ar,
كتابة رسالة دكتوراه في حولي,الدكتوراه,local,ar,
تحليل إحصائي للرسائل التعليم العالي في الكويت,التحليل الإحصائي,local,ar,
إعداد استبيان بحثي التعليم العالي في الكويت,الاستبيانات,local,ar,
بوربوينت جامعي التعليم العالي في الكويت,العروض التقديمية,local,ar,
إعداد خطة بحث في حولي,خطة البحث والإطار النظري,local,ar,
تنسيق بحث جامعي التعليم العالي في الكويت,التدقيق والتنسيق,local,ar,
مساعدة النشر العلمي التعليم العالي في الكويت,النشر العلمي,local,ar,
affordable theoretical framework Kuwait,English services,commercial,en,
إعداد بحث جامعي في حولي,الأبحاث الجامعية,local,ar,
كتابة رسالة ماجستير في السالمية,الماجستير,local,ar,
كتابة رسالة دكتوراه في السالمية,الدكتوراه,local,ar,
تحليل إحصائي للرسائل في حولي,التحليل الإحصائي,local,ar,
إعداد استبيان بحثي في حولي,الاستبيانات,local,ar,
بوربوينت جامعي في حولي,العروض التقديمية,local,ar,
إعداد خطة بحث في السالمية,خطة البحث والإطار النظري,local,ar,
تنسيق بحث جامعي في حولي,التدقيق والتنسيق,local,ar,
مساعدة النشر العلمي في حولي,النشر العلمي,local,ar,
online theoretical framework Kuwait,English services,commercial,en,
إعداد بحث جامعي في السالمية,الأبحاث الجامعية,local,ar,
كتابة رسالة ماجستير في الفروانية,الماجستير,local,ar,
كتابة رسالة دكتوراه في الفروانية,الدكتوراه,local,ar,
تحليل إحصائي للرسائل في السالمية,التحليل الإحصائي,local,ar,
إعداد استبيان بحثي في السالمية,الاستبيانات,local,ar,
بوربوينت جامعي في السالمية,العروض التقديمية,local,ar,
إعداد خطة بحث في الفروانية,خطة البحث والإطار النظري,local,ar,
تنسيق بحث جامعي في السالمية,التدقيق والتنسيق,local,ar,
مساعدة النشر العلمي في السالمية,النشر العلمي,local,ar,
for students theoretical framework Kuwait,English services,commercial,en,
إعداد بحث جامعي في الفروانية,الأبحاث الجامعية,local,ar,
كتابة رسالة ماجستير في الجهراء,الماجستير,local,ar,
كتابة رسالة دكتوراه في الجهراء,الدكتوراه,local,ar,
تحليل إحصائي للرسائل في الفروانية,التحليل الإحصائي,local,ar,
إعداد استبيان بحثي في الفروانية,الاستبيانات,local,ar,
بوربوينت جامعي في الفروانية,العروض التقديمية,local,ar,
إعداد خطة بحث في الجهراء,خطة البحث والإطار النظري,local,ar,
تنسيق بحث جامعي في الفروانية,التدقيق والتنسيق,local,ar,
مساعدة النشر العلمي في الفروانية,النشر العلمي,local,ar,
for researchers theoretical framework Kuwait,English services,commercial,en,
إعداد بحث جامعي في الجهراء,الأبحاث الجامعية,local,ar,
كتابة رسالة ماجستير في الأحمدي,الماجستير,local,ar,
كتابة رسالة دكتوراه في الأحمدي,الدكتوراه,local,ar,
تحليل إحصائي للرسائل في الجهراء,التحليل الإحصائي,local,ar,
إعداد استبيان بحثي في الجهراء,الاستبيانات,local,ar,
بوربوينت جامعي في الجهراء,العروض التقديمية,local,ar,
إعداد خطة بحث في الأحمدي,خطة البحث والإطار النظري,local,ar,
تنسيق بحث جامعي في الجهراء,التدقيق والتنسيق,local,ar,
مساعدة النشر العلمي في الجهراء,النشر العلمي,local,ar,
near me theoretical framework Kuwait,English services,commercial,en,
إعداد بحث جامعي في الأحمدي,الأبحاث الجامعية,local,ar,
كتابة رسالة ماجستير في مبارك الكبير,الماجستير,local,ar,
كتابة رسالة دكتوراه في مبارك الكبير,الدكتوراه,local,ar,
تحليل إحصائي للرسائل في الأحمدي,التحليل الإحصائي,local,ar,
إعداد استبيان بحثي في الأحمدي,الاستبيانات,local,ar,
بوربوينت جامعي في الأحمدي,العروض التقديمية,local,ar,
إعداد خطة بحث في مبارك الكبير,خطة البحث والإطار النظري,local,ar,
تنسيق بحث جامعي في الأحمدي,التدقيق والتنسيق,local,ar,
مساعدة النشر العلمي في الأحمدي,النشر العلمي,local,ar,
best service theoretical framework Kuwait,English services,commercial,en,
إعداد بحث جامعي في مبارك الكبير,الأبحاث الجامعية,local,ar,
كتابة رسالة ماجستير في العاصمة الكويت,الماجستير,local,ar,
كتابة رسالة دكتوراه في العاصمة الكويت,الدكتوراه,local,ar,
تحليل إحصائي للرسائل في مبارك الكبير,التحليل الإحصائي,local,ar,
إعداد استبيان بحثي في مبارك الكبير,الاستبيانات,local,ar,
بوربوينت جامعي في مبارك الكبير,العروض التقديمية,local,ar,
إعداد خطة بحث في العاصمة الكويت,خطة البحث والإطار النظري,local,ar,
تنسيق بحث جامعي في مبارك الكبير,التدقيق والتنسيق,local,ar,
مساعدة النشر العلمي في مبارك الكبير,النشر العلمي,local,ar,
support theoretical framework Kuwait,English services,commercial,en,
إعداد بحث جامعي في العاصمة الكويت,الأبحاث الجامعية,local,ar,
كتابة رسالة ماجستير أونلاين في الكويت,الماجستير,local,ar,
كتابة رسالة دكتوراه أونلاين في الكويت,الدكتوراه,local,ar,
تحليل إحصائي للرسائل في العاصمة الكويت,التحليل الإحصائي,local,ar,
إعداد استبيان بحثي في العاصمة الكويت,الاستبيانات,local,ar,
بوربوينت جامعي في العاصمة الكويت,العروض التقديمية,local,ar,
إعداد خطة بحث أونلاين في الكويت,خطة البحث والإطار النظري,local,ar,
تنسيق بحث جامعي في العاصمة الكويت,التدقيق والتنسيق,local,ar,
مساعدة النشر العلمي في العاصمة الكويت,النشر العلمي,local,ar,
consultation theoretical framework Kuwait,English services,commercial,en,
إعداد بحث جامعي أونلاين في الكويت,الأبحاث الجامعية,local,ar,
كتابة رسالة ماجستير خدمة أكاديمية كويتية,الماجستير,local,ar,
كتابة رسالة دكتوراه خدمة أكاديمية كويتية,الدكتوراه,local,ar,
تحليل إحصائي للرسائل أونلاين في الكويت,التحليل الإحصائي,local,ar,
إعداد استبيان بحثي أونلاين في الكويت,الاستبيانات,local,ar,
بوربوينت جامعي أونلاين في الكويت,العروض التقديمية,local,ar,
إعداد خطة بحث خدمة أكاديمية كويتية,خطة البحث والإطار النظري,local,ar,
تنسيق بحث جامعي أونلاين في الكويت,التدقيق والتنسيق,local,ar,
مساعدة النشر العلمي أونلاين في الكويت,النشر العلمي,local,ar,
theoretical framework Kuwait for Kuwait universities,English services,local,en,
إعداد بحث جامعي خدمة أكاديمية كويتية,الأبحاث الجامعية,local,ar,
كتابة رسالة ماجستير مكتب خدمات طلابية الكويت,الماجستير,local,ar,
كتابة رسالة دكتوراه مكتب خدمات طلابية الكويت,الدكتوراه,local,ar,
تحليل إحصائي للرسائل خدمة أكاديمية كويتية,التحليل الإحصائي,local,ar,
إعداد استبيان بحثي خدمة أكاديمية كويتية,الاستبيانات,local,ar,
بوربوينت جامعي خدمة أكاديمية كويتية,العروض التقديمية,local,ar,
إعداد خطة بحث مكتب خدمات طلابية الكويت,خطة البحث والإطار النظري,local,ar,
تنسيق بحث جامعي خدمة أكاديمية كويتية,التدقيق والتنسيق,local,ar,
مساعدة النشر العلمي خدمة أكاديمية كويتية,النشر العلمي,local,ar,
professional SPSS analysis Kuwait,English services,commercial,en,
إعداد بحث جامعي مكتب خدمات طلابية الكويت,الأبحاث الجامعية,local,ar,
كتابة رسالة ماجستير أفضل خدمة في الكويت,الماجستير,local,ar,
كتابة رسالة دكتوراه أفضل خدمة في الكويت,الدكتوراه,local,ar,
تحليل إحصائي للرسائل مكتب خدمات طلابية الكويت,التحليل الإحصائي,local,ar,
إعداد استبيان بحثي مكتب خدمات طلابية الكويت,الاستبيانات,local,ar,
بوربوينت جامعي مكتب خدمات طلابية الكويت,العروض التقديمية,local,ar,
إعداد خطة بحث أفضل خدمة في الكويت,خطة البحث والإطار النظري,local,ar,
تنسيق بحث جامعي مكتب خدمات طلابية الكويت,التدقيق والتنسيق,local,ar,
مساعدة النشر العلمي مكتب خدمات طلابية الكويت,النشر العلمي,local,ar,
expert SPSS analysis Kuwait,English services,commercial,en,
إعداد بحث جامعي أفضل خدمة في الكويت,الأبحاث الجامعية,local,ar,
كتابة رسالة ماجستير احترافي,الماجستير,commercial,ar,
كتابة رسالة دكتوراه احترافي,الدكتوراه,commercial,ar,
تحليل إحصائي للرسائل أفضل خدمة في الكويت,التحليل الإحصائي,local,ar,
إعداد استبيان بحثي أفضل خدمة في الكويت,الاستبيانات,local,ar,
بوربوينت جامعي أفضل خدمة في الكويت,العروض التقديمية,local,ar,
إعداد خطة بحث احترافي,خطة البحث والإطار النظري,commercial,ar,
تنسيق بحث جامعي أفضل خدمة في الكويت,التدقيق والتنسيق,local,ar,
مساعدة النشر العلمي أفضل خدمة في الكويت,النشر العلمي,local,ar,
affordable SPSS analysis Kuwait,English services,commercial,en,
إعداد بحث جامعي احترافي,الأبحاث الجامعية,commercial,ar,
كتابة رسالة ماجستير متخصص,الماجستير,commercial,ar,
كتابة رسالة دكتوراه متخصص,الدكتوراه,commercial,ar,
تحليل إحصائي للرسائل احترافي,التحليل الإحصائي,commercial,ar,
إعداد استبيان بحثي احترافي,الاستبيانات,commercial,ar,
بوربوينت جامعي احترافي,العروض التقديمية,commercial,ar,
إعداد خطة بحث متخصص,خطة البحث والإطار النظري,commercial,ar,
تنسيق بحث جامعي احترافي,التدقيق والتنسيق,commercial,ar,
مساعدة النشر العلمي احترافي,النشر العلمي,commercial,ar,
online SPSS analysis Kuwait,English services,commercial,en,
إعداد بحث جامعي متخصص,الأبحاث الجامعية,commercial,ar,
كتابة رسالة ماجستير موثوق,الماجستير,commercial,ar,
كتابة رسالة دكتوراه موثوق,الدكتوراه,commercial,ar,
تحليل إحصائي للرسائل متخصص,التحليل الإحصائي,commercial,ar,
إعداد استبيان بحثي متخصص,الاستبيانات,commercial,ar,
بوربوينت جامعي متخصص,العروض التقديمية,commercial,ar,
إعداد خطة بحث موثوق,خطة البحث والإطار النظري,commercial,ar,
تنسيق بحث جامعي متخصص,التدقيق والتنسيق,commercial,ar,
مساعدة النشر العلمي متخصص,النشر العلمي,commercial,ar,
for students SPSS analysis Kuwait,English services,commercial,en,
إعداد بحث جامعي موثوق,الأبحاث الجامعية,commercial,ar,
كتابة رسالة ماجستير سريع,الماجستير,commercial,ar,
كتابة رسالة دكتوراه سريع,الدكتوراه,commercial,ar,
تحليل إحصائي للرسائل موثوق,التحليل الإحصائي,commercial,ar,
إعداد استبيان بحثي موثوق,الاستبيانات,commercial,ar,
بوربوينت جامعي موثوق,العروض التقديمية,commercial,ar,
إعداد خطة بحث سريع,خطة البحث والإطار النظري,commercial,ar,
تنسيق بحث جامعي موثوق,التدقيق والتنسيق,commercial,ar,
مساعدة النشر العلمي موثوق,النشر العلمي,commercial,ar,
for researchers SPSS analysis Kuwait,English services,commercial,en,
إعداد بحث جامعي سريع,الأبحاث الجامعية,commercial,ar,
كتابة رسالة ماجستير معتمد,الماجستير,commercial,ar,
كتابة رسالة دكتوراه معتمد,الدكتوراه,commercial,ar,
تحليل إحصائي للرسائل سريع,التحليل الإحصائي,commercial,ar,
إعداد استبيان بحثي سريع,الاستبيانات,commercial,ar,
بوربوينت جامعي سريع,العروض التقديمية,commercial,ar,
إعداد خطة بحث معتمد,خطة البحث والإطار النظري,commercial,ar,
تنسيق بحث جامعي سريع,التدقيق والتنسيق,commercial,ar,
مساعدة النشر العلمي سريع,النشر العلمي,commercial,ar,
near me SPSS analysis Kuwait,English services,commercial,en,
إعداد بحث جامعي معتمد,الأبحاث الجامعية,commercial,ar,
كتابة رسالة ماجستير متكامل,الماجستير,commercial,ar,
كتابة رسالة دكتوراه متكامل,الدكتوراه,commercial,ar,
تحليل إحصائي للرسائل معتمد,التحليل الإحصائي,commercial,ar,
إعداد استبيان بحثي معتمد,الاستبيانات,commercial,ar,
بوربوينت جامعي معتمد,العروض التقديمية,commercial,ar,
إعداد خطة بحث متكامل,خطة البحث والإطار النظري,commercial,ar,
تنسيق بحث جامعي معتمد,التدقيق والتنسيق,commercial,ar,
مساعدة النشر العلمي معتمد,النشر العلمي,commercial,ar,
best service SPSS analysis Kuwait,English services,commercial,en,
إعداد بحث جامعي متكامل,الأبحاث الجامعية,commercial,ar,
كتابة رسالة ماجستير عالي الجودة,الماجستير,commercial,ar,
كتابة رسالة دكتوراه عالي الجودة,الدكتوراه,commercial,ar,
تحليل إحصائي للرسائل متكامل,التحليل الإحصائي,commercial,ar,
إعداد استبيان بحثي متكامل,الاستبيانات,commercial,ar,
بوربوينت جامعي متكامل,العروض التقديمية,commercial,ar,
إعداد خطة بحث عالي الجودة,خطة البحث والإطار النظري,commercial,ar,
تنسيق بحث جامعي متكامل,التدقيق والتنسيق,commercial,ar,
مساعدة النشر العلمي متكامل,النشر العلمي,commercial,ar,
support SPSS analysis Kuwait,English services,commercial,en,
إعداد بحث جامعي عالي الجودة,الأبحاث الجامعية,commercial,ar,
كتابة رسالة ماجستير بأسعار مناسبة,الماجستير,commercial,ar,
كتابة رسالة دكتوراه بأسعار مناسبة,الدكتوراه,commercial,ar,
تحليل إحصائي للرسائل عالي الجودة,التحليل الإحصائي,commercial,ar,
إعداد استبيان بحثي عالي الجودة,الاستبيانات,commercial,ar,
بوربوينت جامعي عالي الجودة,العروض التقديمية,commercial,ar,
إعداد خطة بحث بأسعار مناسبة,خطة البحث والإطار النظري,commercial,ar,
تنسيق بحث جامعي عالي الجودة,التدقيق والتنسيق,commercial,ar,
مساعدة النشر العلمي عالي الجودة,النشر العلمي,commercial,ar,
consultation SPSS analysis Kuwait,English services,commercial,en,
إعداد بحث جامعي بأسعار مناسبة,الأبحاث الجامعية,commercial,ar,
كتابة رسالة ماجستير مع الحفاظ على الخصوصية,الماجستير,commercial,ar,
كتابة رسالة دكتوراه مع الحفاظ على الخصوصية,الدكتوراه,commercial,ar,
تحليل إحصائي للرسائل بأسعار مناسبة,التحليل الإحصائي,commercial,ar,
إعداد استبيان بحثي بأسعار مناسبة,الاستبيانات,commercial,ar,
بوربوينت جامعي بأسعار مناسبة,العروض التقديمية,commercial,ar,
إعداد خطة بحث مع الحفاظ على الخصوصية,خطة البحث والإطار النظري,commercial,ar,
تنسيق بحث جامعي بأسعار مناسبة,التدقيق والتنسيق,commercial,ar,
مساعدة النشر العلمي بأسعار مناسبة,النشر العلمي,commercial,ar,
SPSS analysis Kuwait for Kuwait universities,English services,local,en,
إعداد بحث جامعي مع الحفاظ على الخصوصية,الأبحاث الجامعية,commercial,ar,
كتابة رسالة ماجستير مع دعم أكاديمي,الماجستير,commercial,ar,
كتابة رسالة دكتوراه مع دعم أكاديمي,الدكتوراه,commercial,ar,
تحليل إحصائي للرسائل مع الحفاظ على الخصوصية,التحليل الإحصائي,commercial,ar,
إعداد استبيان بحثي مع الحفاظ على الخصوصية,الاستبيانات,commercial,ar,
بوربوينت جامعي مع الحفاظ على الخصوصية,العروض التقديمية,commercial,ar,
إعداد خطة بحث مع دعم أكاديمي,خطة البحث والإطار النظري,commercial,ar,
تنسيق بحث جامعي مع الحفاظ على الخصوصية,التدقيق والتنسيق,commercial,ar,
مساعدة النشر العلمي مع الحفاظ على الخصوصية,النشر العلمي,commercial,ar,
professional statistical analysis Kuwait,English services,commercial,en,
إعداد بحث جامعي مع دعم أكاديمي,الأبحاث الجامعية,commercial,ar,
كتابة رسالة ماجستير لطلاب البكالوريوس,الماجستير,commercial,ar,
كتابة رسالة دكتوراه لطلاب البكالوريوس,الدكتوراه,commercial,ar,
تحليل إحصائي للرسائل مع دعم أكاديمي,التحليل الإحصائي,commercial,ar,
إعداد استبيان بحثي مع دعم أكاديمي,الاستبيانات,commercial,ar,
بوربوينت جامعي مع دعم أكاديمي,العروض التقديمية,commercial,ar,
إعداد خطة بحث لطلاب البكالوريوس,خطة البحث والإطار النظري,commercial,ar,
تنسيق بحث جامعي مع دعم أكاديمي,التدقيق والتنسيق,commercial,ar,
مساعدة النشر العلمي مع دعم أكاديمي,النشر العلمي,commercial,ar,
expert statistical analysis Kuwait,English services,commercial,en,
إعداد بحث جامعي لطلاب البكالوريوس,الأبحاث الجامعية,commercial,ar,
كتابة رسالة ماجستير لطلاب الدراسات العليا,الماجستير,commercial,ar,
كتابة رسالة دكتوراه لطلاب الدراسات العليا,الدكتوراه,commercial,ar,
تحليل إحصائي للرسائل لطلاب البكالوريوس,التحليل الإحصائي,commercial,ar,
إعداد استبيان بحثي لطلاب البكالوريوس,الاستبيانات,commercial,ar,
بوربوينت جامعي لطلاب البكالوريوس,العروض التقديمية,commercial,ar,
إعداد خطة بحث لطلاب الدراسات العليا,خطة البحث والإطار النظري,commercial,ar,
تنسيق بحث جامعي لطلاب البكالوريوس,التدقيق والتنسيق,commercial,ar,
مساعدة النشر العلمي لطلاب البكالوريوس,النشر العلمي,commercial,ar,
affordable statistical analysis Kuwait,English services,commercial,en,
إعداد بحث جامعي لطلاب الدراسات العليا,الأبحاث الجامعية,commercial,ar,
كتابة رسالة ماجستير لطلاب الماجستير,الماجستير,commercial,ar,
كتابة رسالة دكتوراه لطلاب الماجستير,الدكتوراه,commercial,ar,
تحليل إحصائي للرسائل لطلاب الدراسات العليا,التحليل الإحصائي,commercial,ar,
إعداد استبيان بحثي لطلاب الدراسات العليا,الاستبيانات,commercial,ar,
بوربوينت جامعي لطلاب الدراسات العليا,العروض التقديمية,commercial,ar,
إعداد خطة بحث لطلاب الماجستير,خطة البحث والإطار النظري,commercial,ar,
تنسيق بحث جامعي لطلاب الدراسات العليا,التدقيق والتنسيق,commercial,ar,
مساعدة النشر العلمي لطلاب الدراسات العليا,النشر العلمي,commercial,ar,
online statistical analysis Kuwait,English services,commercial,en,
إعداد بحث جامعي لطلاب الماجستير,الأبحاث الجامعية,commercial,ar,
كتابة رسالة ماجستير لطلاب الدكتوراه,الماجستير,commercial,ar,
كتابة رسالة دكتوراه لطلاب الدكتوراه,الدكتوراه,commercial,ar,
تحليل إحصائي للرسائل لطلاب الماجستير,التحليل الإحصائي,commercial,ar,
إعداد استبيان بحثي لطلاب الماجستير,الاستبيانات,commercial,ar,
بوربوينت جامعي لطلاب الماجستير,العروض التقديمية,commercial,ar,
إعداد خطة بحث لطلاب الدكتوراه,خطة البحث والإطار النظري,commercial,ar,
تنسيق بحث جامعي لطلاب الماجستير,التدقيق والتنسيق,commercial,ar,
مساعدة النشر العلمي لطلاب الماجستير,النشر العلمي,commercial,ar,
for students statistical analysis Kuwait,English services,commercial,en,
إعداد بحث جامعي لطلاب الدكتوراه,الأبحاث الجامعية,commercial,ar,
كتابة رسالة ماجستير باللغة العربية,الماجستير,commercial,ar,
كتابة رسالة دكتوراه باللغة العربية,الدكتوراه,commercial,ar,
تحليل إحصائي للرسائل لطلاب الدكتوراه,التحليل الإحصائي,commercial,ar,
إعداد استبيان بحثي لطلاب الدكتوراه,الاستبيانات,commercial,ar,
بوربوينت جامعي لطلاب الدكتوراه,العروض التقديمية,commercial,ar,
إعداد خطة بحث باللغة العربية,خطة البحث والإطار النظري,commercial,ar,
تنسيق بحث جامعي لطلاب الدكتوراه,التدقيق والتنسيق,commercial,ar,
مساعدة النشر العلمي لطلاب الدكتوراه,النشر العلمي,commercial,ar,
for researchers statistical analysis Kuwait,English services,commercial,en,
إعداد بحث جامعي باللغة العربية,الأبحاث الجامعية,commercial,ar,
كتابة رسالة ماجستير باللغة الإنجليزية,الماجستير,commercial,ar,
كتابة رسالة دكتوراه باللغة الإنجليزية,الدكتوراه,commercial,ar,
تحليل إحصائي للرسائل باللغة العربية,التحليل الإحصائي,commercial,ar,
إعداد استبيان بحثي باللغة العربية,الاستبيانات,commercial,ar,
بوربوينت جامعي باللغة العربية,العروض التقديمية,commercial,ar,
إعداد خطة بحث باللغة الإنجليزية,خطة البحث والإطار النظري,commercial,ar,
تنسيق بحث جامعي باللغة العربية,التدقيق والتنسيق,commercial,ar,
مساعدة النشر العلمي باللغة العربية,النشر العلمي,commercial,ar,
near me statistical analysis Kuwait,English services,commercial,en,
إعداد بحث جامعي باللغة الإنجليزية,الأبحاث الجامعية,commercial,ar,
كتابة رسالة ماجستير عربي وإنجليزي,الماجستير,commercial,ar,
كتابة رسالة دكتوراه عربي وإنجليزي,الدكتوراه,commercial,ar,
تحليل إحصائي للرسائل باللغة الإنجليزية,التحليل الإحصائي,commercial,ar,
إعداد استبيان بحثي باللغة الإنجليزية,الاستبيانات,commercial,ar,
بوربوينت جامعي باللغة الإنجليزية,العروض التقديمية,commercial,ar,
إعداد خطة بحث عربي وإنجليزي,خطة البحث والإطار النظري,commercial,ar,
تنسيق بحث جامعي باللغة الإنجليزية,التدقيق والتنسيق,commercial,ar,
مساعدة النشر العلمي باللغة الإنجليزية,النشر العلمي,commercial,ar,
best service statistical analysis Kuwait,English services,commercial,en,
إعداد بحث جامعي عربي وإنجليزي,الأبحاث الجامعية,commercial,ar,
كتابة رسالة ماجستير عن بعد,الماجستير,commercial,ar,
كتابة رسالة دكتوراه عن بعد,الدكتوراه,commercial,ar,
تحليل إحصائي للرسائل عربي وإنجليزي,التحليل الإحصائي,commercial,ar,
إعداد استبيان بحثي عربي وإنجليزي,الاستبيانات,commercial,ar,
بوربوينت جامعي عربي وإنجليزي,العروض التقديمية,commercial,ar,
إعداد خطة بحث عن بعد,خطة البحث والإطار النظري,commercial,ar,
تنسيق بحث جامعي عربي وإنجليزي,التدقيق والتنسيق,commercial,ar,
مساعدة النشر العلمي عربي وإنجليزي,النشر العلمي,commercial,ar,
support statistical analysis Kuwait,English services,commercial,en,
إعداد بحث جامعي عن بعد,الأبحاث الجامعية,commercial,ar,
كتابة رسالة ماجستير عاجل,الماجستير,commercial,ar,
كتابة رسالة دكتوراه عاجل,الدكتوراه,commercial,ar,
تحليل إحصائي للرسائل عن بعد,التحليل الإحصائي,commercial,ar,
إعداد استبيان بحثي عن بعد,الاستبيانات,commercial,ar,
بوربوينت جامعي عن بعد,العروض التقديمية,commercial,ar,
إعداد خطة بحث عاجل,خطة البحث والإطار النظري,commercial,ar,
تنسيق بحث جامعي عن بعد,التدقيق والتنسيق,commercial,ar,
مساعدة النشر العلمي عن بعد,النشر العلمي,commercial,ar,
consultation statistical analysis Kuwait,English services,commercial,en,
إعداد بحث جامعي عاجل,الأبحاث الجامعية,commercial,ar,
كتابة رسالة ماجستير حسب متطلبات الجامعة,الماجستير,commercial,ar,
كتابة رسالة دكتوراه حسب متطلبات الجامعة,الدكتوراه,commercial,ar,
تحليل إحصائي للرسائل عاجل,التحليل الإحصائي,commercial,ar,
إعداد استبيان بحثي عاجل,الاستبيانات,commercial,ar,
بوربوينت جامعي عاجل,العروض التقديمية,commercial,ar,
إعداد خطة بحث حسب متطلبات الجامعة,خطة البحث والإطار النظري,commercial,ar,
تنسيق بحث جامعي عاجل,التدقيق والتنسيق,commercial,ar,
مساعدة النشر العلمي عاجل,النشر العلمي,commercial,ar,
statistical analysis Kuwait for Kuwait universities,English services,local,en,
إعداد بحث جامعي حسب متطلبات الجامعة,الأبحاث الجامعية,commercial,ar,
طلب كتابة رسالة ماجستير في الكويت,الماجستير,transactional,ar,
طلب كتابة رسالة دكتوراه في الكويت,الدكتوراه,transactional,ar,
تحليل إحصائي للرسائل حسب متطلبات الجامعة,التحليل الإحصائي,commercial,ar,
إعداد استبيان بحثي حسب متطلبات الجامعة,الاستبيانات,commercial,ar,
بوربوينت جامعي حسب متطلبات الجامعة,العروض التقديمية,commercial,ar,
طلب إعداد خطة بحث في الكويت,خطة البحث والإطار النظري,transactional,ar,
تنسيق بحث جامعي حسب متطلبات الجامعة,التدقيق والتنسيق,commercial,ar,
مساعدة النشر العلمي حسب متطلبات الجامعة,النشر العلمي,commercial,ar,
professional survey design Kuwait,English services,commercial,en,
طلب إعداد بحث جامعي في الكويت,الأبحاث الجامعية,transactional,ar,
سعر كتابة رسالة ماجستير في الكويت,الماجستير,transactional,ar,
سعر كتابة رسالة دكتوراه في الكويت,الدكتوراه,transactional,ar,
طلب تحليل إحصائي للرسائل في الكويت,التحليل الإحصائي,transactional,ar,
طلب إعداد استبيان بحثي في الكويت,الاستبيانات,transactional,ar,
طلب بوربوينت جامعي في الكويت,العروض التقديمية,transactional,ar,
سعر إعداد خطة بحث في الكويت,خطة البحث والإطار النظري,transactional,ar,
طلب تنسيق بحث جامعي في الكويت,التدقيق والتنسيق,transactional,ar,
طلب مساعدة النشر العلمي في الكويت,النشر العلمي,transactional,ar,
expert survey design Kuwait,English services,commercial,en,
سعر إعداد بحث جامعي في الكويت,الأبحاث الجامعية,transactional,ar,
أسعار كتابة رسالة ماجستير في الكويت,الماجستير,transactional,ar,
أسعار كتابة رسالة دكتوراه في الكويت,الدكتوراه,transactional,ar,
سعر تحليل إحصائي للرسائل في الكويت,التحليل الإحصائي,transactional,ar,
سعر إعداد استبيان بحثي في الكويت,الاستبيانات,transactional,ar,
سعر بوربوينت جامعي في الكويت,العروض التقديمية,transactional,ar,
أسعار إعداد خطة بحث في الكويت,خطة البحث والإطار النظري,transactional,ar,
سعر تنسيق بحث جامعي في الكويت,التدقيق والتنسيق,transactional,ar,
سعر مساعدة النشر العلمي في الكويت,النشر العلمي,transactional,ar,
affordable survey design Kuwait,English services,commercial,en,
أسعار إعداد بحث جامعي في الكويت,الأبحاث الجامعية,transactional,ar,
أفضل كتابة رسالة ماجستير في الكويت,الماجستير,transactional,ar,
أفضل كتابة رسالة دكتوراه في الكويت,الدكتوراه,transactional,ar,
أسعار تحليل إحصائي للرسائل في الكويت,التحليل الإحصائي,transactional,ar,
أسعار إعداد استبيان بحثي في الكويت,الاستبيانات,transactional,ar,
أسعار بوربوينت جامعي في الكويت,العروض التقديمية,transactional,ar,
أفضل إعداد خطة بحث في الكويت,خطة البحث والإطار النظري,transactional,ar,
أسعار تنسيق بحث جامعي في الكويت,التدقيق والتنسيق,transactional,ar,
أسعار مساعدة النشر العلمي في الكويت,النشر العلمي,transactional,ar,
online survey design Kuwait,English services,commercial,en,
أفضل إعداد بحث جامعي في الكويت,الأبحاث الجامعية,transactional,ar,
مكتب كتابة رسالة ماجستير في الكويت,الماجستير,transactional,ar,
مكتب كتابة رسالة دكتوراه في الكويت,الدكتوراه,transactional,ar,
أفضل تحليل إحصائي للرسائل في الكويت,التحليل الإحصائي,transactional,ar,
أفضل إعداد استبيان بحثي في الكويت,الاستبيانات,transactional,ar,
أفضل بوربوينت جامعي في الكويت,العروض التقديمية,transactional,ar,
مكتب إعداد خطة بحث في الكويت,خطة البحث والإطار النظري,transactional,ar,
أفضل تنسيق بحث جامعي في الكويت,التدقيق والتنسيق,transactional,ar,
أفضل مساعدة النشر العلمي في الكويت,النشر العلمي,transactional,ar,
for students survey design Kuwait,English services,commercial,en,
مكتب إعداد بحث جامعي في الكويت,الأبحاث الجامعية,transactional,ar,
شركة كتابة رسالة ماجستير في الكويت,الماجستير,transactional,ar,
شركة كتابة رسالة دكتوراه في الكويت,الدكتوراه,transactional,ar,
مكتب تحليل إحصائي للرسائل في الكويت,التحليل الإحصائي,transactional,ar,
مكتب إعداد استبيان بحثي في الكويت,الاستبيانات,transactional,ar,
مكتب بوربوينت جامعي في الكويت,العروض التقديمية,transactional,ar,
شركة إعداد خطة بحث في الكويت,خطة البحث والإطار النظري,transactional,ar,
مكتب تنسيق بحث جامعي في الكويت,التدقيق والتنسيق,transactional,ar,
مكتب مساعدة النشر العلمي في الكويت,النشر العلمي,transactional,ar,
for researchers survey design Kuwait,English services,commercial,en,
شركة إعداد بحث جامعي في الكويت,الأبحاث الجامعية,transactional,ar,
خدمة كتابة رسالة ماجستير في الكويت,الماجستير,transactional,ar,
خدمة كتابة رسالة دكتوراه في الكويت,الدكتوراه,transactional,ar,
شركة تحليل إحصائي للرسائل في الكويت,التحليل الإحصائي,transactional,ar,
شركة إعداد استبيان بحثي في الكويت,الاستبيانات,transactional,ar,
شركة بوربوينت جامعي في الكويت,العروض التقديمية,transactional,ar,
خدمة إعداد خطة بحث في الكويت,خطة البحث والإطار النظري,transactional,ar,
شركة تنسيق بحث جامعي في الكويت,التدقيق والتنسيق,transactional,ar,
شركة مساعدة النشر العلمي في الكويت,النشر العلمي,transactional,ar,
near me survey design Kuwait,English services,commercial,en,
خدمة إعداد بحث جامعي في الكويت,الأبحاث الجامعية,transactional,ar,
مساعدة كتابة رسالة ماجستير في الكويت,الماجستير,transactional,ar,
مساعدة كتابة رسالة دكتوراه في الكويت,الدكتوراه,transactional,ar,
خدمة تحليل إحصائي للرسائل في الكويت,التحليل الإحصائي,transactional,ar,
خدمة إعداد استبيان بحثي في الكويت,الاستبيانات,transactional,ar,
خدمة بوربوينت جامعي في الكويت,العروض التقديمية,transactional,ar,
مساعدة إعداد خطة بحث في الكويت,خطة البحث والإطار النظري,transactional,ar,
خدمة تنسيق بحث جامعي في الكويت,التدقيق والتنسيق,transactional,ar,
خدمة مساعدة النشر العلمي في الكويت,النشر العلمي,transactional,ar,
best service survey design Kuwait,English services,commercial,en,
مساعدة إعداد بحث جامعي في الكويت,الأبحاث الجامعية,transactional,ar,
متابعة كتابة رسالة ماجستير في الكويت,الماجستير,transactional,ar,
متابعة كتابة رسالة دكتوراه في الكويت,الدكتوراه,transactional,ar,
مساعدة تحليل إحصائي للرسائل في الكويت,التحليل الإحصائي,transactional,ar,
مساعدة إعداد استبيان بحثي في الكويت,الاستبيانات,transactional,ar,
مساعدة بوربوينت جامعي في الكويت,العروض التقديمية,transactional,ar,
متابعة إعداد خطة بحث في الكويت,خطة البحث والإطار النظري,transactional,ar,
مساعدة تنسيق بحث جامعي في الكويت,التدقيق والتنسيق,transactional,ar,
مساعدة مساعدة النشر العلمي في الكويت,النشر العلمي,transactional,ar,
support survey design Kuwait,English services,commercial,en,
متابعة إعداد بحث جامعي في الكويت,الأبحاث الجامعية,transactional,ar,
استشارة كتابة رسالة ماجستير في الكويت,الماجستير,transactional,ar,
استشارة كتابة رسالة دكتوراه في الكويت,الدكتوراه,transactional,ar,
متابعة تحليل إحصائي للرسائل في الكويت,التحليل الإحصائي,transactional,ar,
متابعة إعداد استبيان بحثي في الكويت,الاستبيانات,transactional,ar,
متابعة بوربوينت جامعي في الكويت,العروض التقديمية,transactional,ar,
استشارة إعداد خطة بحث في الكويت,خطة البحث والإطار النظري,transactional,ar,
متابعة تنسيق بحث جامعي في الكويت,التدقيق والتنسيق,transactional,ar,
متابعة مساعدة النشر العلمي في الكويت,النشر العلمي,transactional,ar,
consultation survey design Kuwait,English services,commercial,en,
استشارة إعداد بحث جامعي في الكويت,الأبحاث الجامعية,transactional,ar,
دعم كتابة رسالة ماجستير في الكويت,الماجستير,transactional,ar,
دعم كتابة رسالة دكتوراه في الكويت,الدكتوراه,transactional,ar,
استشارة تحليل إحصائي للرسائل في الكويت,التحليل الإحصائي,transactional,ar,
استشارة إعداد استبيان بحثي في الكويت,الاستبيانات,transactional,ar,
استشارة بوربوينت جامعي في الكويت,العروض التقديمية,transactional,ar,
دعم إعداد خطة بحث في الكويت,خطة البحث والإطار النظري,transactional,ar,
استشارة تنسيق بحث جامعي في الكويت,التدقيق والتنسيق,transactional,ar,
استشارة مساعدة النشر العلمي في الكويت,النشر العلمي,transactional,ar,
survey design Kuwait for Kuwait universities,English services,local,en,
دعم إعداد بحث جامعي في الكويت,الأبحاث الجامعية,transactional,ar,
حل كتابة رسالة ماجستير في الكويت,الماجستير,transactional,ar,
حل كتابة رسالة دكتوراه في الكويت,الدكتوراه,transactional,ar,
دعم تحليل إحصائي للرسائل في الكويت,التحليل الإحصائي,transactional,ar,
دعم إعداد استبيان بحثي في الكويت,الاستبيانات,transactional,ar,
دعم بوربوينت جامعي في الكويت,العروض التقديمية,transactional,ar,
حل إعداد خطة بحث في الكويت,خطة البحث والإطار النظري,transactional,ar,
دعم تنسيق بحث جامعي في الكويت,التدقيق والتنسيق,transactional,ar,
دعم مساعدة النشر العلمي في الكويت,النشر العلمي,transactional,ar,
professional academic presentation Kuwait,English services,commercial,en,
حل إعداد بحث جامعي في الكويت,الأبحاث الجامعية,transactional,ar,
مراجعة كتابة رسالة ماجستير في الكويت,الماجستير,transactional,ar,
مراجعة كتابة رسالة دكتوراه في الكويت,الدكتوراه,transactional,ar,
حل تحليل إحصائي للرسائل في الكويت,التحليل الإحصائي,transactional,ar,
حل إعداد استبيان بحثي في الكويت,الاستبيانات,transactional,ar,
حل بوربوينت جامعي في الكويت,العروض التقديمية,transactional,ar,
مراجعة إعداد خطة بحث في الكويت,خطة البحث والإطار النظري,transactional,ar,
حل تنسيق بحث جامعي في الكويت,التدقيق والتنسيق,transactional,ar,
حل مساعدة النشر العلمي في الكويت,النشر العلمي,transactional,ar,
expert academic presentation Kuwait,English services,commercial,en,
مراجعة إعداد بحث جامعي في الكويت,الأبحاث الجامعية,transactional,ar,
تدقيق كتابة رسالة ماجستير في الكويت,الماجستير,transactional,ar,
تدقيق كتابة رسالة دكتوراه في الكويت,الدكتوراه,transactional,ar,
مراجعة تحليل إحصائي للرسائل في الكويت,التحليل الإحصائي,transactional,ar,
مراجعة إعداد استبيان بحثي في الكويت,الاستبيانات,transactional,ar,
مراجعة بوربوينت جامعي في الكويت,العروض التقديمية,transactional,ar,
تدقيق إعداد خطة بحث في الكويت,خطة البحث والإطار النظري,transactional,ar,
مراجعة تنسيق بحث جامعي في الكويت,التدقيق والتنسيق,transactional,ar,
مراجعة مساعدة النشر العلمي في الكويت,النشر العلمي,transactional,ar,
affordable academic presentation Kuwait,English services,commercial,en,
تدقيق إعداد بحث جامعي في الكويت,الأبحاث الجامعية,transactional,ar,
تنسيق كتابة رسالة ماجستير في الكويت,الماجستير,transactional,ar,
تنسيق كتابة رسالة دكتوراه في الكويت,الدكتوراه,transactional,ar,
تدقيق تحليل إحصائي للرسائل في الكويت,التحليل الإحصائي,transactional,ar,
تدقيق إعداد استبيان بحثي في الكويت,الاستبيانات,transactional,ar,
تدقيق بوربوينت جامعي في الكويت,العروض التقديمية,transactional,ar,
تنسيق إعداد خطة بحث في الكويت,خطة البحث والإطار النظري,transactional,ar,
تدقيق تنسيق بحث جامعي في الكويت,التدقيق والتنسيق,transactional,ar,
تدقيق مساعدة النشر العلمي في الكويت,النشر العلمي,transactional,ar,
online academic presentation Kuwait,English services,commercial,en,
تنسيق إعداد بحث جامعي في الكويت,الأبحاث الجامعية,transactional,ar,
إعداد كتابة رسالة ماجستير في الكويت,الماجستير,transactional,ar,
إعداد كتابة رسالة دكتوراه في الكويت,الدكتوراه,transactional,ar,
تنسيق تحليل إحصائي للرسائل في الكويت,التحليل الإحصائي,transactional,ar,
تنسيق إعداد استبيان بحثي في الكويت,الاستبيانات,transactional,ar,
تنسيق بوربوينت جامعي في الكويت,العروض التقديمية,transactional,ar,
إعداد إعداد خطة بحث في الكويت,خطة البحث والإطار النظري,transactional,ar,
تنسيق تنسيق بحث جامعي في الكويت,التدقيق والتنسيق,transactional,ar,
تنسيق مساعدة النشر العلمي في الكويت,النشر العلمي,transactional,ar,
for students academic presentation Kuwait,English services,commercial,en,
إعداد إعداد بحث جامعي في الكويت,الأبحاث الجامعية,transactional,ar,
كتابة كتابة رسالة ماجستير في الكويت,الماجستير,transactional,ar,
كتابة كتابة رسالة دكتوراه في الكويت,الدكتوراه,transactional,ar,
إعداد تحليل إحصائي للرسائل في الكويت,التحليل الإحصائي,transactional,ar,
إعداد إعداد استبيان بحثي في الكويت,الاستبيانات,transactional,ar,
إعداد بوربوينت جامعي في الكويت,العروض التقديمية,transactional,ar,
كتابة إعداد خطة بحث في الكويت,خطة البحث والإطار النظري,transactional,ar,
إعداد تنسيق بحث جامعي في الكويت,التدقيق والتنسيق,transactional,ar,
إعداد مساعدة النشر العلمي في الكويت,النشر العلمي,transactional,ar,
for researchers academic presentation Kuwait,English services,commercial,en,
كتابة إعداد بحث جامعي في الكويت,الأبحاث الجامعية,transactional,ar,
تصميم كتابة رسالة ماجستير في الكويت,الماجستير,transactional,ar,
تصميم كتابة رسالة دكتوراه في الكويت,الدكتوراه,transactional,ar,
كتابة تحليل إحصائي للرسائل في الكويت,التحليل الإحصائي,transactional,ar,
كتابة إعداد استبيان بحثي في الكويت,الاستبيانات,transactional,ar,
كتابة بوربوينت جامعي في الكويت,العروض التقديمية,transactional,ar,
تصميم إعداد خطة بحث في الكويت,خطة البحث والإطار النظري,transactional,ar,
كتابة تنسيق بحث جامعي في الكويت,التدقيق والتنسيق,transactional,ar,
كتابة مساعدة النشر العلمي في الكويت,النشر العلمي,transactional,ar,
near me academic presentation Kuwait,English services,commercial,en,
تصميم إعداد بحث جامعي في الكويت,الأبحاث الجامعية,transactional,ar,
تحليل كتابة رسالة ماجستير في الكويت,الماجستير,transactional,ar,
تحليل كتابة رسالة دكتوراه في الكويت,الدكتوراه,transactional,ar,
تصميم تحليل إحصائي للرسائل في الكويت,التحليل الإحصائي,transactional,ar,
تصميم إعداد استبيان بحثي في الكويت,الاستبيانات,transactional,ar,
تصميم بوربوينت جامعي في الكويت,العروض التقديمية,transactional,ar,
تحليل إعداد خطة بحث في الكويت,خطة البحث والإطار النظري,transactional,ar,
تصميم تنسيق بحث جامعي في الكويت,التدقيق والتنسيق,transactional,ar,
تصميم مساعدة النشر العلمي في الكويت,النشر العلمي,transactional,ar,
best service academic presentation Kuwait,English services,commercial,en,
تحليل إعداد بحث جامعي في الكويت,الأبحاث الجامعية,transactional,ar,
تفسير كتابة رسالة ماجستير في الكويت,الماجستير,transactional,ar,
تفسير كتابة رسالة دكتوراه في الكويت,الدكتوراه,transactional,ar,
تحليل تحليل إحصائي للرسائل في الكويت,التحليل الإحصائي,transactional,ar,
تحليل إعداد استبيان بحثي في الكويت,الاستبيانات,transactional,ar,
تحليل بوربوينت جامعي في الكويت,العروض التقديمية,transactional,ar,
تفسير إعداد خطة بحث في الكويت,خطة البحث والإطار النظري,transactional,ar,
تحليل تنسيق بحث جامعي في الكويت,التدقيق والتنسيق,transactional,ar,
تحليل مساعدة النشر العلمي في الكويت,النشر العلمي,transactional,ar,
support academic presentation Kuwait,English services,commercial,en,
تفسير إعداد بحث جامعي في الكويت,الأبحاث الجامعية,transactional,ar,
إعداد رسالة ماجستير بالكويت,الماجستير,local,ar,
إعداد أطروحة دكتوراه في الكويت,الدكتوراه,local,ar,
تفسير تحليل إحصائي للرسائل في الكويت,التحليل الإحصائي,transactional,ar,
تفسير إعداد استبيان بحثي في الكويت,الاستبيانات,transactional,ar,
تفسير بوربوينت جامعي في الكويت,العروض التقديمية,transactional,ar,
كتابة الإطار النظري في الكويت,خطة البحث والإطار النظري,local,ar,
تفسير تنسيق بحث جامعي في الكويت,التدقيق والتنسيق,transactional,ar,
تفسير مساعدة النشر العلمي في الكويت,النشر العلمي,transactional,ar,
consultation academic presentation Kuwait,English services,commercial,en,
عمل بحث جامعي في الكويت,الأبحاث الجامعية,local,ar,
إعداد رسالة ماجستير لطلاب الكويت,الماجستير,local,ar,
إعداد أطروحة دكتوراه بالكويت,الدكتوراه,local,ar,
تحليل SPSS في الكويت,التحليل الإحصائي,local,ar,
استبيان إلكتروني في الكويت,الاستبيانات,local,ar,
عرض مناقشة الماجستير في الكويت,العروض التقديمية,local,ar,
كتابة الإطار النظري بالكويت,خطة البحث والإطار النظري,local,ar,
تنسيق رسالة علمية في الكويت,التدقيق والتنسيق,local,ar,
مجلات علمية محكمة في الكويت,النشر العلمي,local,ar,
academic presentation Kuwait for Kuwait universities,English services,local,en,
عمل بحث جامعي بالكويت,الأبحاث الجامعية,local,ar,
إعداد رسالة ماجستير للطلاب في الكويت,الماجستير,local,ar,
إعداد أطروحة دكتوراه لطلاب الكويت,الدكتوراه,local,ar,
تحليل SPSS بالكويت,التحليل الإحصائي,local,ar,
استبيان إلكتروني بالكويت,الاستبيانات,local,ar,
عرض مناقشة الماجستير بالكويت,العروض التقديمية,local,ar,
كتابة الإطار النظري لطلاب الكويت,خطة البحث والإطار النظري,local,ar,
تنسيق رسالة علمية بالكويت,التدقيق والتنسيق,local,ar,
مجلات علمية محكمة بالكويت,النشر العلمي,local,ar,
professional PowerPoint presentation Kuwait,English services,commercial,en,
عمل بحث جامعي لطلاب الكويت,الأبحاث الجامعية,local,ar,
إعداد رسالة ماجستير للباحثين في الكويت,الماجستير,local,ar,
إعداد أطروحة دكتوراه للطلاب في الكويت,الدكتوراه,local,ar,
تحليل SPSS لطلاب الكويت,التحليل الإحصائي,local,ar,
استبيان إلكتروني لطلاب الكويت,الاستبيانات,local,ar,
عرض مناقشة الماجستير لطلاب الكويت,العروض التقديمية,local,ar,
كتابة الإطار النظري للطلاب في الكويت,خطة البحث والإطار النظري,local,ar,
تنسيق رسالة علمية لطلاب الكويت,التدقيق والتنسيق,local,ar,
مجلات علمية محكمة لطلاب الكويت,النشر العلمي,local,ar,
expert PowerPoint presentation Kuwait,English services,commercial,en,
عمل بحث جامعي للطلاب في الكويت,الأبحاث الجامعية,local,ar,
إعداد رسالة ماجستير للجامعات الكويتية,الماجستير,local,ar,
إعداد أطروحة دكتوراه للباحثين في الكويت,الدكتوراه,local,ar,
تحليل SPSS للطلاب في الكويت,التحليل الإحصائي,local,ar,
استبيان إلكتروني للطلاب في الكويت,الاستبيانات,local,ar,
عرض مناقشة الماجستير للطلاب في الكويت,العروض التقديمية,local,ar,
كتابة الإطار النظري للباحثين في الكويت,خطة البحث والإطار النظري,local,ar,
تنسيق رسالة علمية للطلاب في الكويت,التدقيق والتنسيق,local,ar,
مجلات علمية محكمة للطلاب في الكويت,النشر العلمي,local,ar,
affordable PowerPoint presentation Kuwait,English services,commercial,en,
عمل بحث جامعي للباحثين في الكويت,الأبحاث الجامعية,local,ar,
إعداد رسالة ماجستير جامعة الكويت,الماجستير,local,ar,
إعداد أطروحة دكتوراه للجامعات الكويتية,الدكتوراه,local,ar,
تحليل SPSS للباحثين في الكويت,التحليل الإحصائي,local,ar,
استبيان إلكتروني للباحثين في الكويت,الاستبيانات,local,ar,
عرض مناقشة الماجستير للباحثين في الكويت,العروض التقديمية,local,ar,
كتابة الإطار النظري للجامعات الكويتية,خطة البحث والإطار النظري,local,ar,
تنسيق رسالة علمية للباحثين في الكويت,التدقيق والتنسيق,local,ar,
مجلات علمية محكمة للباحثين في الكويت,النشر العلمي,local,ar,
online PowerPoint presentation Kuwait,English services,commercial,en,
عمل بحث جامعي للجامعات الكويتية,الأبحاث الجامعية,local,ar,
إعداد رسالة ماجستير الهيئة العامة للتعليم التطبيقي,الماجستير,local,ar,
إعداد أطروحة دكتوراه جامعة الكويت,الدكتوراه,local,ar,
تحليل SPSS للجامعات الكويتية,التحليل الإحصائي,local,ar,
استبيان إلكتروني للجامعات الكويتية,الاستبيانات,local,ar,
عرض مناقشة الماجستير للجامعات الكويتية,العروض التقديمية,local,ar,
كتابة الإطار النظري جامعة الكويت,خطة البحث والإطار النظري,local,ar,
تنسيق رسالة علمية للجامعات الكويتية,التدقيق والتنسيق,local,ar,
مجلات علمية محكمة للجامعات الكويتية,النشر العلمي,local,ar,
for students PowerPoint presentation Kuwait,English services,commercial,en,
عمل بحث جامعي جامعة الكويت,الأبحاث الجامعية,local,ar,
إعداد رسالة ماجستير التعليم العالي في الكويت,الماجستير,local,ar,
إعداد أطروحة دكتوراه الهيئة العامة للتعليم التطبيقي,الدكتوراه,local,ar,
تحليل SPSS جامعة الكويت,التحليل الإحصائي,local,ar,
استبيان إلكتروني جامعة الكويت,الاستبيانات,local,ar,
عرض مناقشة الماجستير جامعة الكويت,العروض التقديمية,local,ar,
كتابة الإطار النظري الهيئة العامة للتعليم التطبيقي,خطة البحث والإطار النظري,local,ar,
تنسيق رسالة علمية جامعة الكويت,التدقيق والتنسيق,local,ar,
مجلات علمية محكمة جامعة الكويت,النشر العلمي,local,ar,
for researchers PowerPoint presentation Kuwait,English services,commercial,en,
عمل بحث جامعي الهيئة العامة للتعليم التطبيقي,الأبحاث الجامعية,local,ar,
إعداد رسالة ماجستير في حولي,الماجستير,local,ar,
إعداد أطروحة دكتوراه التعليم العالي في الكويت,الدكتوراه,local,ar,
تحليل SPSS الهيئة العامة للتعليم التطبيقي,التحليل الإحصائي,local,ar,
استبيان إلكتروني الهيئة العامة للتعليم التطبيقي,الاستبيانات,local,ar,
عرض مناقشة الماجستير الهيئة العامة للتعليم التطبيقي,العروض التقديمية,local,ar,
كتابة الإطار النظري التعليم العالي في الكويت,خطة البحث والإطار النظري,local,ar,
تنسيق رسالة علمية الهيئة العامة للتعليم التطبيقي,التدقيق والتنسيق,local,ar,
مجلات علمية محكمة الهيئة العامة للتعليم التطبيقي,النشر العلمي,local,ar,
near me PowerPoint presentation Kuwait,English services,commercial,en,
عمل بحث جامعي التعليم العالي في الكويت,الأبحاث الجامعية,local,ar,
إعداد رسالة ماجستير في السالمية,الماجستير,local,ar,
إعداد أطروحة دكتوراه في حولي,الدكتوراه,local,ar,
تحليل SPSS التعليم العالي في الكويت,التحليل الإحصائي,local,ar,
استبيان إلكتروني التعليم العالي في الكويت,الاستبيانات,local,ar,
عرض مناقشة الماجستير التعليم العالي في الكويت,العروض التقديمية,local,ar,
كتابة الإطار النظري في حولي,خطة البحث والإطار النظري,local,ar,
تنسيق رسالة علمية التعليم العالي في الكويت,التدقيق والتنسيق,local,ar,
مجلات علمية محكمة التعليم العالي في الكويت,النشر العلمي,local,ar,
best service PowerPoint presentation Kuwait,English services,commercial,en,
عمل بحث جامعي في حولي,الأبحاث الجامعية,local,ar,
إعداد رسالة ماجستير في الفروانية,الماجستير,local,ar,
إعداد أطروحة دكتوراه في السالمية,الدكتوراه,local,ar,
تحليل SPSS في حولي,التحليل الإحصائي,local,ar,
استبيان إلكتروني في حولي,الاستبيانات,local,ar,
عرض مناقشة الماجستير في حولي,العروض التقديمية,local,ar,
كتابة الإطار النظري في السالمية,خطة البحث والإطار النظري,local,ar,
تنسيق رسالة علمية في حولي,التدقيق والتنسيق,local,ar,
مجلات علمية محكمة في حولي,النشر العلمي,local,ar,
support PowerPoint presentation Kuwait,English services,commercial,en,
عمل بحث جامعي في السالمية,الأبحاث الجامعية,local,ar,
إعداد رسالة ماجستير في الجهراء,الماجستير,local,ar,
إعداد أطروحة دكتوراه في الفروانية,الدكتوراه,local,ar,
تحليل SPSS في السالمية,التحليل الإحصائي,local,ar,
استبيان إلكتروني في السالمية,الاستبيانات,local,ar,
عرض مناقشة الماجستير في السالمية,العروض التقديمية,local,ar,
كتابة الإطار النظري في الفروانية,خطة البحث والإطار النظري,local,ar,
تنسيق رسالة علمية في السالمية,التدقيق والتنسيق,local,ar,
مجلات علمية محكمة في السالمية,النشر العلمي,local,ar,
consultation PowerPoint presentation Kuwait,English services,commercial,en,
عمل بحث جامعي في الفروانية,الأبحاث الجامعية,local,ar,
إعداد رسالة ماجستير في الأحمدي,الماجستير,local,ar,
إعداد أطروحة دكتوراه في الجهراء,الدكتوراه,local,ar,
تحليل SPSS في الفروانية,التحليل الإحصائي,local,ar,
استبيان إلكتروني في الفروانية,الاستبيانات,local,ar,
عرض مناقشة الماجستير في الفروانية,العروض التقديمية,local,ar,
كتابة الإطار النظري في الجهراء,خطة البحث والإطار النظري,local,ar,
تنسيق رسالة علمية في الفروانية,التدقيق والتنسيق,local,ar,
مجلات علمية محكمة في الفروانية,النشر العلمي,local,ar,
PowerPoint presentation Kuwait for Kuwait universities,English services,local,en,
عمل بحث جامعي في الجهراء,الأبحاث الجامعية,local,ar,
إعداد رسالة ماجستير في مبارك الكبير,الماجستير,local,ar,
إعداد أطروحة دكتوراه في الأحمدي,الدكتوراه,local,ar,
تحليل SPSS في الجهراء,التحليل الإحصائي,local,ar,
استبيان إلكتروني في الجهراء,الاستبيانات,local,ar,
عرض مناقشة الماجستير في الجهراء,العروض التقديمية,local,ar,
كتابة الإطار النظري في الأحمدي,خطة البحث والإطار النظري,local,ar,
تنسيق رسالة علمية في الجهراء,التدقيق والتنسيق,local,ar,
مجلات علمية محكمة في الجهراء,النشر العلمي,local,ar,
professional academic editing Kuwait,English services,commercial,en,
عمل بحث جامعي في الأحمدي,الأبحاث الجامعية,local,ar,
إعداد رسالة ماجستير في العاصمة الكويت,الماجستير,local,ar,
إعداد أطروحة دكتوراه في مبارك الكبير,الدكتوراه,local,ar,
تحليل SPSS في الأحمدي,التحليل الإحصائي,local,ar,
استبيان إلكتروني في الأحمدي,الاستبيانات,local,ar,
عرض مناقشة الماجستير في الأحمدي,العروض التقديمية,local,ar,
كتابة الإطار النظري في مبارك الكبير,خطة البحث والإطار النظري,local,ar,
تنسيق رسالة علمية في الأحمدي,التدقيق والتنسيق,local,ar,
مجلات علمية محكمة في الأحمدي,النشر العلمي,local,ar,
expert academic editing Kuwait,English services,commercial,en,
عمل بحث جامعي في مبارك الكبير,الأبحاث الجامعية,local,ar,
إعداد رسالة ماجستير أونلاين في الكويت,الماجستير,local,ar,
إعداد أطروحة دكتوراه في العاصمة الكويت,الدكتوراه,local,ar,
تحليل SPSS في مبارك الكبير,التحليل الإحصائي,local,ar,
استبيان إلكتروني في مبارك الكبير,الاستبيانات,local,ar,
عرض مناقشة الماجستير في مبارك الكبير,العروض التقديمية,local,ar,
كتابة الإطار النظري في العاصمة الكويت,خطة البحث والإطار النظري,local,ar,
تنسيق رسالة علمية في مبارك الكبير,التدقيق والتنسيق,local,ar,
مجلات علمية محكمة في مبارك الكبير,النشر العلمي,local,ar,
affordable academic editing Kuwait,English services,commercial,en,
عمل بحث جامعي في العاصمة الكويت,الأبحاث الجامعية,local,ar,
إعداد رسالة ماجستير خدمة أكاديمية كويتية,الماجستير,local,ar,
إعداد أطروحة دكتوراه أونلاين في الكويت,الدكتوراه,local,ar,
تحليل SPSS في العاصمة الكويت,التحليل الإحصائي,local,ar,
استبيان إلكتروني في العاصمة الكويت,الاستبيانات,local,ar,
عرض مناقشة الماجستير في العاصمة الكويت,العروض التقديمية,local,ar,
كتابة الإطار النظري أونلاين في الكويت,خطة البحث والإطار النظري,local,ar,
تنسيق رسالة علمية في العاصمة الكويت,التدقيق والتنسيق,local,ar,
مجلات علمية محكمة في العاصمة الكويت,النشر العلمي,local,ar,
online academic editing Kuwait,English services,commercial,en,
عمل بحث جامعي أونلاين في الكويت,الأبحاث الجامعية,local,ar,
إعداد رسالة ماجستير مكتب خدمات طلابية الكويت,الماجستير,local,ar,
إعداد أطروحة دكتوراه خدمة أكاديمية كويتية,الدكتوراه,local,ar,
تحليل SPSS أونلاين في الكويت,التحليل الإحصائي,local,ar,
استبيان إلكتروني أونلاين في الكويت,الاستبيانات,local,ar,
عرض مناقشة الماجستير أونلاين في الكويت,العروض التقديمية,local,ar,
كتابة الإطار النظري خدمة أكاديمية كويتية,خطة البحث والإطار النظري,local,ar,
تنسيق رسالة علمية أونلاين في الكويت,التدقيق والتنسيق,local,ar,
مجلات علمية محكمة أونلاين في الكويت,النشر العلمي,local,ar,
for students academic editing Kuwait,English services,commercial,en,
عمل بحث جامعي خدمة أكاديمية كويتية,الأبحاث الجامعية,local,ar,
إعداد رسالة ماجستير أفضل خدمة في الكويت,الماجستير,local,ar,
إعداد أطروحة دكتوراه مكتب خدمات طلابية الكويت,الدكتوراه,local,ar,
تحليل SPSS خدمة أكاديمية كويتية,التحليل الإحصائي,local,ar,
استبيان إلكتروني خدمة أكاديمية كويتية,الاستبيانات,local,ar,
عرض مناقشة الماجستير خدمة أكاديمية كويتية,العروض التقديمية,local,ar,
كتابة الإطار النظري مكتب خدمات طلابية الكويت,خطة البحث والإطار النظري,local,ar,
تنسيق رسالة علمية خدمة أكاديمية كويتية,التدقيق والتنسيق,local,ar,
مجلات علمية محكمة خدمة أكاديمية كويتية,النشر العلمي,local,ar,
for researchers academic editing Kuwait,English services,commercial,en,
عمل بحث جامعي مكتب خدمات طلابية الكويت,الأبحاث الجامعية,local,ar,
إعداد رسالة ماجستير احترافي,الماجستير,commercial,ar,
إعداد أطروحة دكتوراه أفضل خدمة في الكويت,الدكتوراه,local,ar,
تحليل SPSS مكتب خدمات طلابية الكويت,التحليل الإحصائي,local,ar,
استبيان إلكتروني مكتب خدمات طلابية الكويت,الاستبيانات,local,ar,
عرض مناقشة الماجستير مكتب خدمات طلابية الكويت,العروض التقديمية,local,ar,
كتابة الإطار النظري أفضل خدمة في الكويت,خطة البحث والإطار النظري,local,ar,
تنسيق رسالة علمية مكتب خدمات طلابية الكويت,التدقيق والتنسيق,local,ar,
مجلات علمية محكمة مكتب خدمات طلابية الكويت,النشر العلمي,local,ar,
near me academic editing Kuwait,English services,commercial,en,
عمل بحث جامعي أفضل خدمة في الكويت,الأبحاث الجامعية,local,ar,
إعداد رسالة ماجستير متخصص,الماجستير,commercial,ar,
إعداد أطروحة دكتوراه احترافي,الدكتوراه,commercial,ar,
تحليل SPSS أفضل خدمة في الكويت,التحليل الإحصائي,local,ar,
استبيان إلكتروني أفضل خدمة في الكويت,الاستبيانات,local,ar,
عرض مناقشة الماجستير أفضل خدمة في الكويت,العروض التقديمية,local,ar,
كتابة الإطار النظري احترافي,خطة البحث والإطار النظري,commercial,ar,
تنسيق رسالة علمية أفضل خدمة في الكويت,التدقيق والتنسيق,local,ar,
مجلات علمية محكمة أفضل خدمة في الكويت,النشر العلمي,local,ar,
best service academic editing Kuwait,English services,commercial,en,
عمل بحث جامعي احترافي,الأبحاث الجامعية,commercial,ar,
إعداد رسالة ماجستير موثوق,الماجستير,commercial,ar,
إعداد أطروحة دكتوراه متخصص,الدكتوراه,commercial,ar,
تحليل SPSS احترافي,التحليل الإحصائي,commercial,ar,
استبيان إلكتروني احترافي,الاستبيانات,commercial,ar,
عرض مناقشة الماجستير احترافي,العروض التقديمية,commercial,ar,
كتابة الإطار النظري متخصص,خطة البحث والإطار النظري,commercial,ar,
تنسيق رسالة علمية احترافي,التدقيق والتنسيق,commercial,ar,
مجلات علمية محكمة احترافي,النشر العلمي,commercial,ar,
support academic editing Kuwait,English services,commercial,en,
عمل بحث جامعي متخصص,الأبحاث الجامعية,commercial,ar,
إعداد رسالة ماجستير سريع,الماجستير,commercial,ar,
إعداد أطروحة دكتوراه موثوق,الدكتوراه,commercial,ar,
تحليل SPSS متخصص,التحليل الإحصائي,commercial,ar,
استبيان إلكتروني متخصص,الاستبيانات,commercial,ar,
عرض مناقشة الماجستير متخصص,العروض التقديمية,commercial,ar,
كتابة الإطار النظري موثوق,خطة البحث والإطار النظري,commercial,ar,
تنسيق رسالة علمية متخصص,التدقيق والتنسيق,commercial,ar,
مجلات علمية محكمة متخصص,النشر العلمي,commercial,ar,
consultation academic editing Kuwait,English services,commercial,en,
عمل بحث جامعي موثوق,الأبحاث الجامعية,commercial,ar,
إعداد رسالة ماجستير معتمد,الماجستير,commercial,ar,
إعداد أطروحة دكتوراه سريع,الدكتوراه,commercial,ar,
تحليل SPSS موثوق,التحليل الإحصائي,commercial,ar,
استبيان إلكتروني موثوق,الاستبيانات,commercial,ar,
عرض مناقشة الماجستير موثوق,العروض التقديمية,commercial,ar,
كتابة الإطار النظري سريع,خطة البحث والإطار النظري,commercial,ar,
تنسيق رسالة علمية موثوق,التدقيق والتنسيق,commercial,ar,
مجلات علمية محكمة موثوق,النشر العلمي,commercial,ar,
academic editing Kuwait for Kuwait universities,English services,local,en,
عمل بحث جامعي سريع,الأبحاث الجامعية,commercial,ar,
إعداد رسالة ماجستير متكامل,الماجستير,commercial,ar,
إعداد أطروحة دكتوراه معتمد,الدكتوراه,commercial,ar,
تحليل SPSS سريع,التحليل الإحصائي,commercial,ar,
استبيان إلكتروني سريع,الاستبيانات,commercial,ar,
عرض مناقشة الماجستير سريع,العروض التقديمية,commercial,ar,
كتابة الإطار النظري معتمد,خطة البحث والإطار النظري,commercial,ar,
تنسيق رسالة علمية سريع,التدقيق والتنسيق,commercial,ar,
مجلات علمية محكمة سريع,النشر العلمي,commercial,ar,
professional APA formatting Kuwait,English services,commercial,en,
عمل بحث جامعي معتمد,الأبحاث الجامعية,commercial,ar,
إعداد رسالة ماجستير عالي الجودة,الماجستير,commercial,ar,
إعداد أطروحة دكتوراه متكامل,الدكتوراه,commercial,ar,
تحليل SPSS معتمد,التحليل الإحصائي,commercial,ar,
استبيان إلكتروني معتمد,الاستبيانات,commercial,ar,
عرض مناقشة الماجستير معتمد,العروض التقديمية,commercial,ar,
كتابة الإطار النظري متكامل,خطة البحث والإطار النظري,commercial,ar,
تنسيق رسالة علمية معتمد,التدقيق والتنسيق,commercial,ar,
مجلات علمية محكمة معتمد,النشر العلمي,commercial,ar,
expert APA formatting Kuwait,English services,commercial,en,
عمل بحث جامعي متكامل,الأبحاث الجامعية,commercial,ar,
إعداد رسالة ماجستير بأسعار مناسبة,الماجستير,commercial,ar,
إعداد أطروحة دكتوراه عالي الجودة,الدكتوراه,commercial,ar,
تحليل SPSS متكامل,التحليل الإحصائي,commercial,ar,
استبيان إلكتروني متكامل,الاستبيانات,commercial,ar,
عرض مناقشة الماجستير متكامل,العروض التقديمية,commercial,ar,
كتابة الإطار النظري عالي الجودة,خطة البحث والإطار النظري,commercial,ar,
تنسيق رسالة علمية متكامل,التدقيق والتنسيق,commercial,ar,
مجلات علمية محكمة متكامل,النشر العلمي,commercial,ar,
affordable APA formatting Kuwait,English services,commercial,en,
عمل بحث جامعي عالي الجودة,الأبحاث الجامعية,commercial,ar,
إعداد رسالة ماجستير مع الحفاظ على الخصوصية,الماجستير,commercial,ar,
إعداد أطروحة دكتوراه بأسعار مناسبة,الدكتوراه,commercial,ar,
تحليل SPSS عالي الجودة,التحليل الإحصائي,commercial,ar,
استبيان إلكتروني عالي الجودة,الاستبيانات,commercial,ar,
عرض مناقشة الماجستير عالي الجودة,العروض التقديمية,commercial,ar,
كتابة الإطار النظري بأسعار مناسبة,خطة البحث والإطار النظري,commercial,ar,
تنسيق رسالة علمية عالي الجودة,التدقيق والتنسيق,commercial,ar,
مجلات علمية محكمة عالي الجودة,النشر العلمي,commercial,ar,
online APA formatting Kuwait,English services,commercial,en,
عمل بحث جامعي بأسعار مناسبة,الأبحاث الجامعية,commercial,ar,
إعداد رسالة ماجستير مع دعم أكاديمي,الماجستير,commercial,ar,
إعداد أطروحة دكتوراه مع الحفاظ على الخصوصية,الدكتوراه,commercial,ar,
تحليل SPSS بأسعار مناسبة,التحليل الإحصائي,commercial,ar,
استبيان إلكتروني بأسعار مناسبة,الاستبيانات,commercial,ar,
عرض مناقشة الماجستير بأسعار مناسبة,العروض التقديمية,commercial,ar,
كتابة الإطار النظري مع الحفاظ على الخصوصية,خطة البحث والإطار النظري,commercial,ar,
تنسيق رسالة علمية بأسعار مناسبة,التدقيق والتنسيق,commercial,ar,
مجلات علمية محكمة بأسعار مناسبة,النشر العلمي,commercial,ar,
for students APA formatting Kuwait,English services,commercial,en,
عمل بحث جامعي مع الحفاظ على الخصوصية,الأبحاث الجامعية,commercial,ar,
إعداد رسالة ماجستير لطلاب البكالوريوس,الماجستير,commercial,ar,
إعداد أطروحة دكتوراه مع دعم أكاديمي,الدكتوراه,commercial,ar,
تحليل SPSS مع الحفاظ على الخصوصية,التحليل الإحصائي,commercial,ar,
استبيان إلكتروني مع الحفاظ على الخصوصية,الاستبيانات,commercial,ar,
عرض مناقشة الماجستير مع الحفاظ على الخصوصية,العروض التقديمية,commercial,ar,
كتابة الإطار النظري مع دعم أكاديمي,خطة البحث والإطار النظري,commercial,ar,
تنسيق رسالة علمية مع الحفاظ على الخصوصية,التدقيق والتنسيق,commercial,ar,
مجلات علمية محكمة مع الحفاظ على الخصوصية,النشر العلمي,commercial,ar,
for researchers APA formatting Kuwait,English services,commercial,en,
عمل بحث جامعي مع دعم أكاديمي,الأبحاث الجامعية,commercial,ar,
إعداد رسالة ماجستير لطلاب الدراسات العليا,الماجستير,commercial,ar,
إعداد أطروحة دكتوراه لطلاب البكالوريوس,الدكتوراه,commercial,ar,
تحليل SPSS مع دعم أكاديمي,التحليل الإحصائي,commercial,ar,
استبيان إلكتروني مع دعم أكاديمي,الاستبيانات,commercial,ar,
عرض مناقشة الماجستير مع دعم أكاديمي,العروض التقديمية,commercial,ar,
كتابة الإطار النظري لطلاب البكالوريوس,خطة البحث والإطار النظري,commercial,ar,
تنسيق رسالة علمية مع دعم أكاديمي,التدقيق والتنسيق,commercial,ar,
مجلات علمية محكمة مع دعم أكاديمي,النشر العلمي,commercial,ar,
near me APA formatting Kuwait,English services,commercial,en,
عمل بحث جامعي لطلاب البكالوريوس,الأبحاث الجامعية,commercial,ar,
إعداد رسالة ماجستير لطلاب الماجستير,الماجستير,commercial,ar,
إعداد أطروحة دكتوراه لطلاب الدراسات العليا,الدكتوراه,commercial,ar,
تحليل SPSS لطلاب البكالوريوس,التحليل الإحصائي,commercial,ar,
استبيان إلكتروني لطلاب البكالوريوس,الاستبيانات,commercial,ar,
عرض مناقشة الماجستير لطلاب البكالوريوس,العروض التقديمية,commercial,ar,
كتابة الإطار النظري لطلاب الدراسات العليا,خطة البحث والإطار النظري,commercial,ar,
تنسيق رسالة علمية لطلاب البكالوريوس,التدقيق والتنسيق,commercial,ar,
مجلات علمية محكمة لطلاب البكالوريوس,النشر العلمي,commercial,ar,
best service APA formatting Kuwait,English services,commercial,en,
عمل بحث جامعي لطلاب الدراسات العليا,الأبحاث الجامعية,commercial,ar,
إعداد رسالة ماجستير لطلاب الدكتوراه,الماجستير,commercial,ar,
إعداد أطروحة دكتوراه لطلاب الماجستير,الدكتوراه,commercial,ar,
تحليل SPSS لطلاب الدراسات العليا,التحليل الإحصائي,commercial,ar,
استبيان إلكتروني لطلاب الدراسات العليا,الاستبيانات,commercial,ar,
عرض مناقشة الماجستير لطلاب الدراسات العليا,العروض التقديمية,commercial,ar,
كتابة الإطار النظري لطلاب الماجستير,خطة البحث والإطار النظري,commercial,ar,
تنسيق رسالة علمية لطلاب الدراسات العليا,التدقيق والتنسيق,commercial,ar,
مجلات علمية محكمة لطلاب الدراسات العليا,النشر العلمي,commercial,ar,
support APA formatting Kuwait,English services,commercial,en,
عمل بحث جامعي لطلاب الماجستير,الأبحاث الجامعية,commercial,ar,
إعداد رسالة ماجستير باللغة العربية,الماجستير,commercial,ar,
إعداد أطروحة دكتوراه لطلاب الدكتوراه,الدكتوراه,commercial,ar,
تحليل SPSS لطلاب الماجستير,التحليل الإحصائي,commercial,ar,
استبيان إلكتروني لطلاب الماجستير,الاستبيانات,commercial,ar,
عرض مناقشة الماجستير لطلاب الماجستير,العروض التقديمية,commercial,ar,
كتابة الإطار النظري لطلاب الدكتوراه,خطة البحث والإطار النظري,commercial,ar,
تنسيق رسالة علمية لطلاب الماجستير,التدقيق والتنسيق,commercial,ar,
مجلات علمية محكمة لطلاب الماجستير,النشر العلمي,commercial,ar,
consultation APA formatting Kuwait,English services,commercial,en,
عمل بحث جامعي لطلاب الدكتوراه,الأبحاث الجامعية,commercial,ar,
إعداد رسالة ماجستير باللغة الإنجليزية,الماجستير,commercial,ar,
إعداد أطروحة دكتوراه باللغة العربية,الدكتوراه,commercial,ar,
تحليل SPSS لطلاب الدكتوراه,التحليل الإحصائي,commercial,ar,
استبيان إلكتروني لطلاب الدكتوراه,الاستبيانات,commercial,ar,
عرض مناقشة الماجستير لطلاب الدكتوراه,العروض التقديمية,commercial,ar,
كتابة الإطار النظري باللغة العربية,خطة البحث والإطار النظري,commercial,ar,
تنسيق رسالة علمية لطلاب الدكتوراه,التدقيق والتنسيق,commercial,ar,
مجلات علمية محكمة لطلاب الدكتوراه,النشر العلمي,commercial,ar,
APA formatting Kuwait for Kuwait universities,English services,local,en,
عمل بحث جامعي باللغة العربية,الأبحاث الجامعية,commercial,ar,
إعداد رسالة ماجستير عربي وإنجليزي,الماجستير,commercial,ar,
إعداد أطروحة دكتوراه باللغة الإنجليزية,الدكتوراه,commercial,ar,
تحليل SPSS باللغة العربية,التحليل الإحصائي,commercial,ar,
استبيان إلكتروني باللغة العربية,الاستبيانات,commercial,ar,
عرض مناقشة الماجستير باللغة العربية,العروض التقديمية,commercial,ar,
كتابة الإطار النظري باللغة الإنجليزية,خطة البحث والإطار النظري,commercial,ar,
تنسيق رسالة علمية باللغة العربية,التدقيق والتنسيق,commercial,ar,
مجلات علمية محكمة باللغة العربية,النشر العلمي,commercial,ar,
professional scientific publication Kuwait,English services,commercial,en,
عمل بحث جامعي باللغة الإنجليزية,الأبحاث الجامعية,commercial,ar,
إعداد رسالة ماجستير عن بعد,الماجستير,commercial,ar,
إعداد أطروحة دكتوراه عربي وإنجليزي,الدكتوراه,commercial,ar,
تحليل SPSS باللغة الإنجليزية,التحليل الإحصائي,commercial,ar,
استبيان إلكتروني باللغة الإنجليزية,الاستبيانات,commercial,ar,
عرض مناقشة الماجستير باللغة الإنجليزية,العروض التقديمية,commercial,ar,
كتابة الإطار النظري عربي وإنجليزي,خطة البحث والإطار النظري,commercial,ar,
تنسيق رسالة علمية باللغة الإنجليزية,التدقيق والتنسيق,commercial,ar,
مجلات علمية محكمة باللغة الإنجليزية,النشر العلمي,commercial,ar,
expert scientific publication Kuwait,English services,commercial,en,
عمل بحث جامعي عربي وإنجليزي,الأبحاث الجامعية,commercial,ar,
إعداد رسالة ماجستير عاجل,الماجستير,commercial,ar,
إعداد أطروحة دكتوراه عن بعد,الدكتوراه,commercial,ar,
تحليل SPSS عربي وإنجليزي,التحليل الإحصائي,commercial,ar,
استبيان إلكتروني عربي وإنجليزي,الاستبيانات,commercial,ar,
عرض مناقشة الماجستير عربي وإنجليزي,العروض التقديمية,commercial,ar,
كتابة الإطار النظري عن بعد,خطة البحث والإطار النظري,commercial,ar,
تنسيق رسالة علمية عربي وإنجليزي,التدقيق والتنسيق,commercial,ar,
مجلات علمية محكمة عربي وإنجليزي,النشر العلمي,commercial,ar,
affordable scientific publication Kuwait,English services,commercial,en,
عمل بحث جامعي عن بعد,الأبحاث الجامعية,commercial,ar,
إعداد رسالة ماجستير حسب متطلبات الجامعة,الماجستير,commercial,ar,
إعداد أطروحة دكتوراه عاجل,الدكتوراه,commercial,ar,
تحليل SPSS عن بعد,التحليل الإحصائي,commercial,ar,
استبيان إلكتروني عن بعد,الاستبيانات,commercial,ar,
عرض مناقشة الماجستير عن بعد,العروض التقديمية,commercial,ar,
كتابة الإطار النظري عاجل,خطة البحث والإطار النظري,commercial,ar,
تنسيق رسالة علمية عن بعد,التدقيق والتنسيق,commercial,ar,
مجلات علمية محكمة عن بعد,النشر العلمي,commercial,ar,
online scientific publication Kuwait,English services,commercial,en,
عمل بحث جامعي عاجل,الأبحاث الجامعية,commercial,ar,
طلب إعداد رسالة ماجستير في الكويت,الماجستير,transactional,ar,
إعداد أطروحة دكتوراه حسب متطلبات الجامعة,الدكتوراه,commercial,ar,
تحليل SPSS عاجل,التحليل الإحصائي,commercial,ar,
استبيان إلكتروني عاجل,الاستبيانات,commercial,ar,
عرض مناقشة الماجستير عاجل,العروض التقديمية,commercial,ar,
كتابة الإطار النظري حسب متطلبات الجامعة,خطة البحث والإطار النظري,commercial,ar,
تنسيق رسالة علمية عاجل,التدقيق والتنسيق,commercial,ar,
مجلات علمية محكمة عاجل,النشر العلمي,commercial,ar,
for students scientific publication Kuwait,English services,commercial,en,
عمل بحث جامعي حسب متطلبات الجامعة,الأبحاث الجامعية,commercial,ar,
سعر إعداد رسالة ماجستير في الكويت,الماجستير,transactional,ar,
طلب إعداد أطروحة دكتوراه في الكويت,الدكتوراه,transactional,ar,
تحليل SPSS حسب متطلبات الجامعة,التحليل الإحصائي,commercial,ar,
استبيان إلكتروني حسب متطلبات الجامعة,الاستبيانات,commercial,ar,
عرض مناقشة الماجستير حسب متطلبات الجامعة,العروض التقديمية,commercial,ar,
طلب كتابة الإطار النظري في الكويت,خطة البحث والإطار النظري,transactional,ar,
تنسيق رسالة علمية حسب متطلبات الجامعة,التدقيق والتنسيق,commercial,ar,
مجلات علمية محكمة حسب متطلبات الجامعة,النشر العلمي,commercial,ar,
for researchers scientific publication Kuwait,English services,commercial,en,
طلب عمل بحث جامعي في الكويت,الأبحاث الجامعية,transactional,ar,
أسعار إعداد رسالة ماجستير في الكويت,الماجستير,transactional,ar,
سعر إعداد أطروحة دكتوراه في الكويت,الدكتوراه,transactional,ar,
طلب تحليل SPSS في الكويت,التحليل الإحصائي,transactional,ar,
طلب استبيان إلكتروني في الكويت,الاستبيانات,transactional,ar,
طلب عرض مناقشة الماجستير في الكويت,العروض التقديمية,transactional,ar,
سعر كتابة الإطار النظري في الكويت,خطة البحث والإطار النظري,transactional,ar,
طلب تنسيق رسالة علمية في الكويت,التدقيق والتنسيق,transactional,ar,
طلب مجلات علمية محكمة في الكويت,النشر العلمي,transactional,ar,
near me scientific publication Kuwait,English services,commercial,en,
سعر عمل بحث جامعي في الكويت,الأبحاث الجامعية,transactional,ar,
أفضل إعداد رسالة ماجستير في الكويت,الماجستير,transactional,ar,
أسعار إعداد أطروحة دكتوراه في الكويت,الدكتوراه,transactional,ar,
سعر تحليل SPSS في الكويت,التحليل الإحصائي,transactional,ar,
سعر استبيان إلكتروني في الكويت,الاستبيانات,transactional,ar,
سعر عرض مناقشة الماجستير في الكويت,العروض التقديمية,transactional,ar,
أسعار كتابة الإطار النظري في الكويت,خطة البحث والإطار النظري,transactional,ar,
سعر تنسيق رسالة علمية في الكويت,التدقيق والتنسيق,transactional,ar,
سعر مجلات علمية محكمة في الكويت,النشر العلمي,transactional,ar,
best service scientific publication Kuwait,English services,commercial,en,
أسعار عمل بحث جامعي في الكويت,الأبحاث الجامعية,transactional,ar,
مكتب إعداد رسالة ماجستير في الكويت,الماجستير,transactional,ar,
أفضل إعداد أطروحة دكتوراه في الكويت,الدكتوراه,transactional,ar,
أسعار تحليل SPSS في الكويت,التحليل الإحصائي,transactional,ar,
أسعار استبيان إلكتروني في الكويت,الاستبيانات,transactional,ar,
أسعار عرض مناقشة الماجستير في الكويت,العروض التقديمية,transactional,ar,
أفضل كتابة الإطار النظري في الكويت,خطة البحث والإطار النظري,transactional,ar,
أسعار تنسيق رسالة علمية في الكويت,التدقيق والتنسيق,transactional,ar,
أسعار مجلات علمية محكمة في الكويت,النشر العلمي,transactional,ar,
support scientific publication Kuwait,English services,commercial,en,
أفضل عمل بحث جامعي في الكويت,الأبحاث الجامعية,transactional,ar,
شركة إعداد رسالة ماجستير في الكويت,الماجستير,transactional,ar,
مكتب إعداد أطروحة دكتوراه في الكويت,الدكتوراه,transactional,ar,
أفضل تحليل SPSS في الكويت,التحليل الإحصائي,transactional,ar,
أفضل استبيان إلكتروني في الكويت,الاستبيانات,transactional,ar,
أفضل عرض مناقشة الماجستير في الكويت,العروض التقديمية,transactional,ar,
مكتب كتابة الإطار النظري في الكويت,خطة البحث والإطار النظري,transactional,ar,
أفضل تنسيق رسالة علمية في الكويت,التدقيق والتنسيق,transactional,ar,
أفضل مجلات علمية محكمة في الكويت,النشر العلمي,transactional,ar,
consultation scientific publication Kuwait,English services,commercial,en,
مكتب عمل بحث جامعي في الكويت,الأبحاث الجامعية,transactional,ar,
خدمة إعداد رسالة ماجستير في الكويت,الماجستير,transactional,ar,
شركة إعداد أطروحة دكتوراه في الكويت,الدكتوراه,transactional,ar,
مكتب تحليل SPSS في الكويت,التحليل الإحصائي,transactional,ar,
مكتب استبيان إلكتروني في الكويت,الاستبيانات,transactional,ar,
مكتب عرض مناقشة الماجستير في الكويت,العروض التقديمية,transactional,ar,
شركة كتابة الإطار النظري في الكويت,خطة البحث والإطار النظري,transactional,ar,
مكتب تنسيق رسالة علمية في الكويت,التدقيق والتنسيق,transactional,ar,
مكتب مجلات علمية محكمة في الكويت,النشر العلمي,transactional,ar,
scientific publication Kuwait for Kuwait universities,English services,local,en,
شركة عمل بحث جامعي في الكويت,الأبحاث الجامعية,transactional,ar,
مساعدة إعداد رسالة ماجستير في الكويت,الماجستير,transactional,ar,
خدمة إعداد أطروحة دكتوراه في الكويت,الدكتوراه,transactional,ar,
شركة تحليل SPSS في الكويت,التحليل الإحصائي,transactional,ar,
شركة استبيان إلكتروني في الكويت,الاستبيانات,transactional,ar,
شركة عرض مناقشة الماجستير في الكويت,العروض التقديمية,transactional,ar,
خدمة كتابة الإطار النظري في الكويت,خطة البحث والإطار النظري,transactional,ar,
شركة تنسيق رسالة علمية في الكويت,التدقيق والتنسيق,transactional,ar,
شركة مجلات علمية محكمة في الكويت,النشر العلمي,transactional,ar,
professional thesis proofreading Kuwait,English services,commercial,en,
خدمة عمل بحث جامعي في الكويت,الأبحاث الجامعية,transactional,ar,
متابعة إعداد رسالة ماجستير في الكويت,الماجستير,transactional,ar,
مساعدة إعداد أطروحة دكتوراه في الكويت,الدكتوراه,transactional,ar,
خدمة تحليل SPSS في الكويت,التحليل الإحصائي,transactional,ar,
خدمة استبيان إلكتروني في الكويت,الاستبيانات,transactional,ar,
خدمة عرض مناقشة الماجستير في الكويت,العروض التقديمية,transactional,ar,
مساعدة كتابة الإطار النظري في الكويت,خطة البحث والإطار النظري,transactional,ar,
خدمة تنسيق رسالة علمية في الكويت,التدقيق والتنسيق,transactional,ar,
خدمة مجلات علمية محكمة في الكويت,النشر العلمي,transactional,ar,
expert thesis proofreading Kuwait,English services,commercial,en,
مساعدة عمل بحث جامعي في الكويت,الأبحاث الجامعية,transactional,ar,
استشارة إعداد رسالة ماجستير في الكويت,الماجستير,transactional,ar,
متابعة إعداد أطروحة دكتوراه في الكويت,الدكتوراه,transactional,ar,
مساعدة تحليل SPSS في الكويت,التحليل الإحصائي,transactional,ar,
مساعدة استبيان إلكتروني في الكويت,الاستبيانات,transactional,ar,
مساعدة عرض مناقشة الماجستير في الكويت,العروض التقديمية,transactional,ar,
متابعة كتابة الإطار النظري في الكويت,خطة البحث والإطار النظري,transactional,ar,
مساعدة تنسيق رسالة علمية في الكويت,التدقيق والتنسيق,transactional,ar,
مساعدة مجلات علمية محكمة في الكويت,النشر العلمي,transactional,ar,
affordable thesis proofreading Kuwait,English services,commercial,en,
متابعة عمل بحث جامعي في الكويت,الأبحاث الجامعية,transactional,ar,
دعم إعداد رسالة ماجستير في الكويت,الماجستير,transactional,ar,
استشارة إعداد أطروحة دكتوراه في الكويت,الدكتوراه,transactional,ar,
متابعة تحليل SPSS في الكويت,التحليل الإحصائي,transactional,ar,
متابعة استبيان إلكتروني في الكويت,الاستبيانات,transactional,ar,
متابعة عرض مناقشة الماجستير في الكويت,العروض التقديمية,transactional,ar,
استشارة كتابة الإطار النظري في الكويت,خطة البحث والإطار النظري,transactional,ar,
متابعة تنسيق رسالة علمية في الكويت,التدقيق والتنسيق,transactional,ar,
متابعة مجلات علمية محكمة في الكويت,النشر العلمي,transactional,ar,
online thesis proofreading Kuwait,English services,commercial,en,
استشارة عمل بحث جامعي في الكويت,الأبحاث الجامعية,transactional,ar,
حل إعداد رسالة ماجستير في الكويت,الماجستير,transactional,ar,
دعم إعداد أطروحة دكتوراه في الكويت,الدكتوراه,transactional,ar,
استشارة تحليل SPSS في الكويت,التحليل الإحصائي,transactional,ar,
استشارة استبيان إلكتروني في الكويت,الاستبيانات,transactional,ar,
استشارة عرض مناقشة الماجستير في الكويت,العروض التقديمية,transactional,ar,
دعم كتابة الإطار النظري في الكويت,خطة البحث والإطار النظري,transactional,ar,
استشارة تنسيق رسالة علمية في الكويت,التدقيق والتنسيق,transactional,ar,
استشارة مجلات علمية محكمة في الكويت,النشر العلمي,transactional,ar,
for students thesis proofreading Kuwait,English services,commercial,en,
دعم عمل بحث جامعي في الكويت,الأبحاث الجامعية,transactional,ar,
مراجعة إعداد رسالة ماجستير في الكويت,الماجستير,transactional,ar,
حل إعداد أطروحة دكتوراه في الكويت,الدكتوراه,transactional,ar,
دعم تحليل SPSS في الكويت,التحليل الإحصائي,transactional,ar,
دعم استبيان إلكتروني في الكويت,الاستبيانات,transactional,ar,
دعم عرض مناقشة الماجستير في الكويت,العروض التقديمية,transactional,ar,
حل كتابة الإطار النظري في الكويت,خطة البحث والإطار النظري,transactional,ar,
دعم تنسيق رسالة علمية في الكويت,التدقيق والتنسيق,transactional,ar,
دعم مجلات علمية محكمة في الكويت,النشر العلمي,transactional,ar,
for researchers thesis proofreading Kuwait,English services,commercial,en,
حل عمل بحث جامعي في الكويت,الأبحاث الجامعية,transactional,ar,
تدقيق إعداد رسالة ماجستير في الكويت,الماجستير,transactional,ar,
مراجعة إعداد أطروحة دكتوراه في الكويت,الدكتوراه,transactional,ar,
حل تحليل SPSS في الكويت,التحليل الإحصائي,transactional,ar,
حل استبيان إلكتروني في الكويت,الاستبيانات,transactional,ar,
حل عرض مناقشة الماجستير في الكويت,العروض التقديمية,transactional,ar,
مراجعة كتابة الإطار النظري في الكويت,خطة البحث والإطار النظري,transactional,ar,
حل تنسيق رسالة علمية في الكويت,التدقيق والتنسيق,transactional,ar,
حل مجلات علمية محكمة في الكويت,النشر العلمي,transactional,ar,
near me thesis proofreading Kuwait,English services,commercial,en,
مراجعة عمل بحث جامعي في الكويت,الأبحاث الجامعية,transactional,ar,
تنسيق إعداد رسالة ماجستير في الكويت,الماجستير,transactional,ar,
تدقيق إعداد أطروحة دكتوراه في الكويت,الدكتوراه,transactional,ar,
مراجعة تحليل SPSS في الكويت,التحليل الإحصائي,transactional,ar,
مراجعة استبيان إلكتروني في الكويت,الاستبيانات,transactional,ar,
مراجعة عرض مناقشة الماجستير في الكويت,العروض التقديمية,transactional,ar,
تدقيق كتابة الإطار النظري في الكويت,خطة البحث والإطار النظري,transactional,ar,
مراجعة تنسيق رسالة علمية في الكويت,التدقيق والتنسيق,transactional,ar,
مراجعة مجلات علمية محكمة في الكويت,النشر العلمي,transactional,ar,
best service thesis proofreading Kuwait,English services,commercial,en,
تدقيق عمل بحث جامعي في الكويت,الأبحاث الجامعية,transactional,ar,
إعداد إعداد رسالة ماجستير في الكويت,الماجستير,transactional,ar,
تنسيق إعداد أطروحة دكتوراه في الكويت,الدكتوراه,transactional,ar,
تدقيق تحليل SPSS في الكويت,التحليل الإحصائي,transactional,ar,
تدقيق استبيان إلكتروني في الكويت,الاستبيانات,transactional,ar,
تدقيق عرض مناقشة الماجستير في الكويت,العروض التقديمية,transactional,ar,
تنسيق كتابة الإطار النظري في الكويت,خطة البحث والإطار النظري,transactional,ar,
تدقيق تنسيق رسالة علمية في الكويت,التدقيق والتنسيق,transactional,ar,
تدقيق مجلات علمية محكمة في الكويت,النشر العلمي,transactional,ar,
support thesis proofreading Kuwait,English services,commercial,en,
تنسيق عمل بحث جامعي في الكويت,الأبحاث الجامعية,transactional,ar,
كتابة إعداد رسالة ماجستير في الكويت,الماجستير,transactional,ar,
إعداد إعداد أطروحة دكتوراه في الكويت,الدكتوراه,transactional,ar,
تنسيق تحليل SPSS في الكويت,التحليل الإحصائي,transactional,ar,
تنسيق استبيان إلكتروني في الكويت,الاستبيانات,transactional,ar,
تنسيق عرض مناقشة الماجستير في الكويت,العروض التقديمية,transactional,ar,
إعداد كتابة الإطار النظري في الكويت,خطة البحث والإطار النظري,transactional,ar,
تنسيق تنسيق رسالة علمية في الكويت,التدقيق والتنسيق,transactional,ar,
تنسيق مجلات علمية محكمة في الكويت,النشر العلمي,transactional,ar,
consultation thesis proofreading Kuwait,English services,commercial,en,
إعداد عمل بحث جامعي في الكويت,الأبحاث الجامعية,transactional,ar,
تصميم إعداد رسالة ماجستير في الكويت,الماجستير,transactional,ar,
كتابة إعداد أطروحة دكتوراه في الكويت,الدكتوراه,transactional,ar,
إعداد تحليل SPSS في الكويت,التحليل الإحصائي,transactional,ar,
إعداد استبيان إلكتروني في الكويت,الاستبيانات,transactional,ar,
إعداد عرض مناقشة الماجستير في الكويت,العروض التقديمية,transactional,ar,
كتابة كتابة الإطار النظري في الكويت,خطة البحث والإطار النظري,transactional,ar,
إعداد تنسيق رسالة علمية في الكويت,التدقيق والتنسيق,transactional,ar,
إعداد مجلات علمية محكمة في الكويت,النشر العلمي,transactional,ar,
thesis proofreading Kuwait for Kuwait universities,English services,local,en,
كتابة عمل بحث جامعي في الكويت,الأبحاث الجامعية,transactional,ar,
تحليل إعداد رسالة ماجستير في الكويت,الماجستير,transactional,ar,
تصميم إعداد أطروحة دكتوراه في الكويت,الدكتوراه,transactional,ar,
كتابة تحليل SPSS في الكويت,التحليل الإحصائي,transactional,ar,
كتابة استبيان إلكتروني في الكويت,الاستبيانات,transactional,ar,
كتابة عرض مناقشة الماجستير في الكويت,العروض التقديمية,transactional,ar,
تصميم كتابة الإطار النظري في الكويت,خطة البحث والإطار النظري,transactional,ar,
كتابة تنسيق رسالة علمية في الكويت,التدقيق والتنسيق,transactional,ar,
كتابة مجلات علمية محكمة في الكويت,النشر العلمي,transactional,ar,
professional data collection Kuwait,English services,commercial,en,
تصميم عمل بحث جامعي في الكويت,الأبحاث الجامعية,transactional,ar,
تفسير إعداد رسالة ماجستير في الكويت,الماجستير,transactional,ar,
تحليل إعداد أطروحة دكتوراه في الكويت,الدكتوراه,transactional,ar,
تصميم تحليل SPSS في الكويت,التحليل الإحصائي,transactional,ar,
تصميم استبيان إلكتروني في الكويت,الاستبيانات,transactional,ar,
تصميم عرض مناقشة الماجستير في الكويت,العروض التقديمية,transactional,ar,
تحليل كتابة الإطار النظري في الكويت,خطة البحث والإطار النظري,transactional,ar,
تصميم تنسيق رسالة علمية في الكويت,التدقيق والتنسيق,transactional,ar,
تصميم مجلات علمية محكمة في الكويت,النشر العلمي,transactional,ar,
expert data collection Kuwait,English services,commercial,en,
تحليل عمل بحث جامعي في الكويت,الأبحاث الجامعية,transactional,ar,
خطة بحث ماجستير في الكويت,الماجستير,local,ar,
تفسير إعداد أطروحة دكتوراه في الكويت,الدكتوراه,transactional,ar,
تحليل تحليل SPSS في الكويت,التحليل الإحصائي,transactional,ar,
تحليل استبيان إلكتروني في الكويت,الاستبيانات,transactional,ar,
تحليل عرض مناقشة الماجستير في الكويت,العروض التقديمية,transactional,ar,
تفسير كتابة الإطار النظري في الكويت,خطة البحث والإطار النظري,transactional,ar,
تحليل تنسيق رسالة علمية في الكويت,التدقيق والتنسيق,transactional,ar,
تحليل مجلات علمية محكمة في الكويت,النشر العلمي,transactional,ar,
affordable data collection Kuwait,English services,commercial,en,
تفسير عمل بحث جامعي في الكويت,الأبحاث الجامعية,transactional,ar,
خطة بحث ماجستير بالكويت,الماجستير,local,ar,
خطة بحث دكتوراه في الكويت,الدكتوراه,local,ar,
تفسير تحليل SPSS في الكويت,التحليل الإحصائي,transactional,ar,
تفسير استبيان إلكتروني في الكويت,الاستبيانات,transactional,ar,
تفسير عرض مناقشة الماجستير في الكويت,العروض التقديمية,transactional,ar,
الإطار النظري للرسالة في الكويت,خطة البحث والإطار النظري,local,ar,
تفسير تنسيق رسالة علمية في الكويت,التدقيق والتنسيق,transactional,ar,
تفسير مجلات علمية محكمة في الكويت,النشر العلمي,transactional,ar,
online data collection Kuwait,English services,commercial,en,
خدمة بحث جامعي في الكويت,الأبحاث الجامعية,local,ar,
خطة بحث ماجستير لطلاب الكويت,الماجستير,local,ar,
خطة بحث دكتوراه بالكويت,الدكتوراه,local,ar,
تحليل بيانات البحث في الكويت,التحليل الإحصائي,local,ar,
تحكيم الاستبيان في الكويت,الاستبيانات,local,ar,
عرض مناقشة الدكتوراه في الكويت,العروض التقديمية,local,ar,
الإطار النظري للرسالة بالكويت,خطة البحث والإطار النظري,local,ar,
مراجعة بحث علمي في الكويت,التدقيق والتنسيق,local,ar,
اختيار مجلة علمية في الكويت,النشر العلمي,local,ar,
for students data collection Kuwait,English services,commercial,en,
خدمة بحث جامعي بالكويت,الأبحاث الجامعية,local,ar,
خطة بحث ماجستير للطلاب في الكويت,الماجستير,local,ar,
خطة بحث دكتوراه لطلاب الكويت,الدكتوراه,local,ar,
تحليل بيانات البحث بالكويت,التحليل الإحصائي,local,ar,
تحكيم الاستبيان بالكويت,الاستبيانات,local,ar,
عرض مناقشة الدكتوراه بالكويت,العروض التقديمية,local,ar,
الإطار النظري للرسالة لطلاب الكويت,خطة البحث والإطار النظري,local,ar,
مراجعة بحث علمي بالكويت,التدقيق والتنسيق,local,ar,
اختيار مجلة علمية بالكويت,النشر العلمي,local,ar,
for researchers data collection Kuwait,English services,commercial,en,
خدمة بحث جامعي لطلاب الكويت,الأبحاث الجامعية,local,ar,
خطة بحث ماجستير للباحثين في الكويت,الماجستير,local,ar,
خطة بحث دكتوراه للطلاب في الكويت,الدكتوراه,local,ar,
تحليل بيانات البحث لطلاب الكويت,التحليل الإحصائي,local,ar,
تحكيم الاستبيان لطلاب الكويت,الاستبيانات,local,ar,
عرض مناقشة الدكتوراه لطلاب الكويت,العروض التقديمية,local,ar,
الإطار النظري للرسالة للطلاب في الكويت,خطة البحث والإطار النظري,local,ar,
مراجعة بحث علمي لطلاب الكويت,التدقيق والتنسيق,local,ar,
اختيار مجلة علمية لطلاب الكويت,النشر العلمي,local,ar,
near me data collection Kuwait,English services,commercial,en,
خدمة بحث جامعي للطلاب في الكويت,الأبحاث الجامعية,local,ar,
خطة بحث ماجستير للجامعات الكويتية,الماجستير,local,ar,
خطة بحث دكتوراه للباحثين في الكويت,الدكتوراه,local,ar,
تحليل بيانات البحث للطلاب في الكويت,التحليل الإحصائي,local,ar,
تحكيم الاستبيان للطلاب في الكويت,الاستبيانات,local,ar,
عرض مناقشة الدكتوراه للطلاب في الكويت,العروض التقديمية,local,ar,
الإطار النظري للرسالة للباحثين في الكويت,خطة البحث والإطار النظري,local,ar,
مراجعة بحث علمي للباحثين في الكويت,التدقيق والتنسيق,local,ar,
اختيار مجلة علمية للطلاب في الكويت,النشر العلمي,local,ar,
best service data collection Kuwait,English services,commercial,en,
خدمة بحث جامعي للباحثين في الكويت,الأبحاث الجامعية,local,ar,
خطة بحث ماجستير جامعة الكويت,الماجستير,local,ar,
خطة بحث دكتوراه للجامعات الكويتية,الدكتوراه,local,ar,
تحليل بيانات البحث للباحثين في الكويت,التحليل الإحصائي,local,ar,
تحكيم الاستبيان للباحثين في الكويت,الاستبيانات,local,ar,
عرض مناقشة الدكتوراه للباحثين في الكويت,العروض التقديمية,local,ar,
الإطار النظري للرسالة للجامعات الكويتية,خطة البحث والإطار النظري,local,ar,
مراجعة بحث علمي للجامعات الكويتية,التدقيق والتنسيق,local,ar,
اختيار مجلة علمية للباحثين في الكويت,النشر العلمي,local,ar,
support data collection Kuwait,English services,commercial,en,
خدمة بحث جامعي للجامعات الكويتية,الأبحاث الجامعية,local,ar,
خطة بحث ماجستير الهيئة العامة للتعليم التطبيقي,الماجستير,local,ar,
خطة بحث دكتوراه جامعة الكويت,الدكتوراه,local,ar,
تحليل بيانات البحث للجامعات الكويتية,التحليل الإحصائي,local,ar,
تحكيم الاستبيان للجامعات الكويتية,الاستبيانات,local,ar,
عرض مناقشة الدكتوراه للجامعات الكويتية,العروض التقديمية,local,ar,
الإطار النظري للرسالة جامعة الكويت,خطة البحث والإطار النظري,local,ar,
مراجعة بحث علمي جامعة الكويت,التدقيق والتنسيق,local,ar,
اختيار مجلة علمية للجامعات الكويتية,النشر العلمي,local,ar,
consultation data collection Kuwait,English services,commercial,en,
خدمة بحث جامعي جامعة الكويت,الأبحاث الجامعية,local,ar,
خطة بحث ماجستير التعليم العالي في الكويت,الماجستير,local,ar,
خطة بحث دكتوراه الهيئة العامة للتعليم التطبيقي,الدكتوراه,local,ar,
تحليل بيانات البحث جامعة الكويت,التحليل الإحصائي,local,ar,
تحكيم الاستبيان جامعة الكويت,الاستبيانات,local,ar,
عرض مناقشة الدكتوراه جامعة الكويت,العروض التقديمية,local,ar,
الإطار النظري للرسالة الهيئة العامة للتعليم التطبيقي,خطة البحث والإطار النظري,local,ar,
مراجعة بحث علمي الهيئة العامة للتعليم التطبيقي,التدقيق والتنسيق,local,ar,
اختيار مجلة علمية جامعة الكويت,النشر العلمي,local,ar,
data collection Kuwait for Kuwait universities,English services,local,en,
خدمة بحث جامعي الهيئة العامة للتعليم التطبيقي,الأبحاث الجامعية,local,ar,
خطة بحث ماجستير في حولي,الماجستير,local,ar,
خطة بحث دكتوراه التعليم العالي في الكويت,الدكتوراه,local,ar,
تحليل بيانات البحث الهيئة العامة للتعليم التطبيقي,التحليل الإحصائي,local,ar,
تحكيم الاستبيان الهيئة العامة للتعليم التطبيقي,الاستبيانات,local,ar,
عرض مناقشة الدكتوراه الهيئة العامة للتعليم التطبيقي,العروض التقديمية,local,ar,
الإطار النظري للرسالة التعليم العالي في الكويت,خطة البحث والإطار النظري,local,ar,
مراجعة بحث علمي التعليم العالي في الكويت,التدقيق والتنسيق,local,ar,
اختيار مجلة علمية الهيئة العامة للتعليم التطبيقي,النشر العلمي,local,ar,
professional questionnaire analysis Kuwait,English services,commercial,en,
خدمة بحث جامعي التعليم العالي في الكويت,الأبحاث الجامعية,local,ar,
خطة بحث ماجستير في السالمية,الماجستير,local,ar,
خطة بحث دكتوراه في حولي,الدكتوراه,local,ar,
تحليل بيانات البحث التعليم العالي في الكويت,التحليل الإحصائي,local,ar,
تحكيم الاستبيان التعليم العالي في الكويت,الاستبيانات,local,ar,
عرض مناقشة الدكتوراه التعليم العالي في الكويت,العروض التقديمية,local,ar,
الإطار النظري للرسالة في حولي,خطة البحث والإطار النظري,local,ar,
مراجعة بحث علمي في حولي,التدقيق والتنسيق,local,ar,
اختيار مجلة علمية التعليم العالي في الكويت,النشر العلمي,local,ar,
expert questionnaire analysis Kuwait,English services,commercial,en,
خدمة بحث جامعي في حولي,الأبحاث الجامعية,local,ar,
خطة بحث ماجستير في الفروانية,الماجستير,local,ar,
خطة بحث دكتوراه في السالمية,الدكتوراه,local,ar,
تحليل بيانات البحث في حولي,التحليل الإحصائي,local,ar,
تحكيم الاستبيان في حولي,الاستبيانات,local,ar,
عرض مناقشة الدكتوراه في حولي,العروض التقديمية,local,ar,
الإطار النظري للرسالة في السالمية,خطة البحث والإطار النظري,local,ar,
مراجعة بحث علمي في السالمية,التدقيق والتنسيق,local,ar,
اختيار مجلة علمية في حولي,النشر العلمي,local,ar,
affordable questionnaire analysis Kuwait,English services,commercial,en,
خدمة بحث جامعي في السالمية,الأبحاث الجامعية,local,ar,
خطة بحث ماجستير في الجهراء,الماجستير,local,ar,
خطة بحث دكتوراه في الفروانية,الدكتوراه,local,ar,
تحليل بيانات البحث في السالمية,التحليل الإحصائي,local,ar,
تحكيم الاستبيان في السالمية,الاستبيانات,local,ar,
عرض مناقشة الدكتوراه في السالمية,العروض التقديمية,local,ar,
الإطار النظري للرسالة في الفروانية,خطة البحث والإطار النظري,local,ar,
مراجعة بحث علمي في الفروانية,التدقيق والتنسيق,local,ar,
اختيار مجلة علمية في السالمية,النشر العلمي,local,ar,
online questionnaire analysis Kuwait,English services,commercial,en,
خدمة بحث جامعي في الفروانية,الأبحاث الجامعية,local,ar,
خطة بحث ماجستير في الأحمدي,الماجستير,local,ar,
خطة بحث دكتوراه في الجهراء,الدكتوراه,local,ar,
تحليل بيانات البحث في الفروانية,التحليل الإحصائي,local,ar,
تحكيم الاستبيان في الفروانية,الاستبيانات,local,ar,
عرض مناقشة الدكتوراه في الفروانية,العروض التقديمية,local,ar,
الإطار النظري للرسالة في الجهراء,خطة البحث والإطار النظري,local,ar,
مراجعة بحث علمي في الجهراء,التدقيق والتنسيق,local,ar,
اختيار مجلة علمية في الفروانية,النشر العلمي,local,ar,
for students questionnaire analysis Kuwait,English services,commercial,en,
خدمة بحث جامعي في الجهراء,الأبحاث الجامعية,local,ar,
خطة بحث ماجستير في مبارك الكبير,الماجستير,local,ar,
خطة بحث دكتوراه في الأحمدي,الدكتوراه,local,ar,
تحليل بيانات البحث في الجهراء,التحليل الإحصائي,local,ar,
تحكيم الاستبيان في الجهراء,الاستبيانات,local,ar,
عرض مناقشة الدكتوراه في الجهراء,العروض التقديمية,local,ar,
الإطار النظري للرسالة في الأحمدي,خطة البحث والإطار النظري,local,ar,
مراجعة بحث علمي في الأحمدي,التدقيق والتنسيق,local,ar,
اختيار مجلة علمية في الجهراء,النشر العلمي,local,ar,
for researchers questionnaire analysis Kuwait,English services,commercial,en,
خدمة بحث جامعي في الأحمدي,الأبحاث الجامعية,local,ar,
خطة بحث ماجستير في العاصمة الكويت,الماجستير,local,ar,
خطة بحث دكتوراه في مبارك الكبير,الدكتوراه,local,ar,
تحليل بيانات البحث في الأحمدي,التحليل الإحصائي,local,ar,
تحكيم الاستبيان في الأحمدي,الاستبيانات,local,ar,
عرض مناقشة الدكتوراه في الأحمدي,العروض التقديمية,local,ar,
الإطار النظري للرسالة في مبارك الكبير,خطة البحث والإطار النظري,local,ar,
مراجعة بحث علمي في مبارك الكبير,التدقيق والتنسيق,local,ar,
اختيار مجلة علمية في الأحمدي,النشر العلمي,local,ar,
near me questionnaire analysis Kuwait,English services,commercial,en,
خدمة بحث جامعي في مبارك الكبير,الأبحاث الجامعية,local,ar,
خطة بحث ماجستير أونلاين في الكويت,الماجستير,local,ar,
خطة بحث دكتوراه في العاصمة الكويت,الدكتوراه,local,ar,
تحليل بيانات البحث في مبارك الكبير,التحليل الإحصائي,local,ar,
تحكيم الاستبيان في مبارك الكبير,الاستبيانات,local,ar,
عرض مناقشة الدكتوراه في مبارك الكبير,العروض التقديمية,local,ar,
الإطار النظري للرسالة في العاصمة الكويت,خطة البحث والإطار النظري,local,ar,
مراجعة بحث علمي في العاصمة الكويت,التدقيق والتنسيق,local,ar,
اختيار مجلة علمية في مبارك الكبير,النشر العلمي,local,ar,
best service questionnaire analysis Kuwait,English services,commercial,en,
خدمة بحث جامعي في العاصمة الكويت,الأبحاث الجامعية,local,ar,
خطة بحث ماجستير خدمة أكاديمية كويتية,الماجستير,local,ar,
خطة بحث دكتوراه أونلاين في الكويت,الدكتوراه,local,ar,
تحليل بيانات البحث في العاصمة الكويت,التحليل الإحصائي,local,ar,
تحكيم الاستبيان في العاصمة الكويت,الاستبيانات,local,ar,
عرض مناقشة الدكتوراه في العاصمة الكويت,العروض التقديمية,local,ar,
الإطار النظري للرسالة أونلاين في الكويت,خطة البحث والإطار النظري,local,ar,
مراجعة بحث علمي أونلاين في الكويت,التدقيق والتنسيق,local,ar,
اختيار مجلة علمية في العاصمة الكويت,النشر العلمي,local,ar,
support questionnaire analysis Kuwait,English services,commercial,en,
خدمة بحث جامعي أونلاين في الكويت,الأبحاث الجامعية,local,ar,
خطة بحث ماجستير مكتب خدمات طلابية الكويت,الماجستير,local,ar,
خطة بحث دكتوراه خدمة أكاديمية كويتية,الدكتوراه,local,ar,
تحليل بيانات البحث أونلاين في الكويت,التحليل الإحصائي,local,ar,
تحكيم الاستبيان أونلاين في الكويت,الاستبيانات,local,ar,
عرض مناقشة الدكتوراه أونلاين في الكويت,العروض التقديمية,local,ar,
الإطار النظري للرسالة خدمة أكاديمية كويتية,خطة البحث والإطار النظري,local,ar,
مراجعة بحث علمي خدمة أكاديمية كويتية,التدقيق والتنسيق,local,ar,
اختيار مجلة علمية أونلاين في الكويت,النشر العلمي,local,ar,
consultation questionnaire analysis Kuwait,English services,commercial,en,
خدمة بحث جامعي خدمة أكاديمية كويتية,الأبحاث الجامعية,local,ar,
خطة بحث ماجستير أفضل خدمة في الكويت,الماجستير,local,ar,
خطة بحث دكتوراه مكتب خدمات طلابية الكويت,الدكتوراه,local,ar,
تحليل بيانات البحث خدمة أكاديمية كويتية,التحليل الإحصائي,local,ar,
تحكيم الاستبيان خدمة أكاديمية كويتية,الاستبيانات,local,ar,
عرض مناقشة الدكتوراه خدمة أكاديمية كويتية,العروض التقديمية,local,ar,
الإطار النظري للرسالة مكتب خدمات طلابية الكويت,خطة البحث والإطار النظري,local,ar,
مراجعة بحث علمي مكتب خدمات طلابية الكويت,التدقيق والتنسيق,local,ar,
اختيار مجلة علمية خدمة أكاديمية كويتية,النشر العلمي,local,ar,
questionnaire analysis Kuwait for Kuwait universities,English services,local,en,
خدمة بحث جامعي مكتب خدمات طلابية الكويت,الأبحاث الجامعية,local,ar,
خطة بحث ماجستير احترافي,الماجستير,commercial,ar,
خطة بحث دكتوراه أفضل خدمة في الكويت,الدكتوراه,local,ar,
تحليل بيانات البحث مكتب خدمات طلابية الكويت,التحليل الإحصائي,local,ar,
تحكيم الاستبيان مكتب خدمات طلابية الكويت,الاستبيانات,local,ar,
عرض مناقشة الدكتوراه مكتب خدمات طلابية الكويت,العروض التقديمية,local,ar,
الإطار النظري للرسالة أفضل خدمة في الكويت,خطة البحث والإطار النظري,local,ar,
مراجعة بحث علمي أفضل خدمة في الكويت,التدقيق والتنسيق,local,ar,
اختيار مجلة علمية مكتب خدمات طلابية الكويت,النشر العلمي,local,ar,
professional research methodology Kuwait,English services,commercial,en,
خدمة بحث جامعي أفضل خدمة في الكويت,الأبحاث الجامعية,local,ar,
خطة بحث ماجستير متخصص,الماجستير,commercial,ar,
خطة بحث دكتوراه احترافي,الدكتوراه,commercial,ar,
تحليل بيانات البحث أفضل خدمة في الكويت,التحليل الإحصائي,local,ar,
تحكيم الاستبيان أفضل خدمة في الكويت,الاستبيانات,local,ar,
عرض مناقشة الدكتوراه أفضل خدمة في الكويت,العروض التقديمية,local,ar,
الإطار النظري للرسالة احترافي,خطة البحث والإطار النظري,commercial,ar,
مراجعة بحث علمي احترافي,التدقيق والتنسيق,commercial,ar,
اختيار مجلة علمية أفضل خدمة في الكويت,النشر العلمي,local,ar,
expert research methodology Kuwait,English services,commercial,en,
كيف أعد بحث جامعي في الكويت؟,الأبحاث الجامعية,commercial,ar,/services/
من يساعدني في بحث جامعي في الكويت؟,الأبحاث الجامعية,commercial,ar,/services/
أحتاج بحث جامعي في الكويت أحتاج مساعدة عاجلة,الأبحاث الجامعية,commercial,ar,/services/
أفضل طريقة لعمل بحث جامعي في الكويت,الأبحاث الجامعية,commercial,ar,/services/
أين أجد خدمة بحث جامعي في الكويت؟,الأبحاث الجامعية,commercial,ar,/services/
هل توجد مساعدة في بحث جامعي في الكويت؟,الأبحاث الجامعية,commercial,ar,/services/
أريد بحث جامعي في الكويت بجودة أكاديمية,الأبحاث الجامعية,commercial,ar,/services/
مساعدة طالب في بحث جامعي في الكويت,الأبحاث الجامعية,commercial,ar,/services/
خدمة بحث جامعي في الكويت بسرية,الأبحاث الجامعية,commercial,ar,/services/
كم يستغرق إعداد بحث جامعي في الكويت؟,الأبحاث الجامعية,commercial,ar,/services/
ما المطلوب لعمل بحث جامعي في الكويت؟,الأبحاث الجامعية,commercial,ar,/services/
كيف أراجع بحث جامعي قبل التسليم؟,الأبحاث الجامعية,commercial,ar,/services/
هل يمكن شرح بحث جامعي للطالب؟,الأبحاث الجامعية,commercial,ar,/services/
أحتاج خبيرًا في بحث جامعي في الكويت,الأبحاث الجامعية,commercial,ar,/services/
طلب خدمة بحث جامعي في الكويت,الأبحاث الجامعية,commercial,ar,/services/
كيف أعد بحث جامعي بالكويت؟,الأبحاث الجامعية,commercial,ar,/services/
من يساعدني في بحث جامعي بالكويت؟,الأبحاث الجامعية,commercial,ar,/services/
أحتاج بحث جامعي بالكويت أريد فهم النتائج وكتابتها,الأبحاث الجامعية,commercial,ar,/services/
أفضل طريقة لعمل بحث جامعي بالكويت,الأبحاث الجامعية,commercial,ar,/services/
أين أجد خدمة بحث جامعي بالكويت؟,الأبحاث الجامعية,commercial,ar,/services/
هل توجد مساعدة في بحث جامعي بالكويت؟,الأبحاث الجامعية,commercial,ar,/services/
أريد بحث جامعي بالكويت بجودة أكاديمية,الأبحاث الجامعية,commercial,ar,/services/
مساعدة طالب في بحث جامعي بالكويت,الأبحاث الجامعية,commercial,ar,/services/
خدمة بحث جامعي بالكويت بسرية,الأبحاث الجامعية,commercial,ar,/services/
كم يستغرق إعداد بحث جامعي بالكويت؟,الأبحاث الجامعية,commercial,ar,/services/
ما المطلوب لعمل بحث جامعي بالكويت؟,الأبحاث الجامعية,commercial,ar,/services/
أحتاج خبيرًا في بحث جامعي بالكويت,الأبحاث الجامعية,commercial,ar,/services/
طلب خدمة بحث جامعي بالكويت,الأبحاث الجامعية,commercial,ar,/services/
كيف أعد بحث جامعي للطلاب في الكويت؟,الأبحاث الجامعية,commercial,ar,/services/
من يساعدني في بحث جامعي للطلاب في الكويت؟,الأبحاث الجامعية,commercial,ar,/services/
أحتاج بحث جامعي للطلاب في الكويت أحتاج رأيًا أكاديميًا في عملي,الأبحاث الجامعية,commercial,ar,/services/
أفضل طريقة لعمل بحث جامعي للطلاب في الكويت,الأبحاث الجامعية,commercial,ar,/services/
أين أجد خدمة بحث جامعي للطلاب في الكويت؟,الأبحاث الجامعية,commercial,ar,/services/
هل توجد مساعدة في بحث جامعي للطلاب في الكويت؟,الأبحاث الجامعية,commercial,ar,/services/
أريد بحث جامعي للطلاب في الكويت بجودة أكاديمية,الأبحاث الجامعية,commercial,ar,/services/
مساعدة طالب في بحث جامعي للطلاب في الكويت,الأبحاث الجامعية,commercial,ar,/services/
خدمة بحث جامعي للطلاب في الكويت بسرية,الأبحاث الجامعية,commercial,ar,/services/
كم يستغرق إعداد بحث جامعي للطلاب في الكويت؟,الأبحاث الجامعية,commercial,ar,/services/
ما المطلوب لعمل بحث جامعي للطلاب في الكويت؟,الأبحاث الجامعية,commercial,ar,/services/
أحتاج خبيرًا في بحث جامعي للطلاب في الكويت,الأبحاث الجامعية,commercial,ar,/services/
طلب خدمة بحث جامعي للطلاب في الكويت,الأبحاث الجامعية,commercial,ar,/services/
كيف أعد بحث جامعي للباحثين في الكويت؟,الأبحاث الجامعية,commercial,ar,/services/
من يساعدني في بحث جامعي للباحثين في الكويت؟,الأبحاث الجامعية,commercial,ar,/services/
أحتاج بحث جامعي للباحثين في الكويت أريد مراجعة عملي قبل التسليم,الأبحاث الجامعية,commercial,ar,/services/
أفضل طريقة لعمل بحث جامعي للباحثين في الكويت,الأبحاث الجامعية,commercial,ar,/services/
أين أجد خدمة بحث جامعي للباحثين في الكويت؟,الأبحاث الجامعية,commercial,ar,/services/
هل توجد مساعدة في بحث جامعي للباحثين في الكويت؟,الأبحاث الجامعية,commercial,ar,/services/
أريد بحث جامعي للباحثين في الكويت بجودة أكاديمية,الأبحاث الجامعية,commercial,ar,/services/
مساعدة طالب في بحث جامعي للباحثين في الكويت,الأبحاث الجامعية,commercial,ar,/services/
خدمة بحث جامعي للباحثين في الكويت بسرية,الأبحاث الجامعية,commercial,ar,/services/
كم يستغرق إعداد بحث جامعي للباحثين في الكويت؟,الأبحاث الجامعية,commercial,ar,/services/
ما المطلوب لعمل بحث جامعي للباحثين في الكويت؟,الأبحاث الجامعية,commercial,ar,/services/
أحتاج خبيرًا في بحث جامعي للباحثين في الكويت,الأبحاث الجامعية,commercial,ar,/services/
طلب خدمة بحث جامعي للباحثين في الكويت,الأبحاث الجامعية,commercial,ar,/services/
كيف أعد بحث جامعي لجامعة الكويت؟,الأبحاث الجامعية,commercial,ar,/services/
من يساعدني في بحث جامعي لجامعة الكويت؟,الأبحاث الجامعية,commercial,ar,/services/
أحتاج بحث جامعي لجامعة الكويت أحتاج تصحيح الأخطاء وتنسيقها,الأبحاث الجامعية,commercial,ar,/services/
أفضل طريقة لعمل بحث جامعي لجامعة الكويت,الأبحاث الجامعية,commercial,ar,/services/
أين أجد خدمة بحث جامعي لجامعة الكويت؟,الأبحاث الجامعية,commercial,ar,/services/
هل توجد مساعدة في بحث جامعي لجامعة الكويت؟,الأبحاث الجامعية,commercial,ar,/services/
أريد بحث جامعي لجامعة الكويت بجودة أكاديمية,الأبحاث الجامعية,commercial,ar,/services/
مساعدة طالب في بحث جامعي لجامعة الكويت,الأبحاث الجامعية,commercial,ar,/services/
خدمة بحث جامعي لجامعة الكويت بسرية,الأبحاث الجامعية,commercial,ar,/services/
كم يستغرق إعداد بحث جامعي لجامعة الكويت؟,الأبحاث الجامعية,commercial,ar,/services/
ما المطلوب لعمل بحث جامعي لجامعة الكويت؟,الأبحاث الجامعية,commercial,ar,/services/
أحتاج خبيرًا في بحث جامعي لجامعة الكويت,الأبحاث الجامعية,commercial,ar,/services/
طلب خدمة بحث جامعي لجامعة الكويت,الأبحاث الجامعية,commercial,ar,/services/
كيف أعد بحث جامعي للجامعات الكويتية؟,الأبحاث الجامعية,commercial,ar,/services/
من يساعدني في بحث جامعي للجامعات الكويتية؟,الأبحاث الجامعية,commercial,ar,/services/
أحتاج بحث جامعي للجامعات الكويتية أريد تجهيزها للمناقشة,الأبحاث الجامعية,commercial,ar,/services/
أفضل طريقة لعمل بحث جامعي للجامعات الكويتية,الأبحاث الجامعية,commercial,ar,/services/
أين أجد خدمة بحث جامعي للجامعات الكويتية؟,الأبحاث الجامعية,commercial,ar,/services/
هل توجد مساعدة في بحث جامعي للجامعات الكويتية؟,الأبحاث الجامعية,commercial,ar,/services/
أريد بحث جامعي للجامعات الكويتية بجودة أكاديمية,الأبحاث الجامعية,commercial,ar,/services/
مساعدة طالب في بحث جامعي للجامعات الكويتية,الأبحاث الجامعية,commercial,ar,/services/
خدمة بحث جامعي للجامعات الكويتية بسرية,الأبحاث الجامعية,commercial,ar,/services/
كم يستغرق إعداد بحث جامعي للجامعات الكويتية؟,الأبحاث الجامعية,commercial,ar,/services/
ما المطلوب لعمل بحث جامعي للجامعات الكويتية؟,الأبحاث الجامعية,commercial,ar,/services/
أحتاج خبيرًا في بحث جامعي للجامعات الكويتية,الأبحاث الجامعية,commercial,ar,/services/
طلب خدمة بحث جامعي للجامعات الكويتية,الأبحاث الجامعية,commercial,ar,/services/
كيف أعد بحث جامعي لطالب ماجستير في الكويت؟,الأبحاث الجامعية,commercial,ar,/services/
من يساعدني في بحث جامعي لطالب ماجستير في الكويت؟,الأبحاث الجامعية,commercial,ar,/services/
أحتاج بحث جامعي لطالب ماجستير في الكويت أحتاج مساعدة عاجلة,الأبحاث الجامعية,commercial,ar,/services/
أفضل طريقة لعمل بحث جامعي لطالب ماجستير في الكويت,الأبحاث الجامعية,commercial,ar,/services/
أين أجد خدمة بحث جامعي لطالب ماجستير في الكويت؟,الأبحاث الجامعية,commercial,ar,/services/
هل توجد مساعدة في بحث جامعي لطالب ماجستير في الكويت؟,الأبحاث الجامعية,commercial,ar,/services/
أريد بحث جامعي لطالب ماجستير في الكويت بجودة أكاديمية,الأبحاث الجامعية,commercial,ar,/services/
مساعدة طالب في بحث جامعي لطالب ماجستير في الكويت,الأبحاث الجامعية,commercial,ar,/services/
خدمة بحث جامعي لطالب ماجستير في الكويت بسرية,الأبحاث الجامعية,commercial,ar,/services/
كم يستغرق إعداد بحث جامعي لطالب ماجستير في الكويت؟,الأبحاث الجامعية,commercial,ar,/services/
ما المطلوب لعمل بحث جامعي لطالب ماجستير في الكويت؟,الأبحاث الجامعية,commercial,ar,/services/
أحتاج خبيرًا في بحث جامعي لطالب ماجستير في الكويت,الأبحاث الجامعية,commercial,ar,/services/
طلب خدمة بحث جامعي لطالب ماجستير في الكويت,الأبحاث الجامعية,commercial,ar,/services/
كيف أعد بحث جامعي لطالب دكتوراه في الكويت؟,الأبحاث الجامعية,commercial,ar,/services/
من يساعدني في بحث جامعي لطالب دكتوراه في الكويت؟,الأبحاث الجامعية,commercial,ar,/services/
أحتاج بحث جامعي لطالب دكتوراه في الكويت أريد إنجازها بطريقة أكاديمية,الأبحاث الجامعية,commercial,ar,/services/
أفضل طريقة لعمل بحث جامعي لطالب دكتوراه في الكويت,الأبحاث الجامعية,commercial,ar,/services/
أين أجد خدمة بحث جامعي لطالب دكتوراه في الكويت؟,الأبحاث الجامعية,commercial,ar,/services/
هل توجد مساعدة في بحث جامعي لطالب دكتوراه في الكويت؟,الأبحاث الجامعية,commercial,ar,/services/
أريد بحث جامعي لطالب دكتوراه في الكويت بجودة أكاديمية,الأبحاث الجامعية,commercial,ar,/services/
مساعدة طالب في بحث جامعي لطالب دكتوراه في الكويت,الأبحاث الجامعية,commercial,ar,/services/
خدمة بحث جامعي لطالب دكتوراه في الكويت بسرية,الأبحاث الجامعية,commercial,ar,/services/
كم يستغرق إعداد بحث جامعي لطالب دكتوراه في الكويت؟,الأبحاث الجامعية,commercial,ar,/services/
ما المطلوب لعمل بحث جامعي لطالب دكتوراه في الكويت؟,الأبحاث الجامعية,commercial,ar,/services/
أحتاج خبيرًا في بحث جامعي لطالب دكتوراه في الكويت,الأبحاث الجامعية,commercial,ar,/services/
طلب خدمة بحث جامعي لطالب دكتوراه في الكويت,الأبحاث الجامعية,commercial,ar,/services/
كيف أعد بحث جامعي في جامعة خاصة بالكويت؟,الأبحاث الجامعية,commercial,ar,/services/
من يساعدني في بحث جامعي في جامعة خاصة بالكويت؟,الأبحاث الجامعية,commercial,ar,/services/
أحتاج بحث جامعي في جامعة خاصة بالكويت أحتاج نموذجًا وخطة واضحة,الأبحاث الجامعية,commercial,ar,/services/
أفضل طريقة لعمل بحث جامعي في جامعة خاصة بالكويت,الأبحاث الجامعية,commercial,ar,/services/
أين أجد خدمة بحث جامعي في جامعة خاصة بالكويت؟,الأبحاث الجامعية,commercial,ar,/services/
هل توجد مساعدة في بحث جامعي في جامعة خاصة بالكويت؟,الأبحاث الجامعية,commercial,ar,/services/
أريد بحث جامعي في جامعة خاصة بالكويت بجودة أكاديمية,الأبحاث الجامعية,commercial,ar,/services/
مساعدة طالب في بحث جامعي في جامعة خاصة بالكويت,الأبحاث الجامعية,commercial,ar,/services/
خدمة بحث جامعي في جامعة خاصة بالكويت بسرية,الأبحاث الجامعية,commercial,ar,/services/
كم يستغرق إعداد بحث جامعي في جامعة خاصة بالكويت؟,الأبحاث الجامعية,commercial,ar,/services/
ما المطلوب لعمل بحث جامعي في جامعة خاصة بالكويت؟,الأبحاث الجامعية,commercial,ar,/services/
أحتاج خبيرًا في بحث جامعي في جامعة خاصة بالكويت,الأبحاث الجامعية,commercial,ar,/services/
طلب خدمة بحث جامعي في جامعة خاصة بالكويت,الأبحاث الجامعية,commercial,ar,/services/
كيف أعد بحث جامعي في التعليم التطبيقي بالكويت؟,الأبحاث الجامعية,commercial,ar,/services/
من يساعدني في بحث جامعي في التعليم التطبيقي بالكويت؟,الأبحاث الجامعية,commercial,ar,/services/
أحتاج بحث جامعي في التعليم التطبيقي بالكويت لا أعرف من أين أبدأ,الأبحاث الجامعية,commercial,ar,/services/
أفضل طريقة لعمل بحث جامعي في التعليم التطبيقي بالكويت,الأبحاث الجامعية,commercial,ar,/services/
أين أجد خدمة بحث جامعي في التعليم التطبيقي بالكويت؟,الأبحاث الجامعية,commercial,ar,/services/
هل توجد مساعدة في بحث جامعي في التعليم التطبيقي بالكويت؟,الأبحاث الجامعية,commercial,ar,/services/
أريد بحث جامعي في التعليم التطبيقي بالكويت بجودة أكاديمية,الأبحاث الجامعية,commercial,ar,/services/
مساعدة طالب في بحث جامعي في التعليم التطبيقي بالكويت,الأبحاث الجامعية,commercial,ar,/services/
خدمة بحث جامعي في التعليم التطبيقي بالكويت بسرية,الأبحاث الجامعية,commercial,ar,/services/
كم يستغرق إعداد بحث جامعي في التعليم التطبيقي بالكويت؟,الأبحاث الجامعية,commercial,ar,/services/
ما المطلوب لعمل بحث جامعي في التعليم التطبيقي بالكويت؟,الأبحاث الجامعية,commercial,ar,/services/
أحتاج خبيرًا في بحث جامعي في التعليم التطبيقي بالكويت,الأبحاث الجامعية,commercial,ar,/services/
طلب خدمة بحث جامعي في التعليم التطبيقي بالكويت,الأبحاث الجامعية,commercial,ar,/services/
كيف أعد بحث تخرج في الكويت؟,أبحاث التخرج,commercial,ar,/services/
من يساعدني في بحث تخرج في الكويت؟,أبحاث التخرج,commercial,ar,/services/
أحتاج بحث تخرج في الكويت أريد مراجعة عملي قبل التسليم,أبحاث التخرج,commercial,ar,/services/
أفضل طريقة لعمل بحث تخرج في الكويت,أبحاث التخرج,commercial,ar,/services/
أين أجد خدمة بحث تخرج في الكويت؟,أبحاث التخرج,commercial,ar,/services/
هل توجد مساعدة في بحث تخرج في الكويت؟,أبحاث التخرج,commercial,ar,/services/
أريد بحث تخرج في الكويت بجودة أكاديمية,أبحاث التخرج,commercial,ar,/services/
مساعدة طالب في بحث تخرج في الكويت,أبحاث التخرج,commercial,ar,/services/
خدمة بحث تخرج في الكويت بسرية,أبحاث التخرج,commercial,ar,/services/
كم يستغرق إعداد بحث تخرج في الكويت؟,أبحاث التخرج,commercial,ar,/services/
ما المطلوب لعمل بحث تخرج في الكويت؟,أبحاث التخرج,commercial,ar,/services/
كيف أراجع بحث تخرج قبل التسليم؟,أبحاث التخرج,commercial,ar,/services/
هل يمكن شرح بحث تخرج للطالب؟,أبحاث التخرج,commercial,ar,/services/
أحتاج خبيرًا في بحث تخرج في الكويت,أبحاث التخرج,commercial,ar,/services/
طلب خدمة بحث تخرج في الكويت,أبحاث التخرج,commercial,ar,/services/
كيف أعد بحث تخرج بالكويت؟,أبحاث التخرج,commercial,ar,/services/
من يساعدني في بحث تخرج بالكويت؟,أبحاث التخرج,commercial,ar,/services/
أحتاج بحث تخرج بالكويت أحتاج نموذجًا وخطة واضحة,أبحاث التخرج,commercial,ar,/services/
أفضل طريقة لعمل بحث تخرج بالكويت,أبحاث التخرج,commercial,ar,/services/
أين أجد خدمة بحث تخرج بالكويت؟,أبحاث التخرج,commercial,ar,/services/
هل توجد مساعدة في بحث تخرج بالكويت؟,أبحاث التخرج,commercial,ar,/services/
أريد بحث تخرج بالكويت بجودة أكاديمية,أبحاث التخرج,commercial,ar,/services/
مساعدة طالب في بحث تخرج بالكويت,أبحاث التخرج,commercial,ar,/services/
خدمة بحث تخرج بالكويت بسرية,أبحاث التخرج,commercial,ar,/services/
كم يستغرق إعداد بحث تخرج بالكويت؟,أبحاث التخرج,commercial,ar,/services/
ما المطلوب لعمل بحث تخرج بالكويت؟,أبحاث التخرج,commercial,ar,/services/
أحتاج خبيرًا في بحث تخرج بالكويت,أبحاث التخرج,commercial,ar,/services/
طلب خدمة بحث تخرج بالكويت,أبحاث التخرج,commercial,ar,/services/
كيف أعد بحث تخرج للطلاب في الكويت؟,أبحاث التخرج,commercial,ar,/services/
من يساعدني في بحث تخرج للطلاب في الكويت؟,أبحاث التخرج,commercial,ar,/services/
أحتاج بحث تخرج للطلاب في الكويت لا أعرف من أين أبدأ,أبحاث التخرج,commercial,ar,/services/
أفضل طريقة لعمل بحث تخرج للطلاب في الكويت,أبحاث التخرج,commercial,ar,/services/
أين أجد خدمة بحث تخرج للطلاب في الكويت؟,أبحاث التخرج,commercial,ar,/services/
هل توجد مساعدة في بحث تخرج للطلاب في الكويت؟,أبحاث التخرج,commercial,ar,/services/
أريد بحث تخرج للطلاب في الكويت بجودة أكاديمية,أبحاث التخرج,commercial,ar,/services/
مساعدة طالب في بحث تخرج للطلاب في الكويت,أبحاث التخرج,commercial,ar,/services/
خدمة بحث تخرج للطلاب في الكويت بسرية,أبحاث التخرج,commercial,ar,/services/
كم يستغرق إعداد بحث تخرج للطلاب في الكويت؟,أبحاث التخرج,commercial,ar,/services/
ما المطلوب لعمل بحث تخرج للطلاب في الكويت؟,أبحاث التخرج,commercial,ar,/services/
أحتاج خبيرًا في بحث تخرج للطلاب في الكويت,أبحاث التخرج,commercial,ar,/services/
طلب خدمة بحث تخرج للطلاب في الكويت,أبحاث التخرج,commercial,ar,/services/
كيف أعد بحث تخرج للباحثين في الكويت؟,أبحاث التخرج,commercial,ar,/services/
من يساعدني في بحث تخرج للباحثين في الكويت؟,أبحاث التخرج,commercial,ar,/services/
أحتاج بحث تخرج للباحثين في الكويت أحتاج شخصًا يشرح لي الخطوات,أبحاث التخرج,commercial,ar,/services/
أفضل طريقة لعمل بحث تخرج للباحثين في الكويت,أبحاث التخرج,commercial,ar,/services/
أين أجد خدمة بحث تخرج للباحثين في الكويت؟,أبحاث التخرج,commercial,ar,/services/
هل توجد مساعدة في بحث تخرج للباحثين في الكويت؟,أبحاث التخرج,commercial,ar,/services/
أريد بحث تخرج للباحثين في الكويت بجودة أكاديمية,أبحاث التخرج,commercial,ar,/services/
مساعدة طالب في بحث تخرج للباحثين في الكويت,أبحاث التخرج,commercial,ar,/services/
خدمة بحث تخرج للباحثين في الكويت بسرية,أبحاث التخرج,commercial,ar,/services/
كم يستغرق إعداد بحث تخرج للباحثين في الكويت؟,أبحاث التخرج,commercial,ar,/services/
ما المطلوب لعمل بحث تخرج للباحثين في الكويت؟,أبحاث التخرج,commercial,ar,/services/
أحتاج خبيرًا في بحث تخرج للباحثين في الكويت,أبحاث التخرج,commercial,ar,/services/
طلب خدمة بحث تخرج للباحثين في الكويت,أبحاث التخرج,commercial,ar,/services/
كيف أعد بحث تخرج لجامعة الكويت؟,أبحاث التخرج,commercial,ar,/services/
من يساعدني في بحث تخرج لجامعة الكويت؟,أبحاث التخرج,commercial,ar,/services/
أحتاج بحث تخرج لجامعة الكويت أريد فهم النتائج وكتابتها,أبحاث التخرج,commercial,ar,/services/
أفضل طريقة لعمل بحث تخرج لجامعة الكويت,أبحاث التخرج,commercial,ar,/services/
أين أجد خدمة بحث تخرج لجامعة الكويت؟,أبحاث التخرج,commercial,ar,/services/
هل توجد مساعدة في بحث تخرج لجامعة الكويت؟,أبحاث التخرج,commercial,ar,/services/
أريد بحث تخرج لجامعة الكويت بجودة أكاديمية,أبحاث التخرج,commercial,ar,/services/
مساعدة طالب في بحث تخرج لجامعة الكويت,أبحاث التخرج,commercial,ar,/services/
خدمة بحث تخرج لجامعة الكويت بسرية,أبحاث التخرج,commercial,ar,/services/
كم يستغرق إعداد بحث تخرج لجامعة الكويت؟,أبحاث التخرج,commercial,ar,/services/
ما المطلوب لعمل بحث تخرج لجامعة الكويت؟,أبحاث التخرج,commercial,ar,/services/
أحتاج خبيرًا في بحث تخرج لجامعة الكويت,أبحاث التخرج,commercial,ar,/services/
طلب خدمة بحث تخرج لجامعة الكويت,أبحاث التخرج,commercial,ar,/services/
كيف أعد بحث تخرج للجامعات الكويتية؟,أبحاث التخرج,commercial,ar,/services/
من يساعدني في بحث تخرج للجامعات الكويتية؟,أبحاث التخرج,commercial,ar,/services/
أحتاج بحث تخرج للجامعات الكويتية أحتاج رأيًا أكاديميًا في عملي,أبحاث التخرج,commercial,ar,/services/
أفضل طريقة لعمل بحث تخرج للجامعات الكويتية,أبحاث التخرج,commercial,ar,/services/
أين أجد خدمة بحث تخرج للجامعات الكويتية؟,أبحاث التخرج,commercial,ar,/services/
هل توجد مساعدة في بحث تخرج للجامعات الكويتية؟,أبحاث التخرج,commercial,ar,/services/
أريد بحث تخرج للجامعات الكويتية بجودة أكاديمية,أبحاث التخرج,commercial,ar,/services/
مساعدة طالب في بحث تخرج للجامعات الكويتية,أبحاث التخرج,commercial,ar,/services/
خدمة بحث تخرج للجامعات الكويتية بسرية,أبحاث التخرج,commercial,ar,/services/
كم يستغرق إعداد بحث تخرج للجامعات الكويتية؟,أبحاث التخرج,commercial,ar,/services/
ما المطلوب لعمل بحث تخرج للجامعات الكويتية؟,أبحاث التخرج,commercial,ar,/services/
أحتاج خبيرًا في بحث تخرج للجامعات الكويتية,أبحاث التخرج,commercial,ar,/services/
طلب خدمة بحث تخرج للجامعات الكويتية,أبحاث التخرج,commercial,ar,/services/
كيف أعد بحث تخرج لطالب ماجستير في الكويت؟,أبحاث التخرج,commercial,ar,/services/
من يساعدني في بحث تخرج لطالب ماجستير في الكويت؟,أبحاث التخرج,commercial,ar,/services/
أحتاج بحث تخرج لطالب ماجستير في الكويت أريد مراجعة عملي قبل التسليم,أبحاث التخرج,commercial,ar,/services/
أفضل طريقة لعمل بحث تخرج لطالب ماجستير في الكويت,أبحاث التخرج,commercial,ar,/services/
أين أجد خدمة بحث تخرج لطالب ماجستير في الكويت؟,أبحاث التخرج,commercial,ar,/services/
هل توجد مساعدة في بحث تخرج لطالب ماجستير في الكويت؟,أبحاث التخرج,commercial,ar,/services/
أريد بحث تخرج لطالب ماجستير في الكويت بجودة أكاديمية,أبحاث التخرج,commercial,ar,/services/
مساعدة طالب في بحث تخرج لطالب ماجستير في الكويت,أبحاث التخرج,commercial,ar,/services/
خدمة بحث تخرج لطالب ماجستير في الكويت بسرية,أبحاث التخرج,commercial,ar,/services/
كم يستغرق إعداد بحث تخرج لطالب ماجستير في الكويت؟,أبحاث التخرج,commercial,ar,/services/
ما المطلوب لعمل بحث تخرج لطالب ماجستير في الكويت؟,أبحاث التخرج,commercial,ar,/services/
أحتاج خبيرًا في بحث تخرج لطالب ماجستير في الكويت,أبحاث التخرج,commercial,ar,/services/
طلب خدمة بحث تخرج لطالب ماجستير في الكويت,أبحاث التخرج,commercial,ar,/services/
كيف أعد بحث تخرج لطالب دكتوراه في الكويت؟,أبحاث التخرج,commercial,ar,/services/
من يساعدني في بحث تخرج لطالب دكتوراه في الكويت؟,أبحاث التخرج,commercial,ar,/services/
أحتاج بحث تخرج لطالب دكتوراه في الكويت أحتاج تصحيح الأخطاء وتنسيقها,أبحاث التخرج,commercial,ar,/services/
أفضل طريقة لعمل بحث تخرج لطالب دكتوراه في الكويت,أبحاث التخرج,commercial,ar,/services/
أين أجد خدمة بحث تخرج لطالب دكتوراه في الكويت؟,أبحاث التخرج,commercial,ar,/services/
هل توجد مساعدة في بحث تخرج لطالب دكتوراه في الكويت؟,أبحاث التخرج,commercial,ar,/services/
أريد بحث تخرج لطالب دكتوراه في الكويت بجودة أكاديمية,أبحاث التخرج,commercial,ar,/services/
مساعدة طالب في بحث تخرج لطالب دكتوراه في الكويت,أبحاث التخرج,commercial,ar,/services/
خدمة بحث تخرج لطالب دكتوراه في الكويت بسرية,أبحاث التخرج,commercial,ar,/services/
كم يستغرق إعداد بحث تخرج لطالب دكتوراه في الكويت؟,أبحاث التخرج,commercial,ar,/services/
ما المطلوب لعمل بحث تخرج لطالب دكتوراه في الكويت؟,أبحاث التخرج,commercial,ar,/services/
أحتاج خبيرًا في بحث تخرج لطالب دكتوراه في الكويت,أبحاث التخرج,commercial,ar,/services/
طلب خدمة بحث تخرج لطالب دكتوراه في الكويت,أبحاث التخرج,commercial,ar,/services/
كيف أعد بحث تخرج في جامعة خاصة بالكويت؟,أبحاث التخرج,commercial,ar,/services/
من يساعدني في بحث تخرج في جامعة خاصة بالكويت؟,أبحاث التخرج,commercial,ar,/services/
أحتاج بحث تخرج في جامعة خاصة بالكويت أريد تجهيزها للمناقشة,أبحاث التخرج,commercial,ar,/services/
أفضل طريقة لعمل بحث تخرج في جامعة خاصة بالكويت,أبحاث التخرج,commercial,ar,/services/
أين أجد خدمة بحث تخرج في جامعة خاصة بالكويت؟,أبحاث التخرج,commercial,ar,/services/
هل توجد مساعدة في بحث تخرج في جامعة خاصة بالكويت؟,أبحاث التخرج,commercial,ar,/services/
أريد بحث تخرج في جامعة خاصة بالكويت بجودة أكاديمية,أبحاث التخرج,commercial,ar,/services/
مساعدة طالب في بحث تخرج في جامعة خاصة بالكويت,أبحاث التخرج,commercial,ar,/services/
خدمة بحث تخرج في جامعة خاصة بالكويت بسرية,أبحاث التخرج,commercial,ar,/services/
كم يستغرق إعداد بحث تخرج في جامعة خاصة بالكويت؟,أبحاث التخرج,commercial,ar,/services/
ما المطلوب لعمل بحث تخرج في جامعة خاصة بالكويت؟,أبحاث التخرج,commercial,ar,/services/
أحتاج خبيرًا في بحث تخرج في جامعة خاصة بالكويت,أبحاث التخرج,commercial,ar,/services/
طلب خدمة بحث تخرج في جامعة خاصة بالكويت,أبحاث التخرج,commercial,ar,/services/
كيف أعد بحث تخرج في التعليم التطبيقي بالكويت؟,أبحاث التخرج,commercial,ar,/services/
من يساعدني في بحث تخرج في التعليم التطبيقي بالكويت؟,أبحاث التخرج,commercial,ar,/services/
أحتاج بحث تخرج في التعليم التطبيقي بالكويت أحتاج مساعدة عاجلة,أبحاث التخرج,commercial,ar,/services/
أفضل طريقة لعمل بحث تخرج في التعليم التطبيقي بالكويت,أبحاث التخرج,commercial,ar,/services/
أين أجد خدمة بحث تخرج في التعليم التطبيقي بالكويت؟,أبحاث التخرج,commercial,ar,/services/
هل توجد مساعدة في بحث تخرج في التعليم التطبيقي بالكويت؟,أبحاث التخرج,commercial,ar,/services/
أريد بحث تخرج في التعليم التطبيقي بالكويت بجودة أكاديمية,أبحاث التخرج,commercial,ar,/services/
مساعدة طالب في بحث تخرج في التعليم التطبيقي بالكويت,أبحاث التخرج,commercial,ar,/services/
خدمة بحث تخرج في التعليم التطبيقي بالكويت بسرية,أبحاث التخرج,commercial,ar,/services/
كم يستغرق إعداد بحث تخرج في التعليم التطبيقي بالكويت؟,أبحاث التخرج,commercial,ar,/services/
ما المطلوب لعمل بحث تخرج في التعليم التطبيقي بالكويت؟,أبحاث التخرج,commercial,ar,/services/
أحتاج خبيرًا في بحث تخرج في التعليم التطبيقي بالكويت,أبحاث التخرج,commercial,ar,/services/
طلب خدمة بحث تخرج في التعليم التطبيقي بالكويت,أبحاث التخرج,commercial,ar,/services/
كيف أعد رسالة ماجستير في الكويت؟,الماجستير,commercial,ar,/services/
من يساعدني في رسالة ماجستير في الكويت؟,الماجستير,commercial,ar,/services/
أحتاج رسالة ماجستير في الكويت أحتاج رأيًا أكاديميًا في عملي,الماجستير,commercial,ar,/services/
أفضل طريقة لعمل رسالة ماجستير في الكويت,الماجستير,commercial,ar,/services/
أين أجد خدمة رسالة ماجستير في الكويت؟,الماجستير,commercial,ar,/services/
هل توجد مساعدة في رسالة ماجستير في الكويت؟,الماجستير,commercial,ar,/services/
أريد رسالة ماجستير في الكويت بجودة أكاديمية,الماجستير,commercial,ar,/services/
مساعدة طالب في رسالة ماجستير في الكويت,الماجستير,commercial,ar,/services/
خدمة رسالة ماجستير في الكويت بسرية,الماجستير,commercial,ar,/services/
كم يستغرق إعداد رسالة ماجستير في الكويت؟,الماجستير,commercial,ar,/services/
ما المطلوب لعمل رسالة ماجستير في الكويت؟,الماجستير,commercial,ar,/services/
كيف أراجع رسالة ماجستير قبل التسليم؟,الماجستير,commercial,ar,/services/
هل يمكن شرح رسالة ماجستير للطالب؟,الماجستير,commercial,ar,/services/
أحتاج خبيرًا في رسالة ماجستير في الكويت,الماجستير,commercial,ar,/services/
طلب خدمة رسالة ماجستير في الكويت,الماجستير,commercial,ar,/services/
كيف أعد رسالة ماجستير بالكويت؟,الماجستير,commercial,ar,/services/
من يساعدني في رسالة ماجستير بالكويت؟,الماجستير,commercial,ar,/services/
أحتاج رسالة ماجستير بالكويت أريد إنجازها بطريقة أكاديمية,الماجستير,commercial,ar,/services/
أفضل طريقة لعمل رسالة ماجستير بالكويت,الماجستير,commercial,ar,/services/
أين أجد خدمة رسالة ماجستير بالكويت؟,الماجستير,commercial,ar,/services/
هل توجد مساعدة في رسالة ماجستير بالكويت؟,الماجستير,commercial,ar,/services/
أريد رسالة ماجستير بالكويت بجودة أكاديمية,الماجستير,commercial,ar,/services/
مساعدة طالب في رسالة ماجستير بالكويت,الماجستير,commercial,ar,/services/
خدمة رسالة ماجستير بالكويت بسرية,الماجستير,commercial,ar,/services/
كم يستغرق إعداد رسالة ماجستير بالكويت؟,الماجستير,commercial,ar,/services/
ما المطلوب لعمل رسالة ماجستير بالكويت؟,الماجستير,commercial,ar,/services/
أحتاج خبيرًا في رسالة ماجستير بالكويت,الماجستير,commercial,ar,/services/
طلب خدمة رسالة ماجستير بالكويت,الماجستير,commercial,ar,/services/
كيف أعد رسالة ماجستير للطلاب في الكويت؟,الماجستير,commercial,ar,/services/
من يساعدني في رسالة ماجستير للطلاب في الكويت؟,الماجستير,commercial,ar,/services/
أحتاج رسالة ماجستير للطلاب في الكويت أحتاج نموذجًا وخطة واضحة,الماجستير,commercial,ar,/services/
أفضل طريقة لعمل رسالة ماجستير للطلاب في الكويت,الماجستير,commercial,ar,/services/
أين أجد خدمة رسالة ماجستير للطلاب في الكويت؟,الماجستير,commercial,ar,/services/
هل توجد مساعدة في رسالة ماجستير للطلاب في الكويت؟,الماجستير,commercial,ar,/services/
أريد رسالة ماجستير للطلاب في الكويت بجودة أكاديمية,الماجستير,commercial,ar,/services/
مساعدة طالب في رسالة ماجستير للطلاب في الكويت,الماجستير,commercial,ar,/services/
خدمة رسالة ماجستير للطلاب في الكويت بسرية,الماجستير,commercial,ar,/services/
كم يستغرق إعداد رسالة ماجستير للطلاب في الكويت؟,الماجستير,commercial,ar,/services/
ما المطلوب لعمل رسالة ماجستير للطلاب في الكويت؟,الماجستير,commercial,ar,/services/
أحتاج خبيرًا في رسالة ماجستير للطلاب في الكويت,الماجستير,commercial,ar,/services/
طلب خدمة رسالة ماجستير للطلاب في الكويت,الماجستير,commercial,ar,/services/
كيف أعد رسالة ماجستير للباحثين في الكويت؟,الماجستير,commercial,ar,/services/
من يساعدني في رسالة ماجستير للباحثين في الكويت؟,الماجستير,commercial,ar,/services/
أحتاج رسالة ماجستير للباحثين في الكويت لا أعرف من أين أبدأ,الماجستير,commercial,ar,/services/
أفضل طريقة لعمل رسالة ماجستير للباحثين في الكويت,الماجستير,commercial,ar,/services/
أين أجد خدمة رسالة ماجستير للباحثين في الكويت؟,الماجستير,commercial,ar,/services/
هل توجد مساعدة في رسالة ماجستير للباحثين في الكويت؟,الماجستير,commercial,ar,/services/
أريد رسالة ماجستير للباحثين في الكويت بجودة أكاديمية,الماجستير,commercial,ar,/services/
مساعدة طالب في رسالة ماجستير للباحثين في الكويت,الماجستير,commercial,ar,/services/
خدمة رسالة ماجستير للباحثين في الكويت بسرية,الماجستير,commercial,ar,/services/
كم يستغرق إعداد رسالة ماجستير للباحثين في الكويت؟,الماجستير,commercial,ar,/services/
ما المطلوب لعمل رسالة ماجستير للباحثين في الكويت؟,الماجستير,commercial,ar,/services/
أحتاج خبيرًا في رسالة ماجستير للباحثين في الكويت,الماجستير,commercial,ar,/services/
طلب خدمة رسالة ماجستير للباحثين في الكويت,الماجستير,commercial,ar,/services/
كيف أعد رسالة ماجستير لجامعة الكويت؟,الماجستير,commercial,ar,/services/
من يساعدني في رسالة ماجستير لجامعة الكويت؟,الماجستير,commercial,ar,/services/
أحتاج رسالة ماجستير لجامعة الكويت أحتاج شخصًا يشرح لي الخطوات,الماجستير,commercial,ar,/services/
أفضل طريقة لعمل رسالة ماجستير لجامعة الكويت,الماجستير,commercial,ar,/services/
أين أجد خدمة رسالة ماجستير لجامعة الكويت؟,الماجستير,commercial,ar,/services/
هل توجد مساعدة في رسالة ماجستير لجامعة الكويت؟,الماجستير,commercial,ar,/services/
أريد رسالة ماجستير لجامعة الكويت بجودة أكاديمية,الماجستير,commercial,ar,/services/
مساعدة طالب في رسالة ماجستير لجامعة الكويت,الماجستير,commercial,ar,/services/
خدمة رسالة ماجستير لجامعة الكويت بسرية,الماجستير,commercial,ar,/services/
كم يستغرق إعداد رسالة ماجستير لجامعة الكويت؟,الماجستير,commercial,ar,/services/
ما المطلوب لعمل رسالة ماجستير لجامعة الكويت؟,الماجستير,commercial,ar,/services/
أحتاج خبيرًا في رسالة ماجستير لجامعة الكويت,الماجستير,commercial,ar,/services/
طلب خدمة رسالة ماجستير لجامعة الكويت,الماجستير,commercial,ar,/services/
كيف أعد رسالة ماجستير للجامعات الكويتية؟,الماجستير,commercial,ar,/services/
من يساعدني في رسالة ماجستير للجامعات الكويتية؟,الماجستير,commercial,ar,/services/
أحتاج رسالة ماجستير للجامعات الكويتية أريد فهم النتائج وكتابتها,الماجستير,commercial,ar,/services/
أفضل طريقة لعمل رسالة ماجستير للجامعات الكويتية,الماجستير,commercial,ar,/services/
أين أجد خدمة رسالة ماجستير للجامعات الكويتية؟,الماجستير,commercial,ar,/services/
هل توجد مساعدة في رسالة ماجستير للجامعات الكويتية؟,الماجستير,commercial,ar,/services/
أريد رسالة ماجستير للجامعات الكويتية بجودة أكاديمية,الماجستير,commercial,ar,/services/
مساعدة طالب في رسالة ماجستير للجامعات الكويتية,الماجستير,commercial,ar,/services/
خدمة رسالة ماجستير للجامعات الكويتية بسرية,الماجستير,commercial,ar,/services/
كم يستغرق إعداد رسالة ماجستير للجامعات الكويتية؟,الماجستير,commercial,ar,/services/
ما المطلوب لعمل رسالة ماجستير للجامعات الكويتية؟,الماجستير,commercial,ar,/services/
أحتاج خبيرًا في رسالة ماجستير للجامعات الكويتية,الماجستير,commercial,ar,/services/
طلب خدمة رسالة ماجستير للجامعات الكويتية,الماجستير,commercial,ar,/services/
كيف أعد رسالة ماجستير لطالب ماجستير في الكويت؟,الماجستير,commercial,ar,/services/
من يساعدني في رسالة ماجستير لطالب ماجستير في الكويت؟,الماجستير,commercial,ar,/services/
أحتاج رسالة ماجستير لطالب ماجستير في الكويت أحتاج رأيًا أكاديميًا في عملي,الماجستير,commercial,ar,/services/
أفضل طريقة لعمل رسالة ماجستير لطالب ماجستير في الكويت,الماجستير,commercial,ar,/services/
أين أجد خدمة رسالة ماجستير لطالب ماجستير في الكويت؟,الماجستير,commercial,ar,/services/
هل توجد مساعدة في رسالة ماجستير لطالب ماجستير في الكويت؟,الماجستير,commercial,ar,/services/
أريد رسالة ماجستير لطالب ماجستير في الكويت بجودة أكاديمية,الماجستير,commercial,ar,/services/
مساعدة طالب في رسالة ماجستير لطالب ماجستير في الكويت,الماجستير,commercial,ar,/services/
خدمة رسالة ماجستير لطالب ماجستير في الكويت بسرية,الماجستير,commercial,ar,/services/
كم يستغرق إعداد رسالة ماجستير لطالب ماجستير في الكويت؟,الماجستير,commercial,ar,/services/
ما المطلوب لعمل رسالة ماجستير لطالب ماجستير في الكويت؟,الماجستير,commercial,ar,/services/
أحتاج خبيرًا في رسالة ماجستير لطالب ماجستير في الكويت,الماجستير,commercial,ar,/services/
طلب خدمة رسالة ماجستير لطالب ماجستير في الكويت,الماجستير,commercial,ar,/services/
كيف أعد رسالة ماجستير لطالب دكتوراه في الكويت؟,الماجستير,commercial,ar,/services/
من يساعدني في رسالة ماجستير لطالب دكتوراه في الكويت؟,الماجستير,commercial,ar,/services/
أحتاج رسالة ماجستير لطالب دكتوراه في الكويت أريد مراجعة عملي قبل التسليم,الماجستير,commercial,ar,/services/
أفضل طريقة لعمل رسالة ماجستير لطالب دكتوراه في الكويت,الماجستير,commercial,ar,/services/
أين أجد خدمة رسالة ماجستير لطالب دكتوراه في الكويت؟,الماجستير,commercial,ar,/services/
هل توجد مساعدة في رسالة ماجستير لطالب دكتوراه في الكويت؟,الماجستير,commercial,ar,/services/
أريد رسالة ماجستير لطالب دكتوراه في الكويت بجودة أكاديمية,الماجستير,commercial,ar,/services/
مساعدة طالب في رسالة ماجستير لطالب دكتوراه في الكويت,الماجستير,commercial,ar,/services/
خدمة رسالة ماجستير لطالب دكتوراه في الكويت بسرية,الماجستير,commercial,ar,/services/
كم يستغرق إعداد رسالة ماجستير لطالب دكتوراه في الكويت؟,الماجستير,commercial,ar,/services/
ما المطلوب لعمل رسالة ماجستير لطالب دكتوراه في الكويت؟,الماجستير,commercial,ar,/services/
أحتاج خبيرًا في رسالة ماجستير لطالب دكتوراه في الكويت,الماجستير,commercial,ar,/services/
طلب خدمة رسالة ماجستير لطالب دكتوراه في الكويت,الماجستير,commercial,ar,/services/
كيف أعد رسالة ماجستير في جامعة خاصة بالكويت؟,الماجستير,commercial,ar,/services/
من يساعدني في رسالة ماجستير في جامعة خاصة بالكويت؟,الماجستير,commercial,ar,/services/
أحتاج رسالة ماجستير في جامعة خاصة بالكويت أحتاج تصحيح الأخطاء وتنسيقها,الماجستير,commercial,ar,/services/
أفضل طريقة لعمل رسالة ماجستير في جامعة خاصة بالكويت,الماجستير,commercial,ar,/services/
أين أجد خدمة رسالة ماجستير في جامعة خاصة بالكويت؟,الماجستير,commercial,ar,/services/
هل توجد مساعدة في رسالة ماجستير في جامعة خاصة بالكويت؟,الماجستير,commercial,ar,/services/
أريد رسالة ماجستير في جامعة خاصة بالكويت بجودة أكاديمية,الماجستير,commercial,ar,/services/
مساعدة طالب في رسالة ماجستير في جامعة خاصة بالكويت,الماجستير,commercial,ar,/services/
خدمة رسالة ماجستير في جامعة خاصة بالكويت بسرية,الماجستير,commercial,ar,/services/
كم يستغرق إعداد رسالة ماجستير في جامعة خاصة بالكويت؟,الماجستير,commercial,ar,/services/
ما المطلوب لعمل رسالة ماجستير في جامعة خاصة بالكويت؟,الماجستير,commercial,ar,/services/
أحتاج خبيرًا في رسالة ماجستير في جامعة خاصة بالكويت,الماجستير,commercial,ar,/services/
طلب خدمة رسالة ماجستير في جامعة خاصة بالكويت,الماجستير,commercial,ar,/services/
كيف أعد رسالة ماجستير في التعليم التطبيقي بالكويت؟,الماجستير,commercial,ar,/services/
من يساعدني في رسالة ماجستير في التعليم التطبيقي بالكويت؟,الماجستير,commercial,ar,/services/
أحتاج رسالة ماجستير في التعليم التطبيقي بالكويت أريد تجهيزها للمناقشة,الماجستير,commercial,ar,/services/
أفضل طريقة لعمل رسالة ماجستير في التعليم التطبيقي بالكويت,الماجستير,commercial,ar,/services/
أين أجد خدمة رسالة ماجستير في التعليم التطبيقي بالكويت؟,الماجستير,commercial,ar,/services/
هل توجد مساعدة في رسالة ماجستير في التعليم التطبيقي بالكويت؟,الماجستير,commercial,ar,/services/
أريد رسالة ماجستير في التعليم التطبيقي بالكويت بجودة أكاديمية,الماجستير,commercial,ar,/services/
مساعدة طالب في رسالة ماجستير في التعليم التطبيقي بالكويت,الماجستير,commercial,ar,/services/
خدمة رسالة ماجستير في التعليم التطبيقي بالكويت بسرية,الماجستير,commercial,ar,/services/
كم يستغرق إعداد رسالة ماجستير في التعليم التطبيقي بالكويت؟,الماجستير,commercial,ar,/services/
ما المطلوب لعمل رسالة ماجستير في التعليم التطبيقي بالكويت؟,الماجستير,commercial,ar,/services/
أحتاج خبيرًا في رسالة ماجستير في التعليم التطبيقي بالكويت,الماجستير,commercial,ar,/services/
طلب خدمة رسالة ماجستير في التعليم التطبيقي بالكويت,الماجستير,commercial,ar,/services/
كيف أعد أطروحة دكتوراه في الكويت؟,الدكتوراه,commercial,ar,/services/
من يساعدني في أطروحة دكتوراه في الكويت؟,الدكتوراه,commercial,ar,/services/
أحتاج أطروحة دكتوراه في الكويت أريد مراجعة عملي قبل التسليم,الدكتوراه,commercial,ar,/services/
أفضل طريقة لعمل أطروحة دكتوراه في الكويت,الدكتوراه,commercial,ar,/services/
أين أجد خدمة أطروحة دكتوراه في الكويت؟,الدكتوراه,commercial,ar,/services/
هل توجد مساعدة في أطروحة دكتوراه في الكويت؟,الدكتوراه,commercial,ar,/services/
أريد أطروحة دكتوراه في الكويت بجودة أكاديمية,الدكتوراه,commercial,ar,/services/
مساعدة طالب في أطروحة دكتوراه في الكويت,الدكتوراه,commercial,ar,/services/
خدمة أطروحة دكتوراه في الكويت بسرية,الدكتوراه,commercial,ar,/services/
كم يستغرق إعداد أطروحة دكتوراه في الكويت؟,الدكتوراه,commercial,ar,/services/
ما المطلوب لعمل أطروحة دكتوراه في الكويت؟,الدكتوراه,commercial,ar,/services/
كيف أراجع أطروحة دكتوراه قبل التسليم؟,الدكتوراه,commercial,ar,/services/
هل يمكن شرح أطروحة دكتوراه للطالب؟,الدكتوراه,commercial,ar,/services/
أحتاج خبيرًا في أطروحة دكتوراه في الكويت,الدكتوراه,commercial,ar,/services/
طلب خدمة أطروحة دكتوراه في الكويت,الدكتوراه,commercial,ar,/services/
كيف أعد أطروحة دكتوراه بالكويت؟,الدكتوراه,commercial,ar,/services/
من يساعدني في أطروحة دكتوراه بالكويت؟,الدكتوراه,commercial,ar,/services/
أحتاج أطروحة دكتوراه بالكويت أحتاج نموذجًا وخطة واضحة,الدكتوراه,commercial,ar,/services/
أفضل طريقة لعمل أطروحة دكتوراه بالكويت,الدكتوراه,commercial,ar,/services/
أين أجد خدمة أطروحة دكتوراه بالكويت؟,الدكتوراه,commercial,ar,/services/
هل توجد مساعدة في أطروحة دكتوراه بالكويت؟,الدكتوراه,commercial,ar,/services/
أريد أطروحة دكتوراه بالكويت بجودة أكاديمية,الدكتوراه,commercial,ar,/services/
مساعدة طالب في أطروحة دكتوراه بالكويت,الدكتوراه,commercial,ar,/services/
خدمة أطروحة دكتوراه بالكويت بسرية,الدكتوراه,commercial,ar,/services/
كم يستغرق إعداد أطروحة دكتوراه بالكويت؟,الدكتوراه,commercial,ar,/services/
ما المطلوب لعمل أطروحة دكتوراه بالكويت؟,الدكتوراه,commercial,ar,/services/
أحتاج خبيرًا في أطروحة دكتوراه بالكويت,الدكتوراه,commercial,ar,/services/
طلب خدمة أطروحة دكتوراه بالكويت,الدكتوراه,commercial,ar,/services/
كيف أعد أطروحة دكتوراه للطلاب في الكويت؟,الدكتوراه,commercial,ar,/services/
من يساعدني في أطروحة دكتوراه للطلاب في الكويت؟,الدكتوراه,commercial,ar,/services/
أحتاج أطروحة دكتوراه للطلاب في الكويت لا أعرف من أين أبدأ,الدكتوراه,commercial,ar,/services/
أفضل طريقة لعمل أطروحة دكتوراه للطلاب في الكويت,الدكتوراه,commercial,ar,/services/
أين أجد خدمة أطروحة دكتوراه للطلاب في الكويت؟,الدكتوراه,commercial,ar,/services/
هل توجد مساعدة في أطروحة دكتوراه للطلاب في الكويت؟,الدكتوراه,commercial,ar,/services/
أريد أطروحة دكتوراه للطلاب في الكويت بجودة أكاديمية,الدكتوراه,commercial,ar,/services/
مساعدة طالب في أطروحة دكتوراه للطلاب في الكويت,الدكتوراه,commercial,ar,/services/
خدمة أطروحة دكتوراه للطلاب في الكويت بسرية,الدكتوراه,commercial,ar,/services/
كم يستغرق إعداد أطروحة دكتوراه للطلاب في الكويت؟,الدكتوراه,commercial,ar,/services/
ما المطلوب لعمل أطروحة دكتوراه للطلاب في الكويت؟,الدكتوراه,commercial,ar,/services/
أحتاج خبيرًا في أطروحة دكتوراه للطلاب في الكويت,الدكتوراه,commercial,ar,/services/
طلب خدمة أطروحة دكتوراه للطلاب في الكويت,الدكتوراه,commercial,ar,/services/
كيف أعد أطروحة دكتوراه للباحثين في الكويت؟,الدكتوراه,commercial,ar,/services/
من يساعدني في أطروحة دكتوراه للباحثين في الكويت؟,الدكتوراه,commercial,ar,/services/
أحتاج أطروحة دكتوراه للباحثين في الكويت أحتاج شخصًا يشرح لي الخطوات,الدكتوراه,commercial,ar,/services/
أفضل طريقة لعمل أطروحة دكتوراه للباحثين في الكويت,الدكتوراه,commercial,ar,/services/
أين أجد خدمة أطروحة دكتوراه للباحثين في الكويت؟,الدكتوراه,commercial,ar,/services/
هل توجد مساعدة في أطروحة دكتوراه للباحثين في الكويت؟,الدكتوراه,commercial,ar,/services/
أريد أطروحة دكتوراه للباحثين في الكويت بجودة أكاديمية,الدكتوراه,commercial,ar,/services/
مساعدة طالب في أطروحة دكتوراه للباحثين في الكويت,الدكتوراه,commercial,ar,/services/
خدمة أطروحة دكتوراه للباحثين في الكويت بسرية,الدكتوراه,commercial,ar,/services/
كم يستغرق إعداد أطروحة دكتوراه للباحثين في الكويت؟,الدكتوراه,commercial,ar,/services/
ما المطلوب لعمل أطروحة دكتوراه للباحثين في الكويت؟,الدكتوراه,commercial,ar,/services/
أحتاج خبيرًا في أطروحة دكتوراه للباحثين في الكويت,الدكتوراه,commercial,ar,/services/
طلب خدمة أطروحة دكتوراه للباحثين في الكويت,الدكتوراه,commercial,ar,/services/
كيف أعد أطروحة دكتوراه لجامعة الكويت؟,الدكتوراه,commercial,ar,/services/
من يساعدني في أطروحة دكتوراه لجامعة الكويت؟,الدكتوراه,commercial,ar,/services/
أحتاج أطروحة دكتوراه لجامعة الكويت أريد فهم النتائج وكتابتها,الدكتوراه,commercial,ar,/services/
أفضل طريقة لعمل أطروحة دكتوراه لجامعة الكويت,الدكتوراه,commercial,ar,/services/
أين أجد خدمة أطروحة دكتوراه لجامعة الكويت؟,الدكتوراه,commercial,ar,/services/
هل توجد مساعدة في أطروحة دكتوراه لجامعة الكويت؟,الدكتوراه,commercial,ar,/services/
أريد أطروحة دكتوراه لجامعة الكويت بجودة أكاديمية,الدكتوراه,commercial,ar,/services/
مساعدة طالب في أطروحة دكتوراه لجامعة الكويت,الدكتوراه,commercial,ar,/services/
خدمة أطروحة دكتوراه لجامعة الكويت بسرية,الدكتوراه,commercial,ar,/services/
كم يستغرق إعداد أطروحة دكتوراه لجامعة الكويت؟,الدكتوراه,commercial,ar,/services/
ما المطلوب لعمل أطروحة دكتوراه لجامعة الكويت؟,الدكتوراه,commercial,ar,/services/
أحتاج خبيرًا في أطروحة دكتوراه لجامعة الكويت,الدكتوراه,commercial,ar,/services/
طلب خدمة أطروحة دكتوراه لجامعة الكويت,الدكتوراه,commercial,ar,/services/
كيف أعد أطروحة دكتوراه للجامعات الكويتية؟,الدكتوراه,commercial,ar,/services/
من يساعدني في أطروحة دكتوراه للجامعات الكويتية؟,الدكتوراه,commercial,ar,/services/
أحتاج أطروحة دكتوراه للجامعات الكويتية أحتاج رأيًا أكاديميًا في عملي,الدكتوراه,commercial,ar,/services/
أفضل طريقة لعمل أطروحة دكتوراه للجامعات الكويتية,الدكتوراه,commercial,ar,/services/
أين أجد خدمة أطروحة دكتوراه للجامعات الكويتية؟,الدكتوراه,commercial,ar,/services/
هل توجد مساعدة في أطروحة دكتوراه للجامعات الكويتية؟,الدكتوراه,commercial,ar,/services/
أريد أطروحة دكتوراه للجامعات الكويتية بجودة أكاديمية,الدكتوراه,commercial,ar,/services/
مساعدة طالب في أطروحة دكتوراه للجامعات الكويتية,الدكتوراه,commercial,ar,/services/
خدمة أطروحة دكتوراه للجامعات الكويتية بسرية,الدكتوراه,commercial,ar,/services/
كم يستغرق إعداد أطروحة دكتوراه للجامعات الكويتية؟,الدكتوراه,commercial,ar,/services/
ما المطلوب لعمل أطروحة دكتوراه للجامعات الكويتية؟,الدكتوراه,commercial,ar,/services/
أحتاج خبيرًا في أطروحة دكتوراه للجامعات الكويتية,الدكتوراه,commercial,ar,/services/
طلب خدمة أطروحة دكتوراه للجامعات الكويتية,الدكتوراه,commercial,ar,/services/
كيف أعد أطروحة دكتوراه لطالب ماجستير في الكويت؟,الدكتوراه,commercial,ar,/services/
من يساعدني في أطروحة دكتوراه لطالب ماجستير في الكويت؟,الدكتوراه,commercial,ar,/services/
أحتاج أطروحة دكتوراه لطالب ماجستير في الكويت أريد مراجعة عملي قبل التسليم,الدكتوراه,commercial,ar,/services/
أفضل طريقة لعمل أطروحة دكتوراه لطالب ماجستير في الكويت,الدكتوراه,commercial,ar,/services/
أين أجد خدمة أطروحة دكتوراه لطالب ماجستير في الكويت؟,الدكتوراه,commercial,ar,/services/
هل توجد مساعدة في أطروحة دكتوراه لطالب ماجستير في الكويت؟,الدكتوراه,commercial,ar,/services/
أريد أطروحة دكتوراه لطالب ماجستير في الكويت بجودة أكاديمية,الدكتوراه,commercial,ar,/services/
مساعدة طالب في أطروحة دكتوراه لطالب ماجستير في الكويت,الدكتوراه,commercial,ar,/services/
خدمة أطروحة دكتوراه لطالب ماجستير في الكويت بسرية,الدكتوراه,commercial,ar,/services/
كم يستغرق إعداد أطروحة دكتوراه لطالب ماجستير في الكويت؟,الدكتوراه,commercial,ar,/services/
ما المطلوب لعمل أطروحة دكتوراه لطالب ماجستير في الكويت؟,الدكتوراه,commercial,ar,/services/
أحتاج خبيرًا في أطروحة دكتوراه لطالب ماجستير في الكويت,الدكتوراه,commercial,ar,/services/
طلب خدمة أطروحة دكتوراه لطالب ماجستير في الكويت,الدكتوراه,commercial,ar,/services/
كيف أعد أطروحة دكتوراه لطالب دكتوراه في الكويت؟,الدكتوراه,commercial,ar,/services/
من يساعدني في أطروحة دكتوراه لطالب دكتوراه في الكويت؟,الدكتوراه,commercial,ar,/services/
أحتاج أطروحة دكتوراه لطالب دكتوراه في الكويت أحتاج تصحيح الأخطاء وتنسيقها,الدكتوراه,commercial,ar,/services/
أفضل طريقة لعمل أطروحة دكتوراه لطالب دكتوراه في الكويت,الدكتوراه,commercial,ar,/services/
أين أجد خدمة أطروحة دكتوراه لطالب دكتوراه في الكويت؟,الدكتوراه,commercial,ar,/services/
هل توجد مساعدة في أطروحة دكتوراه لطالب دكتوراه في الكويت؟,الدكتوراه,commercial,ar,/services/
أريد أطروحة دكتوراه لطالب دكتوراه في الكويت بجودة أكاديمية,الدكتوراه,commercial,ar,/services/
مساعدة طالب في أطروحة دكتوراه لطالب دكتوراه في الكويت,الدكتوراه,commercial,ar,/services/
خدمة أطروحة دكتوراه لطالب دكتوراه في الكويت بسرية,الدكتوراه,commercial,ar,/services/
كم يستغرق إعداد أطروحة دكتوراه لطالب دكتوراه في الكويت؟,الدكتوراه,commercial,ar,/services/
ما المطلوب لعمل أطروحة دكتوراه لطالب دكتوراه في الكويت؟,الدكتوراه,commercial,ar,/services/
أحتاج خبيرًا في أطروحة دكتوراه لطالب دكتوراه في الكويت,الدكتوراه,commercial,ar,/services/
طلب خدمة أطروحة دكتوراه لطالب دكتوراه في الكويت,الدكتوراه,commercial,ar,/services/
كيف أعد أطروحة دكتوراه في جامعة خاصة بالكويت؟,الدكتوراه,commercial,ar,/services/
من يساعدني في أطروحة دكتوراه في جامعة خاصة بالكويت؟,الدكتوراه,commercial,ar,/services/
أحتاج أطروحة دكتوراه في جامعة خاصة بالكويت أريد تجهيزها للمناقشة,الدكتوراه,commercial,ar,/services/
أفضل طريقة لعمل أطروحة دكتوراه في جامعة خاصة بالكويت,الدكتوراه,commercial,ar,/services/
أين أجد خدمة أطروحة دكتوراه في جامعة خاصة بالكويت؟,الدكتوراه,commercial,ar,/services/
هل توجد مساعدة في أطروحة دكتوراه في جامعة خاصة بالكويت؟,الدكتوراه,commercial,ar,/services/
أريد أطروحة دكتوراه في جامعة خاصة بالكويت بجودة أكاديمية,الدكتوراه,commercial,ar,/services/
مساعدة طالب في أطروحة دكتوراه في جامعة خاصة بالكويت,الدكتوراه,commercial,ar,/services/
خدمة أطروحة دكتوراه في جامعة خاصة بالكويت بسرية,الدكتوراه,commercial,ar,/services/
كم يستغرق إعداد أطروحة دكتوراه في جامعة خاصة بالكويت؟,الدكتوراه,commercial,ar,/services/
ما المطلوب لعمل أطروحة دكتوراه في جامعة خاصة بالكويت؟,الدكتوراه,commercial,ar,/services/
أحتاج خبيرًا في أطروحة دكتوراه في جامعة خاصة بالكويت,الدكتوراه,commercial,ar,/services/
طلب خدمة أطروحة دكتوراه في جامعة خاصة بالكويت,الدكتوراه,commercial,ar,/services/
كيف أعد أطروحة دكتوراه في التعليم التطبيقي بالكويت؟,الدكتوراه,commercial,ar,/services/
من يساعدني في أطروحة دكتوراه في التعليم التطبيقي بالكويت؟,الدكتوراه,commercial,ar,/services/
أحتاج أطروحة دكتوراه في التعليم التطبيقي بالكويت أحتاج مساعدة عاجلة,الدكتوراه,commercial,ar,/services/
أفضل طريقة لعمل أطروحة دكتوراه في التعليم التطبيقي بالكويت,الدكتوراه,commercial,ar,/services/
أين أجد خدمة أطروحة دكتوراه في التعليم التطبيقي بالكويت؟,الدكتوراه,commercial,ar,/services/
هل توجد مساعدة في أطروحة دكتوراه في التعليم التطبيقي بالكويت؟,الدكتوراه,commercial,ar,/services/
أريد أطروحة دكتوراه في التعليم التطبيقي بالكويت بجودة أكاديمية,الدكتوراه,commercial,ar,/services/
مساعدة طالب في أطروحة دكتوراه في التعليم التطبيقي بالكويت,الدكتوراه,commercial,ar,/services/
خدمة أطروحة دكتوراه في التعليم التطبيقي بالكويت بسرية,الدكتوراه,commercial,ar,/services/
كم يستغرق إعداد أطروحة دكتوراه في التعليم التطبيقي بالكويت؟,الدكتوراه,commercial,ar,/services/
ما المطلوب لعمل أطروحة دكتوراه في التعليم التطبيقي بالكويت؟,الدكتوراه,commercial,ar,/services/
أحتاج خبيرًا في أطروحة دكتوراه في التعليم التطبيقي بالكويت,الدكتوراه,commercial,ar,/services/
طلب خدمة أطروحة دكتوراه في التعليم التطبيقي بالكويت,الدكتوراه,commercial,ar,/services/
كيف أعد خطة بحث في الكويت؟,خطة البحث والإطار النظري,commercial,ar,/services/
من يساعدني في خطة بحث في الكويت؟,خطة البحث والإطار النظري,commercial,ar,/services/
أحتاج خطة بحث في الكويت أحتاج نموذجًا وخطة واضحة,خطة البحث والإطار النظري,commercial,ar,/services/
أفضل طريقة لعمل خطة بحث في الكويت,خطة البحث والإطار النظري,commercial,ar,/services/
أين أجد خدمة خطة بحث في الكويت؟,خطة البحث والإطار النظري,commercial,ar,/services/
هل توجد مساعدة في خطة بحث في الكويت؟,خطة البحث والإطار النظري,commercial,ar,/services/
أريد خطة بحث في الكويت بجودة أكاديمية,خطة البحث والإطار النظري,commercial,ar,/services/
مساعدة طالب في خطة بحث في الكويت,خطة البحث والإطار النظري,commercial,ar,/services/
خدمة خطة بحث في الكويت بسرية,خطة البحث والإطار النظري,commercial,ar,/services/
كم يستغرق إعداد خطة بحث في الكويت؟,خطة البحث والإطار النظري,commercial,ar,/services/
ما المطلوب لعمل خطة بحث في الكويت؟,خطة البحث والإطار النظري,commercial,ar,/services/
كيف أراجع خطة بحث قبل التسليم؟,خطة البحث والإطار النظري,commercial,ar,/services/
هل يمكن شرح خطة بحث للطالب؟,خطة البحث والإطار النظري,commercial,ar,/services/
أحتاج خبيرًا في خطة بحث في الكويت,خطة البحث والإطار النظري,commercial,ar,/services/
طلب خدمة خطة بحث في الكويت,خطة البحث والإطار النظري,commercial,ar,/services/
كيف أعد خطة بحث بالكويت؟,خطة البحث والإطار النظري,commercial,ar,/services/
من يساعدني في خطة بحث بالكويت؟,خطة البحث والإطار النظري,commercial,ar,/services/
أحتاج خطة بحث بالكويت أريد مراجعة عملي قبل التسليم,خطة البحث والإطار النظري,commercial,ar,/services/
أفضل طريقة لعمل خطة بحث بالكويت,خطة البحث والإطار النظري,commercial,ar,/services/
أين أجد خدمة خطة بحث بالكويت؟,خطة البحث والإطار النظري,commercial,ar,/services/
هل توجد مساعدة في خطة بحث بالكويت؟,خطة البحث والإطار النظري,commercial,ar,/services/
أريد خطة بحث بالكويت بجودة أكاديمية,خطة البحث والإطار النظري,commercial,ar,/services/
مساعدة طالب في خطة بحث بالكويت,خطة البحث والإطار النظري,commercial,ar,/services/
خدمة خطة بحث بالكويت بسرية,خطة البحث والإطار النظري,commercial,ar,/services/
كم يستغرق إعداد خطة بحث بالكويت؟,خطة البحث والإطار النظري,commercial,ar,/services/
ما المطلوب لعمل خطة بحث بالكويت؟,خطة البحث والإطار النظري,commercial,ar,/services/
أحتاج خبيرًا في خطة بحث بالكويت,خطة البحث والإطار النظري,commercial,ar,/services/
طلب خدمة خطة بحث بالكويت,خطة البحث والإطار النظري,commercial,ar,/services/
كيف أعد خطة بحث للطلاب في الكويت؟,خطة البحث والإطار النظري,commercial,ar,/services/
من يساعدني في خطة بحث للطلاب في الكويت؟,خطة البحث والإطار النظري,commercial,ar,/services/
أحتاج خطة بحث للطلاب في الكويت أحتاج تصحيح الأخطاء وتنسيقها,خطة البحث والإطار النظري,commercial,ar,/services/
أفضل طريقة لعمل خطة بحث للطلاب في الكويت,خطة البحث والإطار النظري,commercial,ar,/services/
أين أجد خدمة خطة بحث للطلاب في الكويت؟,خطة البحث والإطار النظري,commercial,ar,/services/
هل توجد مساعدة في خطة بحث للطلاب في الكويت؟,خطة البحث والإطار النظري,commercial,ar,/services/
أريد خطة بحث للطلاب في الكويت بجودة أكاديمية,خطة البحث والإطار النظري,commercial,ar,/services/
مساعدة طالب في خطة بحث للطلاب في الكويت,خطة البحث والإطار النظري,commercial,ar,/services/
خدمة خطة بحث للطلاب في الكويت بسرية,خطة البحث والإطار النظري,commercial,ar,/services/
كم يستغرق إعداد خطة بحث للطلاب في الكويت؟,خطة البحث والإطار النظري,commercial,ar,/services/
ما المطلوب لعمل خطة بحث للطلاب في الكويت؟,خطة البحث والإطار النظري,commercial,ar,/services/
أحتاج خبيرًا في خطة بحث للطلاب في الكويت,خطة البحث والإطار النظري,commercial,ar,/services/
طلب خدمة خطة بحث للطلاب في الكويت,خطة البحث والإطار النظري,commercial,ar,/services/
كيف أعد خطة بحث للباحثين في الكويت؟,خطة البحث والإطار النظري,commercial,ar,/services/
من يساعدني في خطة بحث للباحثين في الكويت؟,خطة البحث والإطار النظري,commercial,ar,/services/
أحتاج خطة بحث للباحثين في الكويت أريد تجهيزها للمناقشة,خطة البحث والإطار النظري,commercial,ar,/services/
أفضل طريقة لعمل خطة بحث للباحثين في الكويت,خطة البحث والإطار النظري,commercial,ar,/services/
أين أجد خدمة خطة بحث للباحثين في الكويت؟,خطة البحث والإطار النظري,commercial,ar,/services/
هل توجد مساعدة في خطة بحث للباحثين في الكويت؟,خطة البحث والإطار النظري,commercial,ar,/services/
أريد خطة بحث للباحثين في الكويت بجودة أكاديمية,خطة البحث والإطار النظري,commercial,ar,/services/
مساعدة طالب في خطة بحث للباحثين في الكويت,خطة البحث والإطار النظري,commercial,ar,/services/
خدمة خطة بحث للباحثين في الكويت بسرية,خطة البحث والإطار النظري,commercial,ar,/services/
كم يستغرق إعداد خطة بحث للباحثين في الكويت؟,خطة البحث والإطار النظري,commercial,ar,/services/
ما المطلوب لعمل خطة بحث للباحثين في الكويت؟,خطة البحث والإطار النظري,commercial,ar,/services/
أحتاج خبيرًا في خطة بحث للباحثين في الكويت,خطة البحث والإطار النظري,commercial,ar,/services/
طلب خدمة خطة بحث للباحثين في الكويت,خطة البحث والإطار النظري,commercial,ar,/services/
كيف أعد خطة بحث لجامعة الكويت؟,خطة البحث والإطار النظري,commercial,ar,/services/
من يساعدني في خطة بحث لجامعة الكويت؟,خطة البحث والإطار النظري,commercial,ar,/services/
أحتاج خطة بحث لجامعة الكويت أحتاج مساعدة عاجلة,خطة البحث والإطار النظري,commercial,ar,/services/
أفضل طريقة لعمل خطة بحث لجامعة الكويت,خطة البحث والإطار النظري,commercial,ar,/services/
أين أجد خدمة خطة بحث لجامعة الكويت؟,خطة البحث والإطار النظري,commercial,ar,/services/
هل توجد مساعدة في خطة بحث لجامعة الكويت؟,خطة البحث والإطار النظري,commercial,ar,/services/
أريد خطة بحث لجامعة الكويت بجودة أكاديمية,خطة البحث والإطار النظري,commercial,ar,/services/
مساعدة طالب في خطة بحث لجامعة الكويت,خطة البحث والإطار النظري,commercial,ar,/services/
خدمة خطة بحث لجامعة الكويت بسرية,خطة البحث والإطار النظري,commercial,ar,/services/
كم يستغرق إعداد خطة بحث لجامعة الكويت؟,خطة البحث والإطار النظري,commercial,ar,/services/
ما المطلوب لعمل خطة بحث لجامعة الكويت؟,خطة البحث والإطار النظري,commercial,ar,/services/
أحتاج خبيرًا في خطة بحث لجامعة الكويت,خطة البحث والإطار النظري,commercial,ar,/services/
طلب خدمة خطة بحث لجامعة الكويت,خطة البحث والإطار النظري,commercial,ar,/services/
كيف أعد خطة بحث للجامعات الكويتية؟,خطة البحث والإطار النظري,commercial,ar,/services/
من يساعدني في خطة بحث للجامعات الكويتية؟,خطة البحث والإطار النظري,commercial,ar,/services/
أحتاج خطة بحث للجامعات الكويتية أريد إنجازها بطريقة أكاديمية,خطة البحث والإطار النظري,commercial,ar,/services/
أفضل طريقة لعمل خطة بحث للجامعات الكويتية,خطة البحث والإطار النظري,commercial,ar,/services/
أين أجد خدمة خطة بحث للجامعات الكويتية؟,خطة البحث والإطار النظري,commercial,ar,/services/
هل توجد مساعدة في خطة بحث للجامعات الكويتية؟,خطة البحث والإطار النظري,commercial,ar,/services/
أريد خطة بحث للجامعات الكويتية بجودة أكاديمية,خطة البحث والإطار النظري,commercial,ar,/services/
مساعدة طالب في خطة بحث للجامعات الكويتية,خطة البحث والإطار النظري,commercial,ar,/services/
خدمة خطة بحث للجامعات الكويتية بسرية,خطة البحث والإطار النظري,commercial,ar,/services/
كم يستغرق إعداد خطة بحث للجامعات الكويتية؟,خطة البحث والإطار النظري,commercial,ar,/services/
ما المطلوب لعمل خطة بحث للجامعات الكويتية؟,خطة البحث والإطار النظري,commercial,ar,/services/
أحتاج خبيرًا في خطة بحث للجامعات الكويتية,خطة البحث والإطار النظري,commercial,ar,/services/
طلب خدمة خطة بحث للجامعات الكويتية,خطة البحث والإطار النظري,commercial,ar,/services/
كيف أعد خطة بحث لطالب ماجستير في الكويت؟,خطة البحث والإطار النظري,commercial,ar,/services/
من يساعدني في خطة بحث لطالب ماجستير في الكويت؟,خطة البحث والإطار النظري,commercial,ar,/services/
أحتاج خطة بحث لطالب ماجستير في الكويت أحتاج نموذجًا وخطة واضحة,خطة البحث والإطار النظري,commercial,ar,/services/
أفضل طريقة لعمل خطة بحث لطالب ماجستير في الكويت,خطة البحث والإطار النظري,commercial,ar,/services/
أين أجد خدمة خطة بحث لطالب ماجستير في الكويت؟,خطة البحث والإطار النظري,commercial,ar,/services/
هل توجد مساعدة في خطة بحث لطالب ماجستير في الكويت؟,خطة البحث والإطار النظري,commercial,ar,/services/
أريد خطة بحث لطالب ماجستير في الكويت بجودة أكاديمية,خطة البحث والإطار النظري,commercial,ar,/services/
مساعدة طالب في خطة بحث لطالب ماجستير في الكويت,خطة البحث والإطار النظري,commercial,ar,/services/
خدمة خطة بحث لطالب ماجستير في الكويت بسرية,خطة البحث والإطار النظري,commercial,ar,/services/
كم يستغرق إعداد خطة بحث لطالب ماجستير في الكويت؟,خطة البحث والإطار النظري,commercial,ar,/services/
ما المطلوب لعمل خطة بحث لطالب ماجستير في الكويت؟,خطة البحث والإطار النظري,commercial,ar,/services/
أحتاج خبيرًا في خطة بحث لطالب ماجستير في الكويت,خطة البحث والإطار النظري,commercial,ar,/services/
طلب خدمة خطة بحث لطالب ماجستير في الكويت,خطة البحث والإطار النظري,commercial,ar,/services/
كيف أعد خطة بحث لطالب دكتوراه في الكويت؟,خطة البحث والإطار النظري,commercial,ar,/services/
من يساعدني في خطة بحث لطالب دكتوراه في الكويت؟,خطة البحث والإطار النظري,commercial,ar,/services/
أحتاج خطة بحث لطالب دكتوراه في الكويت لا أعرف من أين أبدأ,خطة البحث والإطار النظري,commercial,ar,/services/
أفضل طريقة لعمل خطة بحث لطالب دكتوراه في الكويت,خطة البحث والإطار النظري,commercial,ar,/services/
أين أجد خدمة خطة بحث لطالب دكتوراه في الكويت؟,خطة البحث والإطار النظري,commercial,ar,/services/
هل توجد مساعدة في خطة بحث لطالب دكتوراه في الكويت؟,خطة البحث والإطار النظري,commercial,ar,/services/
أريد خطة بحث لطالب دكتوراه في الكويت بجودة أكاديمية,خطة البحث والإطار النظري,commercial,ar,/services/
مساعدة طالب في خطة بحث لطالب دكتوراه في الكويت,خطة البحث والإطار النظري,commercial,ar,/services/
خدمة خطة بحث لطالب دكتوراه في الكويت بسرية,خطة البحث والإطار النظري,commercial,ar,/services/
كم يستغرق إعداد خطة بحث لطالب دكتوراه في الكويت؟,خطة البحث والإطار النظري,commercial,ar,/services/
ما المطلوب لعمل خطة بحث لطالب دكتوراه في الكويت؟,خطة البحث والإطار النظري,commercial,ar,/services/
أحتاج خبيرًا في خطة بحث لطالب دكتوراه في الكويت,خطة البحث والإطار النظري,commercial,ar,/services/
طلب خدمة خطة بحث لطالب دكتوراه في الكويت,خطة البحث والإطار النظري,commercial,ar,/services/
كيف أعد خطة بحث في جامعة خاصة بالكويت؟,خطة البحث والإطار النظري,commercial,ar,/services/
من يساعدني في خطة بحث في جامعة خاصة بالكويت؟,خطة البحث والإطار النظري,commercial,ar,/services/
أحتاج خطة بحث في جامعة خاصة بالكويت أحتاج شخصًا يشرح لي الخطوات,خطة البحث والإطار النظري,commercial,ar,/services/
أفضل طريقة لعمل خطة بحث في جامعة خاصة بالكويت,خطة البحث والإطار النظري,commercial,ar,/services/
أين أجد خدمة خطة بحث في جامعة خاصة بالكويت؟,خطة البحث والإطار النظري,commercial,ar,/services/
هل توجد مساعدة في خطة بحث في جامعة خاصة بالكويت؟,خطة البحث والإطار النظري,commercial,ar,/services/
أريد خطة بحث في جامعة خاصة بالكويت بجودة أكاديمية,خطة البحث والإطار النظري,commercial,ar,/services/
مساعدة طالب في خطة بحث في جامعة خاصة بالكويت,خطة البحث والإطار النظري,commercial,ar,/services/
خدمة خطة بحث في جامعة خاصة بالكويت بسرية,خطة البحث والإطار النظري,commercial,ar,/services/
كم يستغرق إعداد خطة بحث في جامعة خاصة بالكويت؟,خطة البحث والإطار النظري,commercial,ar,/services/
ما المطلوب لعمل خطة بحث في جامعة خاصة بالكويت؟,خطة البحث والإطار النظري,commercial,ar,/services/
أحتاج خبيرًا في خطة بحث في جامعة خاصة بالكويت,خطة البحث والإطار النظري,commercial,ar,/services/
طلب خدمة خطة بحث في جامعة خاصة بالكويت,خطة البحث والإطار النظري,commercial,ar,/services/
كيف أعد خطة بحث في التعليم التطبيقي بالكويت؟,خطة البحث والإطار النظري,commercial,ar,/services/
من يساعدني في خطة بحث في التعليم التطبيقي بالكويت؟,خطة البحث والإطار النظري,commercial,ar,/services/
أحتاج خطة بحث في التعليم التطبيقي بالكويت أريد فهم النتائج وكتابتها,خطة البحث والإطار النظري,commercial,ar,/services/
أفضل طريقة لعمل خطة بحث في التعليم التطبيقي بالكويت,خطة البحث والإطار النظري,commercial,ar,/services/
أين أجد خدمة خطة بحث في التعليم التطبيقي بالكويت؟,خطة البحث والإطار النظري,commercial,ar,/services/
هل توجد مساعدة في خطة بحث في التعليم التطبيقي بالكويت؟,خطة البحث والإطار النظري,commercial,ar,/services/
أريد خطة بحث في التعليم التطبيقي بالكويت بجودة أكاديمية,خطة البحث والإطار النظري,commercial,ar,/services/
مساعدة طالب في خطة بحث في التعليم التطبيقي بالكويت,خطة البحث والإطار النظري,commercial,ar,/services/
خدمة خطة بحث في التعليم التطبيقي بالكويت بسرية,خطة البحث والإطار النظري,commercial,ar,/services/
كم يستغرق إعداد خطة بحث في التعليم التطبيقي بالكويت؟,خطة البحث والإطار النظري,commercial,ar,/services/
ما المطلوب لعمل خطة بحث في التعليم التطبيقي بالكويت؟,خطة البحث والإطار النظري,commercial,ar,/services/
أحتاج خبيرًا في خطة بحث في التعليم التطبيقي بالكويت,خطة البحث والإطار النظري,commercial,ar,/services/
طلب خدمة خطة بحث في التعليم التطبيقي بالكويت,خطة البحث والإطار النظري,commercial,ar,/services/
كيف أعد إطار نظري في الكويت؟,خطة البحث والإطار النظري,commercial,ar,/services/
من يساعدني في إطار نظري في الكويت؟,خطة البحث والإطار النظري,commercial,ar,/services/
أحتاج إطار نظري في الكويت أحتاج مساعدة عاجلة,خطة البحث والإطار النظري,commercial,ar,/services/
أفضل طريقة لعمل إطار نظري في الكويت,خطة البحث والإطار النظري,commercial,ar,/services/
أين أجد خدمة إطار نظري في الكويت؟,خطة البحث والإطار النظري,commercial,ar,/services/
هل توجد مساعدة في إطار نظري في الكويت؟,خطة البحث والإطار النظري,commercial,ar,/services/
أريد إطار نظري في الكويت بجودة أكاديمية,خطة البحث والإطار النظري,commercial,ar,/services/
مساعدة طالب في إطار نظري في الكويت,خطة البحث والإطار النظري,commercial,ar,/services/
خدمة إطار نظري في الكويت بسرية,خطة البحث والإطار النظري,commercial,ar,/services/
كم يستغرق إعداد إطار نظري في الكويت؟,خطة البحث والإطار النظري,commercial,ar,/services/
ما المطلوب لعمل إطار نظري في الكويت؟,خطة البحث والإطار النظري,commercial,ar,/services/
كيف أراجع إطار نظري قبل التسليم؟,خطة البحث والإطار النظري,commercial,ar,/services/
هل يمكن شرح إطار نظري للطالب؟,خطة البحث والإطار النظري,commercial,ar,/services/
أحتاج خبيرًا في إطار نظري في الكويت,خطة البحث والإطار النظري,commercial,ar,/services/
طلب خدمة إطار نظري في الكويت,خطة البحث والإطار النظري,commercial,ar,/services/
كيف أعد إطار نظري بالكويت؟,خطة البحث والإطار النظري,commercial,ar,/services/
من يساعدني في إطار نظري بالكويت؟,خطة البحث والإطار النظري,commercial,ar,/services/
أحتاج إطار نظري بالكويت أريد فهم النتائج وكتابتها,خطة البحث والإطار النظري,commercial,ar,/services/
أفضل طريقة لعمل إطار نظري بالكويت,خطة البحث والإطار النظري,commercial,ar,/services/
أين أجد خدمة إطار نظري بالكويت؟,خطة البحث والإطار النظري,commercial,ar,/services/
هل توجد مساعدة في إطار نظري بالكويت؟,خطة البحث والإطار النظري,commercial,ar,/services/
أريد إطار نظري بالكويت بجودة أكاديمية,خطة البحث والإطار النظري,commercial,ar,/services/
مساعدة طالب في إطار نظري بالكويت,خطة البحث والإطار النظري,commercial,ar,/services/
خدمة إطار نظري بالكويت بسرية,خطة البحث والإطار النظري,commercial,ar,/services/
كم يستغرق إعداد إطار نظري بالكويت؟,خطة البحث والإطار النظري,commercial,ar,/services/
ما المطلوب لعمل إطار نظري بالكويت؟,خطة البحث والإطار النظري,commercial,ar,/services/
أحتاج خبيرًا في إطار نظري بالكويت,خطة البحث والإطار النظري,commercial,ar,/services/
طلب خدمة إطار نظري بالكويت,خطة البحث والإطار النظري,commercial,ar,/services/
كيف أعد إطار نظري للطلاب في الكويت؟,خطة البحث والإطار النظري,commercial,ar,/services/
من يساعدني في إطار نظري للطلاب في الكويت؟,خطة البحث والإطار النظري,commercial,ar,/services/
أحتاج إطار نظري للطلاب في الكويت أحتاج رأيًا أكاديميًا في عملي,خطة البحث والإطار النظري,commercial,ar,/services/
أفضل طريقة لعمل إطار نظري للطلاب في الكويت,خطة البحث والإطار النظري,commercial,ar,/services/
أين أجد خدمة إطار نظري للطلاب في الكويت؟,خطة البحث والإطار النظري,commercial,ar,/services/
هل توجد مساعدة في إطار نظري للطلاب في الكويت؟,خطة البحث والإطار النظري,commercial,ar,/services/
أريد إطار نظري للطلاب في الكويت بجودة أكاديمية,خطة البحث والإطار النظري,commercial,ar,/services/
مساعدة طالب في إطار نظري للطلاب في الكويت,خطة البحث والإطار النظري,commercial,ar,/services/
خدمة إطار نظري للطلاب في الكويت بسرية,خطة البحث والإطار النظري,commercial,ar,/services/
كم يستغرق إعداد إطار نظري للطلاب في الكويت؟,خطة البحث والإطار النظري,commercial,ar,/services/
ما المطلوب لعمل إطار نظري للطلاب في الكويت؟,خطة البحث والإطار النظري,commercial,ar,/services/
أحتاج خبيرًا في إطار نظري للطلاب في الكويت,خطة البحث والإطار النظري,commercial,ar,/services/
طلب خدمة إطار نظري للطلاب في الكويت,خطة البحث والإطار النظري,commercial,ar,/services/
كيف أعد إطار نظري للباحثين في الكويت؟,خطة البحث والإطار النظري,commercial,ar,/services/
من يساعدني في إطار نظري للباحثين في الكويت؟,خطة البحث والإطار النظري,commercial,ar,/services/
أحتاج إطار نظري للباحثين في الكويت أريد مراجعة عملي قبل التسليم,خطة البحث والإطار النظري,commercial,ar,/services/
أفضل طريقة لعمل إطار نظري للباحثين في الكويت,خطة البحث والإطار النظري,commercial,ar,/services/
أين أجد خدمة إطار نظري للباحثين في الكويت؟,خطة البحث والإطار النظري,commercial,ar,/services/
هل توجد مساعدة في إطار نظري للباحثين في الكويت؟,خطة البحث والإطار النظري,commercial,ar,/services/
أريد إطار نظري للباحثين في الكويت بجودة أكاديمية,خطة البحث والإطار النظري,commercial,ar,/services/
مساعدة طالب في إطار نظري للباحثين في الكويت,خطة البحث والإطار النظري,commercial,ar,/services/
خدمة إطار نظري للباحثين في الكويت بسرية,خطة البحث والإطار النظري,commercial,ar,/services/
كم يستغرق إعداد إطار نظري للباحثين في الكويت؟,خطة البحث والإطار النظري,commercial,ar,/services/
ما المطلوب لعمل إطار نظري للباحثين في الكويت؟,خطة البحث والإطار النظري,commercial,ar,/services/
أحتاج خبيرًا في إطار نظري للباحثين في الكويت,خطة البحث والإطار النظري,commercial,ar,/services/
طلب خدمة إطار نظري للباحثين في الكويت,خطة البحث والإطار النظري,commercial,ar,/services/
كيف أعد إطار نظري لجامعة الكويت؟,خطة البحث والإطار النظري,commercial,ar,/services/
من يساعدني في إطار نظري لجامعة الكويت؟,خطة البحث والإطار النظري,commercial,ar,/services/
أحتاج إطار نظري لجامعة الكويت أحتاج تصحيح الأخطاء وتنسيقها,خطة البحث والإطار النظري,commercial,ar,/services/
أفضل طريقة لعمل إطار نظري لجامعة الكويت,خطة البحث والإطار النظري,commercial,ar,/services/
أين أجد خدمة إطار نظري لجامعة الكويت؟,خطة البحث والإطار النظري,commercial,ar,/services/
هل توجد مساعدة في إطار نظري لجامعة الكويت؟,خطة البحث والإطار النظري,commercial,ar,/services/
أريد إطار نظري لجامعة الكويت بجودة أكاديمية,خطة البحث والإطار النظري,commercial,ar,/services/
مساعدة طالب في إطار نظري لجامعة الكويت,خطة البحث والإطار النظري,commercial,ar,/services/
خدمة إطار نظري لجامعة الكويت بسرية,خطة البحث والإطار النظري,commercial,ar,/services/
كم يستغرق إعداد إطار نظري لجامعة الكويت؟,خطة البحث والإطار النظري,commercial,ar,/services/
ما المطلوب لعمل إطار نظري لجامعة الكويت؟,خطة البحث والإطار النظري,commercial,ar,/services/
أحتاج خبيرًا في إطار نظري لجامعة الكويت,خطة البحث والإطار النظري,commercial,ar,/services/
طلب خدمة إطار نظري لجامعة الكويت,خطة البحث والإطار النظري,commercial,ar,/services/
كيف أعد إطار نظري للجامعات الكويتية؟,خطة البحث والإطار النظري,commercial,ar,/services/
من يساعدني في إطار نظري للجامعات الكويتية؟,خطة البحث والإطار النظري,commercial,ar,/services/
أحتاج إطار نظري للجامعات الكويتية أريد تجهيزها للمناقشة,خطة البحث والإطار النظري,commercial,ar,/services/
أفضل طريقة لعمل إطار نظري للجامعات الكويتية,خطة البحث والإطار النظري,commercial,ar,/services/
أين أجد خدمة إطار نظري للجامعات الكويتية؟,خطة البحث والإطار النظري,commercial,ar,/services/
هل توجد مساعدة في إطار نظري للجامعات الكويتية؟,خطة البحث والإطار النظري,commercial,ar,/services/
أريد إطار نظري للجامعات الكويتية بجودة أكاديمية,خطة البحث والإطار النظري,commercial,ar,/services/
مساعدة طالب في إطار نظري للجامعات الكويتية,خطة البحث والإطار النظري,commercial,ar,/services/
خدمة إطار نظري للجامعات الكويتية بسرية,خطة البحث والإطار النظري,commercial,ar,/services/
كم يستغرق إعداد إطار نظري للجامعات الكويتية؟,خطة البحث والإطار النظري,commercial,ar,/services/
ما المطلوب لعمل إطار نظري للجامعات الكويتية؟,خطة البحث والإطار النظري,commercial,ar,/services/
أحتاج خبيرًا في إطار نظري للجامعات الكويتية,خطة البحث والإطار النظري,commercial,ar,/services/
طلب خدمة إطار نظري للجامعات الكويتية,خطة البحث والإطار النظري,commercial,ar,/services/
كيف أعد إطار نظري لطالب ماجستير في الكويت؟,خطة البحث والإطار النظري,commercial,ar,/services/
من يساعدني في إطار نظري لطالب ماجستير في الكويت؟,خطة البحث والإطار النظري,commercial,ar,/services/
أحتاج إطار نظري لطالب ماجستير في الكويت أحتاج مساعدة عاجلة,خطة البحث والإطار النظري,commercial,ar,/services/
أفضل طريقة لعمل إطار نظري لطالب ماجستير في الكويت,خطة البحث والإطار النظري,commercial,ar,/services/
أين أجد خدمة إطار نظري لطالب ماجستير في الكويت؟,خطة البحث والإطار النظري,commercial,ar,/services/
هل توجد مساعدة في إطار نظري لطالب ماجستير في الكويت؟,خطة البحث والإطار النظري,commercial,ar,/services/
أريد إطار نظري لطالب ماجستير في الكويت بجودة أكاديمية,خطة البحث والإطار النظري,commercial,ar,/services/
مساعدة طالب في إطار نظري لطالب ماجستير في الكويت,خطة البحث والإطار النظري,commercial,ar,/services/
خدمة إطار نظري لطالب ماجستير في الكويت بسرية,خطة البحث والإطار النظري,commercial,ar,/services/
كم يستغرق إعداد إطار نظري لطالب ماجستير في الكويت؟,خطة البحث والإطار النظري,commercial,ar,/services/
ما المطلوب لعمل إطار نظري لطالب ماجستير في الكويت؟,خطة البحث والإطار النظري,commercial,ar,/services/
أحتاج خبيرًا في إطار نظري لطالب ماجستير في الكويت,خطة البحث والإطار النظري,commercial,ar,/services/
طلب خدمة إطار نظري لطالب ماجستير في الكويت,خطة البحث والإطار النظري,commercial,ar,/services/
كيف أعد إطار نظري لطالب دكتوراه في الكويت؟,خطة البحث والإطار النظري,commercial,ar,/services/
من يساعدني في إطار نظري لطالب دكتوراه في الكويت؟,خطة البحث والإطار النظري,commercial,ar,/services/
أحتاج إطار نظري لطالب دكتوراه في الكويت أريد إنجازها بطريقة أكاديمية,خطة البحث والإطار النظري,commercial,ar,/services/
أفضل طريقة لعمل إطار نظري لطالب دكتوراه في الكويت,خطة البحث والإطار النظري,commercial,ar,/services/
أين أجد خدمة إطار نظري لطالب دكتوراه في الكويت؟,خطة البحث والإطار النظري,commercial,ar,/services/
هل توجد مساعدة في إطار نظري لطالب دكتوراه في الكويت؟,خطة البحث والإطار النظري,commercial,ar,/services/
أريد إطار نظري لطالب دكتوراه في الكويت بجودة أكاديمية,خطة البحث والإطار النظري,commercial,ar,/services/
مساعدة طالب في إطار نظري لطالب دكتوراه في الكويت,خطة البحث والإطار النظري,commercial,ar,/services/
خدمة إطار نظري لطالب دكتوراه في الكويت بسرية,خطة البحث والإطار النظري,commercial,ar,/services/
كم يستغرق إعداد إطار نظري لطالب دكتوراه في الكويت؟,خطة البحث والإطار النظري,commercial,ar,/services/
ما المطلوب لعمل إطار نظري لطالب دكتوراه في الكويت؟,خطة البحث والإطار النظري,commercial,ar,/services/
أحتاج خبيرًا في إطار نظري لطالب دكتوراه في الكويت,خطة البحث والإطار النظري,commercial,ar,/services/
طلب خدمة إطار نظري لطالب دكتوراه في الكويت,خطة البحث والإطار النظري,commercial,ar,/services/
كيف أعد إطار نظري في جامعة خاصة بالكويت؟,خطة البحث والإطار النظري,commercial,ar,/services/
من يساعدني في إطار نظري في جامعة خاصة بالكويت؟,خطة البحث والإطار النظري,commercial,ar,/services/
أحتاج إطار نظري في جامعة خاصة بالكويت أحتاج نموذجًا وخطة واضحة,خطة البحث والإطار النظري,commercial,ar,/services/
أفضل طريقة لعمل إطار نظري في جامعة خاصة بالكويت,خطة البحث والإطار النظري,commercial,ar,/services/
أين أجد خدمة إطار نظري في جامعة خاصة بالكويت؟,خطة البحث والإطار النظري,commercial,ar,/services/
هل توجد مساعدة في إطار نظري في جامعة خاصة بالكويت؟,خطة البحث والإطار النظري,commercial,ar,/services/
أريد إطار نظري في جامعة خاصة بالكويت بجودة أكاديمية,خطة البحث والإطار النظري,commercial,ar,/services/
مساعدة طالب في إطار نظري في جامعة خاصة بالكويت,خطة البحث والإطار النظري,commercial,ar,/services/
خدمة إطار نظري في جامعة خاصة بالكويت بسرية,خطة البحث والإطار النظري,commercial,ar,/services/
كم يستغرق إعداد إطار نظري في جامعة خاصة بالكويت؟,خطة البحث والإطار النظري,commercial,ar,/services/
ما المطلوب لعمل إطار نظري في جامعة خاصة بالكويت؟,خطة البحث والإطار النظري,commercial,ar,/services/
أحتاج خبيرًا في إطار نظري في جامعة خاصة بالكويت,خطة البحث والإطار النظري,commercial,ar,/services/
طلب خدمة إطار نظري في جامعة خاصة بالكويت,خطة البحث والإطار النظري,commercial,ar,/services/
كيف أعد إطار نظري في التعليم التطبيقي بالكويت؟,خطة البحث والإطار النظري,commercial,ar,/services/
من يساعدني في إطار نظري في التعليم التطبيقي بالكويت؟,خطة البحث والإطار النظري,commercial,ar,/services/
أحتاج إطار نظري في التعليم التطبيقي بالكويت لا أعرف من أين أبدأ,خطة البحث والإطار النظري,commercial,ar,/services/
أفضل طريقة لعمل إطار نظري في التعليم التطبيقي بالكويت,خطة البحث والإطار النظري,commercial,ar,/services/
أين أجد خدمة إطار نظري في التعليم التطبيقي بالكويت؟,خطة البحث والإطار النظري,commercial,ar,/services/
هل توجد مساعدة في إطار نظري في التعليم التطبيقي بالكويت؟,خطة البحث والإطار النظري,commercial,ar,/services/
أريد إطار نظري في التعليم التطبيقي بالكويت بجودة أكاديمية,خطة البحث والإطار النظري,commercial,ar,/services/
مساعدة طالب في إطار نظري في التعليم التطبيقي بالكويت,خطة البحث والإطار النظري,commercial,ar,/services/
خدمة إطار نظري في التعليم التطبيقي بالكويت بسرية,خطة البحث والإطار النظري,commercial,ar,/services/
كم يستغرق إعداد إطار نظري في التعليم التطبيقي بالكويت؟,خطة البحث والإطار النظري,commercial,ar,/services/
ما المطلوب لعمل إطار نظري في التعليم التطبيقي بالكويت؟,خطة البحث والإطار النظري,commercial,ar,/services/
أحتاج خبيرًا في إطار نظري في التعليم التطبيقي بالكويت,خطة البحث والإطار النظري,commercial,ar,/services/
طلب خدمة إطار نظري في التعليم التطبيقي بالكويت,خطة البحث والإطار النظري,commercial,ar,/services/
كيف أعد دراسات سابقة في الكويت؟,خطة البحث والإطار النظري,commercial,ar,/services/
من يساعدني في دراسات سابقة في الكويت؟,خطة البحث والإطار النظري,commercial,ar,/services/
أحتاج دراسات سابقة في الكويت أريد فهم النتائج وكتابتها,خطة البحث والإطار النظري,commercial,ar,/services/
أفضل طريقة لعمل دراسات سابقة في الكويت,خطة البحث والإطار النظري,commercial,ar,/services/
أين أجد خدمة دراسات سابقة في الكويت؟,خطة البحث والإطار النظري,commercial,ar,/services/
هل توجد مساعدة في دراسات سابقة في الكويت؟,خطة البحث والإطار النظري,commercial,ar,/services/
أريد دراسات سابقة في الكويت بجودة أكاديمية,خطة البحث والإطار النظري,commercial,ar,/services/
مساعدة طالب في دراسات سابقة في الكويت,خطة البحث والإطار النظري,commercial,ar,/services/
خدمة دراسات سابقة في الكويت بسرية,خطة البحث والإطار النظري,commercial,ar,/services/
كم يستغرق إعداد دراسات سابقة في الكويت؟,خطة البحث والإطار النظري,commercial,ar,/services/
ما المطلوب لعمل دراسات سابقة في الكويت؟,خطة البحث والإطار النظري,commercial,ar,/services/
كيف أراجع دراسات سابقة قبل التسليم؟,خطة البحث والإطار النظري,commercial,ar,/services/
هل يمكن شرح دراسات سابقة للطالب؟,خطة البحث والإطار النظري,commercial,ar,/services/
أحتاج خبيرًا في دراسات سابقة في الكويت,خطة البحث والإطار النظري,commercial,ar,/services/
طلب خدمة دراسات سابقة في الكويت,خطة البحث والإطار النظري,commercial,ar,/services/
كيف أعد دراسات سابقة بالكويت؟,خطة البحث والإطار النظري,commercial,ar,/services/
من يساعدني في دراسات سابقة بالكويت؟,خطة البحث والإطار النظري,commercial,ar,/services/
أحتاج دراسات سابقة بالكويت أحتاج مساعدة عاجلة,خطة البحث والإطار النظري,commercial,ar,/services/
أفضل طريقة لعمل دراسات سابقة بالكويت,خطة البحث والإطار النظري,commercial,ar,/services/
أين أجد خدمة دراسات سابقة بالكويت؟,خطة البحث والإطار النظري,commercial,ar,/services/
هل توجد مساعدة في دراسات سابقة بالكويت؟,خطة البحث والإطار النظري,commercial,ar,/services/
أريد دراسات سابقة بالكويت بجودة أكاديمية,خطة البحث والإطار النظري,commercial,ar,/services/
مساعدة طالب في دراسات سابقة بالكويت,خطة البحث والإطار النظري,commercial,ar,/services/
خدمة دراسات سابقة بالكويت بسرية,خطة البحث والإطار النظري,commercial,ar,/services/
كم يستغرق إعداد دراسات سابقة بالكويت؟,خطة البحث والإطار النظري,commercial,ar,/services/
ما المطلوب لعمل دراسات سابقة بالكويت؟,خطة البحث والإطار النظري,commercial,ar,/services/
أحتاج خبيرًا في دراسات سابقة بالكويت,خطة البحث والإطار النظري,commercial,ar,/services/
طلب خدمة دراسات سابقة بالكويت,خطة البحث والإطار النظري,commercial,ar,/services/
كيف أعد دراسات سابقة للطلاب في الكويت؟,خطة البحث والإطار النظري,commercial,ar,/services/
من يساعدني في دراسات سابقة للطلاب في الكويت؟,خطة البحث والإطار النظري,commercial,ar,/services/
أحتاج دراسات سابقة للطلاب في الكويت أريد إنجازها بطريقة أكاديمية,خطة البحث والإطار النظري,commercial,ar,/services/
أفضل طريقة لعمل دراسات سابقة للطلاب في الكويت,خطة البحث والإطار النظري,commercial,ar,/services/
أين أجد خدمة دراسات سابقة للطلاب في الكويت؟,خطة البحث والإطار النظري,commercial,ar,/services/
هل توجد مساعدة في دراسات سابقة للطلاب في الكويت؟,خطة البحث والإطار النظري,commercial,ar,/services/
أريد دراسات سابقة للطلاب في الكويت بجودة أكاديمية,خطة البحث والإطار النظري,commercial,ar,/services/
مساعدة طالب في دراسات سابقة للطلاب في الكويت,خطة البحث والإطار النظري,commercial,ar,/services/
خدمة دراسات سابقة للطلاب في الكويت بسرية,خطة البحث والإطار النظري,commercial,ar,/services/
كم يستغرق إعداد دراسات سابقة للطلاب في الكويت؟,خطة البحث والإطار النظري,commercial,ar,/services/
ما المطلوب لعمل دراسات سابقة للطلاب في الكويت؟,خطة البحث والإطار النظري,commercial,ar,/services/
أحتاج خبيرًا في دراسات سابقة للطلاب في الكويت,خطة البحث والإطار النظري,commercial,ar,/services/
طلب خدمة دراسات سابقة للطلاب في الكويت,خطة البحث والإطار النظري,commercial,ar,/services/
كيف أعد دراسات سابقة للباحثين في الكويت؟,خطة البحث والإطار النظري,commercial,ar,/services/
من يساعدني في دراسات سابقة للباحثين في الكويت؟,خطة البحث والإطار النظري,commercial,ar,/services/
أحتاج دراسات سابقة للباحثين في الكويت أحتاج نموذجًا وخطة واضحة,خطة البحث والإطار النظري,commercial,ar,/services/
أفضل طريقة لعمل دراسات سابقة للباحثين في الكويت,خطة البحث والإطار النظري,commercial,ar,/services/
أين أجد خدمة دراسات سابقة للباحثين في الكويت؟,خطة البحث والإطار النظري,commercial,ar,/services/
هل توجد مساعدة في دراسات سابقة للباحثين في الكويت؟,خطة البحث والإطار النظري,commercial,ar,/services/
أريد دراسات سابقة للباحثين في الكويت بجودة أكاديمية,خطة البحث والإطار النظري,commercial,ar,/services/
مساعدة طالب في دراسات سابقة للباحثين في الكويت,خطة البحث والإطار النظري,commercial,ar,/services/
خدمة دراسات سابقة للباحثين في الكويت بسرية,خطة البحث والإطار النظري,commercial,ar,/services/
كم يستغرق إعداد دراسات سابقة للباحثين في الكويت؟,خطة البحث والإطار النظري,commercial,ar,/services/
ما المطلوب لعمل دراسات سابقة للباحثين في الكويت؟,خطة البحث والإطار النظري,commercial,ar,/services/
أحتاج خبيرًا في دراسات سابقة للباحثين في الكويت,خطة البحث والإطار النظري,commercial,ar,/services/
طلب خدمة دراسات سابقة للباحثين في الكويت,خطة البحث والإطار النظري,commercial,ar,/services/
كيف أعد دراسات سابقة لجامعة الكويت؟,خطة البحث والإطار النظري,commercial,ar,/services/
من يساعدني في دراسات سابقة لجامعة الكويت؟,خطة البحث والإطار النظري,commercial,ar,/services/
أحتاج دراسات سابقة لجامعة الكويت لا أعرف من أين أبدأ,خطة البحث والإطار النظري,commercial,ar,/services/
أفضل طريقة لعمل دراسات سابقة لجامعة الكويت,خطة البحث والإطار النظري,commercial,ar,/services/
أين أجد خدمة دراسات سابقة لجامعة الكويت؟,خطة البحث والإطار النظري,commercial,ar,/services/
هل توجد مساعدة في دراسات سابقة لجامعة الكويت؟,خطة البحث والإطار النظري,commercial,ar,/services/
أريد دراسات سابقة لجامعة الكويت بجودة أكاديمية,خطة البحث والإطار النظري,commercial,ar,/services/
مساعدة طالب في دراسات سابقة لجامعة الكويت,خطة البحث والإطار النظري,commercial,ar,/services/
خدمة دراسات سابقة لجامعة الكويت بسرية,خطة البحث والإطار النظري,commercial,ar,/services/
كم يستغرق إعداد دراسات سابقة لجامعة الكويت؟,خطة البحث والإطار النظري,commercial,ar,/services/
ما المطلوب لعمل دراسات سابقة لجامعة الكويت؟,خطة البحث والإطار النظري,commercial,ar,/services/
أحتاج خبيرًا في دراسات سابقة لجامعة الكويت,خطة البحث والإطار النظري,commercial,ar,/services/
طلب خدمة دراسات سابقة لجامعة الكويت,خطة البحث والإطار النظري,commercial,ar,/services/
كيف أعد دراسات سابقة للجامعات الكويتية؟,خطة البحث والإطار النظري,commercial,ar,/services/
من يساعدني في دراسات سابقة للجامعات الكويتية؟,خطة البحث والإطار النظري,commercial,ar,/services/
أحتاج دراسات سابقة للجامعات الكويتية أحتاج شخصًا يشرح لي الخطوات,خطة البحث والإطار النظري,commercial,ar,/services/
أفضل طريقة لعمل دراسات سابقة للجامعات الكويتية,خطة البحث والإطار النظري,commercial,ar,/services/
أين أجد خدمة دراسات سابقة للجامعات الكويتية؟,خطة البحث والإطار النظري,commercial,ar,/services/
هل توجد مساعدة في دراسات سابقة للجامعات الكويتية؟,خطة البحث والإطار النظري,commercial,ar,/services/
أريد دراسات سابقة للجامعات الكويتية بجودة أكاديمية,خطة البحث والإطار النظري,commercial,ar,/services/
مساعدة طالب في دراسات سابقة للجامعات الكويتية,خطة البحث والإطار النظري,commercial,ar,/services/
خدمة دراسات سابقة للجامعات الكويتية بسرية,خطة البحث والإطار النظري,commercial,ar,/services/
كم يستغرق إعداد دراسات سابقة للجامعات الكويتية؟,خطة البحث والإطار النظري,commercial,ar,/services/
ما المطلوب لعمل دراسات سابقة للجامعات الكويتية؟,خطة البحث والإطار النظري,commercial,ar,/services/
أحتاج خبيرًا في دراسات سابقة للجامعات الكويتية,خطة البحث والإطار النظري,commercial,ar,/services/
طلب خدمة دراسات سابقة للجامعات الكويتية,خطة البحث والإطار النظري,commercial,ar,/services/
كيف أعد دراسات سابقة لطالب ماجستير في الكويت؟,خطة البحث والإطار النظري,commercial,ar,/services/
من يساعدني في دراسات سابقة لطالب ماجستير في الكويت؟,خطة البحث والإطار النظري,commercial,ar,/services/
أحتاج دراسات سابقة لطالب ماجستير في الكويت أريد فهم النتائج وكتابتها,خطة البحث والإطار النظري,commercial,ar,/services/
أفضل طريقة لعمل دراسات سابقة لطالب ماجستير في الكويت,خطة البحث والإطار النظري,commercial,ar,/services/
أين أجد خدمة دراسات سابقة لطالب ماجستير في الكويت؟,خطة البحث والإطار النظري,commercial,ar,/services/
هل توجد مساعدة في دراسات سابقة لطالب ماجستير في الكويت؟,خطة البحث والإطار النظري,commercial,ar,/services/
أريد دراسات سابقة لطالب ماجستير في الكويت بجودة أكاديمية,خطة البحث والإطار النظري,commercial,ar,/services/
مساعدة طالب في دراسات سابقة لطالب ماجستير في الكويت,خطة البحث والإطار النظري,commercial,ar,/services/
خدمة دراسات سابقة لطالب ماجستير في الكويت بسرية,خطة البحث والإطار النظري,commercial,ar,/services/
كم يستغرق إعداد دراسات سابقة لطالب ماجستير في الكويت؟,خطة البحث والإطار النظري,commercial,ar,/services/
ما المطلوب لعمل دراسات سابقة لطالب ماجستير في الكويت؟,خطة البحث والإطار النظري,commercial,ar,/services/
أحتاج خبيرًا في دراسات سابقة لطالب ماجستير في الكويت,خطة البحث والإطار النظري,commercial,ar,/services/
طلب خدمة دراسات سابقة لطالب ماجستير في الكويت,خطة البحث والإطار النظري,commercial,ar,/services/
كيف أعد دراسات سابقة لطالب دكتوراه في الكويت؟,خطة البحث والإطار النظري,commercial,ar,/services/
من يساعدني في دراسات سابقة لطالب دكتوراه في الكويت؟,خطة البحث والإطار النظري,commercial,ar,/services/
أحتاج دراسات سابقة لطالب دكتوراه في الكويت أحتاج رأيًا أكاديميًا في عملي,خطة البحث والإطار النظري,commercial,ar,/services/
أفضل طريقة لعمل دراسات سابقة لطالب دكتوراه في الكويت,خطة البحث والإطار النظري,commercial,ar,/services/
أين أجد خدمة دراسات سابقة لطالب دكتوراه في الكويت؟,خطة البحث والإطار النظري,commercial,ar,/services/
هل توجد مساعدة في دراسات سابقة لطالب دكتوراه في الكويت؟,خطة البحث والإطار النظري,commercial,ar,/services/
أريد دراسات سابقة لطالب دكتوراه في الكويت بجودة أكاديمية,خطة البحث والإطار النظري,commercial,ar,/services/
مساعدة طالب في دراسات سابقة لطالب دكتوراه في الكويت,خطة البحث والإطار النظري,commercial,ar,/services/
خدمة دراسات سابقة لطالب دكتوراه في الكويت بسرية,خطة البحث والإطار النظري,commercial,ar,/services/
كم يستغرق إعداد دراسات سابقة لطالب دكتوراه في الكويت؟,خطة البحث والإطار النظري,commercial,ar,/services/
ما المطلوب لعمل دراسات سابقة لطالب دكتوراه في الكويت؟,خطة البحث والإطار النظري,commercial,ar,/services/
أحتاج خبيرًا في دراسات سابقة لطالب دكتوراه في الكويت,خطة البحث والإطار النظري,commercial,ar,/services/
طلب خدمة دراسات سابقة لطالب دكتوراه في الكويت,خطة البحث والإطار النظري,commercial,ar,/services/
كيف أعد دراسات سابقة في جامعة خاصة بالكويت؟,خطة البحث والإطار النظري,commercial,ar,/services/
من يساعدني في دراسات سابقة في جامعة خاصة بالكويت؟,خطة البحث والإطار النظري,commercial,ar,/services/
أحتاج دراسات سابقة في جامعة خاصة بالكويت أريد مراجعة عملي قبل التسليم,خطة البحث والإطار النظري,commercial,ar,/services/
أفضل طريقة لعمل دراسات سابقة في جامعة خاصة بالكويت,خطة البحث والإطار النظري,commercial,ar,/services/
أين أجد خدمة دراسات سابقة في جامعة خاصة بالكويت؟,خطة البحث والإطار النظري,commercial,ar,/services/
هل توجد مساعدة في دراسات سابقة في جامعة خاصة بالكويت؟,خطة البحث والإطار النظري,commercial,ar,/services/
أريد دراسات سابقة في جامعة خاصة بالكويت بجودة أكاديمية,خطة البحث والإطار النظري,commercial,ar,/services/
مساعدة طالب في دراسات سابقة في جامعة خاصة بالكويت,خطة البحث والإطار النظري,commercial,ar,/services/
خدمة دراسات سابقة في جامعة خاصة بالكويت بسرية,خطة البحث والإطار النظري,commercial,ar,/services/
كم يستغرق إعداد دراسات سابقة في جامعة خاصة بالكويت؟,خطة البحث والإطار النظري,commercial,ar,/services/
ما المطلوب لعمل دراسات سابقة في جامعة خاصة بالكويت؟,خطة البحث والإطار النظري,commercial,ar,/services/
أحتاج خبيرًا في دراسات سابقة في جامعة خاصة بالكويت,خطة البحث والإطار النظري,commercial,ar,/services/
طلب خدمة دراسات سابقة في جامعة خاصة بالكويت,خطة البحث والإطار النظري,commercial,ar,/services/
كيف أعد دراسات سابقة في التعليم التطبيقي بالكويت؟,خطة البحث والإطار النظري,commercial,ar,/services/
من يساعدني في دراسات سابقة في التعليم التطبيقي بالكويت؟,خطة البحث والإطار النظري,commercial,ar,/services/
أحتاج دراسات سابقة في التعليم التطبيقي بالكويت أحتاج تصحيح الأخطاء وتنسيقها,خطة البحث والإطار النظري,commercial,ar,/services/
أفضل طريقة لعمل دراسات سابقة في التعليم التطبيقي بالكويت,خطة البحث والإطار النظري,commercial,ar,/services/
أين أجد خدمة دراسات سابقة في التعليم التطبيقي بالكويت؟,خطة البحث والإطار النظري,commercial,ar,/services/
هل توجد مساعدة في دراسات سابقة في التعليم التطبيقي بالكويت؟,خطة البحث والإطار النظري,commercial,ar,/services/
أريد دراسات سابقة في التعليم التطبيقي بالكويت بجودة أكاديمية,خطة البحث والإطار النظري,commercial,ar,/services/
مساعدة طالب في دراسات سابقة في التعليم التطبيقي بالكويت,خطة البحث والإطار النظري,commercial,ar,/services/
خدمة دراسات سابقة في التعليم التطبيقي بالكويت بسرية,خطة البحث والإطار النظري,commercial,ar,/services/
كم يستغرق إعداد دراسات سابقة في التعليم التطبيقي بالكويت؟,خطة البحث والإطار النظري,commercial,ar,/services/
ما المطلوب لعمل دراسات سابقة في التعليم التطبيقي بالكويت؟,خطة البحث والإطار النظري,commercial,ar,/services/
أحتاج خبيرًا في دراسات سابقة في التعليم التطبيقي بالكويت,خطة البحث والإطار النظري,commercial,ar,/services/
طلب خدمة دراسات سابقة في التعليم التطبيقي بالكويت,خطة البحث والإطار النظري,commercial,ar,/services/
كيف أعد تحليل SPSS في الكويت؟,التحليل الإحصائي,commercial,ar,/services/
من يساعدني في تحليل SPSS في الكويت؟,التحليل الإحصائي,commercial,ar,/services/
أحتاج تحليل SPSS في الكويت أريد فهم النتائج وكتابتها,التحليل الإحصائي,commercial,ar,/services/
أفضل طريقة لعمل تحليل SPSS في الكويت,التحليل الإحصائي,commercial,ar,/services/
أين أجد خدمة تحليل SPSS في الكويت؟,التحليل الإحصائي,commercial,ar,/services/
هل توجد مساعدة في تحليل SPSS في الكويت؟,التحليل الإحصائي,commercial,ar,/services/
أريد تحليل SPSS في الكويت بجودة أكاديمية,التحليل الإحصائي,commercial,ar,/services/
مساعدة طالب في تحليل SPSS في الكويت,التحليل الإحصائي,commercial,ar,/services/
خدمة تحليل SPSS في الكويت بسرية,التحليل الإحصائي,commercial,ar,/services/
كم يستغرق إعداد تحليل SPSS في الكويت؟,التحليل الإحصائي,commercial,ar,/services/
ما المطلوب لعمل تحليل SPSS في الكويت؟,التحليل الإحصائي,commercial,ar,/services/
كيف أراجع تحليل SPSS قبل التسليم؟,التحليل الإحصائي,commercial,ar,/services/
هل يمكن شرح تحليل SPSS للطالب؟,التحليل الإحصائي,commercial,ar,/services/
أحتاج خبيرًا في تحليل SPSS في الكويت,التحليل الإحصائي,commercial,ar,/services/
طلب خدمة تحليل SPSS في الكويت,التحليل الإحصائي,commercial,ar,/services/
كيف أعد تحليل SPSS بالكويت؟,التحليل الإحصائي,commercial,ar,/services/
من يساعدني في تحليل SPSS بالكويت؟,التحليل الإحصائي,commercial,ar,/services/
أحتاج تحليل SPSS بالكويت أحتاج مساعدة عاجلة,التحليل الإحصائي,commercial,ar,/services/
أفضل طريقة لعمل تحليل SPSS بالكويت,التحليل الإحصائي,commercial,ar,/services/
أين أجد خدمة تحليل SPSS بالكويت؟,التحليل الإحصائي,commercial,ar,/services/
هل توجد مساعدة في تحليل SPSS بالكويت؟,التحليل الإحصائي,commercial,ar,/services/
أريد تحليل SPSS بالكويت بجودة أكاديمية,التحليل الإحصائي,commercial,ar,/services/
مساعدة طالب في تحليل SPSS بالكويت,التحليل الإحصائي,commercial,ar,/services/
خدمة تحليل SPSS بالكويت بسرية,التحليل الإحصائي,commercial,ar,/services/
كم يستغرق إعداد تحليل SPSS بالكويت؟,التحليل الإحصائي,commercial,ar,/services/
ما المطلوب لعمل تحليل SPSS بالكويت؟,التحليل الإحصائي,commercial,ar,/services/
أحتاج خبيرًا في تحليل SPSS بالكويت,التحليل الإحصائي,commercial,ar,/services/
طلب خدمة تحليل SPSS بالكويت,التحليل الإحصائي,commercial,ar,/services/
كيف أعد تحليل SPSS للطلاب في الكويت؟,التحليل الإحصائي,commercial,ar,/services/
من يساعدني في تحليل SPSS للطلاب في الكويت؟,التحليل الإحصائي,commercial,ar,/services/
أحتاج تحليل SPSS للطلاب في الكويت أريد إنجازها بطريقة أكاديمية,التحليل الإحصائي,commercial,ar,/services/
أفضل طريقة لعمل تحليل SPSS للطلاب في الكويت,التحليل الإحصائي,commercial,ar,/services/
أين أجد خدمة تحليل SPSS للطلاب في الكويت؟,التحليل الإحصائي,commercial,ar,/services/
هل توجد مساعدة في تحليل SPSS للطلاب في الكويت؟,التحليل الإحصائي,commercial,ar,/services/
أريد تحليل SPSS للطلاب في الكويت بجودة أكاديمية,التحليل الإحصائي,commercial,ar,/services/
مساعدة طالب في تحليل SPSS للطلاب في الكويت,التحليل الإحصائي,commercial,ar,/services/
خدمة تحليل SPSS للطلاب في الكويت بسرية,التحليل الإحصائي,commercial,ar,/services/
كم يستغرق إعداد تحليل SPSS للطلاب في الكويت؟,التحليل الإحصائي,commercial,ar,/services/
ما المطلوب لعمل تحليل SPSS للطلاب في الكويت؟,التحليل الإحصائي,commercial,ar,/services/
أحتاج خبيرًا في تحليل SPSS للطلاب في الكويت,التحليل الإحصائي,commercial,ar,/services/
طلب خدمة تحليل SPSS للطلاب في الكويت,التحليل الإحصائي,commercial,ar,/services/
كيف أعد تحليل SPSS للباحثين في الكويت؟,التحليل الإحصائي,commercial,ar,/services/
من يساعدني في تحليل SPSS للباحثين في الكويت؟,التحليل الإحصائي,commercial,ar,/services/
أحتاج تحليل SPSS للباحثين في الكويت أحتاج نموذجًا وخطة واضحة,التحليل الإحصائي,commercial,ar,/services/
أفضل طريقة لعمل تحليل SPSS للباحثين في الكويت,التحليل الإحصائي,commercial,ar,/services/
أين أجد خدمة تحليل SPSS للباحثين في الكويت؟,التحليل الإحصائي,commercial,ar,/services/
هل توجد مساعدة في تحليل SPSS للباحثين في الكويت؟,التحليل الإحصائي,commercial,ar,/services/
أريد تحليل SPSS للباحثين في الكويت بجودة أكاديمية,التحليل الإحصائي,commercial,ar,/services/
مساعدة طالب في تحليل SPSS للباحثين في الكويت,التحليل الإحصائي,commercial,ar,/services/
خدمة تحليل SPSS للباحثين في الكويت بسرية,التحليل الإحصائي,commercial,ar,/services/
كم يستغرق إعداد تحليل SPSS للباحثين في الكويت؟,التحليل الإحصائي,commercial,ar,/services/
ما المطلوب لعمل تحليل SPSS للباحثين في الكويت؟,التحليل الإحصائي,commercial,ar,/services/
أحتاج خبيرًا في تحليل SPSS للباحثين في الكويت,التحليل الإحصائي,commercial,ar,/services/
طلب خدمة تحليل SPSS للباحثين في الكويت,التحليل الإحصائي,commercial,ar,/services/
كيف أعد تحليل SPSS لجامعة الكويت؟,التحليل الإحصائي,commercial,ar,/services/
من يساعدني في تحليل SPSS لجامعة الكويت؟,التحليل الإحصائي,commercial,ar,/services/
أحتاج تحليل SPSS لجامعة الكويت لا أعرف من أين أبدأ,التحليل الإحصائي,commercial,ar,/services/
أفضل طريقة لعمل تحليل SPSS لجامعة الكويت,التحليل الإحصائي,commercial,ar,/services/
أين أجد خدمة تحليل SPSS لجامعة الكويت؟,التحليل الإحصائي,commercial,ar,/services/
هل توجد مساعدة في تحليل SPSS لجامعة الكويت؟,التحليل الإحصائي,commercial,ar,/services/
أريد تحليل SPSS لجامعة الكويت بجودة أكاديمية,التحليل الإحصائي,commercial,ar,/services/
مساعدة طالب في تحليل SPSS لجامعة الكويت,التحليل الإحصائي,commercial,ar,/services/
خدمة تحليل SPSS لجامعة الكويت بسرية,التحليل الإحصائي,commercial,ar,/services/
كم يستغرق إعداد تحليل SPSS لجامعة الكويت؟,التحليل الإحصائي,commercial,ar,/services/
ما المطلوب لعمل تحليل SPSS لجامعة الكويت؟,التحليل الإحصائي,commercial,ar,/services/
أحتاج خبيرًا في تحليل SPSS لجامعة الكويت,التحليل الإحصائي,commercial,ar,/services/
طلب خدمة تحليل SPSS لجامعة الكويت,التحليل الإحصائي,commercial,ar,/services/
كيف أعد تحليل SPSS للجامعات الكويتية؟,التحليل الإحصائي,commercial,ar,/services/
من يساعدني في تحليل SPSS للجامعات الكويتية؟,التحليل الإحصائي,commercial,ar,/services/
أحتاج تحليل SPSS للجامعات الكويتية أحتاج شخصًا يشرح لي الخطوات,التحليل الإحصائي,commercial,ar,/services/
أفضل طريقة لعمل تحليل SPSS للجامعات الكويتية,التحليل الإحصائي,commercial,ar,/services/
أين أجد خدمة تحليل SPSS للجامعات الكويتية؟,التحليل الإحصائي,commercial,ar,/services/
هل توجد مساعدة في تحليل SPSS للجامعات الكويتية؟,التحليل الإحصائي,commercial,ar,/services/
أريد تحليل SPSS للجامعات الكويتية بجودة أكاديمية,التحليل الإحصائي,commercial,ar,/services/
مساعدة طالب في تحليل SPSS للجامعات الكويتية,التحليل الإحصائي,commercial,ar,/services/
خدمة تحليل SPSS للجامعات الكويتية بسرية,التحليل الإحصائي,commercial,ar,/services/
كم يستغرق إعداد تحليل SPSS للجامعات الكويتية؟,التحليل الإحصائي,commercial,ar,/services/
ما المطلوب لعمل تحليل SPSS للجامعات الكويتية؟,التحليل الإحصائي,commercial,ar,/services/
أحتاج خبيرًا في تحليل SPSS للجامعات الكويتية,التحليل الإحصائي,commercial,ar,/services/
طلب خدمة تحليل SPSS للجامعات الكويتية,التحليل الإحصائي,commercial,ar,/services/
كيف أعد تحليل SPSS لطالب ماجستير في الكويت؟,التحليل الإحصائي,commercial,ar,/services/
من يساعدني في تحليل SPSS لطالب ماجستير في الكويت؟,التحليل الإحصائي,commercial,ar,/services/
أحتاج تحليل SPSS لطالب ماجستير في الكويت أريد فهم النتائج وكتابتها,التحليل الإحصائي,commercial,ar,/services/
أفضل طريقة لعمل تحليل SPSS لطالب ماجستير في الكويت,التحليل الإحصائي,commercial,ar,/services/
أين أجد خدمة تحليل SPSS لطالب ماجستير في الكويت؟,التحليل الإحصائي,commercial,ar,/services/
هل توجد مساعدة في تحليل SPSS لطالب ماجستير في الكويت؟,التحليل الإحصائي,commercial,ar,/services/
أريد تحليل SPSS لطالب ماجستير في الكويت بجودة أكاديمية,التحليل الإحصائي,commercial,ar,/services/
مساعدة طالب في تحليل SPSS لطالب ماجستير في الكويت,التحليل الإحصائي,commercial,ar,/services/
خدمة تحليل SPSS لطالب ماجستير في الكويت بسرية,التحليل الإحصائي,commercial,ar,/services/
كم يستغرق إعداد تحليل SPSS لطالب ماجستير في الكويت؟,التحليل الإحصائي,commercial,ar,/services/
ما المطلوب لعمل تحليل SPSS لطالب ماجستير في الكويت؟,التحليل الإحصائي,commercial,ar,/services/
أحتاج خبيرًا في تحليل SPSS لطالب ماجستير في الكويت,التحليل الإحصائي,commercial,ar,/services/
طلب خدمة تحليل SPSS لطالب ماجستير في الكويت,التحليل الإحصائي,commercial,ar,/services/
كيف أعد تحليل SPSS لطالب دكتوراه في الكويت؟,التحليل الإحصائي,commercial,ar,/services/
من يساعدني في تحليل SPSS لطالب دكتوراه في الكويت؟,التحليل الإحصائي,commercial,ar,/services/
أحتاج تحليل SPSS لطالب دكتوراه في الكويت أحتاج رأيًا أكاديميًا في عملي,التحليل الإحصائي,commercial,ar,/services/
أفضل طريقة لعمل تحليل SPSS لطالب دكتوراه في الكويت,التحليل الإحصائي,commercial,ar,/services/
أين أجد خدمة تحليل SPSS لطالب دكتوراه في الكويت؟,التحليل الإحصائي,commercial,ar,/services/
هل توجد مساعدة في تحليل SPSS لطالب دكتوراه في الكويت؟,التحليل الإحصائي,commercial,ar,/services/
أريد تحليل SPSS لطالب دكتوراه في الكويت بجودة أكاديمية,التحليل الإحصائي,commercial,ar,/services/
مساعدة طالب في تحليل SPSS لطالب دكتوراه في الكويت,التحليل الإحصائي,commercial,ar,/services/
خدمة تحليل SPSS لطالب دكتوراه في الكويت بسرية,التحليل الإحصائي,commercial,ar,/services/
كم يستغرق إعداد تحليل SPSS لطالب دكتوراه في الكويت؟,التحليل الإحصائي,commercial,ar,/services/
ما المطلوب لعمل تحليل SPSS لطالب دكتوراه في الكويت؟,التحليل الإحصائي,commercial,ar,/services/
أحتاج خبيرًا في تحليل SPSS لطالب دكتوراه في الكويت,التحليل الإحصائي,commercial,ar,/services/
طلب خدمة تحليل SPSS لطالب دكتوراه في الكويت,التحليل الإحصائي,commercial,ar,/services/
كيف أعد تحليل SPSS في جامعة خاصة بالكويت؟,التحليل الإحصائي,commercial,ar,/services/
من يساعدني في تحليل SPSS في جامعة خاصة بالكويت؟,التحليل الإحصائي,commercial,ar,/services/
أحتاج تحليل SPSS في جامعة خاصة بالكويت أريد مراجعة عملي قبل التسليم,التحليل الإحصائي,commercial,ar,/services/
أفضل طريقة لعمل تحليل SPSS في جامعة خاصة بالكويت,التحليل الإحصائي,commercial,ar,/services/
أين أجد خدمة تحليل SPSS في جامعة خاصة بالكويت؟,التحليل الإحصائي,commercial,ar,/services/
هل توجد مساعدة في تحليل SPSS في جامعة خاصة بالكويت؟,التحليل الإحصائي,commercial,ar,/services/
أريد تحليل SPSS في جامعة خاصة بالكويت بجودة أكاديمية,التحليل الإحصائي,commercial,ar,/services/
مساعدة طالب في تحليل SPSS في جامعة خاصة بالكويت,التحليل الإحصائي,commercial,ar,/services/
خدمة تحليل SPSS في جامعة خاصة بالكويت بسرية,التحليل الإحصائي,commercial,ar,/services/
كم يستغرق إعداد تحليل SPSS في جامعة خاصة بالكويت؟,التحليل الإحصائي,commercial,ar,/services/
ما المطلوب لعمل تحليل SPSS في جامعة خاصة بالكويت؟,التحليل الإحصائي,commercial,ar,/services/
أحتاج خبيرًا في تحليل SPSS في جامعة خاصة بالكويت,التحليل الإحصائي,commercial,ar,/services/
طلب خدمة تحليل SPSS في جامعة خاصة بالكويت,التحليل الإحصائي,commercial,ar,/services/
كيف أعد تحليل SPSS في التعليم التطبيقي بالكويت؟,التحليل الإحصائي,commercial,ar,/services/
من يساعدني في تحليل SPSS في التعليم التطبيقي بالكويت؟,التحليل الإحصائي,commercial,ar,/services/
أحتاج تحليل SPSS في التعليم التطبيقي بالكويت أحتاج تصحيح الأخطاء وتنسيقها,التحليل الإحصائي,commercial,ar,/services/
أفضل طريقة لعمل تحليل SPSS في التعليم التطبيقي بالكويت,التحليل الإحصائي,commercial,ar,/services/
أين أجد خدمة تحليل SPSS في التعليم التطبيقي بالكويت؟,التحليل الإحصائي,commercial,ar,/services/
هل توجد مساعدة في تحليل SPSS في التعليم التطبيقي بالكويت؟,التحليل الإحصائي,commercial,ar,/services/
أريد تحليل SPSS في التعليم التطبيقي بالكويت بجودة أكاديمية,التحليل الإحصائي,commercial,ar,/services/
مساعدة طالب في تحليل SPSS في التعليم التطبيقي بالكويت,التحليل الإحصائي,commercial,ar,/services/
خدمة تحليل SPSS في التعليم التطبيقي بالكويت بسرية,التحليل الإحصائي,commercial,ar,/services/
كم يستغرق إعداد تحليل SPSS في التعليم التطبيقي بالكويت؟,التحليل الإحصائي,commercial,ar,/services/
ما المطلوب لعمل تحليل SPSS في التعليم التطبيقي بالكويت؟,التحليل الإحصائي,commercial,ar,/services/
أحتاج خبيرًا في تحليل SPSS في التعليم التطبيقي بالكويت,التحليل الإحصائي,commercial,ar,/services/
طلب خدمة تحليل SPSS في التعليم التطبيقي بالكويت,التحليل الإحصائي,commercial,ar,/services/
كيف أعد تحليل استبيان في الكويت؟,الاستبيانات,commercial,ar,/services/
من يساعدني في تحليل استبيان في الكويت؟,الاستبيانات,commercial,ar,/services/
أحتاج تحليل استبيان في الكويت أحتاج مساعدة عاجلة,الاستبيانات,commercial,ar,/services/
أفضل طريقة لعمل تحليل استبيان في الكويت,الاستبيانات,commercial,ar,/services/
أين أجد خدمة تحليل استبيان في الكويت؟,الاستبيانات,commercial,ar,/services/
هل توجد مساعدة في تحليل استبيان في الكويت؟,الاستبيانات,commercial,ar,/services/
أريد تحليل استبيان في الكويت بجودة أكاديمية,الاستبيانات,commercial,ar,/services/
مساعدة طالب في تحليل استبيان في الكويت,الاستبيانات,commercial,ar,/services/
خدمة تحليل استبيان في الكويت بسرية,الاستبيانات,commercial,ar,/services/
كم يستغرق إعداد تحليل استبيان في الكويت؟,الاستبيانات,commercial,ar,/services/
ما المطلوب لعمل تحليل استبيان في الكويت؟,الاستبيانات,commercial,ar,/services/
كيف أراجع تحليل استبيان قبل التسليم؟,الاستبيانات,commercial,ar,/services/
هل يمكن شرح تحليل استبيان للطالب؟,الاستبيانات,commercial,ar,/services/
أحتاج خبيرًا في تحليل استبيان في الكويت,الاستبيانات,commercial,ar,/services/
طلب خدمة تحليل استبيان في الكويت,الاستبيانات,commercial,ar,/services/
كيف أعد تحليل استبيان بالكويت؟,الاستبيانات,commercial,ar,/services/
من يساعدني في تحليل استبيان بالكويت؟,الاستبيانات,commercial,ar,/services/
أحتاج تحليل استبيان بالكويت أريد فهم النتائج وكتابتها,الاستبيانات,commercial,ar,/services/
أفضل طريقة لعمل تحليل استبيان بالكويت,الاستبيانات,commercial,ar,/services/
أين أجد خدمة تحليل استبيان بالكويت؟,الاستبيانات,commercial,ar,/services/
هل توجد مساعدة في تحليل استبيان بالكويت؟,الاستبيانات,commercial,ar,/services/
أريد تحليل استبيان بالكويت بجودة أكاديمية,الاستبيانات,commercial,ar,/services/
مساعدة طالب في تحليل استبيان بالكويت,الاستبيانات,commercial,ar,/services/
خدمة تحليل استبيان بالكويت بسرية,الاستبيانات,commercial,ar,/services/
كم يستغرق إعداد تحليل استبيان بالكويت؟,الاستبيانات,commercial,ar,/services/
ما المطلوب لعمل تحليل استبيان بالكويت؟,الاستبيانات,commercial,ar,/services/
أحتاج خبيرًا في تحليل استبيان بالكويت,الاستبيانات,commercial,ar,/services/
طلب خدمة تحليل استبيان بالكويت,الاستبيانات,commercial,ar,/services/
كيف أعد تحليل استبيان للطلاب في الكويت؟,الاستبيانات,commercial,ar,/services/
من يساعدني في تحليل استبيان للطلاب في الكويت؟,الاستبيانات,commercial,ar,/services/
أحتاج تحليل استبيان للطلاب في الكويت أحتاج رأيًا أكاديميًا في عملي,الاستبيانات,commercial,ar,/services/
أفضل طريقة لعمل تحليل استبيان للطلاب في الكويت,الاستبيانات,commercial,ar,/services/
أين أجد خدمة تحليل استبيان للطلاب في الكويت؟,الاستبيانات,commercial,ar,/services/
هل توجد مساعدة في تحليل استبيان للطلاب في الكويت؟,الاستبيانات,commercial,ar,/services/
أريد تحليل استبيان للطلاب في الكويت بجودة أكاديمية,الاستبيانات,commercial,ar,/services/
مساعدة طالب في تحليل استبيان للطلاب في الكويت,الاستبيانات,commercial,ar,/services/
خدمة تحليل استبيان للطلاب في الكويت بسرية,الاستبيانات,commercial,ar,/services/
كم يستغرق إعداد تحليل استبيان للطلاب في الكويت؟,الاستبيانات,commercial,ar,/services/
ما المطلوب لعمل تحليل استبيان للطلاب في الكويت؟,الاستبيانات,commercial,ar,/services/
أحتاج خبيرًا في تحليل استبيان للطلاب في الكويت,الاستبيانات,commercial,ar,/services/
طلب خدمة تحليل استبيان للطلاب في الكويت,الاستبيانات,commercial,ar,/services/
كيف أعد تحليل استبيان للباحثين في الكويت؟,الاستبيانات,commercial,ar,/services/
من يساعدني في تحليل استبيان للباحثين في الكويت؟,الاستبيانات,commercial,ar,/services/
أحتاج تحليل استبيان للباحثين في الكويت أريد مراجعة عملي قبل التسليم,الاستبيانات,commercial,ar,/services/
أفضل طريقة لعمل تحليل استبيان للباحثين في الكويت,الاستبيانات,commercial,ar,/services/
أين أجد خدمة تحليل استبيان للباحثين في الكويت؟,الاستبيانات,commercial,ar,/services/
هل توجد مساعدة في تحليل استبيان للباحثين في الكويت؟,الاستبيانات,commercial,ar,/services/
أريد تحليل استبيان للباحثين في الكويت بجودة أكاديمية,الاستبيانات,commercial,ar,/services/
مساعدة طالب في تحليل استبيان للباحثين في الكويت,الاستبيانات,commercial,ar,/services/
خدمة تحليل استبيان للباحثين في الكويت بسرية,الاستبيانات,commercial,ar,/services/
كم يستغرق إعداد تحليل استبيان للباحثين في الكويت؟,الاستبيانات,commercial,ar,/services/
ما المطلوب لعمل تحليل استبيان للباحثين في الكويت؟,الاستبيانات,commercial,ar,/services/
أحتاج خبيرًا في تحليل استبيان للباحثين في الكويت,الاستبيانات,commercial,ar,/services/
طلب خدمة تحليل استبيان للباحثين في الكويت,الاستبيانات,commercial,ar,/services/
كيف أعد تحليل استبيان لجامعة الكويت؟,الاستبيانات,commercial,ar,/services/
من يساعدني في تحليل استبيان لجامعة الكويت؟,الاستبيانات,commercial,ar,/services/
أحتاج تحليل استبيان لجامعة الكويت أحتاج تصحيح الأخطاء وتنسيقها,الاستبيانات,commercial,ar,/services/
أفضل طريقة لعمل تحليل استبيان لجامعة الكويت,الاستبيانات,commercial,ar,/services/
أين أجد خدمة تحليل استبيان لجامعة الكويت؟,الاستبيانات,commercial,ar,/services/
هل توجد مساعدة في تحليل استبيان لجامعة الكويت؟,الاستبيانات,commercial,ar,/services/
أريد تحليل استبيان لجامعة الكويت بجودة أكاديمية,الاستبيانات,commercial,ar,/services/
مساعدة طالب في تحليل استبيان لجامعة الكويت,الاستبيانات,commercial,ar,/services/
خدمة تحليل استبيان لجامعة الكويت بسرية,الاستبيانات,commercial,ar,/services/
كم يستغرق إعداد تحليل استبيان لجامعة الكويت؟,الاستبيانات,commercial,ar,/services/
ما المطلوب لعمل تحليل استبيان لجامعة الكويت؟,الاستبيانات,commercial,ar,/services/
أحتاج خبيرًا في تحليل استبيان لجامعة الكويت,الاستبيانات,commercial,ar,/services/
طلب خدمة تحليل استبيان لجامعة الكويت,الاستبيانات,commercial,ar,/services/
كيف أعد تحليل استبيان للجامعات الكويتية؟,الاستبيانات,commercial,ar,/services/
من يساعدني في تحليل استبيان للجامعات الكويتية؟,الاستبيانات,commercial,ar,/services/
أحتاج تحليل استبيان للجامعات الكويتية أريد تجهيزها للمناقشة,الاستبيانات,commercial,ar,/services/
أفضل طريقة لعمل تحليل استبيان للجامعات الكويتية,الاستبيانات,commercial,ar,/services/
أين أجد خدمة تحليل استبيان للجامعات الكويتية؟,الاستبيانات,commercial,ar,/services/
هل توجد مساعدة في تحليل استبيان للجامعات الكويتية؟,الاستبيانات,commercial,ar,/services/
أريد تحليل استبيان للجامعات الكويتية بجودة أكاديمية,الاستبيانات,commercial,ar,/services/
مساعدة طالب في تحليل استبيان للجامعات الكويتية,الاستبيانات,commercial,ar,/services/
خدمة تحليل استبيان للجامعات الكويتية بسرية,الاستبيانات,commercial,ar,/services/
كم يستغرق إعداد تحليل استبيان للجامعات الكويتية؟,الاستبيانات,commercial,ar,/services/
ما المطلوب لعمل تحليل استبيان للجامعات الكويتية؟,الاستبيانات,commercial,ar,/services/
أحتاج خبيرًا في تحليل استبيان للجامعات الكويتية,الاستبيانات,commercial,ar,/services/
طلب خدمة تحليل استبيان للجامعات الكويتية,الاستبيانات,commercial,ar,/services/
كيف أعد تحليل استبيان لطالب ماجستير في الكويت؟,الاستبيانات,commercial,ar,/services/
من يساعدني في تحليل استبيان لطالب ماجستير في الكويت؟,الاستبيانات,commercial,ar,/services/
أحتاج تحليل استبيان لطالب ماجستير في الكويت أحتاج مساعدة عاجلة,الاستبيانات,commercial,ar,/services/
أفضل طريقة لعمل تحليل استبيان لطالب ماجستير في الكويت,الاستبيانات,commercial,ar,/services/
أين أجد خدمة تحليل استبيان لطالب ماجستير في الكويت؟,الاستبيانات,commercial,ar,/services/
هل توجد مساعدة في تحليل استبيان لطالب ماجستير في الكويت؟,الاستبيانات,commercial,ar,/services/
أريد تحليل استبيان لطالب ماجستير في الكويت بجودة أكاديمية,الاستبيانات,commercial,ar,/services/
مساعدة طالب في تحليل استبيان لطالب ماجستير في الكويت,الاستبيانات,commercial,ar,/services/
خدمة تحليل استبيان لطالب ماجستير في الكويت بسرية,الاستبيانات,commercial,ar,/services/
كم يستغرق إعداد تحليل استبيان لطالب ماجستير في الكويت؟,الاستبيانات,commercial,ar,/services/
ما المطلوب لعمل تحليل استبيان لطالب ماجستير في الكويت؟,الاستبيانات,commercial,ar,/services/
أحتاج خبيرًا في تحليل استبيان لطالب ماجستير في الكويت,الاستبيانات,commercial,ar,/services/
طلب خدمة تحليل استبيان لطالب ماجستير في الكويت,الاستبيانات,commercial,ar,/services/
كيف أعد تحليل استبيان لطالب دكتوراه في الكويت؟,الاستبيانات,commercial,ar,/services/
من يساعدني في تحليل استبيان لطالب دكتوراه في الكويت؟,الاستبيانات,commercial,ar,/services/
أحتاج تحليل استبيان لطالب دكتوراه في الكويت أريد إنجازها بطريقة أكاديمية,الاستبيانات,commercial,ar,/services/
أفضل طريقة لعمل تحليل استبيان لطالب دكتوراه في الكويت,الاستبيانات,commercial,ar,/services/
أين أجد خدمة تحليل استبيان لطالب دكتوراه في الكويت؟,الاستبيانات,commercial,ar,/services/
هل توجد مساعدة في تحليل استبيان لطالب دكتوراه في الكويت؟,الاستبيانات,commercial,ar,/services/
أريد تحليل استبيان لطالب دكتوراه في الكويت بجودة أكاديمية,الاستبيانات,commercial,ar,/services/
مساعدة طالب في تحليل استبيان لطالب دكتوراه في الكويت,الاستبيانات,commercial,ar,/services/
خدمة تحليل استبيان لطالب دكتوراه في الكويت بسرية,الاستبيانات,commercial,ar,/services/
كم يستغرق إعداد تحليل استبيان لطالب دكتوراه في الكويت؟,الاستبيانات,commercial,ar,/services/
ما المطلوب لعمل تحليل استبيان لطالب دكتوراه في الكويت؟,الاستبيانات,commercial,ar,/services/
أحتاج خبيرًا في تحليل استبيان لطالب دكتوراه في الكويت,الاستبيانات,commercial,ar,/services/
طلب خدمة تحليل استبيان لطالب دكتوراه في الكويت,الاستبيانات,commercial,ar,/services/
كيف أعد تحليل استبيان في جامعة خاصة بالكويت؟,الاستبيانات,commercial,ar,/services/
من يساعدني في تحليل استبيان في جامعة خاصة بالكويت؟,الاستبيانات,commercial,ar,/services/
أحتاج تحليل استبيان في جامعة خاصة بالكويت أحتاج نموذجًا وخطة واضحة,الاستبيانات,commercial,ar,/services/
أفضل طريقة لعمل تحليل استبيان في جامعة خاصة بالكويت,الاستبيانات,commercial,ar,/services/
أين أجد خدمة تحليل استبيان في جامعة خاصة بالكويت؟,الاستبيانات,commercial,ar,/services/
هل توجد مساعدة في تحليل استبيان في جامعة خاصة بالكويت؟,الاستبيانات,commercial,ar,/services/
أريد تحليل استبيان في جامعة خاصة بالكويت بجودة أكاديمية,الاستبيانات,commercial,ar,/services/
مساعدة طالب في تحليل استبيان في جامعة خاصة بالكويت,الاستبيانات,commercial,ar,/services/
خدمة تحليل استبيان في جامعة خاصة بالكويت بسرية,الاستبيانات,commercial,ar,/services/
كم يستغرق إعداد تحليل استبيان في جامعة خاصة بالكويت؟,الاستبيانات,commercial,ar,/services/
ما المطلوب لعمل تحليل استبيان في جامعة خاصة بالكويت؟,الاستبيانات,commercial,ar,/services/
أحتاج خبيرًا في تحليل استبيان في جامعة خاصة بالكويت,الاستبيانات,commercial,ar,/services/
طلب خدمة تحليل استبيان في جامعة خاصة بالكويت,الاستبيانات,commercial,ar,/services/
كيف أعد تحليل استبيان في التعليم التطبيقي بالكويت؟,الاستبيانات,commercial,ar,/services/
من يساعدني في تحليل استبيان في التعليم التطبيقي بالكويت؟,الاستبيانات,commercial,ar,/services/
أحتاج تحليل استبيان في التعليم التطبيقي بالكويت لا أعرف من أين أبدأ,الاستبيانات,commercial,ar,/services/
أفضل طريقة لعمل تحليل استبيان في التعليم التطبيقي بالكويت,الاستبيانات,commercial,ar,/services/
أين أجد خدمة تحليل استبيان في التعليم التطبيقي بالكويت؟,الاستبيانات,commercial,ar,/services/
هل توجد مساعدة في تحليل استبيان في التعليم التطبيقي بالكويت؟,الاستبيانات,commercial,ar,/services/
أريد تحليل استبيان في التعليم التطبيقي بالكويت بجودة أكاديمية,الاستبيانات,commercial,ar,/services/
مساعدة طالب في تحليل استبيان في التعليم التطبيقي بالكويت,الاستبيانات,commercial,ar,/services/
خدمة تحليل استبيان في التعليم التطبيقي بالكويت بسرية,الاستبيانات,commercial,ar,/services/
كم يستغرق إعداد تحليل استبيان في التعليم التطبيقي بالكويت؟,الاستبيانات,commercial,ar,/services/
ما المطلوب لعمل تحليل استبيان في التعليم التطبيقي بالكويت؟,الاستبيانات,commercial,ar,/services/
أحتاج خبيرًا في تحليل استبيان في التعليم التطبيقي بالكويت,الاستبيانات,commercial,ar,/services/
طلب خدمة تحليل استبيان في التعليم التطبيقي بالكويت,الاستبيانات,commercial,ar,/services/
كيف أعد تصميم استبيان في الكويت؟,الاستبيانات,commercial,ar,/services/
من يساعدني في تصميم استبيان في الكويت؟,الاستبيانات,commercial,ar,/services/
أحتاج تصميم استبيان في الكويت أحتاج شخصًا يشرح لي الخطوات,الاستبيانات,commercial,ar,/services/
أفضل طريقة لعمل تصميم استبيان في الكويت,الاستبيانات,commercial,ar,/services/
أين أجد خدمة تصميم استبيان في الكويت؟,الاستبيانات,commercial,ar,/services/
هل توجد مساعدة في تصميم استبيان في الكويت؟,الاستبيانات,commercial,ar,/services/
أريد تصميم استبيان في الكويت بجودة أكاديمية,الاستبيانات,commercial,ar,/services/
مساعدة طالب في تصميم استبيان في الكويت,الاستبيانات,commercial,ar,/services/
خدمة تصميم استبيان في الكويت بسرية,الاستبيانات,commercial,ar,/services/
كم يستغرق إعداد تصميم استبيان في الكويت؟,الاستبيانات,commercial,ar,/services/
ما المطلوب لعمل تصميم استبيان في الكويت؟,الاستبيانات,commercial,ar,/services/
كيف أراجع تصميم استبيان قبل التسليم؟,الاستبيانات,commercial,ar,/services/
هل يمكن شرح تصميم استبيان للطالب؟,الاستبيانات,commercial,ar,/services/
أحتاج خبيرًا في تصميم استبيان في الكويت,الاستبيانات,commercial,ar,/services/
طلب خدمة تصميم استبيان في الكويت,الاستبيانات,commercial,ar,/services/
كيف أعد تصميم استبيان بالكويت؟,الاستبيانات,commercial,ar,/services/
من يساعدني في تصميم استبيان بالكويت؟,الاستبيانات,commercial,ar,/services/
أحتاج تصميم استبيان بالكويت أريد تجهيزها للمناقشة,الاستبيانات,commercial,ar,/services/
أفضل طريقة لعمل تصميم استبيان بالكويت,الاستبيانات,commercial,ar,/services/
أين أجد خدمة تصميم استبيان بالكويت؟,الاستبيانات,commercial,ar,/services/
هل توجد مساعدة في تصميم استبيان بالكويت؟,الاستبيانات,commercial,ar,/services/
أريد تصميم استبيان بالكويت بجودة أكاديمية,الاستبيانات,commercial,ar,/services/
مساعدة طالب في تصميم استبيان بالكويت,الاستبيانات,commercial,ar,/services/
خدمة تصميم استبيان بالكويت بسرية,الاستبيانات,commercial,ar,/services/
كم يستغرق إعداد تصميم استبيان بالكويت؟,الاستبيانات,commercial,ar,/services/
ما المطلوب لعمل تصميم استبيان بالكويت؟,الاستبيانات,commercial,ar,/services/
أحتاج خبيرًا في تصميم استبيان بالكويت,الاستبيانات,commercial,ar,/services/
طلب خدمة تصميم استبيان بالكويت,الاستبيانات,commercial,ar,/services/
كيف أعد تصميم استبيان للطلاب في الكويت؟,الاستبيانات,commercial,ar,/services/
من يساعدني في تصميم استبيان للطلاب في الكويت؟,الاستبيانات,commercial,ar,/services/
أحتاج تصميم استبيان للطلاب في الكويت أحتاج مساعدة عاجلة,الاستبيانات,commercial,ar,/services/
أفضل طريقة لعمل تصميم استبيان للطلاب في الكويت,الاستبيانات,commercial,ar,/services/
أين أجد خدمة تصميم استبيان للطلاب في الكويت؟,الاستبيانات,commercial,ar,/services/
هل توجد مساعدة في تصميم استبيان للطلاب في الكويت؟,الاستبيانات,commercial,ar,/services/
أريد تصميم استبيان للطلاب في الكويت بجودة أكاديمية,الاستبيانات,commercial,ar,/services/
مساعدة طالب في تصميم استبيان للطلاب في الكويت,الاستبيانات,commercial,ar,/services/
خدمة تصميم استبيان للطلاب في الكويت بسرية,الاستبيانات,commercial,ar,/services/
كم يستغرق إعداد تصميم استبيان للطلاب في الكويت؟,الاستبيانات,commercial,ar,/services/
ما المطلوب لعمل تصميم استبيان للطلاب في الكويت؟,الاستبيانات,commercial,ar,/services/
أحتاج خبيرًا في تصميم استبيان للطلاب في الكويت,الاستبيانات,commercial,ar,/services/
طلب خدمة تصميم استبيان للطلاب في الكويت,الاستبيانات,commercial,ar,/services/
كيف أعد تصميم استبيان للباحثين في الكويت؟,الاستبيانات,commercial,ar,/services/
من يساعدني في تصميم استبيان للباحثين في الكويت؟,الاستبيانات,commercial,ar,/services/
أحتاج تصميم استبيان للباحثين في الكويت أريد إنجازها بطريقة أكاديمية,الاستبيانات,commercial,ar,/services/
أفضل طريقة لعمل تصميم استبيان للباحثين في الكويت,الاستبيانات,commercial,ar,/services/
أين أجد خدمة تصميم استبيان للباحثين في الكويت؟,الاستبيانات,commercial,ar,/services/
هل توجد مساعدة في تصميم استبيان للباحثين في الكويت؟,الاستبيانات,commercial,ar,/services/
أريد تصميم استبيان للباحثين في الكويت بجودة أكاديمية,الاستبيانات,commercial,ar,/services/
مساعدة طالب في تصميم استبيان للباحثين في الكويت,الاستبيانات,commercial,ar,/services/
خدمة تصميم استبيان للباحثين في الكويت بسرية,الاستبيانات,commercial,ar,/services/
كم يستغرق إعداد تصميم استبيان للباحثين في الكويت؟,الاستبيانات,commercial,ar,/services/
ما المطلوب لعمل تصميم استبيان للباحثين في الكويت؟,الاستبيانات,commercial,ar,/services/
أحتاج خبيرًا في تصميم استبيان للباحثين في الكويت,الاستبيانات,commercial,ar,/services/
طلب خدمة تصميم استبيان للباحثين في الكويت,الاستبيانات,commercial,ar,/services/
كيف أعد تصميم استبيان لجامعة الكويت؟,الاستبيانات,commercial,ar,/services/
من يساعدني في تصميم استبيان لجامعة الكويت؟,الاستبيانات,commercial,ar,/services/
أحتاج تصميم استبيان لجامعة الكويت أحتاج نموذجًا وخطة واضحة,الاستبيانات,commercial,ar,/services/
أفضل طريقة لعمل تصميم استبيان لجامعة الكويت,الاستبيانات,commercial,ar,/services/
أين أجد خدمة تصميم استبيان لجامعة الكويت؟,الاستبيانات,commercial,ar,/services/
هل توجد مساعدة في تصميم استبيان لجامعة الكويت؟,الاستبيانات,commercial,ar,/services/
أريد تصميم استبيان لجامعة الكويت بجودة أكاديمية,الاستبيانات,commercial,ar,/services/
مساعدة طالب في تصميم استبيان لجامعة الكويت,الاستبيانات,commercial,ar,/services/
خدمة تصميم استبيان لجامعة الكويت بسرية,الاستبيانات,commercial,ar,/services/
كم يستغرق إعداد تصميم استبيان لجامعة الكويت؟,الاستبيانات,commercial,ar,/services/
ما المطلوب لعمل تصميم استبيان لجامعة الكويت؟,الاستبيانات,commercial,ar,/services/
أحتاج خبيرًا في تصميم استبيان لجامعة الكويت,الاستبيانات,commercial,ar,/services/
طلب خدمة تصميم استبيان لجامعة الكويت,الاستبيانات,commercial,ar,/services/
كيف أعد تصميم استبيان للجامعات الكويتية؟,الاستبيانات,commercial,ar,/services/
من يساعدني في تصميم استبيان للجامعات الكويتية؟,الاستبيانات,commercial,ar,/services/
أحتاج تصميم استبيان للجامعات الكويتية لا أعرف من أين أبدأ,الاستبيانات,commercial,ar,/services/
أفضل طريقة لعمل تصميم استبيان للجامعات الكويتية,الاستبيانات,commercial,ar,/services/
أين أجد خدمة تصميم استبيان للجامعات الكويتية؟,الاستبيانات,commercial,ar,/services/
هل توجد مساعدة في تصميم استبيان للجامعات الكويتية؟,الاستبيانات,commercial,ar,/services/
أريد تصميم استبيان للجامعات الكويتية بجودة أكاديمية,الاستبيانات,commercial,ar,/services/
مساعدة طالب في تصميم استبيان للجامعات الكويتية,الاستبيانات,commercial,ar,/services/
خدمة تصميم استبيان للجامعات الكويتية بسرية,الاستبيانات,commercial,ar,/services/
كم يستغرق إعداد تصميم استبيان للجامعات الكويتية؟,الاستبيانات,commercial,ar,/services/
ما المطلوب لعمل تصميم استبيان للجامعات الكويتية؟,الاستبيانات,commercial,ar,/services/
أحتاج خبيرًا في تصميم استبيان للجامعات الكويتية,الاستبيانات,commercial,ar,/services/
طلب خدمة تصميم استبيان للجامعات الكويتية,الاستبيانات,commercial,ar,/services/
كيف أعد تصميم استبيان لطالب ماجستير في الكويت؟,الاستبيانات,commercial,ar,/services/
من يساعدني في تصميم استبيان لطالب ماجستير في الكويت؟,الاستبيانات,commercial,ar,/services/
أحتاج تصميم استبيان لطالب ماجستير في الكويت أحتاج شخصًا يشرح لي الخطوات,الاستبيانات,commercial,ar,/services/
أفضل طريقة لعمل تصميم استبيان لطالب ماجستير في الكويت,الاستبيانات,commercial,ar,/services/
أين أجد خدمة تصميم استبيان لطالب ماجستير في الكويت؟,الاستبيانات,commercial,ar,/services/
هل توجد مساعدة في تصميم استبيان لطالب ماجستير في الكويت؟,الاستبيانات,commercial,ar,/services/
أريد تصميم استبيان لطالب ماجستير في الكويت بجودة أكاديمية,الاستبيانات,commercial,ar,/services/
مساعدة طالب في تصميم استبيان لطالب ماجستير في الكويت,الاستبيانات,commercial,ar,/services/
خدمة تصميم استبيان لطالب ماجستير في الكويت بسرية,الاستبيانات,commercial,ar,/services/
كم يستغرق إعداد تصميم استبيان لطالب ماجستير في الكويت؟,الاستبيانات,commercial,ar,/services/
ما المطلوب لعمل تصميم استبيان لطالب ماجستير في الكويت؟,الاستبيانات,commercial,ar,/services/
أحتاج خبيرًا في تصميم استبيان لطالب ماجستير في الكويت,الاستبيانات,commercial,ar,/services/
طلب خدمة تصميم استبيان لطالب ماجستير في الكويت,الاستبيانات,commercial,ar,/services/
كيف أعد تصميم استبيان لطالب دكتوراه في الكويت؟,الاستبيانات,commercial,ar,/services/
من يساعدني في تصميم استبيان لطالب دكتوراه في الكويت؟,الاستبيانات,commercial,ar,/services/
أحتاج تصميم استبيان لطالب دكتوراه في الكويت أريد فهم النتائج وكتابتها,الاستبيانات,commercial,ar,/services/
أفضل طريقة لعمل تصميم استبيان لطالب دكتوراه في الكويت,الاستبيانات,commercial,ar,/services/
أين أجد خدمة تصميم استبيان لطالب دكتوراه في الكويت؟,الاستبيانات,commercial,ar,/services/
هل توجد مساعدة في تصميم استبيان لطالب دكتوراه في الكويت؟,الاستبيانات,commercial,ar,/services/
أريد تصميم استبيان لطالب دكتوراه في الكويت بجودة أكاديمية,الاستبيانات,commercial,ar,/services/
مساعدة طالب في تصميم استبيان لطالب دكتوراه في الكويت,الاستبيانات,commercial,ar,/services/
خدمة تصميم استبيان لطالب دكتوراه في الكويت بسرية,الاستبيانات,commercial,ar,/services/
كم يستغرق إعداد تصميم استبيان لطالب دكتوراه في الكويت؟,الاستبيانات,commercial,ar,/services/
ما المطلوب لعمل تصميم استبيان لطالب دكتوراه في الكويت؟,الاستبيانات,commercial,ar,/services/
أحتاج خبيرًا في تصميم استبيان لطالب دكتوراه في الكويت,الاستبيانات,commercial,ar,/services/
طلب خدمة تصميم استبيان لطالب دكتوراه في الكويت,الاستبيانات,commercial,ar,/services/
كيف أعد تصميم استبيان في جامعة خاصة بالكويت؟,الاستبيانات,commercial,ar,/services/
من يساعدني في تصميم استبيان في جامعة خاصة بالكويت؟,الاستبيانات,commercial,ar,/services/
أحتاج تصميم استبيان في جامعة خاصة بالكويت أحتاج رأيًا أكاديميًا في عملي,الاستبيانات,commercial,ar,/services/
أفضل طريقة لعمل تصميم استبيان في جامعة خاصة بالكويت,الاستبيانات,commercial,ar,/services/
أين أجد خدمة تصميم استبيان في جامعة خاصة بالكويت؟,الاستبيانات,commercial,ar,/services/
هل توجد مساعدة في تصميم استبيان في جامعة خاصة بالكويت؟,الاستبيانات,commercial,ar,/services/
أريد تصميم استبيان في جامعة خاصة بالكويت بجودة أكاديمية,الاستبيانات,commercial,ar,/services/
مساعدة طالب في تصميم استبيان في جامعة خاصة بالكويت,الاستبيانات,commercial,ar,/services/
خدمة تصميم استبيان في جامعة خاصة بالكويت بسرية,الاستبيانات,commercial,ar,/services/
كم يستغرق إعداد تصميم استبيان في جامعة خاصة بالكويت؟,الاستبيانات,commercial,ar,/services/
ما المطلوب لعمل تصميم استبيان في جامعة خاصة بالكويت؟,الاستبيانات,commercial,ar,/services/
أحتاج خبيرًا في تصميم استبيان في جامعة خاصة بالكويت,الاستبيانات,commercial,ar,/services/
طلب خدمة تصميم استبيان في جامعة خاصة بالكويت,الاستبيانات,commercial,ar,/services/
كيف أعد تصميم استبيان في التعليم التطبيقي بالكويت؟,الاستبيانات,commercial,ar,/services/
من يساعدني في تصميم استبيان في التعليم التطبيقي بالكويت؟,الاستبيانات,commercial,ar,/services/
أحتاج تصميم استبيان في التعليم التطبيقي بالكويت أريد مراجعة عملي قبل التسليم,الاستبيانات,commercial,ar,/services/
أفضل طريقة لعمل تصميم استبيان في التعليم التطبيقي بالكويت,الاستبيانات,commercial,ar,/services/
أين أجد خدمة تصميم استبيان في التعليم التطبيقي بالكويت؟,الاستبيانات,commercial,ar,/services/
هل توجد مساعدة في تصميم استبيان في التعليم التطبيقي بالكويت؟,الاستبيانات,commercial,ar,/services/
أريد تصميم استبيان في التعليم التطبيقي بالكويت بجودة أكاديمية,الاستبيانات,commercial,ar,/services/
مساعدة طالب في تصميم استبيان في التعليم التطبيقي بالكويت,الاستبيانات,commercial,ar,/services/
خدمة تصميم استبيان في التعليم التطبيقي بالكويت بسرية,الاستبيانات,commercial,ar,/services/
كم يستغرق إعداد تصميم استبيان في التعليم التطبيقي بالكويت؟,الاستبيانات,commercial,ar,/services/
ما المطلوب لعمل تصميم استبيان في التعليم التطبيقي بالكويت؟,الاستبيانات,commercial,ar,/services/
أحتاج خبيرًا في تصميم استبيان في التعليم التطبيقي بالكويت,الاستبيانات,commercial,ar,/services/
طلب خدمة تصميم استبيان في التعليم التطبيقي بالكويت,الاستبيانات,commercial,ar,/services/
كيف أعد تدقيق لغوي في الكويت؟,التدقيق والتنسيق,commercial,ar,/services/
من يساعدني في تدقيق لغوي في الكويت؟,التدقيق والتنسيق,commercial,ar,/services/
أحتاج تدقيق لغوي في الكويت أريد مراجعة عملي قبل التسليم,التدقيق والتنسيق,commercial,ar,/services/
أفضل طريقة لعمل تدقيق لغوي في الكويت,التدقيق والتنسيق,commercial,ar,/services/
أين أجد خدمة تدقيق لغوي في الكويت؟,التدقيق والتنسيق,commercial,ar,/services/
هل توجد مساعدة في تدقيق لغوي في الكويت؟,التدقيق والتنسيق,commercial,ar,/services/
أريد تدقيق لغوي في الكويت بجودة أكاديمية,التدقيق والتنسيق,commercial,ar,/services/
مساعدة طالب في تدقيق لغوي في الكويت,التدقيق والتنسيق,commercial,ar,/services/
خدمة تدقيق لغوي في الكويت بسرية,التدقيق والتنسيق,commercial,ar,/services/
كم يستغرق إعداد تدقيق لغوي في الكويت؟,التدقيق والتنسيق,commercial,ar,/services/
ما المطلوب لعمل تدقيق لغوي في الكويت؟,التدقيق والتنسيق,commercial,ar,/services/
كيف أراجع تدقيق لغوي قبل التسليم؟,التدقيق والتنسيق,commercial,ar,/services/
هل يمكن شرح تدقيق لغوي للطالب؟,التدقيق والتنسيق,commercial,ar,/services/
أحتاج خبيرًا في تدقيق لغوي في الكويت,التدقيق والتنسيق,commercial,ar,/services/
طلب خدمة تدقيق لغوي في الكويت,التدقيق والتنسيق,commercial,ar,/services/
كيف أعد تدقيق لغوي بالكويت؟,التدقيق والتنسيق,commercial,ar,/services/
من يساعدني في تدقيق لغوي بالكويت؟,التدقيق والتنسيق,commercial,ar,/services/
أحتاج تدقيق لغوي بالكويت أحتاج نموذجًا وخطة واضحة,التدقيق والتنسيق,commercial,ar,/services/
أفضل طريقة لعمل تدقيق لغوي بالكويت,التدقيق والتنسيق,commercial,ar,/services/
أين أجد خدمة تدقيق لغوي بالكويت؟,التدقيق والتنسيق,commercial,ar,/services/
هل توجد مساعدة في تدقيق لغوي بالكويت؟,التدقيق والتنسيق,commercial,ar,/services/
أريد تدقيق لغوي بالكويت بجودة أكاديمية,التدقيق والتنسيق,commercial,ar,/services/
مساعدة طالب في تدقيق لغوي بالكويت,التدقيق والتنسيق,commercial,ar,/services/
خدمة تدقيق لغوي بالكويت بسرية,التدقيق والتنسيق,commercial,ar,/services/
كم يستغرق إعداد تدقيق لغوي بالكويت؟,التدقيق والتنسيق,commercial,ar,/services/
ما المطلوب لعمل تدقيق لغوي بالكويت؟,التدقيق والتنسيق,commercial,ar,/services/
أحتاج خبيرًا في تدقيق لغوي بالكويت,التدقيق والتنسيق,commercial,ar,/services/
طلب خدمة تدقيق لغوي بالكويت,التدقيق والتنسيق,commercial,ar,/services/
كيف أعد تدقيق لغوي للطلاب في الكويت؟,التدقيق والتنسيق,commercial,ar,/services/
من يساعدني في تدقيق لغوي للطلاب في الكويت؟,التدقيق والتنسيق,commercial,ar,/services/
أحتاج تدقيق لغوي للطلاب في الكويت لا أعرف من أين أبدأ,التدقيق والتنسيق,commercial,ar,/services/
أفضل طريقة لعمل تدقيق لغوي للطلاب في الكويت,التدقيق والتنسيق,commercial,ar,/services/
أين أجد خدمة تدقيق لغوي للطلاب في الكويت؟,التدقيق والتنسيق,commercial,ar,/services/
هل توجد مساعدة في تدقيق لغوي للطلاب في الكويت؟,التدقيق والتنسيق,commercial,ar,/services/
أريد تدقيق لغوي للطلاب في الكويت بجودة أكاديمية,التدقيق والتنسيق,commercial,ar,/services/
مساعدة طالب في تدقيق لغوي للطلاب في الكويت,التدقيق والتنسيق,commercial,ar,/services/
خدمة تدقيق لغوي للطلاب في الكويت بسرية,التدقيق والتنسيق,commercial,ar,/services/
كم يستغرق إعداد تدقيق لغوي للطلاب في الكويت؟,التدقيق والتنسيق,commercial,ar,/services/
ما المطلوب لعمل تدقيق لغوي للطلاب في الكويت؟,التدقيق والتنسيق,commercial,ar,/services/
أحتاج خبيرًا في تدقيق لغوي للطلاب في الكويت,التدقيق والتنسيق,commercial,ar,/services/
طلب خدمة تدقيق لغوي للطلاب في الكويت,التدقيق والتنسيق,commercial,ar,/services/
كيف أعد تدقيق لغوي للباحثين في الكويت؟,التدقيق والتنسيق,commercial,ar,/services/
من يساعدني في تدقيق لغوي للباحثين في الكويت؟,التدقيق والتنسيق,commercial,ar,/services/
أحتاج تدقيق لغوي للباحثين في الكويت أحتاج شخصًا يشرح لي الخطوات,التدقيق والتنسيق,commercial,ar,/services/
أفضل طريقة لعمل تدقيق لغوي للباحثين في الكويت,التدقيق والتنسيق,commercial,ar,/services/
أين أجد خدمة تدقيق لغوي للباحثين في الكويت؟,التدقيق والتنسيق,commercial,ar,/services/
هل توجد مساعدة في تدقيق لغوي للباحثين في الكويت؟,التدقيق والتنسيق,commercial,ar,/services/
أريد تدقيق لغوي للباحثين في الكويت بجودة أكاديمية,التدقيق والتنسيق,commercial,ar,/services/
مساعدة طالب في تدقيق لغوي للباحثين في الكويت,التدقيق والتنسيق,commercial,ar,/services/
خدمة تدقيق لغوي للباحثين في الكويت بسرية,التدقيق والتنسيق,commercial,ar,/services/
كم يستغرق إعداد تدقيق لغوي للباحثين في الكويت؟,التدقيق والتنسيق,commercial,ar,/services/
ما المطلوب لعمل تدقيق لغوي للباحثين في الكويت؟,التدقيق والتنسيق,commercial,ar,/services/
أحتاج خبيرًا في تدقيق لغوي للباحثين في الكويت,التدقيق والتنسيق,commercial,ar,/services/
طلب خدمة تدقيق لغوي للباحثين في الكويت,التدقيق والتنسيق,commercial,ar,/services/
كيف أعد تدقيق لغوي لجامعة الكويت؟,التدقيق والتنسيق,commercial,ar,/services/
من يساعدني في تدقيق لغوي لجامعة الكويت؟,التدقيق والتنسيق,commercial,ar,/services/
أحتاج تدقيق لغوي لجامعة الكويت أريد فهم النتائج وكتابتها,التدقيق والتنسيق,commercial,ar,/services/
أفضل طريقة لعمل تدقيق لغوي لجامعة الكويت,التدقيق والتنسيق,commercial,ar,/services/
أين أجد خدمة تدقيق لغوي لجامعة الكويت؟,التدقيق والتنسيق,commercial,ar,/services/
هل توجد مساعدة في تدقيق لغوي لجامعة الكويت؟,التدقيق والتنسيق,commercial,ar,/services/
أريد تدقيق لغوي لجامعة الكويت بجودة أكاديمية,التدقيق والتنسيق,commercial,ar,/services/
مساعدة طالب في تدقيق لغوي لجامعة الكويت,التدقيق والتنسيق,commercial,ar,/services/
خدمة تدقيق لغوي لجامعة الكويت بسرية,التدقيق والتنسيق,commercial,ar,/services/
كم يستغرق إعداد تدقيق لغوي لجامعة الكويت؟,التدقيق والتنسيق,commercial,ar,/services/
ما المطلوب لعمل تدقيق لغوي لجامعة الكويت؟,التدقيق والتنسيق,commercial,ar,/services/
أحتاج خبيرًا في تدقيق لغوي لجامعة الكويت,التدقيق والتنسيق,commercial,ar,/services/
طلب خدمة تدقيق لغوي لجامعة الكويت,التدقيق والتنسيق,commercial,ar,/services/
كيف أعد تدقيق لغوي للجامعات الكويتية؟,التدقيق والتنسيق,commercial,ar,/services/
من يساعدني في تدقيق لغوي للجامعات الكويتية؟,التدقيق والتنسيق,commercial,ar,/services/
أحتاج تدقيق لغوي للجامعات الكويتية أحتاج رأيًا أكاديميًا في عملي,التدقيق والتنسيق,commercial,ar,/services/
أفضل طريقة لعمل تدقيق لغوي للجامعات الكويتية,التدقيق والتنسيق,commercial,ar,/services/
أين أجد خدمة تدقيق لغوي للجامعات الكويتية؟,التدقيق والتنسيق,commercial,ar,/services/
هل توجد مساعدة في تدقيق لغوي للجامعات الكويتية؟,التدقيق والتنسيق,commercial,ar,/services/
أريد تدقيق لغوي للجامعات الكويتية بجودة أكاديمية,التدقيق والتنسيق,commercial,ar,/services/
مساعدة طالب في تدقيق لغوي للجامعات الكويتية,التدقيق والتنسيق,commercial,ar,/services/
خدمة تدقيق لغوي للجامعات الكويتية بسرية,التدقيق والتنسيق,commercial,ar,/services/
كم يستغرق إعداد تدقيق لغوي للجامعات الكويتية؟,التدقيق والتنسيق,commercial,ar,/services/
ما المطلوب لعمل تدقيق لغوي للجامعات الكويتية؟,التدقيق والتنسيق,commercial,ar,/services/
أحتاج خبيرًا في تدقيق لغوي للجامعات الكويتية,التدقيق والتنسيق,commercial,ar,/services/
طلب خدمة تدقيق لغوي للجامعات الكويتية,التدقيق والتنسيق,commercial,ar,/services/
كيف أعد تدقيق لغوي لطالب ماجستير في الكويت؟,التدقيق والتنسيق,commercial,ar,/services/
من يساعدني في تدقيق لغوي لطالب ماجستير في الكويت؟,التدقيق والتنسيق,commercial,ar,/services/
أحتاج تدقيق لغوي لطالب ماجستير في الكويت أريد مراجعة عملي قبل التسليم,التدقيق والتنسيق,commercial,ar,/services/
أفضل طريقة لعمل تدقيق لغوي لطالب ماجستير في الكويت,التدقيق والتنسيق,commercial,ar,/services/
أين أجد خدمة تدقيق لغوي لطالب ماجستير في الكويت؟,التدقيق والتنسيق,commercial,ar,/services/
هل توجد مساعدة في تدقيق لغوي لطالب ماجستير في الكويت؟,التدقيق والتنسيق,commercial,ar,/services/
أريد تدقيق لغوي لطالب ماجستير في الكويت بجودة أكاديمية,التدقيق والتنسيق,commercial,ar,/services/
مساعدة طالب في تدقيق لغوي لطالب ماجستير في الكويت,التدقيق والتنسيق,commercial,ar,/services/
خدمة تدقيق لغوي لطالب ماجستير في الكويت بسرية,التدقيق والتنسيق,commercial,ar,/services/
كم يستغرق إعداد تدقيق لغوي لطالب ماجستير في الكويت؟,التدقيق والتنسيق,commercial,ar,/services/
ما المطلوب لعمل تدقيق لغوي لطالب ماجستير في الكويت؟,التدقيق والتنسيق,commercial,ar,/services/
أحتاج خبيرًا في تدقيق لغوي لطالب ماجستير في الكويت,التدقيق والتنسيق,commercial,ar,/services/
طلب خدمة تدقيق لغوي لطالب ماجستير في الكويت,التدقيق والتنسيق,commercial,ar,/services/
كيف أعد تدقيق لغوي لطالب دكتوراه في الكويت؟,التدقيق والتنسيق,commercial,ar,/services/
من يساعدني في تدقيق لغوي لطالب دكتوراه في الكويت؟,التدقيق والتنسيق,commercial,ar,/services/
أحتاج تدقيق لغوي لطالب دكتوراه في الكويت أحتاج تصحيح الأخطاء وتنسيقها,التدقيق والتنسيق,commercial,ar,/services/
أفضل طريقة لعمل تدقيق لغوي لطالب دكتوراه في الكويت,التدقيق والتنسيق,commercial,ar,/services/
أين أجد خدمة تدقيق لغوي لطالب دكتوراه في الكويت؟,التدقيق والتنسيق,commercial,ar,/services/
هل توجد مساعدة في تدقيق لغوي لطالب دكتوراه في الكويت؟,التدقيق والتنسيق,commercial,ar,/services/
أريد تدقيق لغوي لطالب دكتوراه في الكويت بجودة أكاديمية,التدقيق والتنسيق,commercial,ar,/services/
مساعدة طالب في تدقيق لغوي لطالب دكتوراه في الكويت,التدقيق والتنسيق,commercial,ar,/services/
خدمة تدقيق لغوي لطالب دكتوراه في الكويت بسرية,التدقيق والتنسيق,commercial,ar,/services/
كم يستغرق إعداد تدقيق لغوي لطالب دكتوراه في الكويت؟,التدقيق والتنسيق,commercial,ar,/services/
ما المطلوب لعمل تدقيق لغوي لطالب دكتوراه في الكويت؟,التدقيق والتنسيق,commercial,ar,/services/
أحتاج خبيرًا في تدقيق لغوي لطالب دكتوراه في الكويت,التدقيق والتنسيق,commercial,ar,/services/
طلب خدمة تدقيق لغوي لطالب دكتوراه في الكويت,التدقيق والتنسيق,commercial,ar,/services/
كيف أعد تدقيق لغوي في جامعة خاصة بالكويت؟,التدقيق والتنسيق,commercial,ar,/services/
من يساعدني في تدقيق لغوي في جامعة خاصة بالكويت؟,التدقيق والتنسيق,commercial,ar,/services/
أحتاج تدقيق لغوي في جامعة خاصة بالكويت أريد تجهيزها للمناقشة,التدقيق والتنسيق,commercial,ar,/services/
أفضل طريقة لعمل تدقيق لغوي في جامعة خاصة بالكويت,التدقيق والتنسيق,commercial,ar,/services/
أين أجد خدمة تدقيق لغوي في جامعة خاصة بالكويت؟,التدقيق والتنسيق,commercial,ar,/services/
هل توجد مساعدة في تدقيق لغوي في جامعة خاصة بالكويت؟,التدقيق والتنسيق,commercial,ar,/services/
أريد تدقيق لغوي في جامعة خاصة بالكويت بجودة أكاديمية,التدقيق والتنسيق,commercial,ar,/services/
مساعدة طالب في تدقيق لغوي في جامعة خاصة بالكويت,التدقيق والتنسيق,commercial,ar,/services/
خدمة تدقيق لغوي في جامعة خاصة بالكويت بسرية,التدقيق والتنسيق,commercial,ar,/services/
كم يستغرق إعداد تدقيق لغوي في جامعة خاصة بالكويت؟,التدقيق والتنسيق,commercial,ar,/services/
ما المطلوب لعمل تدقيق لغوي في جامعة خاصة بالكويت؟,التدقيق والتنسيق,commercial,ar,/services/
أحتاج خبيرًا في تدقيق لغوي في جامعة خاصة بالكويت,التدقيق والتنسيق,commercial,ar,/services/
طلب خدمة تدقيق لغوي في جامعة خاصة بالكويت,التدقيق والتنسيق,commercial,ar,/services/
كيف أعد تدقيق لغوي في التعليم التطبيقي بالكويت؟,التدقيق والتنسيق,commercial,ar,/services/
من يساعدني في تدقيق لغوي في التعليم التطبيقي بالكويت؟,التدقيق والتنسيق,commercial,ar,/services/
أحتاج تدقيق لغوي في التعليم التطبيقي بالكويت أحتاج مساعدة عاجلة,التدقيق والتنسيق,commercial,ar,/services/
أفضل طريقة لعمل تدقيق لغوي في التعليم التطبيقي بالكويت,التدقيق والتنسيق,commercial,ar,/services/
أين أجد خدمة تدقيق لغوي في التعليم التطبيقي بالكويت؟,التدقيق والتنسيق,commercial,ar,/services/
هل توجد مساعدة في تدقيق لغوي في التعليم التطبيقي بالكويت؟,التدقيق والتنسيق,commercial,ar,/services/
أريد تدقيق لغوي في التعليم التطبيقي بالكويت بجودة أكاديمية,التدقيق والتنسيق,commercial,ar,/services/
مساعدة طالب في تدقيق لغوي في التعليم التطبيقي بالكويت,التدقيق والتنسيق,commercial,ar,/services/
خدمة تدقيق لغوي في التعليم التطبيقي بالكويت بسرية,التدقيق والتنسيق,commercial,ar,/services/
كم يستغرق إعداد تدقيق لغوي في التعليم التطبيقي بالكويت؟,التدقيق والتنسيق,commercial,ar,/services/
ما المطلوب لعمل تدقيق لغوي في التعليم التطبيقي بالكويت؟,التدقيق والتنسيق,commercial,ar,/services/
أحتاج خبيرًا في تدقيق لغوي في التعليم التطبيقي بالكويت,التدقيق والتنسيق,commercial,ar,/services/
طلب خدمة تدقيق لغوي في التعليم التطبيقي بالكويت,التدقيق والتنسيق,commercial,ar,/services/
كيف أعد تنسيق APA في الكويت؟,التدقيق والتنسيق,commercial,ar,/services/
من يساعدني في تنسيق APA في الكويت؟,التدقيق والتنسيق,commercial,ar,/services/
أحتاج تنسيق APA في الكويت أحتاج شخصًا يشرح لي الخطوات,التدقيق والتنسيق,commercial,ar,/services/
أفضل طريقة لعمل تنسيق APA في الكويت,التدقيق والتنسيق,commercial,ar,/services/
أين أجد خدمة تنسيق APA في الكويت؟,التدقيق والتنسيق,commercial,ar,/services/
هل توجد مساعدة في تنسيق APA في الكويت؟,التدقيق والتنسيق,commercial,ar,/services/
أريد تنسيق APA في الكويت بجودة أكاديمية,التدقيق والتنسيق,commercial,ar,/services/
مساعدة طالب في تنسيق APA في الكويت,التدقيق والتنسيق,commercial,ar,/services/
خدمة تنسيق APA في الكويت بسرية,التدقيق والتنسيق,commercial,ar,/services/
كم يستغرق إعداد تنسيق APA في الكويت؟,التدقيق والتنسيق,commercial,ar,/services/
ما المطلوب لعمل تنسيق APA في الكويت؟,التدقيق والتنسيق,commercial,ar,/services/
كيف أراجع تنسيق APA قبل التسليم؟,التدقيق والتنسيق,commercial,ar,/services/
هل يمكن شرح تنسيق APA للطالب؟,التدقيق والتنسيق,commercial,ar,/services/
أحتاج خبيرًا في تنسيق APA في الكويت,التدقيق والتنسيق,commercial,ar,/services/
طلب خدمة تنسيق APA في الكويت,التدقيق والتنسيق,commercial,ar,/services/
كيف أعد تنسيق APA بالكويت؟,التدقيق والتنسيق,commercial,ar,/services/
من يساعدني في تنسيق APA بالكويت؟,التدقيق والتنسيق,commercial,ar,/services/
أحتاج تنسيق APA بالكويت أريد تجهيزها للمناقشة,التدقيق والتنسيق,commercial,ar,/services/
أفضل طريقة لعمل تنسيق APA بالكويت,التدقيق والتنسيق,commercial,ar,/services/
أين أجد خدمة تنسيق APA بالكويت؟,التدقيق والتنسيق,commercial,ar,/services/
هل توجد مساعدة في تنسيق APA بالكويت؟,التدقيق والتنسيق,commercial,ar,/services/
أريد تنسيق APA بالكويت بجودة أكاديمية,التدقيق والتنسيق,commercial,ar,/services/
مساعدة طالب في تنسيق APA بالكويت,التدقيق والتنسيق,commercial,ar,/services/
خدمة تنسيق APA بالكويت بسرية,التدقيق والتنسيق,commercial,ar,/services/
كم يستغرق إعداد تنسيق APA بالكويت؟,التدقيق والتنسيق,commercial,ar,/services/
ما المطلوب لعمل تنسيق APA بالكويت؟,التدقيق والتنسيق,commercial,ar,/services/
أحتاج خبيرًا في تنسيق APA بالكويت,التدقيق والتنسيق,commercial,ar,/services/
طلب خدمة تنسيق APA بالكويت,التدقيق والتنسيق,commercial,ar,/services/
كيف أعد تنسيق APA للطلاب في الكويت؟,التدقيق والتنسيق,commercial,ar,/services/
من يساعدني في تنسيق APA للطلاب في الكويت؟,التدقيق والتنسيق,commercial,ar,/services/
أحتاج تنسيق APA للطلاب في الكويت أحتاج مساعدة عاجلة,التدقيق والتنسيق,commercial,ar,/services/
أفضل طريقة لعمل تنسيق APA للطلاب في الكويت,التدقيق والتنسيق,commercial,ar,/services/
أين أجد خدمة تنسيق APA للطلاب في الكويت؟,التدقيق والتنسيق,commercial,ar,/services/
هل توجد مساعدة في تنسيق APA للطلاب في الكويت؟,التدقيق والتنسيق,commercial,ar,/services/
أريد تنسيق APA للطلاب في الكويت بجودة أكاديمية,التدقيق والتنسيق,commercial,ar,/services/
مساعدة طالب في تنسيق APA للطلاب في الكويت,التدقيق والتنسيق,commercial,ar,/services/
خدمة تنسيق APA للطلاب في الكويت بسرية,التدقيق والتنسيق,commercial,ar,/services/
كم يستغرق إعداد تنسيق APA للطلاب في الكويت؟,التدقيق والتنسيق,commercial,ar,/services/
ما المطلوب لعمل تنسيق APA للطلاب في الكويت؟,التدقيق والتنسيق,commercial,ar,/services/
أحتاج خبيرًا في تنسيق APA للطلاب في الكويت,التدقيق والتنسيق,commercial,ar,/services/
طلب خدمة تنسيق APA للطلاب في الكويت,التدقيق والتنسيق,commercial,ar,/services/
كيف أعد تنسيق APA للباحثين في الكويت؟,التدقيق والتنسيق,commercial,ar,/services/
من يساعدني في تنسيق APA للباحثين في الكويت؟,التدقيق والتنسيق,commercial,ar,/services/
أحتاج تنسيق APA للباحثين في الكويت أريد إنجازها بطريقة أكاديمية,التدقيق والتنسيق,commercial,ar,/services/
أفضل طريقة لعمل تنسيق APA للباحثين في الكويت,التدقيق والتنسيق,commercial,ar,/services/
أين أجد خدمة تنسيق APA للباحثين في الكويت؟,التدقيق والتنسيق,commercial,ar,/services/
هل توجد مساعدة في تنسيق APA للباحثين في الكويت؟,التدقيق والتنسيق,commercial,ar,/services/
أريد تنسيق APA للباحثين في الكويت بجودة أكاديمية,التدقيق والتنسيق,commercial,ar,/services/
How can I prepare university research in Kuwait?,الأبحاث الجامعية,question,en,/services/
Who can help me with university research in Kuwait?,الأبحاث الجامعية,question,en,/services/
I need help with university research in Kuwait.,الأبحاث الجامعية,commercial,en,/services/
Where can I find university research in Kuwait?,الأبحاث الجامعية,question,en,/services/
Best way to complete university research in Kuwait,الأبحاث الجامعية,commercial,en,/services/
Academic support for university research in Kuwait,الأبحاث الجامعية,commercial,en,/services/
I need an expert to review my university research in Kuwait,الأبحاث الجامعية,commercial,en,/services/
How long does university research take?,الأبحاث الجامعية,question,en,/services/
Can someone explain university research to me?,الأبحاث الجامعية,question,en,/services/
Affordable university research for students in Kuwait,الأبحاث الجامعية,commercial,en,/services/
Professional university research service in Kuwait,الأبحاث الجامعية,commercial,en,/services/
Help me finish my university research before submission,الأبحاث الجامعية,commercial,en,/services/
I need proofreading for my university research in Kuwait,الأبحاث الجامعية,commercial,en,/services/
How to format my university research in APA 7,الأبحاث الجامعية,commercial,en,/services/
Kuwait student needs help with university research,الأبحاث الجامعية,commercial,en,/services/
How can I prepare university research for Kuwait students?,الأبحاث الجامعية,question,en,/services/
Who can help me with university research for Kuwait students?,الأبحاث الجامعية,question,en,/services/
I need help with university research for Kuwait students.,الأبحاث الجامعية,commercial,en,/services/
Where can I find university research for Kuwait students?,الأبحاث الجامعية,question,en,/services/
Best way to complete university research for Kuwait students,الأبحاث الجامعية,commercial,en,/services/
Academic support for university research for Kuwait students,الأبحاث الجامعية,commercial,en,/services/
I need an expert to review my university research for Kuwait students,الأبحاث الجامعية,commercial,en,/services/
I need proofreading for my university research for Kuwait students,الأبحاث الجامعية,commercial,en,/services/
How can I prepare university research for a student at Kuwait University?,الأبحاث الجامعية,question,en,/services/
Who can help me with university research for a student at Kuwait University?,الأبحاث الجامعية,question,en,/services/
I need help with university research for a student at Kuwait University.,الأبحاث الجامعية,commercial,en,/services/
Where can I find university research for a student at Kuwait University?,الأبحاث الجامعية,question,en,/services/
Best way to complete university research for a student at Kuwait University,الأبحاث الجامعية,commercial,en,/services/
Academic support for university research for a student at Kuwait University,الأبحاث الجامعية,commercial,en,/services/
I need an expert to review my university research for a student at Kuwait University,الأبحاث الجامعية,commercial,en,/services/
I need proofreading for my university research for a student at Kuwait University,الأبحاث الجامعية,commercial,en,/services/
How can I prepare university research for postgraduate students in Kuwait?,الأبحاث الجامعية,question,en,/services/
Who can help me with university research for postgraduate students in Kuwait?,الأبحاث الجامعية,question,en,/services/
I need help with university research for postgraduate students in Kuwait.,الأبحاث الجامعية,commercial,en,/services/
Where can I find university research for postgraduate students in Kuwait?,الأبحاث الجامعية,question,en,/services/
Best way to complete university research for postgraduate students in Kuwait,الأبحاث الجامعية,commercial,en,/services/
Academic support for university research for postgraduate students in Kuwait,الأبحاث الجامعية,commercial,en,/services/
I need an expert to review my university research for postgraduate students in Kuwait,الأبحاث الجامعية,commercial,en,/services/
I need proofreading for my university research for postgraduate students in Kuwait,الأبحاث الجامعية,commercial,en,/services/
How can I prepare university research for researchers in Kuwait?,الأبحاث الجامعية,question,en,/services/
Who can help me with university research for researchers in Kuwait?,الأبحاث الجامعية,question,en,/services/
I need help with university research for researchers in Kuwait.,الأبحاث الجامعية,commercial,en,/services/
Where can I find university research for researchers in Kuwait?,الأبحاث الجامعية,question,en,/services/
Best way to complete university research for researchers in Kuwait,الأبحاث الجامعية,commercial,en,/services/
Academic support for university research for researchers in Kuwait,الأبحاث الجامعية,commercial,en,/services/
I need an expert to review my university research for researchers in Kuwait,الأبحاث الجامعية,commercial,en,/services/
I need proofreading for my university research for researchers in Kuwait,الأبحاث الجامعية,commercial,en,/services/
How can I prepare university research for private universities in Kuwait?,الأبحاث الجامعية,question,en,/services/
Who can help me with university research for private universities in Kuwait?,الأبحاث الجامعية,question,en,/services/
I need help with university research for private universities in Kuwait.,الأبحاث الجامعية,commercial,en,/services/
Where can I find university research for private universities in Kuwait?,الأبحاث الجامعية,question,en,/services/
Best way to complete university research for private universities in Kuwait,الأبحاث الجامعية,commercial,en,/services/
Academic support for university research for private universities in Kuwait,الأبحاث الجامعية,commercial,en,/services/
I need an expert to review my university research for private universities in Kuwait,الأبحاث الجامعية,commercial,en,/services/
I need proofreading for my university research for private universities in Kuwait,الأبحاث الجامعية,commercial,en,/services/
How can I prepare graduation project research in Kuwait?,أبحاث التخرج,question,en,/services/
Who can help me with graduation project research in Kuwait?,أبحاث التخرج,question,en,/services/
I need help with graduation project research in Kuwait.,أبحاث التخرج,commercial,en,/services/
Where can I find graduation project research in Kuwait?,أبحاث التخرج,question,en,/services/
Best way to complete graduation project research in Kuwait,أبحاث التخرج,commercial,en,/services/
Academic support for graduation project research in Kuwait,أبحاث التخرج,commercial,en,/services/
I need an expert to review my graduation project research in Kuwait,أبحاث التخرج,commercial,en,/services/
How long does graduation project research take?,أبحاث التخرج,question,en,/services/
Can someone explain graduation project research to me?,أبحاث التخرج,question,en,/services/
Affordable graduation project research for students in Kuwait,أبحاث التخرج,commercial,en,/services/
Professional graduation project research service in Kuwait,أبحاث التخرج,commercial,en,/services/
Help me finish my graduation project research before submission,أبحاث التخرج,commercial,en,/services/
I need proofreading for my graduation project research in Kuwait,أبحاث التخرج,commercial,en,/services/
How to format my graduation project research in APA 7,أبحاث التخرج,commercial,en,/services/
Kuwait student needs help with graduation project research,أبحاث التخرج,commercial,en,/services/
How can I prepare graduation project research for Kuwait students?,أبحاث التخرج,question,en,/services/
Who can help me with graduation project research for Kuwait students?,أبحاث التخرج,question,en,/services/
I need help with graduation project research for Kuwait students.,أبحاث التخرج,commercial,en,/services/
Where can I find graduation project research for Kuwait students?,أبحاث التخرج,question,en,/services/
Best way to complete graduation project research for Kuwait students,أبحاث التخرج,commercial,en,/services/
Academic support for graduation project research for Kuwait students,أبحاث التخرج,commercial,en,/services/
I need an expert to review my graduation project research for Kuwait students,أبحاث التخرج,commercial,en,/services/
I need proofreading for my graduation project research for Kuwait students,أبحاث التخرج,commercial,en,/services/
How can I prepare graduation project research for a student at Kuwait University?,أبحاث التخرج,question,en,/services/
Who can help me with graduation project research for a student at Kuwait University?,أبحاث التخرج,question,en,/services/
I need help with graduation project research for a student at Kuwait University.,أبحاث التخرج,commercial,en,/services/
Where can I find graduation project research for a student at Kuwait University?,أبحاث التخرج,question,en,/services/
Best way to complete graduation project research for a student at Kuwait University,أبحاث التخرج,commercial,en,/services/
Academic support for graduation project research for a student at Kuwait University,أبحاث التخرج,commercial,en,/services/
I need an expert to review my graduation project research for a student at Kuwait University,أبحاث التخرج,commercial,en,/services/
I need proofreading for my graduation project research for a student at Kuwait University,أبحاث التخرج,commercial,en,/services/
How can I prepare graduation project research for postgraduate students in Kuwait?,أبحاث التخرج,question,en,/services/
Who can help me with graduation project research for postgraduate students in Kuwait?,أبحاث التخرج,question,en,/services/
I need help with graduation project research for postgraduate students in Kuwait.,أبحاث التخرج,commercial,en,/services/
Where can I find graduation project research for postgraduate students in Kuwait?,أبحاث التخرج,question,en,/services/
Best way to complete graduation project research for postgraduate students in Kuwait,أبحاث التخرج,commercial,en,/services/
Academic support for graduation project research for postgraduate students in Kuwait,أبحاث التخرج,commercial,en,/services/
I need an expert to review my graduation project research for postgraduate students in Kuwait,أبحاث التخرج,commercial,en,/services/
I need proofreading for my graduation project research for postgraduate students in Kuwait,أبحاث التخرج,commercial,en,/services/
How can I prepare graduation project research for researchers in Kuwait?,أبحاث التخرج,question,en,/services/
Who can help me with graduation project research for researchers in Kuwait?,أبحاث التخرج,question,en,/services/
I need help with graduation project research for researchers in Kuwait.,أبحاث التخرج,commercial,en,/services/
Where can I find graduation project research for researchers in Kuwait?,أبحاث التخرج,question,en,/services/
Best way to complete graduation project research for researchers in Kuwait,أبحاث التخرج,commercial,en,/services/
Academic support for graduation project research for researchers in Kuwait,أبحاث التخرج,commercial,en,/services/
I need an expert to review my graduation project research for researchers in Kuwait,أبحاث التخرج,commercial,en,/services/
I need proofreading for my graduation project research for researchers in Kuwait,أبحاث التخرج,commercial,en,/services/
How can I prepare graduation project research for private universities in Kuwait?,أبحاث التخرج,question,en,/services/
Who can help me with graduation project research for private universities in Kuwait?,أبحاث التخرج,question,en,/services/
I need help with graduation project research for private universities in Kuwait.,أبحاث التخرج,commercial,en,/services/
Where can I find graduation project research for private universities in Kuwait?,أبحاث التخرج,question,en,/services/
Best way to complete graduation project research for private universities in Kuwait,أبحاث التخرج,commercial,en,/services/
Academic support for graduation project research for private universities in Kuwait,أبحاث التخرج,commercial,en,/services/
I need an expert to review my graduation project research for private universities in Kuwait,أبحاث التخرج,commercial,en,/services/
I need proofreading for my graduation project research for private universities in Kuwait,أبحاث التخرج,commercial,en,/services/
How can I prepare master thesis in Kuwait?,الماجستير,question,en,/services/
Who can help me with master thesis in Kuwait?,الماجستير,question,en,/services/
I need help with master thesis in Kuwait.,الماجستير,commercial,en,/services/
Where can I find master thesis in Kuwait?,الماجستير,question,en,/services/
Best way to complete master thesis in Kuwait,الماجستير,commercial,en,/services/
Academic support for master thesis in Kuwait,الماجستير,commercial,en,/services/
I need an expert to review my master thesis in Kuwait,الماجستير,commercial,en,/services/
How long does master thesis take?,الماجستير,question,en,/services/
Can someone explain master thesis to me?,الماجستير,question,en,/services/
Affordable master thesis for students in Kuwait,الماجستير,commercial,en,/services/
Professional master thesis service in Kuwait,الماجستير,commercial,en,/services/
Help me finish my master thesis before submission,الماجستير,commercial,en,/services/
I need proofreading for my master thesis in Kuwait,الماجستير,commercial,en,/services/
How to format my master thesis in APA 7,الماجستير,commercial,en,/services/
Kuwait student needs help with master thesis,الماجستير,commercial,en,/services/
How can I prepare master thesis for Kuwait students?,الماجستير,question,en,/services/
Who can help me with master thesis for Kuwait students?,الماجستير,question,en,/services/
I need help with master thesis for Kuwait students.,الماجستير,commercial,en,/services/
Where can I find master thesis for Kuwait students?,الماجستير,question,en,/services/
Best way to complete master thesis for Kuwait students,الماجستير,commercial,en,/services/
Academic support for master thesis for Kuwait students,الماجستير,commercial,en,/services/
I need an expert to review my master thesis for Kuwait students,الماجستير,commercial,en,/services/
I need proofreading for my master thesis for Kuwait students,الماجستير,commercial,en,/services/
How can I prepare master thesis for a student at Kuwait University?,الماجستير,question,en,/services/
Who can help me with master thesis for a student at Kuwait University?,الماجستير,question,en,/services/
I need help with master thesis for a student at Kuwait University.,الماجستير,commercial,en,/services/
Where can I find master thesis for a student at Kuwait University?,الماجستير,question,en,/services/
Best way to complete master thesis for a student at Kuwait University,الماجستير,commercial,en,/services/
Academic support for master thesis for a student at Kuwait University,الماجستير,commercial,en,/services/
I need an expert to review my master thesis for a student at Kuwait University,الماجستير,commercial,en,/services/
I need proofreading for my master thesis for a student at Kuwait University,الماجستير,commercial,en,/services/
How can I prepare master thesis for postgraduate students in Kuwait?,الماجستير,question,en,/services/
Who can help me with master thesis for postgraduate students in Kuwait?,الماجستير,question,en,/services/
I need help with master thesis for postgraduate students in Kuwait.,الماجستير,commercial,en,/services/
Where can I find master thesis for postgraduate students in Kuwait?,الماجستير,question,en,/services/
Best way to complete master thesis for postgraduate students in Kuwait,الماجستير,commercial,en,/services/
Academic support for master thesis for postgraduate students in Kuwait,الماجستير,commercial,en,/services/
I need an expert to review my master thesis for postgraduate students in Kuwait,الماجستير,commercial,en,/services/
I need proofreading for my master thesis for postgraduate students in Kuwait,الماجستير,commercial,en,/services/
How can I prepare master thesis for researchers in Kuwait?,الماجستير,question,en,/services/
Who can help me with master thesis for researchers in Kuwait?,الماجستير,question,en,/services/
I need help with master thesis for researchers in Kuwait.,الماجستير,commercial,en,/services/
Where can I find master thesis for researchers in Kuwait?,الماجستير,question,en,/services/
Best way to complete master thesis for researchers in Kuwait,الماجستير,commercial,en,/services/
Academic support for master thesis for researchers in Kuwait,الماجستير,commercial,en,/services/
I need an expert to review my master thesis for researchers in Kuwait,الماجستير,commercial,en,/services/
I need proofreading for my master thesis for researchers in Kuwait,الماجستير,commercial,en,/services/
How can I prepare master thesis for private universities in Kuwait?,الماجستير,question,en,/services/
Who can help me with master thesis for private universities in Kuwait?,الماجستير,question,en,/services/
I need help with master thesis for private universities in Kuwait.,الماجستير,commercial,en,/services/
Where can I find master thesis for private universities in Kuwait?,الماجستير,question,en,/services/
Best way to complete master thesis for private universities in Kuwait,الماجستير,commercial,en,/services/
Academic support for master thesis for private universities in Kuwait,الماجستير,commercial,en,/services/
I need an expert to review my master thesis for private universities in Kuwait,الماجستير,commercial,en,/services/
I need proofreading for my master thesis for private universities in Kuwait,الماجستير,commercial,en,/services/
How can I prepare PhD dissertation in Kuwait?,الدكتوراه,question,en,/services/
Who can help me with PhD dissertation in Kuwait?,الدكتوراه,question,en,/services/
I need help with PhD dissertation in Kuwait.,الدكتوراه,commercial,en,/services/
Where can I find PhD dissertation in Kuwait?,الدكتوراه,question,en,/services/
Best way to complete PhD dissertation in Kuwait,الدكتوراه,commercial,en,/services/
Academic support for PhD dissertation in Kuwait,الدكتوراه,commercial,en,/services/
I need an expert to review my PhD dissertation in Kuwait,الدكتوراه,commercial,en,/services/
How long does PhD dissertation take?,الدكتوراه,question,en,/services/
Can someone explain PhD dissertation to me?,الدكتوراه,question,en,/services/
Affordable PhD dissertation for students in Kuwait,الدكتوراه,commercial,en,/services/
Professional PhD dissertation service in Kuwait,الدكتوراه,commercial,en,/services/
Help me finish my PhD dissertation before submission,الدكتوراه,commercial,en,/services/
I need proofreading for my PhD dissertation in Kuwait,الدكتوراه,commercial,en,/services/
How to format my PhD dissertation in APA 7,الدكتوراه,commercial,en,/services/
Kuwait student needs help with PhD dissertation,الدكتوراه,commercial,en,/services/
How can I prepare PhD dissertation for Kuwait students?,الدكتوراه,question,en,/services/
Who can help me with PhD dissertation for Kuwait students?,الدكتوراه,question,en,/services/
I need help with PhD dissertation for Kuwait students.,الدكتوراه,commercial,en,/services/
Where can I find PhD dissertation for Kuwait students?,الدكتوراه,question,en,/services/
Best way to complete PhD dissertation for Kuwait students,الدكتوراه,commercial,en,/services/
Academic support for PhD dissertation for Kuwait students,الدكتوراه,commercial,en,/services/
I need an expert to review my PhD dissertation for Kuwait students,الدكتوراه,commercial,en,/services/
I need proofreading for my PhD dissertation for Kuwait students,الدكتوراه,commercial,en,/services/
How can I prepare PhD dissertation for a student at Kuwait University?,الدكتوراه,question,en,/services/
Who can help me with PhD dissertation for a student at Kuwait University?,الدكتوراه,question,en,/services/
I need help with PhD dissertation for a student at Kuwait University.,الدكتوراه,commercial,en,/services/
Where can I find PhD dissertation for a student at Kuwait University?,الدكتوراه,question,en,/services/
Best way to complete PhD dissertation for a student at Kuwait University,الدكتوراه,commercial,en,/services/
Academic support for PhD dissertation for a student at Kuwait University,الدكتوراه,commercial,en,/services/
I need an expert to review my PhD dissertation for a student at Kuwait University,الدكتوراه,commercial,en,/services/
I need proofreading for my PhD dissertation for a student at Kuwait University,الدكتوراه,commercial,en,/services/
How can I prepare PhD dissertation for postgraduate students in Kuwait?,الدكتوراه,question,en,/services/
Who can help me with PhD dissertation for postgraduate students in Kuwait?,الدكتوراه,question,en,/services/
I need help with PhD dissertation for postgraduate students in Kuwait.,الدكتوراه,commercial,en,/services/
Where can I find PhD dissertation for postgraduate students in Kuwait?,الدكتوراه,question,en,/services/
Best way to complete PhD dissertation for postgraduate students in Kuwait,الدكتوراه,commercial,en,/services/
Academic support for PhD dissertation for postgraduate students in Kuwait,الدكتوراه,commercial,en,/services/
I need an expert to review my PhD dissertation for postgraduate students in Kuwait,الدكتوراه,commercial,en,/services/
I need proofreading for my PhD dissertation for postgraduate students in Kuwait,الدكتوراه,commercial,en,/services/
How can I prepare PhD dissertation for researchers in Kuwait?,الدكتوراه,question,en,/services/
Who can help me with PhD dissertation for researchers in Kuwait?,الدكتوراه,question,en,/services/
I need help with PhD dissertation for researchers in Kuwait.,الدكتوراه,commercial,en,/services/
Where can I find PhD dissertation for researchers in Kuwait?,الدكتوراه,question,en,/services/
Best way to complete PhD dissertation for researchers in Kuwait,الدكتوراه,commercial,en,/services/
Academic support for PhD dissertation for researchers in Kuwait,الدكتوراه,commercial,en,/services/
I need an expert to review my PhD dissertation for researchers in Kuwait,الدكتوراه,commercial,en,/services/
I need proofreading for my PhD dissertation for researchers in Kuwait,الدكتوراه,commercial,en,/services/
How can I prepare PhD dissertation for private universities in Kuwait?,الدكتوراه,question,en,/services/
Who can help me with PhD dissertation for private universities in Kuwait?,الدكتوراه,question,en,/services/
I need help with PhD dissertation for private universities in Kuwait.,الدكتوراه,commercial,en,/services/
Where can I find PhD dissertation for private universities in Kuwait?,الدكتوراه,question,en,/services/
Best way to complete PhD dissertation for private universities in Kuwait,الدكتوراه,commercial,en,/services/
Academic support for PhD dissertation for private universities in Kuwait,الدكتوراه,commercial,en,/services/
I need an expert to review my PhD dissertation for private universities in Kuwait,الدكتوراه,commercial,en,/services/
I need proofreading for my PhD dissertation for private universities in Kuwait,الدكتوراه,commercial,en,/services/
How can I prepare research proposal in Kuwait?,خطة البحث والإطار النظري,question,en,/services/
Who can help me with research proposal in Kuwait?,خطة البحث والإطار النظري,question,en,/services/
I need help with research proposal in Kuwait.,خطة البحث والإطار النظري,commercial,en,/services/
Where can I find research proposal in Kuwait?,خطة البحث والإطار النظري,question,en,/services/
Best way to complete research proposal in Kuwait,خطة البحث والإطار النظري,commercial,en,/services/
Academic support for research proposal in Kuwait,خطة البحث والإطار النظري,commercial,en,/services/
I need an expert to review my research proposal in Kuwait,خطة البحث والإطار النظري,commercial,en,/services/
How long does research proposal take?,خطة البحث والإطار النظري,question,en,/services/
Can someone explain research proposal to me?,خطة البحث والإطار النظري,question,en,/services/
Affordable research proposal for students in Kuwait,خطة البحث والإطار النظري,commercial,en,/services/
Professional research proposal service in Kuwait,خطة البحث والإطار النظري,commercial,en,/services/
Help me finish my research proposal before submission,خطة البحث والإطار النظري,commercial,en,/services/
I need proofreading for my research proposal in Kuwait,خطة البحث والإطار النظري,commercial,en,/services/
How to format my research proposal in APA 7,خطة البحث والإطار النظري,commercial,en,/services/
Kuwait student needs help with research proposal,خطة البحث والإطار النظري,commercial,en,/services/
How can I prepare research proposal for Kuwait students?,خطة البحث والإطار النظري,question,en,/services/
Who can help me with research proposal for Kuwait students?,خطة البحث والإطار النظري,question,en,/services/
I need help with research proposal for Kuwait students.,خطة البحث والإطار النظري,commercial,en,/services/
Where can I find research proposal for Kuwait students?,خطة البحث والإطار النظري,question,en,/services/
Best way to complete research proposal for Kuwait students,خطة البحث والإطار النظري,commercial,en,/services/
Academic support for research proposal for Kuwait students,خطة البحث والإطار النظري,commercial,en,/services/
I need an expert to review my research proposal for Kuwait students,خطة البحث والإطار النظري,commercial,en,/services/
I need proofreading for my research proposal for Kuwait students,خطة البحث والإطار النظري,commercial,en,/services/
How can I prepare research proposal for a student at Kuwait University?,خطة البحث والإطار النظري,question,en,/services/
Who can help me with research proposal for a student at Kuwait University?,خطة البحث والإطار النظري,question,en,/services/
I need help with research proposal for a student at Kuwait University.,خطة البحث والإطار النظري,commercial,en,/services/
Where can I find research proposal for a student at Kuwait University?,خطة البحث والإطار النظري,question,en,/services/
Best way to complete research proposal for a student at Kuwait University,خطة البحث والإطار النظري,commercial,en,/services/
Academic support for research proposal for a student at Kuwait University,خطة البحث والإطار النظري,commercial,en,/services/
I need an expert to review my research proposal for a student at Kuwait University,خطة البحث والإطار النظري,commercial,en,/services/
I need proofreading for my research proposal for a student at Kuwait University,خطة البحث والإطار النظري,commercial,en,/services/
How can I prepare research proposal for postgraduate students in Kuwait?,خطة البحث والإطار النظري,question,en,/services/
Who can help me with research proposal for postgraduate students in Kuwait?,خطة البحث والإطار النظري,question,en,/services/
I need help with research proposal for postgraduate students in Kuwait.,خطة البحث والإطار النظري,commercial,en,/services/
Where can I find research proposal for postgraduate students in Kuwait?,خطة البحث والإطار النظري,question,en,/services/
Best way to complete research proposal for postgraduate students in Kuwait,خطة البحث والإطار النظري,commercial,en,/services/
Academic support for research proposal for postgraduate students in Kuwait,خطة البحث والإطار النظري,commercial,en,/services/
I need an expert to review my research proposal for postgraduate students in Kuwait,خطة البحث والإطار النظري,commercial,en,/services/
I need proofreading for my research proposal for postgraduate students in Kuwait,خطة البحث والإطار النظري,commercial,en,/services/
How can I prepare research proposal for researchers in Kuwait?,خطة البحث والإطار النظري,question,en,/services/
Who can help me with research proposal for researchers in Kuwait?,خطة البحث والإطار النظري,question,en,/services/
I need help with research proposal for researchers in Kuwait.,خطة البحث والإطار النظري,commercial,en,/services/
Where can I find research proposal for researchers in Kuwait?,خطة البحث والإطار النظري,question,en,/services/
Best way to complete research proposal for researchers in Kuwait,خطة البحث والإطار النظري,commercial,en,/services/
Academic support for research proposal for researchers in Kuwait,خطة البحث والإطار النظري,commercial,en,/services/
I need an expert to review my research proposal for researchers in Kuwait,خطة البحث والإطار النظري,commercial,en,/services/
I need proofreading for my research proposal for researchers in Kuwait,خطة البحث والإطار النظري,commercial,en,/services/
How can I prepare research proposal for private universities in Kuwait?,خطة البحث والإطار النظري,question,en,/services/
Who can help me with research proposal for private universities in Kuwait?,خطة البحث والإطار النظري,question,en,/services/
I need help with research proposal for private universities in Kuwait.,خطة البحث والإطار النظري,commercial,en,/services/
Where can I find research proposal for private universities in Kuwait?,خطة البحث والإطار النظري,question,en,/services/
Best way to complete research proposal for private universities in Kuwait,خطة البحث والإطار النظري,commercial,en,/services/
Academic support for research proposal for private universities in Kuwait,خطة البحث والإطار النظري,commercial,en,/services/
I need an expert to review my research proposal for private universities in Kuwait,خطة البحث والإطار النظري,commercial,en,/services/
I need proofreading for my research proposal for private universities in Kuwait,خطة البحث والإطار النظري,commercial,en,/services/
How can I prepare theoretical framework in Kuwait?,خطة البحث والإطار النظري,question,en,/services/
Who can help me with theoretical framework in Kuwait?,خطة البحث والإطار النظري,question,en,/services/
I need help with theoretical framework in Kuwait.,خطة البحث والإطار النظري,commercial,en,/services/
Where can I find theoretical framework in Kuwait?,خطة البحث والإطار النظري,question,en,/services/
Best way to complete theoretical framework in Kuwait,خطة البحث والإطار النظري,commercial,en,/services/
Academic support for theoretical framework in Kuwait,خطة البحث والإطار النظري,commercial,en,/services/
I need an expert to review my theoretical framework in Kuwait,خطة البحث والإطار النظري,commercial,en,/services/
How long does theoretical framework take?,خطة البحث والإطار النظري,question,en,/services/
Can someone explain theoretical framework to me?,خطة البحث والإطار النظري,question,en,/services/
Affordable theoretical framework for students in Kuwait,خطة البحث والإطار النظري,commercial,en,/services/
Professional theoretical framework service in Kuwait,خطة البحث والإطار النظري,commercial,en,/services/
Help me finish my theoretical framework before submission,خطة البحث والإطار النظري,commercial,en,/services/
I need proofreading for my theoretical framework in Kuwait,خطة البحث والإطار النظري,commercial,en,/services/
How to format my theoretical framework in APA 7,خطة البحث والإطار النظري,commercial,en,/services/
Kuwait student needs help with theoretical framework,خطة البحث والإطار النظري,commercial,en,/services/
How can I prepare theoretical framework for Kuwait students?,خطة البحث والإطار النظري,question,en,/services/
Who can help me with theoretical framework for Kuwait students?,خطة البحث والإطار النظري,question,en,/services/
I need help with theoretical framework for Kuwait students.,خطة البحث والإطار النظري,commercial,en,/services/
Where can I find theoretical framework for Kuwait students?,خطة البحث والإطار النظري,question,en,/services/
Best way to complete theoretical framework for Kuwait students,خطة البحث والإطار النظري,commercial,en,/services/
Academic support for theoretical framework for Kuwait students,خطة البحث والإطار النظري,commercial,en,/services/
I need an expert to review my theoretical framework for Kuwait students,خطة البحث والإطار النظري,commercial,en,/services/
I need proofreading for my theoretical framework for Kuwait students,خطة البحث والإطار النظري,commercial,en,/services/
How can I prepare theoretical framework for a student at Kuwait University?,خطة البحث والإطار النظري,question,en,/services/
Who can help me with theoretical framework for a student at Kuwait University?,خطة البحث والإطار النظري,question,en,/services/
I need help with theoretical framework for a student at Kuwait University.,خطة البحث والإطار النظري,commercial,en,/services/
Where can I find theoretical framework for a student at Kuwait University?,خطة البحث والإطار النظري,question,en,/services/
Best way to complete theoretical framework for a student at Kuwait University,خطة البحث والإطار النظري,commercial,en,/services/
Academic support for theoretical framework for a student at Kuwait University,خطة البحث والإطار النظري,commercial,en,/services/
I need an expert to review my theoretical framework for a student at Kuwait University,خطة البحث والإطار النظري,commercial,en,/services/
I need proofreading for my theoretical framework for a student at Kuwait University,خطة البحث والإطار النظري,commercial,en,/services/
How can I prepare theoretical framework for postgraduate students in Kuwait?,خطة البحث والإطار النظري,question,en,/services/
Who can help me with theoretical framework for postgraduate students in Kuwait?,خطة البحث والإطار النظري,question,en,/services/
I need help with theoretical framework for postgraduate students in Kuwait.,خطة البحث والإطار النظري,commercial,en,/services/
Where can I find theoretical framework for postgraduate students in Kuwait?,خطة البحث والإطار النظري,question,en,/services/
Best way to complete theoretical framework for postgraduate students in Kuwait,خطة البحث والإطار النظري,commercial,en,/services/
Academic support for theoretical framework for postgraduate students in Kuwait,خطة البحث والإطار النظري,commercial,en,/services/
I need an expert to review my theoretical framework for postgraduate students in Kuwait,خطة البحث والإطار النظري,commercial,en,/services/
I need proofreading for my theoretical framework for postgraduate students in Kuwait,خطة البحث والإطار النظري,commercial,en,/services/
How can I prepare theoretical framework for researchers in Kuwait?,خطة البحث والإطار النظري,question,en,/services/
Who can help me with theoretical framework for researchers in Kuwait?,خطة البحث والإطار النظري,question,en,/services/
I need help with theoretical framework for researchers in Kuwait.,خطة البحث والإطار النظري,commercial,en,/services/
Where can I find theoretical framework for researchers in Kuwait?,خطة البحث والإطار النظري,question,en,/services/
Best way to complete theoretical framework for researchers in Kuwait,خطة البحث والإطار النظري,commercial,en,/services/
Academic support for theoretical framework for researchers in Kuwait,خطة البحث والإطار النظري,commercial,en,/services/
I need an expert to review my theoretical framework for researchers in Kuwait,خطة البحث والإطار النظري,commercial,en,/services/
I need proofreading for my theoretical framework for researchers in Kuwait,خطة البحث والإطار النظري,commercial,en,/services/
How can I prepare theoretical framework for private universities in Kuwait?,خطة البحث والإطار النظري,question,en,/services/
Who can help me with theoretical framework for private universities in Kuwait?,خطة البحث والإطار النظري,question,en,/services/
I need help with theoretical framework for private universities in Kuwait.,خطة البحث والإطار النظري,commercial,en,/services/
Where can I find theoretical framework for private universities in Kuwait?,خطة البحث والإطار النظري,question,en,/services/
Best way to complete theoretical framework for private universities in Kuwait,خطة البحث والإطار النظري,commercial,en,/services/
Academic support for theoretical framework for private universities in Kuwait,خطة البحث والإطار النظري,commercial,en,/services/
I need an expert to review my theoretical framework for private universities in Kuwait,خطة البحث والإطار النظري,commercial,en,/services/
I need proofreading for my theoretical framework for private universities in Kuwait,خطة البحث والإطار النظري,commercial,en,/services/
How can I prepare literature review in Kuwait?,خطة البحث والإطار النظري,question,en,/services/
Who can help me with literature review in Kuwait?,خطة البحث والإطار النظري,question,en,/services/
I need help with literature review in Kuwait.,خطة البحث والإطار النظري,commercial,en,/services/
Where can I find literature review in Kuwait?,خطة البحث والإطار النظري,question,en,/services/
Best way to complete literature review in Kuwait,خطة البحث والإطار النظري,commercial,en,/services/
Academic support for literature review in Kuwait,خطة البحث والإطار النظري,commercial,en,/services/
I need an expert to review my literature review in Kuwait,خطة البحث والإطار النظري,commercial,en,/services/
How long does literature review take?,خطة البحث والإطار النظري,question,en,/services/
Can someone explain literature review to me?,خطة البحث والإطار النظري,question,en,/services/
Affordable literature review for students in Kuwait,خطة البحث والإطار النظري,commercial,en,/services/
Professional literature review service in Kuwait,خطة البحث والإطار النظري,commercial,en,/services/
Help me finish my literature review before submission,خطة البحث والإطار النظري,commercial,en,/services/
I need proofreading for my literature review in Kuwait,خطة البحث والإطار النظري,commercial,en,/services/
How to format my literature review in APA 7,خطة البحث والإطار النظري,commercial,en,/services/
Kuwait student needs help with literature review,خطة البحث والإطار النظري,commercial,en,/services/
How can I prepare literature review for Kuwait students?,خطة البحث والإطار النظري,question,en,/services/
Who can help me with literature review for Kuwait students?,خطة البحث والإطار النظري,question,en,/services/
I need help with literature review for Kuwait students.,خطة البحث والإطار النظري,commercial,en,/services/
Where can I find literature review for Kuwait students?,خطة البحث والإطار النظري,question,en,/services/
Best way to complete literature review for Kuwait students,خطة البحث والإطار النظري,commercial,en,/services/
Academic support for literature review for Kuwait students,خطة البحث والإطار النظري,commercial,en,/services/
I need an expert to review my literature review for Kuwait students,خطة البحث والإطار النظري,commercial,en,/services/
I need proofreading for my literature review for Kuwait students,خطة البحث والإطار النظري,commercial,en,/services/
How can I prepare literature review for a student at Kuwait University?,خطة البحث والإطار النظري,question,en,/services/
Who can help me with literature review for a student at Kuwait University?,خطة البحث والإطار النظري,question,en,/services/
I need help with literature review for a student at Kuwait University.,خطة البحث والإطار النظري,commercial,en,/services/
Where can I find literature review for a student at Kuwait University?,خطة البحث والإطار النظري,question,en,/services/
Best way to complete literature review for a student at Kuwait University,خطة البحث والإطار النظري,commercial,en,/services/
Academic support for literature review for a student at Kuwait University,خطة البحث والإطار النظري,commercial,en,/services/
I need an expert to review my literature review for a student at Kuwait University,خطة البحث والإطار النظري,commercial,en,/services/
I need proofreading for my literature review for a student at Kuwait University,خطة البحث والإطار النظري,commercial,en,/services/
How can I prepare literature review for postgraduate students in Kuwait?,خطة البحث والإطار النظري,question,en,/services/
Who can help me with literature review for postgraduate students in Kuwait?,خطة البحث والإطار النظري,question,en,/services/
I need help with literature review for postgraduate students in Kuwait.,خطة البحث والإطار النظري,commercial,en,/services/
Where can I find literature review for postgraduate students in Kuwait?,خطة البحث والإطار النظري,question,en,/services/
Best way to complete literature review for postgraduate students in Kuwait,خطة البحث والإطار النظري,commercial,en,/services/
Academic support for literature review for postgraduate students in Kuwait,خطة البحث والإطار النظري,commercial,en,/services/
I need an expert to review my literature review for postgraduate students in Kuwait,خطة البحث والإطار النظري,commercial,en,/services/
I need proofreading for my literature review for postgraduate students in Kuwait,خطة البحث والإطار النظري,commercial,en,/services/
How can I prepare literature review for researchers in Kuwait?,خطة البحث والإطار النظري,question,en,/services/
Who can help me with literature review for researchers in Kuwait?,خطة البحث والإطار النظري,question,en,/services/
I need help with literature review for researchers in Kuwait.,خطة البحث والإطار النظري,commercial,en,/services/
Where can I find literature review for researchers in Kuwait?,خطة البحث والإطار النظري,question,en,/services/
Best way to complete literature review for researchers in Kuwait,خطة البحث والإطار النظري,commercial,en,/services/
Academic support for literature review for researchers in Kuwait,خطة البحث والإطار النظري,commercial,en,/services/
I need an expert to review my literature review for researchers in Kuwait,خطة البحث والإطار النظري,commercial,en,/services/
I need proofreading for my literature review for researchers in Kuwait,خطة البحث والإطار النظري,commercial,en,/services/
How can I prepare literature review for private universities in Kuwait?,خطة البحث والإطار النظري,question,en,/services/
Who can help me with literature review for private universities in Kuwait?,خطة البحث والإطار النظري,question,en,/services/
I need help with literature review for private universities in Kuwait.,خطة البحث والإطار النظري,commercial,en,/services/
Where can I find literature review for private universities in Kuwait?,خطة البحث والإطار النظري,question,en,/services/
Best way to complete literature review for private universities in Kuwait,خطة البحث والإطار النظري,commercial,en,/services/
Academic support for literature review for private universities in Kuwait,خطة البحث والإطار النظري,commercial,en,/services/
I need an expert to review my literature review for private universities in Kuwait,خطة البحث والإطار النظري,commercial,en,/services/
I need proofreading for my literature review for private universities in Kuwait,خطة البحث والإطار النظري,commercial,en,/services/
How can I prepare SPSS data analysis in Kuwait?,التحليل الإحصائي,question,en,/services/
Who can help me with SPSS data analysis in Kuwait?,التحليل الإحصائي,question,en,/services/
I need help with SPSS data analysis in Kuwait.,التحليل الإحصائي,commercial,en,/services/
Where can I find SPSS data analysis in Kuwait?,التحليل الإحصائي,question,en,/services/
Best way to complete SPSS data analysis in Kuwait,التحليل الإحصائي,commercial,en,/services/
Academic support for SPSS data analysis in Kuwait,التحليل الإحصائي,commercial,en,/services/
I need an expert to review my SPSS data analysis in Kuwait,التحليل الإحصائي,commercial,en,/services/
How long does SPSS data analysis take?,التحليل الإحصائي,question,en,/services/
Can someone explain SPSS data analysis to me?,التحليل الإحصائي,question,en,/services/
Affordable SPSS data analysis for students in Kuwait,التحليل الإحصائي,commercial,en,/services/
Professional SPSS data analysis service in Kuwait,التحليل الإحصائي,commercial,en,/services/
Help me finish my SPSS data analysis before submission,التحليل الإحصائي,commercial,en,/services/
I need proofreading for my SPSS data analysis in Kuwait,التحليل الإحصائي,commercial,en,/services/
How to format my SPSS data analysis in APA 7,التحليل الإحصائي,commercial,en,/services/
Kuwait student needs help with SPSS data analysis,التحليل الإحصائي,commercial,en,/services/
How can I prepare SPSS data analysis for Kuwait students?,التحليل الإحصائي,question,en,/services/
Who can help me with SPSS data analysis for Kuwait students?,التحليل الإحصائي,question,en,/services/
I need help with SPSS data analysis for Kuwait students.,التحليل الإحصائي,commercial,en,/services/
Where can I find SPSS data analysis for Kuwait students?,التحليل الإحصائي,question,en,/services/
Best way to complete SPSS data analysis for Kuwait students,التحليل الإحصائي,commercial,en,/services/
Academic support for SPSS data analysis for Kuwait students,التحليل الإحصائي,commercial,en,/services/
I need an expert to review my SPSS data analysis for Kuwait students,التحليل الإحصائي,commercial,en,/services/
I need proofreading for my SPSS data analysis for Kuwait students,التحليل الإحصائي,commercial,en,/services/
How can I prepare SPSS data analysis for a student at Kuwait University?,التحليل الإحصائي,question,en,/services/
Who can help me with SPSS data analysis for a student at Kuwait University?,التحليل الإحصائي,question,en,/services/
I need help with SPSS data analysis for a student at Kuwait University.,التحليل الإحصائي,commercial,en,/services/
Where can I find SPSS data analysis for a student at Kuwait University?,التحليل الإحصائي,question,en,/services/
Best way to complete SPSS data analysis for a student at Kuwait University,التحليل الإحصائي,commercial,en,/services/
Academic support for SPSS data analysis for a student at Kuwait University,التحليل الإحصائي,commercial,en,/services/
I need an expert to review my SPSS data analysis for a student at Kuwait University,التحليل الإحصائي,commercial,en,/services/
I need proofreading for my SPSS data analysis for a student at Kuwait University,التحليل الإحصائي,commercial,en,/services/
How can I prepare SPSS data analysis for postgraduate students in Kuwait?,التحليل الإحصائي,question,en,/services/
Who can help me with SPSS data analysis for postgraduate students in Kuwait?,التحليل الإحصائي,question,en,/services/
I need help with SPSS data analysis for postgraduate students in Kuwait.,التحليل الإحصائي,commercial,en,/services/
Where can I find SPSS data analysis for postgraduate students in Kuwait?,التحليل الإحصائي,question,en,/services/
Best way to complete SPSS data analysis for postgraduate students in Kuwait,التحليل الإحصائي,commercial,en,/services/
Academic support for SPSS data analysis for postgraduate students in Kuwait,التحليل الإحصائي,commercial,en,/services/
I need an expert to review my SPSS data analysis for postgraduate students in Kuwait,التحليل الإحصائي,commercial,en,/services/
I need proofreading for my SPSS data analysis for postgraduate students in Kuwait,التحليل الإحصائي,commercial,en,/services/
How can I prepare SPSS data analysis for researchers in Kuwait?,التحليل الإحصائي,question,en,/services/
Who can help me with SPSS data analysis for researchers in Kuwait?,التحليل الإحصائي,question,en,/services/
I need help with SPSS data analysis for researchers in Kuwait.,التحليل الإحصائي,commercial,en,/services/
Where can I find SPSS data analysis for researchers in Kuwait?,التحليل الإحصائي,question,en,/services/
Best way to complete SPSS data analysis for researchers in Kuwait,التحليل الإحصائي,commercial,en,/services/
Academic support for SPSS data analysis for researchers in Kuwait,التحليل الإحصائي,commercial,en,/services/
I need an expert to review my SPSS data analysis for researchers in Kuwait,التحليل الإحصائي,commercial,en,/services/
I need proofreading for my SPSS data analysis for researchers in Kuwait,التحليل الإحصائي,commercial,en,/services/
How can I prepare SPSS data analysis for private universities in Kuwait?,التحليل الإحصائي,question,en,/services/
Who can help me with SPSS data analysis for private universities in Kuwait?,التحليل الإحصائي,question,en,/services/
I need help with SPSS data analysis for private universities in Kuwait.,التحليل الإحصائي,commercial,en,/services/
Where can I find SPSS data analysis for private universities in Kuwait?,التحليل الإحصائي,question,en,/services/
Best way to complete SPSS data analysis for private universities in Kuwait,التحليل الإحصائي,commercial,en,/services/
Academic support for SPSS data analysis for private universities in Kuwait,التحليل الإحصائي,commercial,en,/services/
I need an expert to review my SPSS data analysis for private universities in Kuwait,التحليل الإحصائي,commercial,en,/services/
I need proofreading for my SPSS data analysis for private universities in Kuwait,التحليل الإحصائي,commercial,en,/services/
How can I prepare survey data analysis in Kuwait?,الاستبيانات,question,en,/services/
Who can help me with survey data analysis in Kuwait?,الاستبيانات,question,en,/services/
I need help with survey data analysis in Kuwait.,الاستبيانات,commercial,en,/services/
Where can I find survey data analysis in Kuwait?,الاستبيانات,question,en,/services/
Best way to complete survey data analysis in Kuwait,الاستبيانات,commercial,en,/services/
Academic support for survey data analysis in Kuwait,الاستبيانات,commercial,en,/services/
I need an expert to review my survey data analysis in Kuwait,الاستبيانات,commercial,en,/services/
How long does survey data analysis take?,الاستبيانات,question,en,/services/
Can someone explain survey data analysis to me?,الاستبيانات,question,en,/services/
Affordable survey data analysis for students in Kuwait,الاستبيانات,commercial,en,/services/
Professional survey data analysis service in Kuwait,الاستبيانات,commercial,en,/services/
Help me finish my survey data analysis before submission,الاستبيانات,commercial,en,/services/
I need proofreading for my survey data analysis in Kuwait,الاستبيانات,commercial,en,/services/
How to format my survey data analysis in APA 7,الاستبيانات,commercial,en,/services/
Kuwait student needs help with survey data analysis,الاستبيانات,commercial,en,/services/
How can I prepare survey data analysis for Kuwait students?,الاستبيانات,question,en,/services/
Who can help me with survey data analysis for Kuwait students?,الاستبيانات,question,en,/services/
I need help with survey data analysis for Kuwait students.,الاستبيانات,commercial,en,/services/
Where can I find survey data analysis for Kuwait students?,الاستبيانات,question,en,/services/
Best way to complete survey data analysis for Kuwait students,الاستبيانات,commercial,en,/services/
Academic support for survey data analysis for Kuwait students,الاستبيانات,commercial,en,/services/
I need an expert to review my survey data analysis for Kuwait students,الاستبيانات,commercial,en,/services/
I need proofreading for my survey data analysis for Kuwait students,الاستبيانات,commercial,en,/services/
How can I prepare survey data analysis for a student at Kuwait University?,الاستبيانات,question,en,/services/
Who can help me with survey data analysis for a student at Kuwait University?,الاستبيانات,question,en,/services/
I need help with survey data analysis for a student at Kuwait University.,الاستبيانات,commercial,en,/services/
Where can I find survey data analysis for a student at Kuwait University?,الاستبيانات,question,en,/services/
Best way to complete survey data analysis for a student at Kuwait University,الاستبيانات,commercial,en,/services/
Academic support for survey data analysis for a student at Kuwait University,الاستبيانات,commercial,en,/services/
I need an expert to review my survey data analysis for a student at Kuwait University,الاستبيانات,commercial,en,/services/
I need proofreading for my survey data analysis for a student at Kuwait University,الاستبيانات,commercial,en,/services/
How can I prepare survey data analysis for postgraduate students in Kuwait?,الاستبيانات,question,en,/services/
Who can help me with survey data analysis for postgraduate students in Kuwait?,الاستبيانات,question,en,/services/
I need help with survey data analysis for postgraduate students in Kuwait.,الاستبيانات,commercial,en,/services/
Where can I find survey data analysis for postgraduate students in Kuwait?,الاستبيانات,question,en,/services/
Best way to complete survey data analysis for postgraduate students in Kuwait,الاستبيانات,commercial,en,/services/
Academic support for survey data analysis for postgraduate students in Kuwait,الاستبيانات,commercial,en,/services/
I need an expert to review my survey data analysis for postgraduate students in Kuwait,الاستبيانات,commercial,en,/services/
I need proofreading for my survey data analysis for postgraduate students in Kuwait,الاستبيانات,commercial,en,/services/
How can I prepare survey data analysis for researchers in Kuwait?,الاستبيانات,question,en,/services/
Who can help me with survey data analysis for researchers in Kuwait?,الاستبيانات,question,en,/services/
I need help with survey data analysis for researchers in Kuwait.,الاستبيانات,commercial,en,/services/
Where can I find survey data analysis for researchers in Kuwait?,الاستبيانات,question,en,/services/
Best way to complete survey data analysis for researchers in Kuwait,الاستبيانات,commercial,en,/services/
Academic support for survey data analysis for researchers in Kuwait,الاستبيانات,commercial,en,/services/
I need an expert to review my survey data analysis for researchers in Kuwait,الاستبيانات,commercial,en,/services/
I need proofreading for my survey data analysis for researchers in Kuwait,الاستبيانات,commercial,en,/services/
How can I prepare survey data analysis for private universities in Kuwait?,الاستبيانات,question,en,/services/
Who can help me with survey data analysis for private universities in Kuwait?,الاستبيانات,question,en,/services/
I need help with survey data analysis for private universities in Kuwait.,الاستبيانات,commercial,en,/services/
Where can I find survey data analysis for private universities in Kuwait?,الاستبيانات,question,en,/services/
Best way to complete survey data analysis for private universities in Kuwait,الاستبيانات,commercial,en,/services/
Academic support for survey data analysis for private universities in Kuwait,الاستبيانات,commercial,en,/services/
I need an expert to review my survey data analysis for private universities in Kuwait,الاستبيانات,commercial,en,/services/
I need proofreading for my survey data analysis for private universities in Kuwait,الاستبيانات,commercial,en,/services/
How can I prepare research questionnaire design in Kuwait?,الاستبيانات,question,en,/services/
Who can help me with research questionnaire design in Kuwait?,الاستبيانات,question,en,/services/
I need help with research questionnaire design in Kuwait.,الاستبيانات,commercial,en,/services/
Where can I find research questionnaire design in Kuwait?,الاستبيانات,question,en,/services/
Best way to complete research questionnaire design in Kuwait,الاستبيانات,commercial,en,/services/
Academic support for research questionnaire design in Kuwait,الاستبيانات,commercial,en,/services/
I need an expert to review my research questionnaire design in Kuwait,الاستبيانات,commercial,en,/services/
How long does research questionnaire design take?,الاستبيانات,question,en,/services/
Can someone explain research questionnaire design to me?,الاستبيانات,question,en,/services/
Affordable research questionnaire design for students in Kuwait,الاستبيانات,commercial,en,/services/
Professional research questionnaire design service in Kuwait,الاستبيانات,commercial,en,/services/
Help me finish my research questionnaire design before submission,الاستبيانات,commercial,en,/services/
I need proofreading for my research questionnaire design in Kuwait,الاستبيانات,commercial,en,/services/
How to format my research questionnaire design in APA 7,الاستبيانات,commercial,en,/services/
Kuwait student needs help with research questionnaire design,الاستبيانات,commercial,en,/services/
How can I prepare research questionnaire design for Kuwait students?,الاستبيانات,question,en,/services/
Who can help me with research questionnaire design for Kuwait students?,الاستبيانات,question,en,/services/
I need help with research questionnaire design for Kuwait students.,الاستبيانات,commercial,en,/services/
Where can I find research questionnaire design for Kuwait students?,الاستبيانات,question,en,/services/
Best way to complete research questionnaire design for Kuwait students,الاستبيانات,commercial,en,/services/
Academic support for research questionnaire design for Kuwait students,الاستبيانات,commercial,en,/services/
I need an expert to review my research questionnaire design for Kuwait students,الاستبيانات,commercial,en,/services/
I need proofreading for my research questionnaire design for Kuwait students,الاستبيانات,commercial,en,/services/
How can I prepare research questionnaire design for a student at Kuwait University?,الاستبيانات,question,en,/services/
Who can help me with research questionnaire design for a student at Kuwait University?,الاستبيانات,question,en,/services/
I need help with research questionnaire design for a student at Kuwait University.,الاستبيانات,commercial,en,/services/
Where can I find research questionnaire design for a student at Kuwait University?,الاستبيانات,question,en,/services/
Best way to complete research questionnaire design for a student at Kuwait University,الاستبيانات,commercial,en,/services/
Academic support for research questionnaire design for a student at Kuwait University,الاستبيانات,commercial,en,/services/
I need an expert to review my research questionnaire design for a student at Kuwait University,الاستبيانات,commercial,en,/services/
I need proofreading for my research questionnaire design for a student at Kuwait University,الاستبيانات,commercial,en,/services/
How can I prepare research questionnaire design for postgraduate students in Kuwait?,الاستبيانات,question,en,/services/
Who can help me with research questionnaire design for postgraduate students in Kuwait?,الاستبيانات,question,en,/services/
I need help with research questionnaire design for postgraduate students in Kuwait.,الاستبيانات,commercial,en,/services/
Where can I find research questionnaire design for postgraduate students in Kuwait?,الاستبيانات,question,en,/services/
Best way to complete research questionnaire design for postgraduate students in Kuwait,الاستبيانات,commercial,en,/services/
Academic support for research questionnaire design for postgraduate students in Kuwait,الاستبيانات,commercial,en,/services/
I need an expert to review my research questionnaire design for postgraduate students in Kuwait,الاستبيانات,commercial,en,/services/
I need proofreading for my research questionnaire design for postgraduate students in Kuwait,الاستبيانات,commercial,en,/services/
How can I prepare research questionnaire design for researchers in Kuwait?,الاستبيانات,question,en,/services/
Who can help me with research questionnaire design for researchers in Kuwait?,الاستبيانات,question,en,/services/
I need help with research questionnaire design for researchers in Kuwait.,الاستبيانات,commercial,en,/services/
Where can I find research questionnaire design for researchers in Kuwait?,الاستبيانات,question,en,/services/
Best way to complete research questionnaire design for researchers in Kuwait,الاستبيانات,commercial,en,/services/
Academic support for research questionnaire design for researchers in Kuwait,الاستبيانات,commercial,en,/services/
I need an expert to review my research questionnaire design for researchers in Kuwait,الاستبيانات,commercial,en,/services/
I need proofreading for my research questionnaire design for researchers in Kuwait,الاستبيانات,commercial,en,/services/
How can I prepare research questionnaire design for private universities in Kuwait?,الاستبيانات,question,en,/services/
Who can help me with research questionnaire design for private universities in Kuwait?,الاستبيانات,question,en,/services/
I need help with research questionnaire design for private universities in Kuwait.,الاستبيانات,commercial,en,/services/
Where can I find research questionnaire design for private universities in Kuwait?,الاستبيانات,question,en,/services/
Best way to complete research questionnaire design for private universities in Kuwait,الاستبيانات,commercial,en,/services/
Academic support for research questionnaire design for private universities in Kuwait,الاستبيانات,commercial,en,/services/
I need an expert to review my research questionnaire design for private universities in Kuwait,الاستبيانات,commercial,en,/services/
I need proofreading for my research questionnaire design for private universities in Kuwait,الاستبيانات,commercial,en,/services/
How can I prepare academic proofreading in Kuwait?,التدقيق والتنسيق,question,en,/services/
Who can help me with academic proofreading in Kuwait?,التدقيق والتنسيق,question,en,/services/
I need help with academic proofreading in Kuwait.,التدقيق والتنسيق,commercial,en,/services/
Where can I find academic proofreading in Kuwait?,التدقيق والتنسيق,question,en,/services/
Best way to complete academic proofreading in Kuwait,التدقيق والتنسيق,commercial,en,/services/
Academic support for academic proofreading in Kuwait,التدقيق والتنسيق,commercial,en,/services/
I need an expert to review my academic proofreading in Kuwait,التدقيق والتنسيق,commercial,en,/services/
How long does academic proofreading take?,التدقيق والتنسيق,question,en,/services/
Can someone explain academic proofreading to me?,التدقيق والتنسيق,question,en,/services/
Affordable academic proofreading for students in Kuwait,التدقيق والتنسيق,commercial,en,/services/
Professional academic proofreading service in Kuwait,التدقيق والتنسيق,commercial,en,/services/
Help me finish my academic proofreading before submission,التدقيق والتنسيق,commercial,en,/services/
I need proofreading for my academic proofreading in Kuwait,التدقيق والتنسيق,commercial,en,/services/
How to format my academic proofreading in APA 7,التدقيق والتنسيق,commercial,en,/services/
Kuwait student needs help with academic proofreading,التدقيق والتنسيق,commercial,en,/services/
How can I prepare academic proofreading for Kuwait students?,التدقيق والتنسيق,question,en,/services/
Who can help me with academic proofreading for Kuwait students?,التدقيق والتنسيق,question,en,/services/
I need help with academic proofreading for Kuwait students.,التدقيق والتنسيق,commercial,en,/services/
Where can I find academic proofreading for Kuwait students?,التدقيق والتنسيق,question,en,/services/
Best way to complete academic proofreading for Kuwait students,التدقيق والتنسيق,commercial,en,/services/
Academic support for academic proofreading for Kuwait students,التدقيق والتنسيق,commercial,en,/services/
I need an expert to review my academic proofreading for Kuwait students,التدقيق والتنسيق,commercial,en,/services/
I need proofreading for my academic proofreading for Kuwait students,التدقيق والتنسيق,commercial,en,/services/
How can I prepare academic proofreading for a student at Kuwait University?,التدقيق والتنسيق,question,en,/services/
Who can help me with academic proofreading for a student at Kuwait University?,التدقيق والتنسيق,question,en,/services/
I need help with academic proofreading for a student at Kuwait University.,التدقيق والتنسيق,commercial,en,/services/
Where can I find academic proofreading for a student at Kuwait University?,التدقيق والتنسيق,question,en,/services/
Best way to complete academic proofreading for a student at Kuwait University,التدقيق والتنسيق,commercial,en,/services/
Academic support for academic proofreading for a student at Kuwait University,التدقيق والتنسيق,commercial,en,/services/
I need an expert to review my academic proofreading for a student at Kuwait University,التدقيق والتنسيق,commercial,en,/services/
I need proofreading for my academic proofreading for a student at Kuwait University,التدقيق والتنسيق,commercial,en,/services/
How can I prepare academic proofreading for postgraduate students in Kuwait?,التدقيق والتنسيق,question,en,/services/
Who can help me with academic proofreading for postgraduate students in Kuwait?,التدقيق والتنسيق,question,en,/services/
I need help with academic proofreading for postgraduate students in Kuwait.,التدقيق والتنسيق,commercial,en,/services/
Where can I find academic proofreading for postgraduate students in Kuwait?,التدقيق والتنسيق,question,en,/services/
Best way to complete academic proofreading for postgraduate students in Kuwait,التدقيق والتنسيق,commercial,en,/services/
Academic support for academic proofreading for postgraduate students in Kuwait,التدقيق والتنسيق,commercial,en,/services/
I need an expert to review my academic proofreading for postgraduate students in Kuwait,التدقيق والتنسيق,commercial,en,/services/
I need proofreading for my academic proofreading for postgraduate students in Kuwait,التدقيق والتنسيق,commercial,en,/services/
How can I prepare academic proofreading for researchers in Kuwait?,التدقيق والتنسيق,question,en,/services/
Who can help me with academic proofreading for researchers in Kuwait?,التدقيق والتنسيق,question,en,/services/
I need help with academic proofreading for researchers in Kuwait.,التدقيق والتنسيق,commercial,en,/services/
Where can I find academic proofreading for researchers in Kuwait?,التدقيق والتنسيق,question,en,/services/
Best way to complete academic proofreading for researchers in Kuwait,التدقيق والتنسيق,commercial,en,/services/
Academic support for academic proofreading for researchers in Kuwait,التدقيق والتنسيق,commercial,en,/services/
I need an expert to review my academic proofreading for researchers in Kuwait,التدقيق والتنسيق,commercial,en,/services/
I need proofreading for my academic proofreading for researchers in Kuwait,التدقيق والتنسيق,commercial,en,/services/
How can I prepare academic proofreading for private universities in Kuwait?,التدقيق والتنسيق,question,en,/services/
Who can help me with academic proofreading for private universities in Kuwait?,التدقيق والتنسيق,question,en,/services/
I need help with academic proofreading for private universities in Kuwait.,التدقيق والتنسيق,commercial,en,/services/
Where can I find academic proofreading for private universities in Kuwait?,التدقيق والتنسيق,question,en,/services/
Best way to complete academic proofreading for private universities in Kuwait,التدقيق والتنسيق,commercial,en,/services/
Academic support for academic proofreading for private universities in Kuwait,التدقيق والتنسيق,commercial,en,/services/
I need an expert to review my academic proofreading for private universities in Kuwait,التدقيق والتنسيق,commercial,en,/services/
I need proofreading for my academic proofreading for private universities in Kuwait,التدقيق والتنسيق,commercial,en,/services/
How can I prepare APA formatting in Kuwait?,التدقيق والتنسيق,question,en,/services/
Who can help me with APA formatting in Kuwait?,التدقيق والتنسيق,question,en,/services/
I need help with APA formatting in Kuwait.,التدقيق والتنسيق,commercial,en,/services/
Where can I find APA formatting in Kuwait?,التدقيق والتنسيق,question,en,/services/
Best way to complete APA formatting in Kuwait,التدقيق والتنسيق,commercial,en,/services/
Academic support for APA formatting in Kuwait,التدقيق والتنسيق,commercial,en,/services/
I need an expert to review my APA formatting in Kuwait,التدقيق والتنسيق,commercial,en,/services/
How long does APA formatting take?,التدقيق والتنسيق,question,en,/services/
Can someone explain APA formatting to me?,التدقيق والتنسيق,question,en,/services/
Affordable APA formatting for students in Kuwait,التدقيق والتنسيق,commercial,en,/services/
Professional APA formatting service in Kuwait,التدقيق والتنسيق,commercial,en,/services/
Help me finish my APA formatting before submission,التدقيق والتنسيق,commercial,en,/services/
I need proofreading for my APA formatting in Kuwait,التدقيق والتنسيق,commercial,en,/services/
How to format my APA formatting in APA 7,التدقيق والتنسيق,commercial,en,/services/
Kuwait student needs help with APA formatting,التدقيق والتنسيق,commercial,en,/services/
How can I prepare APA formatting for Kuwait students?,التدقيق والتنسيق,question,en,/services/
Who can help me with APA formatting for Kuwait students?,التدقيق والتنسيق,question,en,/services/
I need help with APA formatting for Kuwait students.,التدقيق والتنسيق,commercial,en,/services/
Where can I find APA formatting for Kuwait students?,التدقيق والتنسيق,question,en,/services/
Best way to complete APA formatting for Kuwait students,التدقيق والتنسيق,commercial,en,/services/
Academic support for APA formatting for Kuwait students,التدقيق والتنسيق,commercial,en,/services/
I need an expert to review my APA formatting for Kuwait students,التدقيق والتنسيق,commercial,en,/services/
I need proofreading for my APA formatting for Kuwait students,التدقيق والتنسيق,commercial,en,/services/
How can I prepare APA formatting for a student at Kuwait University?,التدقيق والتنسيق,question,en,/services/
Who can help me with APA formatting for a student at Kuwait University?,التدقيق والتنسيق,question,en,/services/
I need help with APA formatting for a student at Kuwait University.,التدقيق والتنسيق,commercial,en,/services/
Where can I find APA formatting for a student at Kuwait University?,التدقيق والتنسيق,question,en,/services/
Best way to complete APA formatting for a student at Kuwait University,التدقيق والتنسيق,commercial,en,/services/
Academic support for APA formatting for a student at Kuwait University,التدقيق والتنسيق,commercial,en,/services/
I need an expert to review my APA formatting for a student at Kuwait University,التدقيق والتنسيق,commercial,en,/services/
I need proofreading for my APA formatting for a student at Kuwait University,التدقيق والتنسيق,commercial,en,/services/
How can I prepare APA formatting for postgraduate students in Kuwait?,التدقيق والتنسيق,question,en,/services/
Who can help me with APA formatting for postgraduate students in Kuwait?,التدقيق والتنسيق,question,en,/services/
I need help with APA formatting for postgraduate students in Kuwait.,التدقيق والتنسيق,commercial,en,/services/
Where can I find APA formatting for postgraduate students in Kuwait?,التدقيق والتنسيق,question,en,/services/
Best way to complete APA formatting for postgraduate students in Kuwait,التدقيق والتنسيق,commercial,en,/services/
Academic support for APA formatting for postgraduate students in Kuwait,التدقيق والتنسيق,commercial,en,/services/
I need an expert to review my APA formatting for postgraduate students in Kuwait,التدقيق والتنسيق,commercial,en,/services/
I need proofreading for my APA formatting for postgraduate students in Kuwait,التدقيق والتنسيق,commercial,en,/services/
How can I prepare APA formatting for researchers in Kuwait?,التدقيق والتنسيق,question,en,/services/
Who can help me with APA formatting for researchers in Kuwait?,التدقيق والتنسيق,question,en,/services/
I need help with APA formatting for researchers in Kuwait.,التدقيق والتنسيق,commercial,en,/services/
Where can I find APA formatting for researchers in Kuwait?,التدقيق والتنسيق,question,en,/services/
Best way to complete APA formatting for researchers in Kuwait,التدقيق والتنسيق,commercial,en,/services/
Academic support for APA formatting for researchers in Kuwait,التدقيق والتنسيق,commercial,en,/services/
I need an expert to review my APA formatting for researchers in Kuwait,التدقيق والتنسيق,commercial,en,/services/
I need proofreading for my APA formatting for researchers in Kuwait,التدقيق والتنسيق,commercial,en,/services/
How can I prepare APA formatting for private universities in Kuwait?,التدقيق والتنسيق,question,en,/services/
Who can help me with APA formatting for private universities in Kuwait?,التدقيق والتنسيق,question,en,/services/
I need help with APA formatting for private universities in Kuwait.,التدقيق والتنسيق,commercial,en,/services/
Where can I find APA formatting for private universities in Kuwait?,التدقيق والتنسيق,question,en,/services/
Best way to complete APA formatting for private universities in Kuwait,التدقيق والتنسيق,commercial,en,/services/
Academic support for APA formatting for private universities in Kuwait,التدقيق والتنسيق,commercial,en,/services/
I need an expert to review my APA formatting for private universities in Kuwait,التدقيق والتنسيق,commercial,en,/services/
I need proofreading for my APA formatting for private universities in Kuwait,التدقيق والتنسيق,commercial,en,/services/
How can I prepare academic PowerPoint presentation in Kuwait?,العروض التقديمية,question,en,/services/
Who can help me with academic PowerPoint presentation in Kuwait?,العروض التقديمية,question,en,/services/
I need help with academic PowerPoint presentation in Kuwait.,العروض التقديمية,commercial,en,/services/
Where can I find academic PowerPoint presentation in Kuwait?,العروض التقديمية,question,en,/services/
Best way to complete academic PowerPoint presentation in Kuwait,العروض التقديمية,commercial,en,/services/
Academic support for academic PowerPoint presentation in Kuwait,العروض التقديمية,commercial,en,/services/
I need an expert to review my academic PowerPoint presentation in Kuwait,العروض التقديمية,commercial,en,/services/
How long does academic PowerPoint presentation take?,العروض التقديمية,question,en,/services/
Can someone explain academic PowerPoint presentation to me?,العروض التقديمية,question,en,/services/
Affordable academic PowerPoint presentation for students in Kuwait,العروض التقديمية,commercial,en,/services/
Professional academic PowerPoint presentation service in Kuwait,العروض التقديمية,commercial,en,/services/
Help me finish my academic PowerPoint presentation before submission,العروض التقديمية,commercial,en,/services/
I need proofreading for my academic PowerPoint presentation in Kuwait,العروض التقديمية,commercial,en,/services/
How to format my academic PowerPoint presentation in APA 7,العروض التقديمية,commercial,en,/services/
Kuwait student needs help with academic PowerPoint presentation,العروض التقديمية,commercial,en,/services/
How can I prepare academic PowerPoint presentation for Kuwait students?,العروض التقديمية,question,en,/services/
Who can help me with academic PowerPoint presentation for Kuwait students?,العروض التقديمية,question,en,/services/
I need help with academic PowerPoint presentation for Kuwait students.,العروض التقديمية,commercial,en,/services/
Where can I find academic PowerPoint presentation for Kuwait students?,العروض التقديمية,question,en,/services/
Best way to complete academic PowerPoint presentation for Kuwait students,العروض التقديمية,commercial,en,/services/
Academic support for academic PowerPoint presentation for Kuwait students,العروض التقديمية,commercial,en,/services/
I need an expert to review my academic PowerPoint presentation for Kuwait students,العروض التقديمية,commercial,en,/services/
I need proofreading for my academic PowerPoint presentation for Kuwait students,العروض التقديمية,commercial,en,/services/
How can I prepare academic PowerPoint presentation for a student at Kuwait University?,العروض التقديمية,question,en,/services/
Who can help me with academic PowerPoint presentation for a student at Kuwait University?,العروض التقديمية,question,en,/services/
I need help with academic PowerPoint presentation for a student at Kuwait University.,العروض التقديمية,commercial,en,/services/
Where can I find academic PowerPoint presentation for a student at Kuwait University?,العروض التقديمية,question,en,/services/
Best way to complete academic PowerPoint presentation for a student at Kuwait University,العروض التقديمية,commercial,en,/services/
Academic support for academic PowerPoint presentation for a student at Kuwait University,العروض التقديمية,commercial,en,/services/
I need an expert to review my academic PowerPoint presentation for a student at Kuwait University,العروض التقديمية,commercial,en,/services/
I need proofreading for my academic PowerPoint presentation for a student at Kuwait University,العروض التقديمية,commercial,en,/services/
How can I prepare academic PowerPoint presentation for postgraduate students in Kuwait?,العروض التقديمية,question,en,/services/
Who can help me with academic PowerPoint presentation for postgraduate students in Kuwait?,العروض التقديمية,question,en,/services/
I need help with academic PowerPoint presentation for postgraduate students in Kuwait.,العروض التقديمية,commercial,en,/services/
Where can I find academic PowerPoint presentation for postgraduate students in Kuwait?,العروض التقديمية,question,en,/services/
Best way to complete academic PowerPoint presentation for postgraduate students in Kuwait,العروض التقديمية,commercial,en,/services/
Academic support for academic PowerPoint presentation for postgraduate students in Kuwait,العروض التقديمية,commercial,en,/services/
I need an expert to review my academic PowerPoint presentation for postgraduate students in Kuwait,العروض التقديمية,commercial,en,/services/
I need proofreading for my academic PowerPoint presentation for postgraduate students in Kuwait,العروض التقديمية,commercial,en,/services/
How can I prepare academic PowerPoint presentation for researchers in Kuwait?,العروض التقديمية,question,en,/services/
Who can help me with academic PowerPoint presentation for researchers in Kuwait?,العروض التقديمية,question,en,/services/
I need help with academic PowerPoint presentation for researchers in Kuwait.,العروض التقديمية,commercial,en,/services/
Where can I find academic PowerPoint presentation for researchers in Kuwait?,العروض التقديمية,question,en,/services/
Best way to complete academic PowerPoint presentation for researchers in Kuwait,العروض التقديمية,commercial,en,/services/
Academic support for academic PowerPoint presentation for researchers in Kuwait,العروض التقديمية,commercial,en,/services/
I need an expert to review my academic PowerPoint presentation for researchers in Kuwait,العروض التقديمية,commercial,en,/services/
I need proofreading for my academic PowerPoint presentation for researchers in Kuwait,العروض التقديمية,commercial,en,/services/
How can I prepare academic PowerPoint presentation for private universities in Kuwait?,العروض التقديمية,question,en,/services/
Who can help me with academic PowerPoint presentation for private universities in Kuwait?,العروض التقديمية,question,en,/services/
I need help with academic PowerPoint presentation for private universities in Kuwait.,العروض التقديمية,commercial,en,/services/
Where can I find academic PowerPoint presentation for private universities in Kuwait?,العروض التقديمية,question,en,/services/
Best way to complete academic PowerPoint presentation for private universities in Kuwait,العروض التقديمية,commercial,en,/services/
Academic support for academic PowerPoint presentation for private universities in Kuwait,العروض التقديمية,commercial,en,/services/
I need an expert to review my academic PowerPoint presentation for private universities in Kuwait,العروض التقديمية,commercial,en,/services/
I need proofreading for my academic PowerPoint presentation for private universities in Kuwait,العروض التقديمية,commercial,en,/services/
How can I prepare academic paper publication in Kuwait?,النشر العلمي,question,en,/services/
Who can help me with academic paper publication in Kuwait?,النشر العلمي,question,en,/services/
I need help with academic paper publication in Kuwait.,النشر العلمي,commercial,en,/services/
Where can I find academic paper publication in Kuwait?,النشر العلمي,question,en,/services/
Best way to complete academic paper publication in Kuwait,النشر العلمي,commercial,en,/services/
Academic support for academic paper publication in Kuwait,النشر العلمي,commercial,en,/services/
I need an expert to review my academic paper publication in Kuwait,النشر العلمي,commercial,en,/services/
How long does academic paper publication take?,النشر العلمي,question,en,/services/
Can someone explain academic paper publication to me?,النشر العلمي,question,en,/services/
Affordable academic paper publication for students in Kuwait,النشر العلمي,commercial,en,/services/
Professional academic paper publication service in Kuwait,النشر العلمي,commercial,en,/services/
Help me finish my academic paper publication before submission,النشر العلمي,commercial,en,/services/
I need proofreading for my academic paper publication in Kuwait,النشر العلمي,commercial,en,/services/
How to format my academic paper publication in APA 7,النشر العلمي,commercial,en,/services/
Kuwait student needs help with academic paper publication,النشر العلمي,commercial,en,/services/
How can I prepare academic paper publication for Kuwait students?,النشر العلمي,question,en,/services/
Who can help me with academic paper publication for Kuwait students?,النشر العلمي,question,en,/services/
I need help with academic paper publication for Kuwait students.,النشر العلمي,commercial,en,/services/
Where can I find academic paper publication for Kuwait students?,النشر العلمي,question,en,/services/
Best way to complete academic paper publication for Kuwait students,النشر العلمي,commercial,en,/services/
Academic support for academic paper publication for Kuwait students,النشر العلمي,commercial,en,/services/
I need an expert to review my academic paper publication for Kuwait students,النشر العلمي,commercial,en,/services/
I need proofreading for my academic paper publication for Kuwait students,النشر العلمي,commercial,en,/services/
How can I prepare academic paper publication for a student at Kuwait University?,النشر العلمي,question,en,/services/
Who can help me with academic paper publication for a student at Kuwait University?,النشر العلمي,question,en,/services/
I need help with academic paper publication for a student at Kuwait University.,النشر العلمي,commercial,en,/services/
Where can I find academic paper publication for a student at Kuwait University?,النشر العلمي,question,en,/services/
Best way to complete academic paper publication for a student at Kuwait University,النشر العلمي,commercial,en,/services/
Academic support for academic paper publication for a student at Kuwait University,النشر العلمي,commercial,en,/services/
I need an expert to review my academic paper publication for a student at Kuwait University,النشر العلمي,commercial,en,/services/
I need proofreading for my academic paper publication for a student at Kuwait University,النشر العلمي,commercial,en,/services/
How can I prepare academic paper publication for postgraduate students in Kuwait?,النشر العلمي,question,en,/services/
Who can help me with academic paper publication for postgraduate students in Kuwait?,النشر العلمي,question,en,/services/
I need help with academic paper publication for postgraduate students in Kuwait.,النشر العلمي,commercial,en,/services/
Where can I find academic paper publication for postgraduate students in Kuwait?,النشر العلمي,question,en,/services/
Best way to complete academic paper publication for postgraduate students in Kuwait,النشر العلمي,commercial,en,/services/
Academic support for academic paper publication for postgraduate students in Kuwait,النشر العلمي,commercial,en,/services/
I need an expert to review my academic paper publication for postgraduate students in Kuwait,النشر العلمي,commercial,en,/services/
I need proofreading for my academic paper publication for postgraduate students in Kuwait,النشر العلمي,commercial,en,/services/
How can I prepare academic paper publication for researchers in Kuwait?,النشر العلمي,question,en,/services/
Who can help me with academic paper publication for researchers in Kuwait?,النشر العلمي,question,en,/services/
I need help with academic paper publication for researchers in Kuwait.,النشر العلمي,commercial,en,/services/
Where can I find academic paper publication for researchers in Kuwait?,النشر العلمي,question,en,/services/
Best way to complete academic paper publication for researchers in Kuwait,النشر العلمي,commercial,en,/services/
Academic support for academic paper publication for researchers in Kuwait,النشر العلمي,commercial,en,/services/
I need an expert to review my academic paper publication for researchers in Kuwait,النشر العلمي,commercial,en,/services/
I need proofreading for my academic paper publication for researchers in Kuwait,النشر العلمي,commercial,en,/services/
How can I prepare academic paper publication for private universities in Kuwait?,النشر العلمي,question,en,/services/
Who can help me with academic paper publication for private universities in Kuwait?,النشر العلمي,question,en,/services/
I need help with academic paper publication for private universities in Kuwait.,النشر العلمي,commercial,en,/services/
Where can I find academic paper publication for private universities in Kuwait?,النشر العلمي,question,en,/services/
Best way to complete academic paper publication for private universities in Kuwait,النشر العلمي,commercial,en,/services/
Academic support for academic paper publication for private universities in Kuwait,النشر العلمي,commercial,en,/services/
I need an expert to review my academic paper publication for private universities in Kuwait,النشر العلمي,commercial,en,/services/
I need proofreading for my academic paper publication for private universities in Kuwait,النشر العلمي,commercial,en,/services/
How can I prepare academic research review in Kuwait?,التدقيق والتنسيق,question,en,/services/
Who can help me with academic research review in Kuwait?,التدقيق والتنسيق,question,en,/services/
I need help with academic research review in Kuwait.,التدقيق والتنسيق,commercial,en,/services/
Where can I find academic research review in Kuwait?,التدقيق والتنسيق,question,en,/services/
Best way to complete academic research review in Kuwait,التدقيق والتنسيق,commercial,en,/services/
Academic support for academic research review in Kuwait,التدقيق والتنسيق,commercial,en,/services/
I need an expert to review my academic research review in Kuwait,التدقيق والتنسيق,commercial,en,/services/
How long does academic research review take?,التدقيق والتنسيق,question,en,/services/
Can someone explain academic research review to me?,التدقيق والتنسيق,question,en,/services/
Affordable academic research review for students in Kuwait,التدقيق والتنسيق,commercial,en,/services/
Professional academic research review service in Kuwait,التدقيق والتنسيق,commercial,en,/services/
Help me finish my academic research review before submission,التدقيق والتنسيق,commercial,en,/services/
I need proofreading for my academic research review in Kuwait,التدقيق والتنسيق,commercial,en,/services/
How to format my academic research review in APA 7,التدقيق والتنسيق,commercial,en,/services/
Kuwait student needs help with academic research review,التدقيق والتنسيق,commercial,en,/services/
How can I prepare academic research review for Kuwait students?,التدقيق والتنسيق,question,en,/services/
Who can help me with academic research review for Kuwait students?,التدقيق والتنسيق,question,en,/services/
I need help with academic research review for Kuwait students.,التدقيق والتنسيق,commercial,en,/services/
Where can I find academic research review for Kuwait students?,التدقيق والتنسيق,question,en,/services/
Best way to complete academic research review for Kuwait students,التدقيق والتنسيق,commercial,en,/services/
Academic support for academic research review for Kuwait students,التدقيق والتنسيق,commercial,en,/services/
I need an expert to review my academic research review for Kuwait students,التدقيق والتنسيق,commercial,en,/services/
I need proofreading for my academic research review for Kuwait students,التدقيق والتنسيق,commercial,en,/services/
How can I prepare academic research review for a student at Kuwait University?,التدقيق والتنسيق,question,en,/services/
Who can help me with academic research review for a student at Kuwait University?,التدقيق والتنسيق,question,en,/services/
I need help with academic research review for a student at Kuwait University.,التدقيق والتنسيق,commercial,en,/services/
Where can I find academic research review for a student at Kuwait University?,التدقيق والتنسيق,question,en,/services/
Best way to complete academic research review for a student at Kuwait University,التدقيق والتنسيق,commercial,en,/services/
Academic support for academic research review for a student at Kuwait University,التدقيق والتنسيق,commercial,en,/services/
I need an expert to review my academic research review for a student at Kuwait University,التدقيق والتنسيق,commercial,en,/services/
I need proofreading for my academic research review for a student at Kuwait University,التدقيق والتنسيق,commercial,en,/services/
How can I prepare academic research review for postgraduate students in Kuwait?,التدقيق والتنسيق,question,en,/services/
Who can help me with academic research review for postgraduate students in Kuwait?,التدقيق والتنسيق,question,en,/services/
I need help with academic research review for postgraduate students in Kuwait.,التدقيق والتنسيق,commercial,en,/services/
Where can I find academic research review for postgraduate students in Kuwait?,التدقيق والتنسيق,question,en,/services/
Best way to complete academic research review for postgraduate students in Kuwait,التدقيق والتنسيق,commercial,en,/services/
Academic support for academic research review for postgraduate students in Kuwait,التدقيق والتنسيق,commercial,en,/services/
I need an expert to review my academic research review for postgraduate students in Kuwait,التدقيق والتنسيق,commercial,en,/services/
I need proofreading for my academic research review for postgraduate students in Kuwait,التدقيق والتنسيق,commercial,en,/services/
How can I prepare academic research review for researchers in Kuwait?,التدقيق والتنسيق,question,en,/services/
Who can help me with academic research review for researchers in Kuwait?,التدقيق والتنسيق,question,en,/services/
I need help with academic research review for researchers in Kuwait.,التدقيق والتنسيق,commercial,en,/services/
Where can I find academic research review for researchers in Kuwait?,التدقيق والتنسيق,question,en,/services/
Best way to complete academic research review for researchers in Kuwait,التدقيق والتنسيق,commercial,en,/services/
Academic support for academic research review for researchers in Kuwait,التدقيق والتنسيق,commercial,en,/services/
I need an expert to review my academic research review for researchers in Kuwait,التدقيق والتنسيق,commercial,en,/services/
I need proofreading for my academic research review for researchers in Kuwait,التدقيق والتنسيق,commercial,en,/services/
How can I prepare academic research review for private universities in Kuwait?,التدقيق والتنسيق,question,en,/services/
Who can help me with academic research review for private universities in Kuwait?,التدقيق والتنسيق,question,en,/services/
I need help with academic research review for private universities in Kuwait.,التدقيق والتنسيق,commercial,en,/services/
Where can I find academic research review for private universities in Kuwait?,التدقيق والتنسيق,question,en,/services/
Best way to complete academic research review for private universities in Kuwait,التدقيق والتنسيق,commercial,en,/services/
Academic support for academic research review for private universities in Kuwait,التدقيق والتنسيق,commercial,en,/services/
I need an expert to review my academic research review for private universities in Kuwait,التدقيق والتنسيق,commercial,en,/services/
I need proofreading for my academic research review for private universities in Kuwait,التدقيق والتنسيق,commercial,en,/services/
Help with university research in business administration in Kuwait,الأبحاث الجامعية,long_tail,en,/services/
Help with university research in business administration at Kuwait University,الأبحاث الجامعية,long_tail,en,/services/
Help with university research in business administration for postgraduate study in Kuwait,الأبحاث الجامعية,long_tail,en,/services/
How to write a university research in business administration?,الأبحاث الجامعية,long_tail,en,/services/
Academic support for university research in business administration,الأبحاث الجامعية,long_tail,en,/services/
Review my university research in business administration before submission,الأبحاث الجامعية,long_tail,en,/services/
Need university research for a business administration student,الأبحاث الجامعية,long_tail,en,/services/
Help with university research in education in Kuwait,الأبحاث الجامعية,long_tail,en,/services/
Help with university research in education at Kuwait University,الأبحاث الجامعية,long_tail,en,/services/
Help with university research in education for postgraduate study in Kuwait,الأبحاث الجامعية,long_tail,en,/services/
How to write a university research in education?,الأبحاث الجامعية,long_tail,en,/services/
Academic support for university research in education,الأبحاث الجامعية,long_tail,en,/services/
Review my university research in education before submission,الأبحاث الجامعية,long_tail,en,/services/
Need university research for a education student,الأبحاث الجامعية,long_tail,en,/services/
Help with university research in psychology in Kuwait,الأبحاث الجامعية,long_tail,en,/services/
Help with university research in psychology at Kuwait University,الأبحاث الجامعية,long_tail,en,/services/
Help with university research in psychology for postgraduate study in Kuwait,الأبحاث الجامعية,long_tail,en,/services/
How to write a university research in psychology?,الأبحاث الجامعية,long_tail,en,/services/
Academic support for university research in psychology,الأبحاث الجامعية,long_tail,en,/services/
Review my university research in psychology before submission,الأبحاث الجامعية,long_tail,en,/services/
Need university research for a psychology student,الأبحاث الجامعية,long_tail,en,/services/
Help with university research in law in Kuwait,الأبحاث الجامعية,long_tail,en,/services/
Help with university research in law at Kuwait University,الأبحاث الجامعية,long_tail,en,/services/
Help with university research in law for postgraduate study in Kuwait,الأبحاث الجامعية,long_tail,en,/services/
How to write a university research in law?,الأبحاث الجامعية,long_tail,en,/services/
Academic support for university research in law,الأبحاث الجامعية,long_tail,en,/services/
Review my university research in law before submission,الأبحاث الجامعية,long_tail,en,/services/
Need university research for a law student,الأبحاث الجامعية,long_tail,en,/services/
Help with university research in accounting in Kuwait,الأبحاث الجامعية,long_tail,en,/services/
Help with university research in accounting at Kuwait University,الأبحاث الجامعية,long_tail,en,/services/
Help with university research in accounting for postgraduate study in Kuwait,الأبحاث الجامعية,long_tail,en,/services/
How to write a university research in accounting?,الأبحاث الجامعية,long_tail,en,/services/
Academic support for university research in accounting,الأبحاث الجامعية,long_tail,en,/services/
Review my university research in accounting before submission,الأبحاث الجامعية,long_tail,en,/services/
Need university research for a accounting student,الأبحاث الجامعية,long_tail,en,/services/
Help with university research in economics in Kuwait,الأبحاث الجامعية,long_tail,en,/services/
Help with university research in economics at Kuwait University,الأبحاث الجامعية,long_tail,en,/services/
Help with university research in economics for postgraduate study in Kuwait,الأبحاث الجامعية,long_tail,en,/services/
How to write a university research in economics?,الأبحاث الجامعية,long_tail,en,/services/
Academic support for university research in economics,الأبحاث الجامعية,long_tail,en,/services/
Review my university research in economics before submission,الأبحاث الجامعية,long_tail,en,/services/
Need university research for a economics student,الأبحاث الجامعية,long_tail,en,/services/
Help with university research in engineering in Kuwait,الأبحاث الجامعية,long_tail,en,/services/
Help with university research in engineering at Kuwait University,الأبحاث الجامعية,long_tail,en,/services/
Help with university research in engineering for postgraduate study in Kuwait,الأبحاث الجامعية,long_tail,en,/services/
How to write a university research in engineering?,الأبحاث الجامعية,long_tail,en,/services/
Academic support for university research in engineering,الأبحاث الجامعية,long_tail,en,/services/
Review my university research in engineering before submission,الأبحاث الجامعية,long_tail,en,/services/
Need university research for a engineering student,الأبحاث الجامعية,long_tail,en,/services/
Help with university research in nursing in Kuwait,الأبحاث الجامعية,long_tail,en,/services/
Help with university research in nursing at Kuwait University,الأبحاث الجامعية,long_tail,en,/services/
Help with university research in nursing for postgraduate study in Kuwait,الأبحاث الجامعية,long_tail,en,/services/
How to write a university research in nursing?,الأبحاث الجامعية,long_tail,en,/services/
Academic support for university research in nursing,الأبحاث الجامعية,long_tail,en,/services/
Review my university research in nursing before submission,الأبحاث الجامعية,long_tail,en,/services/
Need university research for a nursing student,الأبحاث الجامعية,long_tail,en,/services/
Help with university research in public health in Kuwait,الأبحاث الجامعية,long_tail,en,/services/
Help with university research in public health at Kuwait University,الأبحاث الجامعية,long_tail,en,/services/
Help with university research in public health for postgraduate study in Kuwait,الأبحاث الجامعية,long_tail,en,/services/
How to write a university research in public health?,الأبحاث الجامعية,long_tail,en,/services/
Academic support for university research in public health,الأبحاث الجامعية,long_tail,en,/services/
Review my university research in public health before submission,الأبحاث الجامعية,long_tail,en,/services/
Need university research for a public health student,الأبحاث الجامعية,long_tail,en,/services/
Help with university research in information technology in Kuwait,الأبحاث الجامعية,long_tail,en,/services/
Help with university research in information technology at Kuwait University,الأبحاث الجامعية,long_tail,en,/services/
Help with university research in information technology for postgraduate study in Kuwait,الأبحاث الجامعية,long_tail,en,/services/
How to write a university research in information technology?,الأبحاث الجامعية,long_tail,en,/services/
Academic support for university research in information technology,الأبحاث الجامعية,long_tail,en,/services/
Review my university research in information technology before submission,الأبحاث الجامعية,long_tail,en,/services/
Need university research for a information technology student,الأبحاث الجامعية,long_tail,en,/services/
Help with university research in English language in Kuwait,الأبحاث الجامعية,long_tail,en,/services/
Help with university research in English language at Kuwait University,الأبحاث الجامعية,long_tail,en,/services/
Help with university research in English language for postgraduate study in Kuwait,الأبحاث الجامعية,long_tail,en,/services/
How to write a university research in English language?,الأبحاث الجامعية,long_tail,en,/services/
Academic support for university research in English language,الأبحاث الجامعية,long_tail,en,/services/
Review my university research in English language before submission,الأبحاث الجامعية,long_tail,en,/services/
Need university research for a English language student,الأبحاث الجامعية,long_tail,en,/services/
Help with university research in social sciences in Kuwait,الأبحاث الجامعية,long_tail,en,/services/
Help with university research in social sciences at Kuwait University,الأبحاث الجامعية,long_tail,en,/services/
Help with university research in social sciences for postgraduate study in Kuwait,الأبحاث الجامعية,long_tail,en,/services/
How to write a university research in social sciences?,الأبحاث الجامعية,long_tail,en,/services/
Academic support for university research in social sciences,الأبحاث الجامعية,long_tail,en,/services/
Review my university research in social sciences before submission,الأبحاث الجامعية,long_tail,en,/services/
Need university research for a social sciences student,الأبحاث الجامعية,long_tail,en,/services/
Help with university research in marketing in Kuwait,الأبحاث الجامعية,long_tail,en,/services/
Help with university research in marketing at Kuwait University,الأبحاث الجامعية,long_tail,en,/services/
Help with university research in marketing for postgraduate study in Kuwait,الأبحاث الجامعية,long_tail,en,/services/
How to write a university research in marketing?,الأبحاث الجامعية,long_tail,en,/services/
Academic support for university research in marketing,الأبحاث الجامعية,long_tail,en,/services/
Review my university research in marketing before submission,الأبحاث الجامعية,long_tail,en,/services/
Need university research for a marketing student,الأبحاث الجامعية,long_tail,en,/services/
Help with university research in political science in Kuwait,الأبحاث الجامعية,long_tail,en,/services/
Help with university research in political science at Kuwait University,الأبحاث الجامعية,long_tail,en,/services/
Help with university research in political science for postgraduate study in Kuwait,الأبحاث الجامعية,long_tail,en,/services/
How to write a university research in political science?,الأبحاث الجامعية,long_tail,en,/services/
Academic support for university research in political science,الأبحاث الجامعية,long_tail,en,/services/
Review my university research in political science before submission,الأبحاث الجامعية,long_tail,en,/services/
Need university research for a political science student,الأبحاث الجامعية,long_tail,en,/services/
Help with university research in media studies in Kuwait,الأبحاث الجامعية,long_tail,en,/services/
Help with university research in media studies at Kuwait University,الأبحاث الجامعية,long_tail,en,/services/
Help with university research in media studies for postgraduate study in Kuwait,الأبحاث الجامعية,long_tail,en,/services/
How to write a university research in media studies?,الأبحاث الجامعية,long_tail,en,/services/
Academic support for university research in media studies,الأبحاث الجامعية,long_tail,en,/services/
Review my university research in media studies before submission,الأبحاث الجامعية,long_tail,en,/services/
Need university research for a media studies student,الأبحاث الجامعية,long_tail,en,/services/
Help with graduation project research in business administration in Kuwait,أبحاث التخرج,long_tail,en,/services/
Help with graduation project research in business administration at Kuwait University,أبحاث التخرج,long_tail,en,/services/
Help with graduation project research in business administration for postgraduate study in Kuwait,أبحاث التخرج,long_tail,en,/services/
How to write a graduation project research in business administration?,أبحاث التخرج,long_tail,en,/services/
Academic support for graduation project research in business administration,أبحاث التخرج,long_tail,en,/services/
Review my graduation project research in business administration before submission,أبحاث التخرج,long_tail,en,/services/
Need graduation project research for a business administration student,أبحاث التخرج,long_tail,en,/services/
Help with graduation project research in education in Kuwait,أبحاث التخرج,long_tail,en,/services/
Help with graduation project research in education at Kuwait University,أبحاث التخرج,long_tail,en,/services/
Help with graduation project research in education for postgraduate study in Kuwait,أبحاث التخرج,long_tail,en,/services/
How to write a graduation project research in education?,أبحاث التخرج,long_tail,en,/services/
Academic support for graduation project research in education,أبحاث التخرج,long_tail,en,/services/
Review my graduation project research in education before submission,أبحاث التخرج,long_tail,en,/services/
Need graduation project research for a education student,أبحاث التخرج,long_tail,en,/services/
Help with graduation project research in psychology in Kuwait,أبحاث التخرج,long_tail,en,/services/
Help with graduation project research in psychology at Kuwait University,أبحاث التخرج,long_tail,en,/services/
Help with graduation project research in psychology for postgraduate study in Kuwait,أبحاث التخرج,long_tail,en,/services/
How to write a graduation project research in psychology?,أبحاث التخرج,long_tail,en,/services/
Academic support for graduation project research in psychology,أبحاث التخرج,long_tail,en,/services/
Review my graduation project research in psychology before submission,أبحاث التخرج,long_tail,en,/services/
Need graduation project research for a psychology student,أبحاث التخرج,long_tail,en,/services/
Help with graduation project research in law in Kuwait,أبحاث التخرج,long_tail,en,/services/
Help with graduation project research in law at Kuwait University,أبحاث التخرج,long_tail,en,/services/
Help with graduation project research in law for postgraduate study in Kuwait,أبحاث التخرج,long_tail,en,/services/
How to write a graduation project research in law?,أبحاث التخرج,long_tail,en,/services/
Academic support for graduation project research in law,أبحاث التخرج,long_tail,en,/services/
Review my graduation project research in law before submission,أبحاث التخرج,long_tail,en,/services/
Need graduation project research for a law student,أبحاث التخرج,long_tail,en,/services/
Help with graduation project research in accounting in Kuwait,أبحاث التخرج,long_tail,en,/services/
Help with graduation project research in accounting at Kuwait University,أبحاث التخرج,long_tail,en,/services/
Help with graduation project research in accounting for postgraduate study in Kuwait,أبحاث التخرج,long_tail,en,/services/
How to write a graduation project research in accounting?,أبحاث التخرج,long_tail,en,/services/
Academic support for graduation project research in accounting,أبحاث التخرج,long_tail,en,/services/
Review my graduation project research in accounting before submission,أبحاث التخرج,long_tail,en,/services/
Need graduation project research for a accounting student,أبحاث التخرج,long_tail,en,/services/
Help with graduation project research in economics in Kuwait,أبحاث التخرج,long_tail,en,/services/
Help with graduation project research in economics at Kuwait University,أبحاث التخرج,long_tail,en,/services/
Help with graduation project research in economics for postgraduate study in Kuwait,أبحاث التخرج,long_tail,en,/services/
How to write a graduation project research in economics?,أبحاث التخرج,long_tail,en,/services/
Academic support for graduation project research in economics,أبحاث التخرج,long_tail,en,/services/
Review my graduation project research in economics before submission,أبحاث التخرج,long_tail,en,/services/
Need graduation project research for a economics student,أبحاث التخرج,long_tail,en,/services/
Help with graduation project research in engineering in Kuwait,أبحاث التخرج,long_tail,en,/services/
Help with graduation project research in engineering at Kuwait University,أبحاث التخرج,long_tail,en,/services/
Help with graduation project research in engineering for postgraduate study in Kuwait,أبحاث التخرج,long_tail,en,/services/
How to write a graduation project research in engineering?,أبحاث التخرج,long_tail,en,/services/
Academic support for graduation project research in engineering,أبحاث التخرج,long_tail,en,/services/
Review my graduation project research in engineering before submission,أبحاث التخرج,long_tail,en,/services/
Need graduation project research for a engineering student,أبحاث التخرج,long_tail,en,/services/
Help with graduation project research in nursing in Kuwait,أبحاث التخرج,long_tail,en,/services/
Help with graduation project research in nursing at Kuwait University,أبحاث التخرج,long_tail,en,/services/
Help with graduation project research in nursing for postgraduate study in Kuwait,أبحاث التخرج,long_tail,en,/services/
How to write a graduation project research in nursing?,أبحاث التخرج,long_tail,en,/services/
Academic support for graduation project research in nursing,أبحاث التخرج,long_tail,en,/services/
Review my graduation project research in nursing before submission,أبحاث التخرج,long_tail,en,/services/
Need graduation project research for a nursing student,أبحاث التخرج,long_tail,en,/services/
Help with graduation project research in public health in Kuwait,أبحاث التخرج,long_tail,en,/services/
Help with graduation project research in public health at Kuwait University,أبحاث التخرج,long_tail,en,/services/
Help with graduation project research in public health for postgraduate study in Kuwait,أبحاث التخرج,long_tail,en,/services/
How to write a graduation project research in public health?,أبحاث التخرج,long_tail,en,/services/
Academic support for graduation project research in public health,أبحاث التخرج,long_tail,en,/services/
Review my graduation project research in public health before submission,أبحاث التخرج,long_tail,en,/services/
Need graduation project research for a public health student,أبحاث التخرج,long_tail,en,/services/
Help with graduation project research in information technology in Kuwait,أبحاث التخرج,long_tail,en,/services/
Help with graduation project research in information technology at Kuwait University,أبحاث التخرج,long_tail,en,/services/
Help with graduation project research in information technology for postgraduate study in Kuwait,أبحاث التخرج,long_tail,en,/services/
How to write a graduation project research in information technology?,أبحاث التخرج,long_tail,en,/services/
Academic support for graduation project research in information technology,أبحاث التخرج,long_tail,en,/services/
Review my graduation project research in information technology before submission,أبحاث التخرج,long_tail,en,/services/
Need graduation project research for a information technology student,أبحاث التخرج,long_tail,en,/services/
Help with graduation project research in English language in Kuwait,أبحاث التخرج,long_tail,en,/services/
Help with graduation project research in English language at Kuwait University,أبحاث التخرج,long_tail,en,/services/
Help with graduation project research in English language for postgraduate study in Kuwait,أبحاث التخرج,long_tail,en,/services/
How to write a graduation project research in English language?,أبحاث التخرج,long_tail,en,/services/
Academic support for graduation project research in English language,أبحاث التخرج,long_tail,en,/services/
Review my graduation project research in English language before submission,أبحاث التخرج,long_tail,en,/services/
Need graduation project research for a English language student,أبحاث التخرج,long_tail,en,/services/
Help with graduation project research in social sciences in Kuwait,أبحاث التخرج,long_tail,en,/services/
Help with graduation project research in social sciences at Kuwait University,أبحاث التخرج,long_tail,en,/services/
Help with graduation project research in social sciences for postgraduate study in Kuwait,أبحاث التخرج,long_tail,en,/services/
How to write a graduation project research in social sciences?,أبحاث التخرج,long_tail,en,/services/
Academic support for graduation project research in social sciences,أبحاث التخرج,long_tail,en,/services/
Review my graduation project research in social sciences before submission,أبحاث التخرج,long_tail,en,/services/
Need graduation project research for a social sciences student,أبحاث التخرج,long_tail,en,/services/
Help with graduation project research in marketing in Kuwait,أبحاث التخرج,long_tail,en,/services/
Help with graduation project research in marketing at Kuwait University,أبحاث التخرج,long_tail,en,/services/
Help with graduation project research in marketing for postgraduate study in Kuwait,أبحاث التخرج,long_tail,en,/services/
How to write a graduation project research in marketing?,أبحاث التخرج,long_tail,en,/services/
Academic support for graduation project research in marketing,أبحاث التخرج,long_tail,en,/services/
Review my graduation project research in marketing before submission,أبحاث التخرج,long_tail,en,/services/
Need graduation project research for a marketing student,أبحاث التخرج,long_tail,en,/services/
Help with graduation project research in political science in Kuwait,أبحاث التخرج,long_tail,en,/services/
Help with graduation project research in political science at Kuwait University,أبحاث التخرج,long_tail,en,/services/
Help with graduation project research in political science for postgraduate study in Kuwait,أبحاث التخرج,long_tail,en,/services/
How to write a graduation project research in political science?,أبحاث التخرج,long_tail,en,/services/
Academic support for graduation project research in political science,أبحاث التخرج,long_tail,en,/services/
Review my graduation project research in political science before submission,أبحاث التخرج,long_tail,en,/services/
Need graduation project research for a political science student,أبحاث التخرج,long_tail,en,/services/
Help with graduation project research in media studies in Kuwait,أبحاث التخرج,long_tail,en,/services/
Help with graduation project research in media studies at Kuwait University,أبحاث التخرج,long_tail,en,/services/
Help with graduation project research in media studies for postgraduate study in Kuwait,أبحاث التخرج,long_tail,en,/services/
How to write a graduation project research in media studies?,أبحاث التخرج,long_tail,en,/services/
Academic support for graduation project research in media studies,أبحاث التخرج,long_tail,en,/services/
Review my graduation project research in media studies before submission,أبحاث التخرج,long_tail,en,/services/
Need graduation project research for a media studies student,أبحاث التخرج,long_tail,en,/services/
Help with master thesis in business administration in Kuwait,الماجستير,long_tail,en,/services/
Help with master thesis in business administration at Kuwait University,الماجستير,long_tail,en,/services/
Help with master thesis in business administration for postgraduate study in Kuwait,الماجستير,long_tail,en,/services/
How to write a master thesis in business administration?,الماجستير,long_tail,en,/services/
Academic support for master thesis in business administration,الماجستير,long_tail,en,/services/
Review my master thesis in business administration before submission,الماجستير,long_tail,en,/services/
Need master thesis for a business administration student,الماجستير,long_tail,en,/services/
Help with master thesis in education in Kuwait,الماجستير,long_tail,en,/services/
Help with master thesis in education at Kuwait University,الماجستير,long_tail,en,/services/
Help with master thesis in education for postgraduate study in Kuwait,الماجستير,long_tail,en,/services/
How to write a master thesis in education?,الماجستير,long_tail,en,/services/
Academic support for master thesis in education,الماجستير,long_tail,en,/services/
Review my master thesis in education before submission,الماجستير,long_tail,en,/services/
Need master thesis for a education student,الماجستير,long_tail,en,/services/
Help with master thesis in psychology in Kuwait,الماجستير,long_tail,en,/services/
Help with master thesis in psychology at Kuwait University,الماجستير,long_tail,en,/services/
Help with master thesis in psychology for postgraduate study in Kuwait,الماجستير,long_tail,en,/services/
How to write a master thesis in psychology?,الماجستير,long_tail,en,/services/
Academic support for master thesis in psychology,الماجستير,long_tail,en,/services/
Review my master thesis in psychology before submission,الماجستير,long_tail,en,/services/
Need master thesis for a psychology student,الماجستير,long_tail,en,/services/
Help with master thesis in law in Kuwait,الماجستير,long_tail,en,/services/
Help with master thesis in law at Kuwait University,الماجستير,long_tail,en,/services/
Help with master thesis in law for postgraduate study in Kuwait,الماجستير,long_tail,en,/services/
How to write a master thesis in law?,الماجستير,long_tail,en,/services/
Academic support for master thesis in law,الماجستير,long_tail,en,/services/
Review my master thesis in law before submission,الماجستير,long_tail,en,/services/
Need master thesis for a law student,الماجستير,long_tail,en,/services/
Help with master thesis in accounting in Kuwait,الماجستير,long_tail,en,/services/
Help with master thesis in accounting at Kuwait University,الماجستير,long_tail,en,/services/
Help with master thesis in accounting for postgraduate study in Kuwait,الماجستير,long_tail,en,/services/
How to write a master thesis in accounting?,الماجستير,long_tail,en,/services/
Academic support for master thesis in accounting,الماجستير,long_tail,en,/services/
Review my master thesis in accounting before submission,الماجستير,long_tail,en,/services/
Need master thesis for a accounting student,الماجستير,long_tail,en,/services/
Help with master thesis in economics in Kuwait,الماجستير,long_tail,en,/services/
Help with master thesis in economics at Kuwait University,الماجستير,long_tail,en,/services/
Help with master thesis in economics for postgraduate study in Kuwait,الماجستير,long_tail,en,/services/
How to write a master thesis in economics?,الماجستير,long_tail,en,/services/
Academic support for master thesis in economics,الماجستير,long_tail,en,/services/
Review my master thesis in economics before submission,الماجستير,long_tail,en,/services/
Need master thesis for a economics student,الماجستير,long_tail,en,/services/
Help with master thesis in engineering in Kuwait,الماجستير,long_tail,en,/services/
Help with master thesis in engineering at Kuwait University,الماجستير,long_tail,en,/services/
Help with master thesis in engineering for postgraduate study in Kuwait,الماجستير,long_tail,en,/services/
How to write a master thesis in engineering?,الماجستير,long_tail,en,/services/
Academic support for master thesis in engineering,الماجستير,long_tail,en,/services/
Review my master thesis in engineering before submission,الماجستير,long_tail,en,/services/
Need master thesis for a engineering student,الماجستير,long_tail,en,/services/
Help with master thesis in nursing in Kuwait,الماجستير,long_tail,en,/services/
Help with master thesis in nursing at Kuwait University,الماجستير,long_tail,en,/services/
Help with master thesis in nursing for postgraduate study in Kuwait,الماجستير,long_tail,en,/services/
How to write a master thesis in nursing?,الماجستير,long_tail,en,/services/
Academic support for master thesis in nursing,الماجستير,long_tail,en,/services/
Review my master thesis in nursing before submission,الماجستير,long_tail,en,/services/
Need master thesis for a nursing student,الماجستير,long_tail,en,/services/
Help with master thesis in public health in Kuwait,الماجستير,long_tail,en,/services/
Help with master thesis in public health at Kuwait University,الماجستير,long_tail,en,/services/
Help with master thesis in public health for postgraduate study in Kuwait,الماجستير,long_tail,en,/services/
How to write a master thesis in public health?,الماجستير,long_tail,en,/services/
Academic support for master thesis in public health,الماجستير,long_tail,en,/services/
Review my master thesis in public health before submission,الماجستير,long_tail,en,/services/
Need master thesis for a public health student,الماجستير,long_tail,en,/services/
Help with master thesis in information technology in Kuwait,الماجستير,long_tail,en,/services/
Help with master thesis in information technology at Kuwait University,الماجستير,long_tail,en,/services/
Help with master thesis in information technology for postgraduate study in Kuwait,الماجستير,long_tail,en,/services/
How to write a master thesis in information technology?,الماجستير,long_tail,en,/services/
Academic support for master thesis in information technology,الماجستير,long_tail,en,/services/
Review my master thesis in information technology before submission,الماجستير,long_tail,en,/services/
Need master thesis for a information technology student,الماجستير,long_tail,en,/services/
Help with master thesis in English language in Kuwait,الماجستير,long_tail,en,/services/
Help with master thesis in English language at Kuwait University,الماجستير,long_tail,en,/services/
Help with master thesis in English language for postgraduate study in Kuwait,الماجستير,long_tail,en,/services/
How to write a master thesis in English language?,الماجستير,long_tail,en,/services/
Academic support for master thesis in English language,الماجستير,long_tail,en,/services/
Review my master thesis in English language before submission,الماجستير,long_tail,en,/services/
Need master thesis for a English language student,الماجستير,long_tail,en,/services/
Help with master thesis in social sciences in Kuwait,الماجستير,long_tail,en,/services/
Help with master thesis in social sciences at Kuwait University,الماجستير,long_tail,en,/services/
Help with master thesis in social sciences for postgraduate study in Kuwait,الماجستير,long_tail,en,/services/
How to write a master thesis in social sciences?,الماجستير,long_tail,en,/services/
Academic support for master thesis in social sciences,الماجستير,long_tail,en,/services/
Review my master thesis in social sciences before submission,الماجستير,long_tail,en,/services/
Need master thesis for a social sciences student,الماجستير,long_tail,en,/services/
Help with master thesis in marketing in Kuwait,الماجستير,long_tail,en,/services/
Help with master thesis in marketing at Kuwait University,الماجستير,long_tail,en,/services/
Help with master thesis in marketing for postgraduate study in Kuwait,الماجستير,long_tail,en,/services/
How to write a master thesis in marketing?,الماجستير,long_tail,en,/services/
Academic support for master thesis in marketing,الماجستير,long_tail,en,/services/
Review my master thesis in marketing before submission,الماجستير,long_tail,en,/services/
Need master thesis for a marketing student,الماجستير,long_tail,en,/services/
Help with master thesis in political science in Kuwait,الماجستير,long_tail,en,/services/
Help with master thesis in political science at Kuwait University,الماجستير,long_tail,en,/services/
Help with master thesis in political science for postgraduate study in Kuwait,الماجستير,long_tail,en,/services/
How to write a master thesis in political science?,الماجستير,long_tail,en,/services/
Academic support for master thesis in political science,الماجستير,long_tail,en,/services/
Review my master thesis in political science before submission,الماجستير,long_tail,en,/services/
Need master thesis for a political science student,الماجستير,long_tail,en,/services/
Help with master thesis in media studies in Kuwait,الماجستير,long_tail,en,/services/
Help with master thesis in media studies at Kuwait University,الماجستير,long_tail,en,/services/
Help with master thesis in media studies for postgraduate study in Kuwait,الماجستير,long_tail,en,/services/
How to write a master thesis in media studies?,الماجستير,long_tail,en,/services/
Academic support for master thesis in media studies,الماجستير,long_tail,en,/services/
Review my master thesis in media studies before submission,الماجستير,long_tail,en,/services/
Need master thesis for a media studies student,الماجستير,long_tail,en,/services/
Help with PhD dissertation in business administration in Kuwait,الدكتوراه,long_tail,en,/services/
Help with PhD dissertation in business administration at Kuwait University,الدكتوراه,long_tail,en,/services/
Help with PhD dissertation in business administration for postgraduate study in Kuwait,الدكتوراه,long_tail,en,/services/
How to write a PhD dissertation in business administration?,الدكتوراه,long_tail,en,/services/
Academic support for PhD dissertation in business administration,الدكتوراه,long_tail,en,/services/
Review my PhD dissertation in business administration before submission,الدكتوراه,long_tail,en,/services/
Need PhD dissertation for a business administration student,الدكتوراه,long_tail,en,/services/
Help with PhD dissertation in education in Kuwait,الدكتوراه,long_tail,en,/services/
Help with PhD dissertation in education at Kuwait University,الدكتوراه,long_tail,en,/services/
Help with PhD dissertation in education for postgraduate study in Kuwait,الدكتوراه,long_tail,en,/services/
How to write a PhD dissertation in education?,الدكتوراه,long_tail,en,/services/
Academic support for PhD dissertation in education,الدكتوراه,long_tail,en,/services/
Review my PhD dissertation in education before submission,الدكتوراه,long_tail,en,/services/
Need PhD dissertation for a education student,الدكتوراه,long_tail,en,/services/
Help with PhD dissertation in psychology in Kuwait,الدكتوراه,long_tail,en,/services/
Help with PhD dissertation in psychology at Kuwait University,الدكتوراه,long_tail,en,/services/
Help with PhD dissertation in psychology for postgraduate study in Kuwait,الدكتوراه,long_tail,en,/services/
How to write a PhD dissertation in psychology?,الدكتوراه,long_tail,en,/services/
Academic support for PhD dissertation in psychology,الدكتوراه,long_tail,en,/services/
Review my PhD dissertation in psychology before submission,الدكتوراه,long_tail,en,/services/
Need PhD dissertation for a psychology student,الدكتوراه,long_tail,en,/services/
Help with PhD dissertation in law in Kuwait,الدكتوراه,long_tail,en,/services/
Help with PhD dissertation in law at Kuwait University,الدكتوراه,long_tail,en,/services/
Help with PhD dissertation in law for postgraduate study in Kuwait,الدكتوراه,long_tail,en,/services/
How to write a PhD dissertation in law?,الدكتوراه,long_tail,en,/services/
Academic support for PhD dissertation in law,الدكتوراه,long_tail,en,/services/
Review my PhD dissertation in law before submission,الدكتوراه,long_tail,en,/services/
Need PhD dissertation for a law student,الدكتوراه,long_tail,en,/services/
Help with PhD dissertation in accounting in Kuwait,الدكتوراه,long_tail,en,/services/
Help with PhD dissertation in accounting at Kuwait University,الدكتوراه,long_tail,en,/services/
Help with PhD dissertation in accounting for postgraduate study in Kuwait,الدكتوراه,long_tail,en,/services/
How to write a PhD dissertation in accounting?,الدكتوراه,long_tail,en,/services/
Academic support for PhD dissertation in accounting,الدكتوراه,long_tail,en,/services/
Review my PhD dissertation in accounting before submission,الدكتوراه,long_tail,en,/services/
Need PhD dissertation for a accounting student,الدكتوراه,long_tail,en,/services/
Help with PhD dissertation in economics in Kuwait,الدكتوراه,long_tail,en,/services/
Help with PhD dissertation in economics at Kuwait University,الدكتوراه,long_tail,en,/services/
Help with PhD dissertation in economics for postgraduate study in Kuwait,الدكتوراه,long_tail,en,/services/
How to write a PhD dissertation in economics?,الدكتوراه,long_tail,en,/services/
Academic support for PhD dissertation in economics,الدكتوراه,long_tail,en,/services/
Review my PhD dissertation in economics before submission,الدكتوراه,long_tail,en,/services/
Need PhD dissertation for a economics student,الدكتوراه,long_tail,en,/services/
Help with PhD dissertation in engineering in Kuwait,الدكتوراه,long_tail,en,/services/
Help with PhD dissertation in engineering at Kuwait University,الدكتوراه,long_tail,en,/services/
Help with PhD dissertation in engineering for postgraduate study in Kuwait,الدكتوراه,long_tail,en,/services/
How to write a PhD dissertation in engineering?,الدكتوراه,long_tail,en,/services/
Academic support for PhD dissertation in engineering,الدكتوراه,long_tail,en,/services/
Review my PhD dissertation in engineering before submission,الدكتوراه,long_tail,en,/services/
Need PhD dissertation for a engineering student,الدكتوراه,long_tail,en,/services/
Help with PhD dissertation in nursing in Kuwait,الدكتوراه,long_tail,en,/services/
Help with PhD dissertation in nursing at Kuwait University,الدكتوراه,long_tail,en,/services/
Help with PhD dissertation in nursing for postgraduate study in Kuwait,الدكتوراه,long_tail,en,/services/
How to write a PhD dissertation in nursing?,الدكتوراه,long_tail,en,/services/
Academic support for PhD dissertation in nursing,الدكتوراه,long_tail,en,/services/
Review my PhD dissertation in nursing before submission,الدكتوراه,long_tail,en,/services/
Need PhD dissertation for a nursing student,الدكتوراه,long_tail,en,/services/
Help with PhD dissertation in public health in Kuwait,الدكتوراه,long_tail,en,/services/
Help with PhD dissertation in public health at Kuwait University,الدكتوراه,long_tail,en,/services/
Help with PhD dissertation in public health for postgraduate study in Kuwait,الدكتوراه,long_tail,en,/services/
How to write a PhD dissertation in public health?,الدكتوراه,long_tail,en,/services/
Academic support for PhD dissertation in public health,الدكتوراه,long_tail,en,/services/
Review my PhD dissertation in public health before submission,الدكتوراه,long_tail,en,/services/
Need PhD dissertation for a public health student,الدكتوراه,long_tail,en,/services/
Help with PhD dissertation in information technology in Kuwait,الدكتوراه,long_tail,en,/services/
Help with PhD dissertation in information technology at Kuwait University,الدكتوراه,long_tail,en,/services/
Help with PhD dissertation in information technology for postgraduate study in Kuwait,الدكتوراه,long_tail,en,/services/
How to write a PhD dissertation in information technology?,الدكتوراه,long_tail,en,/services/
Academic support for PhD dissertation in information technology,الدكتوراه,long_tail,en,/services/
Review my PhD dissertation in information technology before submission,الدكتوراه,long_tail,en,/services/
Need PhD dissertation for a information technology student,الدكتوراه,long_tail,en,/services/
Help with PhD dissertation in English language in Kuwait,الدكتوراه,long_tail,en,/services/
Help with PhD dissertation in English language at Kuwait University,الدكتوراه,long_tail,en,/services/
Help with PhD dissertation in English language for postgraduate study in Kuwait,الدكتوراه,long_tail,en,/services/
How to write a PhD dissertation in English language?,الدكتوراه,long_tail,en,/services/
Academic support for PhD dissertation in English language,الدكتوراه,long_tail,en,/services/
Review my PhD dissertation in English language before submission,الدكتوراه,long_tail,en,/services/
Need PhD dissertation for a English language student,الدكتوراه,long_tail,en,/services/
Help with PhD dissertation in social sciences in Kuwait,الدكتوراه,long_tail,en,/services/
Help with PhD dissertation in social sciences at Kuwait University,الدكتوراه,long_tail,en,/services/
Help with PhD dissertation in social sciences for postgraduate study in Kuwait,الدكتوراه,long_tail,en,/services/
How to write a PhD dissertation in social sciences?,الدكتوراه,long_tail,en,/services/
Academic support for PhD dissertation in social sciences,الدكتوراه,long_tail,en,/services/
Review my PhD dissertation in social sciences before submission,الدكتوراه,long_tail,en,/services/
Need PhD dissertation for a social sciences student,الدكتوراه,long_tail,en,/services/
Help with PhD dissertation in marketing in Kuwait,الدكتوراه,long_tail,en,/services/
Help with PhD dissertation in marketing at Kuwait University,الدكتوراه,long_tail,en,/services/
Help with PhD dissertation in marketing for postgraduate study in Kuwait,الدكتوراه,long_tail,en,/services/
How to write a PhD dissertation in marketing?,الدكتوراه,long_tail,en,/services/
Academic support for PhD dissertation in marketing,الدكتوراه,long_tail,en,/services/
Review my PhD dissertation in marketing before submission,الدكتوراه,long_tail,en,/services/
Need PhD dissertation for a marketing student,الدكتوراه,long_tail,en,/services/
Help with PhD dissertation in political science in Kuwait,الدكتوراه,long_tail,en,/services/
Help with PhD dissertation in political science at Kuwait University,الدكتوراه,long_tail,en,/services/
Help with PhD dissertation in political science for postgraduate study in Kuwait,الدكتوراه,long_tail,en,/services/
How to write a PhD dissertation in political science?,الدكتوراه,long_tail,en,/services/
Academic support for PhD dissertation in political science,الدكتوراه,long_tail,en,/services/
Review my PhD dissertation in political science before submission,الدكتوراه,long_tail,en,/services/
Need PhD dissertation for a political science student,الدكتوراه,long_tail,en,/services/
Help with PhD dissertation in media studies in Kuwait,الدكتوراه,long_tail,en,/services/
Help with PhD dissertation in media studies at Kuwait University,الدكتوراه,long_tail,en,/services/
Help with PhD dissertation in media studies for postgraduate study in Kuwait,الدكتوراه,long_tail,en,/services/
How to write a PhD dissertation in media studies?,الدكتوراه,long_tail,en,/services/
Academic support for PhD dissertation in media studies,الدكتوراه,long_tail,en,/services/
Review my PhD dissertation in media studies before submission,الدكتوراه,long_tail,en,/services/
Need PhD dissertation for a media studies student,الدكتوراه,long_tail,en,/services/
Help with research proposal in business administration in Kuwait,خطة البحث والإطار النظري,long_tail,en,/services/
Help with research proposal in business administration at Kuwait University,خطة البحث والإطار النظري,long_tail,en,/services/
Help with research proposal in business administration for postgraduate study in Kuwait,خطة البحث والإطار النظري,long_tail,en,/services/
How to write a research proposal in business administration?,خطة البحث والإطار النظري,long_tail,en,/services/
Academic support for research proposal in business administration,خطة البحث والإطار النظري,long_tail,en,/services/
Review my research proposal in business administration before submission,خطة البحث والإطار النظري,long_tail,en,/services/
Need research proposal for a business administration student,خطة البحث والإطار النظري,long_tail,en,/services/
Help with research proposal in education in Kuwait,خطة البحث والإطار النظري,long_tail,en,/services/
Help with research proposal in education at Kuwait University,خطة البحث والإطار النظري,long_tail,en,/services/
Help with research proposal in education for postgraduate study in Kuwait,خطة البحث والإطار النظري,long_tail,en,/services/
How to write a research proposal in education?,خطة البحث والإطار النظري,long_tail,en,/services/
Academic support for research proposal in education,خطة البحث والإطار النظري,long_tail,en,/services/
Review my research proposal in education before submission,خطة البحث والإطار النظري,long_tail,en,/services/
Need research proposal for a education student,خطة البحث والإطار النظري,long_tail,en,/services/
Help with research proposal in psychology in Kuwait,خطة البحث والإطار النظري,long_tail,en,/services/
Help with research proposal in psychology at Kuwait University,خطة البحث والإطار النظري,long_tail,en,/services/
Help with research proposal in psychology for postgraduate study in Kuwait,خطة البحث والإطار النظري,long_tail,en,/services/
How to write a research proposal in psychology?,خطة البحث والإطار النظري,long_tail,en,/services/
Academic support for research proposal in psychology,خطة البحث والإطار النظري,long_tail,en,/services/
Review my research proposal in psychology before submission,خطة البحث والإطار النظري,long_tail,en,/services/
Need research proposal for a psychology student,خطة البحث والإطار النظري,long_tail,en,/services/
Help with research proposal in law in Kuwait,خطة البحث والإطار النظري,long_tail,en,/services/
Help with research proposal in law at Kuwait University,خطة البحث والإطار النظري,long_tail,en,/services/
Help with research proposal in law for postgraduate study in Kuwait,خطة البحث والإطار النظري,long_tail,en,/services/
How to write a research proposal in law?,خطة البحث والإطار النظري,long_tail,en,/services/
Academic support for research proposal in law,خطة البحث والإطار النظري,long_tail,en,/services/
Review my research proposal in law before submission,خطة البحث والإطار النظري,long_tail,en,/services/
Need research proposal for a law student,خطة البحث والإطار النظري,long_tail,en,/services/
Help with research proposal in accounting in Kuwait,خطة البحث والإطار النظري,long_tail,en,/services/
Help with research proposal in accounting at Kuwait University,خطة البحث والإطار النظري,long_tail,en,/services/
Help with research proposal in accounting for postgraduate study in Kuwait,خطة البحث والإطار النظري,long_tail,en,/services/
How to write a research proposal in accounting?,خطة البحث والإطار النظري,long_tail,en,/services/
Academic support for research proposal in accounting,خطة البحث والإطار النظري,long_tail,en,/services/
Review my research proposal in accounting before submission,خطة البحث والإطار النظري,long_tail,en,/services/
Need research proposal for a accounting student,خطة البحث والإطار النظري,long_tail,en,/services/
Help with research proposal in economics in Kuwait,خطة البحث والإطار النظري,long_tail,en,/services/
Help with research proposal in economics at Kuwait University,خطة البحث والإطار النظري,long_tail,en,/services/
Help with research proposal in economics for postgraduate study in Kuwait,خطة البحث والإطار النظري,long_tail,en,/services/
How to write a research proposal in economics?,خطة البحث والإطار النظري,long_tail,en,/services/
Academic support for research proposal in economics,خطة البحث والإطار النظري,long_tail,en,/services/
Review my research proposal in economics before submission,خطة البحث والإطار النظري,long_tail,en,/services/
Need research proposal for a economics student,خطة البحث والإطار النظري,long_tail,en,/services/
Help with research proposal in engineering in Kuwait,خطة البحث والإطار النظري,long_tail,en,/services/
Help with research proposal in engineering at Kuwait University,خطة البحث والإطار النظري,long_tail,en,/services/
Help with research proposal in engineering for postgraduate study in Kuwait,خطة البحث والإطار النظري,long_tail,en,/services/
How to write a research proposal in engineering?,خطة البحث والإطار النظري,long_tail,en,/services/
Academic support for research proposal in engineering,خطة البحث والإطار النظري,long_tail,en,/services/
Review my research proposal in engineering before submission,خطة البحث والإطار النظري,long_tail,en,/services/
Need research proposal for a engineering student,خطة البحث والإطار النظري,long_tail,en,/services/
Help with research proposal in nursing in Kuwait,خطة البحث والإطار النظري,long_tail,en,/services/
Help with research proposal in nursing at Kuwait University,خطة البحث والإطار النظري,long_tail,en,/services/
Help with research proposal in nursing for postgraduate study in Kuwait,خطة البحث والإطار النظري,long_tail,en,/services/
How to write a research proposal in nursing?,خطة البحث والإطار النظري,long_tail,en,/services/
Academic support for research proposal in nursing,خطة البحث والإطار النظري,long_tail,en,/services/
Review my research proposal in nursing before submission,خطة البحث والإطار النظري,long_tail,en,/services/
Need research proposal for a nursing student,خطة البحث والإطار النظري,long_tail,en,/services/
Help with research proposal in public health in Kuwait,خطة البحث والإطار النظري,long_tail,en,/services/
Help with research proposal in public health at Kuwait University,خطة البحث والإطار النظري,long_tail,en,/services/
Help with research proposal in public health for postgraduate study in Kuwait,خطة البحث والإطار النظري,long_tail,en,/services/
How to write a research proposal in public health?,خطة البحث والإطار النظري,long_tail,en,/services/
Academic support for research proposal in public health,خطة البحث والإطار النظري,long_tail,en,/services/
Review my research proposal in public health before submission,خطة البحث والإطار النظري,long_tail,en,/services/
Need research proposal for a public health student,خطة البحث والإطار النظري,long_tail,en,/services/
Help with research proposal in information technology in Kuwait,خطة البحث والإطار النظري,long_tail,en,/services/
Help with research proposal in information technology at Kuwait University,خطة البحث والإطار النظري,long_tail,en,/services/
Help with research proposal in information technology for postgraduate study in Kuwait,خطة البحث والإطار النظري,long_tail,en,/services/
How to write a research proposal in information technology?,خطة البحث والإطار النظري,long_tail,en,/services/
Academic support for research proposal in information technology,خطة البحث والإطار النظري,long_tail,en,/services/
Review my research proposal in information technology before submission,خطة البحث والإطار النظري,long_tail,en,/services/
Need research proposal for a information technology student,خطة البحث والإطار النظري,long_tail,en,/services/
Help with research proposal in English language in Kuwait,خطة البحث والإطار النظري,long_tail,en,/services/
Help with research proposal in English language at Kuwait University,خطة البحث والإطار النظري,long_tail,en,/services/
Help with research proposal in English language for postgraduate study in Kuwait,خطة البحث والإطار النظري,long_tail,en,/services/
How to write a research proposal in English language?,خطة البحث والإطار النظري,long_tail,en,/services/
Academic support for research proposal in English language,خطة البحث والإطار النظري,long_tail,en,/services/
Review my research proposal in English language before submission,خطة البحث والإطار النظري,long_tail,en,/services/
Need research proposal for a English language student,خطة البحث والإطار النظري,long_tail,en,/services/
Help with research proposal in social sciences in Kuwait,خطة البحث والإطار النظري,long_tail,en,/services/
Help with research proposal in social sciences at Kuwait University,خطة البحث والإطار النظري,long_tail,en,/services/
Help with research proposal in social sciences for postgraduate study in Kuwait,خطة البحث والإطار النظري,long_tail,en,/services/
How to write a research proposal in social sciences?,خطة البحث والإطار النظري,long_tail,en,/services/
Academic support for research proposal in social sciences,خطة البحث والإطار النظري,long_tail,en,/services/
Review my research proposal in social sciences before submission,خطة البحث والإطار النظري,long_tail,en,/services/
Need research proposal for a social sciences student,خطة البحث والإطار النظري,long_tail,en,/services/
Help with research proposal in marketing in Kuwait,خطة البحث والإطار النظري,long_tail,en,/services/
Help with research proposal in marketing at Kuwait University,خطة البحث والإطار النظري,long_tail,en,/services/
Help with research proposal in marketing for postgraduate study in Kuwait,خطة البحث والإطار النظري,long_tail,en,/services/
How to write a research proposal in marketing?,خطة البحث والإطار النظري,long_tail,en,/services/
Academic support for research proposal in marketing,خطة البحث والإطار النظري,long_tail,en,/services/
Review my research proposal in marketing before submission,خطة البحث والإطار النظري,long_tail,en,/services/
Need research proposal for a marketing student,خطة البحث والإطار النظري,long_tail,en,/services/
Help with research proposal in political science in Kuwait,خطة البحث والإطار النظري,long_tail,en,/services/
Help with research proposal in political science at Kuwait University,خطة البحث والإطار النظري,long_tail,en,/services/
Help with research proposal in political science for postgraduate study in Kuwait,خطة البحث والإطار النظري,long_tail,en,/services/
How to write a research proposal in political science?,خطة البحث والإطار النظري,long_tail,en,/services/
Academic support for research proposal in political science,خطة البحث والإطار النظري,long_tail,en,/services/
Review my research proposal in political science before submission,خطة البحث والإطار النظري,long_tail,en,/services/
Need research proposal for a political science student,خطة البحث والإطار النظري,long_tail,en,/services/
Help with research proposal in media studies in Kuwait,خطة البحث والإطار النظري,long_tail,en,/services/
Help with research proposal in media studies at Kuwait University,خطة البحث والإطار النظري,long_tail,en,/services/
Help with research proposal in media studies for postgraduate study in Kuwait,خطة البحث والإطار النظري,long_tail,en,/services/
How to write a research proposal in media studies?,خطة البحث والإطار النظري,long_tail,en,/services/
Academic support for research proposal in media studies,خطة البحث والإطار النظري,long_tail,en,/services/
Review my research proposal in media studies before submission,خطة البحث والإطار النظري,long_tail,en,/services/
Need research proposal for a media studies student,خطة البحث والإطار النظري,long_tail,en,/services/
Help with theoretical framework in business administration in Kuwait,خطة البحث والإطار النظري,long_tail,en,/services/
Help with theoretical framework in business administration at Kuwait University,خطة البحث والإطار النظري,long_tail,en,/services/
Help with theoretical framework in business administration for postgraduate study in Kuwait,خطة البحث والإطار النظري,long_tail,en,/services/
How to write a theoretical framework in business administration?,خطة البحث والإطار النظري,long_tail,en,/services/
Academic support for theoretical framework in business administration,خطة البحث والإطار النظري,long_tail,en,/services/
Review my theoretical framework in business administration before submission,خطة البحث والإطار النظري,long_tail,en,/services/
Need theoretical framework for a business administration student,خطة البحث والإطار النظري,long_tail,en,/services/
Help with theoretical framework in education in Kuwait,خطة البحث والإطار النظري,long_tail,en,/services/
Help with theoretical framework in education at Kuwait University,خطة البحث والإطار النظري,long_tail,en,/services/
Help with theoretical framework in education for postgraduate study in Kuwait,خطة البحث والإطار النظري,long_tail,en,/services/
How to write a theoretical framework in education?,خطة البحث والإطار النظري,long_tail,en,/services/
Academic support for theoretical framework in education,خطة البحث والإطار النظري,long_tail,en,/services/
Review my theoretical framework in education before submission,خطة البحث والإطار النظري,long_tail,en,/services/
Need theoretical framework for a education student,خطة البحث والإطار النظري,long_tail,en,/services/
Help with theoretical framework in psychology in Kuwait,خطة البحث والإطار النظري,long_tail,en,/services/
Help with theoretical framework in psychology at Kuwait University,خطة البحث والإطار النظري,long_tail,en,/services/
Help with theoretical framework in psychology for postgraduate study in Kuwait,خطة البحث والإطار النظري,long_tail,en,/services/
How to write a theoretical framework in psychology?,خطة البحث والإطار النظري,long_tail,en,/services/
Academic support for theoretical framework in psychology,خطة البحث والإطار النظري,long_tail,en,/services/
Review my theoretical framework in psychology before submission,خطة البحث والإطار النظري,long_tail,en,/services/
Need theoretical framework for a psychology student,خطة البحث والإطار النظري,long_tail,en,/services/
Help with theoretical framework in law in Kuwait,خطة البحث والإطار النظري,long_tail,en,/services/
Help with theoretical framework in law at Kuwait University,خطة البحث والإطار النظري,long_tail,en,/services/
Help with theoretical framework in law for postgraduate study in Kuwait,خطة البحث والإطار النظري,long_tail,en,/services/
How to write a theoretical framework in law?,خطة البحث والإطار النظري,long_tail,en,/services/
Academic support for theoretical framework in law,خطة البحث والإطار النظري,long_tail,en,/services/
Review my theoretical framework in law before submission,خطة البحث والإطار النظري,long_tail,en,/services/
Need theoretical framework for a law student,خطة البحث والإطار النظري,long_tail,en,/services/
Help with theoretical framework in accounting in Kuwait,خطة البحث والإطار النظري,long_tail,en,/services/
Help with theoretical framework in accounting at Kuwait University,خطة البحث والإطار النظري,long_tail,en,/services/
Help with theoretical framework in accounting for postgraduate study in Kuwait,خطة البحث والإطار النظري,long_tail,en,/services/
How to write a theoretical framework in accounting?,خطة البحث والإطار النظري,long_tail,en,/services/
Academic support for theoretical framework in accounting,خطة البحث والإطار النظري,long_tail,en,/services/
Review my theoretical framework in accounting before submission,خطة البحث والإطار النظري,long_tail,en,/services/
Need theoretical framework for a accounting student,خطة البحث والإطار النظري,long_tail,en,/services/
Help with theoretical framework in economics in Kuwait,خطة البحث والإطار النظري,long_tail,en,/services/
Help with theoretical framework in economics at Kuwait University,خطة البحث والإطار النظري,long_tail,en,/services/
Help with theoretical framework in economics for postgraduate study in Kuwait,خطة البحث والإطار النظري,long_tail,en,/services/
How to write a theoretical framework in economics?,خطة البحث والإطار النظري,long_tail,en,/services/
Academic support for theoretical framework in economics,خطة البحث والإطار النظري,long_tail,en,/services/
Review my theoretical framework in economics before submission,خطة البحث والإطار النظري,long_tail,en,/services/
Need theoretical framework for a economics student,خطة البحث والإطار النظري,long_tail,en,/services/
Help with theoretical framework in engineering in Kuwait,خطة البحث والإطار النظري,long_tail,en,/services/
Help with theoretical framework in engineering at Kuwait University,خطة البحث والإطار النظري,long_tail,en,/services/
Help with theoretical framework in engineering for postgraduate study in Kuwait,خطة البحث والإطار النظري,long_tail,en,/services/
How to write a theoretical framework in engineering?,خطة البحث والإطار النظري,long_tail,en,/services/
Academic support for theoretical framework in engineering,خطة البحث والإطار النظري,long_tail,en,/services/
Review my theoretical framework in engineering before submission,خطة البحث والإطار النظري,long_tail,en,/services/
Need theoretical framework for a engineering student,خطة البحث والإطار النظري,long_tail,en,/services/
Help with theoretical framework in nursing in Kuwait,خطة البحث والإطار النظري,long_tail,en,/services/
Help with theoretical framework in nursing at Kuwait University,خطة البحث والإطار النظري,long_tail,en,/services/
Help with theoretical framework in nursing for postgraduate study in Kuwait,خطة البحث والإطار النظري,long_tail,en,/services/
How to write a theoretical framework in nursing?,خطة البحث والإطار النظري,long_tail,en,/services/
Academic support for theoretical framework in nursing,خطة البحث والإطار النظري,long_tail,en,/services/
Review my theoretical framework in nursing before submission,خطة البحث والإطار النظري,long_tail,en,/services/
Need theoretical framework for a nursing student,خطة البحث والإطار النظري,long_tail,en,/services/
Help with theoretical framework in public health in Kuwait,خطة البحث والإطار النظري,long_tail,en,/services/
Help with theoretical framework in public health at Kuwait University,خطة البحث والإطار النظري,long_tail,en,/services/
Help with theoretical framework in public health for postgraduate study in Kuwait,خطة البحث والإطار النظري,long_tail,en,/services/
How to write a theoretical framework in public health?,خطة البحث والإطار النظري,long_tail,en,/services/
Academic support for theoretical framework in public health,خطة البحث والإطار النظري,long_tail,en,/services/
Review my theoretical framework in public health before submission,خطة البحث والإطار النظري,long_tail,en,/services/
Need theoretical framework for a public health student,خطة البحث والإطار النظري,long_tail,en,/services/
Help with theoretical framework in information technology in Kuwait,خطة البحث والإطار النظري,long_tail,en,/services/
Help with theoretical framework in information technology at Kuwait University,خطة البحث والإطار النظري,long_tail,en,/services/
Help with theoretical framework in information technology for postgraduate study in Kuwait,خطة البحث والإطار النظري,long_tail,en,/services/
How to write a theoretical framework in information technology?,خطة البحث والإطار النظري,long_tail,en,/services/
Academic support for theoretical framework in information technology,خطة البحث والإطار النظري,long_tail,en,/services/
Review my theoretical framework in information technology before submission,خطة البحث والإطار النظري,long_tail,en,/services/
Need theoretical framework for a information technology student,خطة البحث والإطار النظري,long_tail,en,/services/
Help with theoretical framework in English language in Kuwait,خطة البحث والإطار النظري,long_tail,en,/services/
Help with theoretical framework in English language at Kuwait University,خطة البحث والإطار النظري,long_tail,en,/services/
Help with theoretical framework in English language for postgraduate study in Kuwait,خطة البحث والإطار النظري,long_tail,en,/services/
How to write a theoretical framework in English language?,خطة البحث والإطار النظري,long_tail,en,/services/
Academic support for theoretical framework in English language,خطة البحث والإطار النظري,long_tail,en,/services/
Review my theoretical framework in English language before submission,خطة البحث والإطار النظري,long_tail,en,/services/
Need theoretical framework for a English language student,خطة البحث والإطار النظري,long_tail,en,/services/
Help with theoretical framework in social sciences in Kuwait,خطة البحث والإطار النظري,long_tail,en,/services/
Help with theoretical framework in social sciences at Kuwait University,خطة البحث والإطار النظري,long_tail,en,/services/
Help with theoretical framework in social sciences for postgraduate study in Kuwait,خطة البحث والإطار النظري,long_tail,en,/services/
How to write a theoretical framework in social sciences?,خطة البحث والإطار النظري,long_tail,en,/services/
Academic support for theoretical framework in social sciences,خطة البحث والإطار النظري,long_tail,en,/services/
Review my theoretical framework in social sciences before submission,خطة البحث والإطار النظري,long_tail,en,/services/
Need theoretical framework for a social sciences student,خطة البحث والإطار النظري,long_tail,en,/services/
Help with theoretical framework in marketing in Kuwait,خطة البحث والإطار النظري,long_tail,en,/services/
Help with theoretical framework in marketing at Kuwait University,خطة البحث والإطار النظري,long_tail,en,/services/
Help with theoretical framework in marketing for postgraduate study in Kuwait,خطة البحث والإطار النظري,long_tail,en,/services/
How to write a theoretical framework in marketing?,خطة البحث والإطار النظري,long_tail,en,/services/
Academic support for theoretical framework in marketing,خطة البحث والإطار النظري,long_tail,en,/services/
Review my theoretical framework in marketing before submission,خطة البحث والإطار النظري,long_tail,en,/services/
Need theoretical framework for a marketing student,خطة البحث والإطار النظري,long_tail,en,/services/
Help with theoretical framework in political science in Kuwait,خطة البحث والإطار النظري,long_tail,en,/services/
Help with theoretical framework in political science at Kuwait University,خطة البحث والإطار النظري,long_tail,en,/services/
Help with theoretical framework in political science for postgraduate study in Kuwait,خطة البحث والإطار النظري,long_tail,en,/services/
How to write a theoretical framework in political science?,خطة البحث والإطار النظري,long_tail,en,/services/
Academic support for theoretical framework in political science,خطة البحث والإطار النظري,long_tail,en,/services/
Review my theoretical framework in political science before submission,خطة البحث والإطار النظري,long_tail,en,/services/
Need theoretical framework for a political science student,خطة البحث والإطار النظري,long_tail,en,/services/
Help with theoretical framework in media studies in Kuwait,خطة البحث والإطار النظري,long_tail,en,/services/
Help with theoretical framework in media studies at Kuwait University,خطة البحث والإطار النظري,long_tail,en,/services/
Help with theoretical framework in media studies for postgraduate study in Kuwait,خطة البحث والإطار النظري,long_tail,en,/services/
How to write a theoretical framework in media studies?,خطة البحث والإطار النظري,long_tail,en,/services/
Academic support for theoretical framework in media studies,خطة البحث والإطار النظري,long_tail,en,/services/
Review my theoretical framework in media studies before submission,خطة البحث والإطار النظري,long_tail,en,/services/
Need theoretical framework for a media studies student,خطة البحث والإطار النظري,long_tail,en,/services/
Help with literature review in business administration in Kuwait,خطة البحث والإطار النظري,long_tail,en,/services/
Help with literature review in business administration at Kuwait University,خطة البحث والإطار النظري,long_tail,en,/services/
Help with literature review in business administration for postgraduate study in Kuwait,خطة البحث والإطار النظري,long_tail,en,/services/
How to write a literature review in business administration?,خطة البحث والإطار النظري,long_tail,en,/services/
Academic support for literature review in business administration,خطة البحث والإطار النظري,long_tail,en,/services/
Review my literature review in business administration before submission,خطة البحث والإطار النظري,long_tail,en,/services/
Need literature review for a business administration student,خطة البحث والإطار النظري,long_tail,en,/services/
Help with literature review in education in Kuwait,خطة البحث والإطار النظري,long_tail,en,/services/
Help with literature review in education at Kuwait University,خطة البحث والإطار النظري,long_tail,en,/services/
Help with literature review in education for postgraduate study in Kuwait,خطة البحث والإطار النظري,long_tail,en,/services/
How to write a literature review in education?,خطة البحث والإطار النظري,long_tail,en,/services/
Academic support for literature review in education,خطة البحث والإطار النظري,long_tail,en,/services/
Review my literature review in education before submission,خطة البحث والإطار النظري,long_tail,en,/services/
Need literature review for a education student,خطة البحث والإطار النظري,long_tail,en,/services/
Help with literature review in psychology in Kuwait,خطة البحث والإطار النظري,long_tail,en,/services/
Help with literature review in psychology at Kuwait University,خطة البحث والإطار النظري,long_tail,en,/services/
Help with literature review in psychology for postgraduate study in Kuwait,خطة البحث والإطار النظري,long_tail,en,/services/
How to write a literature review in psychology?,خطة البحث والإطار النظري,long_tail,en,/services/
Academic support for literature review in psychology,خطة البحث والإطار النظري,long_tail,en,/services/
Review my literature review in psychology before submission,خطة البحث والإطار النظري,long_tail,en,/services/
Need literature review for a psychology student,خطة البحث والإطار النظري,long_tail,en,/services/
Help with literature review in law in Kuwait,خطة البحث والإطار النظري,long_tail,en,/services/
Help with literature review in law at Kuwait University,خطة البحث والإطار النظري,long_tail,en,/services/
Help with literature review in law for postgraduate study in Kuwait,خطة البحث والإطار النظري,long_tail,en,/services/
How to write a literature review in law?,خطة البحث والإطار النظري,long_tail,en,/services/
Academic support for literature review in law,خطة البحث والإطار النظري,long_tail,en,/services/
Review my literature review in law before submission,خطة البحث والإطار النظري,long_tail,en,/services/
Need literature review for a law student,خطة البحث والإطار النظري,long_tail,en,/services/
Help with literature review in accounting in Kuwait,خطة البحث والإطار النظري,long_tail,en,/services/
Help with literature review in accounting at Kuwait University,خطة البحث والإطار النظري,long_tail,en,/services/
Help with literature review in accounting for postgraduate study in Kuwait,خطة البحث والإطار النظري,long_tail,en,/services/
How to write a literature review in accounting?,خطة البحث والإطار النظري,long_tail,en,/services/
Academic support for literature review in accounting,خطة البحث والإطار النظري,long_tail,en,/services/
Review my literature review in accounting before submission,خطة البحث والإطار النظري,long_tail,en,/services/
Need literature review for a accounting student,خطة البحث والإطار النظري,long_tail,en,/services/
Help with literature review in economics in Kuwait,خطة البحث والإطار النظري,long_tail,en,/services/
Help with literature review in economics at Kuwait University,خطة البحث والإطار النظري,long_tail,en,/services/
Help with literature review in economics for postgraduate study in Kuwait,خطة البحث والإطار النظري,long_tail,en,/services/
How to write a literature review in economics?,خطة البحث والإطار النظري,long_tail,en,/services/
Academic support for literature review in economics,خطة البحث والإطار النظري,long_tail,en,/services/
Review my literature review in economics before submission,خطة البحث والإطار النظري,long_tail,en,/services/
Need literature review for a economics student,خطة البحث والإطار النظري,long_tail,en,/services/
Help with literature review in engineering in Kuwait,خطة البحث والإطار النظري,long_tail,en,/services/
Help with literature review in engineering at Kuwait University,خطة البحث والإطار النظري,long_tail,en,/services/
Help with literature review in engineering for postgraduate study in Kuwait,خطة البحث والإطار النظري,long_tail,en,/services/
