query,cluster,intent,language,suggested_page
كيف أعد بحث جامعي في الكويت؟,الأبحاث الجامعية,commercial,ar,/services/
من يساعدني في بحث جامعي في الكويت؟,الأبحاث الجامعية,commercial,ar,/services/
أحتاج بحث جامعي في الكويت أحتاج مساعدة عاجلة,الأبحاث الجامعية,commercial,ar,/services/
أفضل طريقة لعمل بحث جامعي في الكويت,الأبحاث الجامعية,commercial,ar,/services/
أين أجد خدمة بحث جامعي في الكويت؟,الأبحاث الجامعية,commercial,ar,/services/
هل توجد مساعدة في بحث جامعي في الكويت؟,الأبحاث الجامعية,commercial,ar,/services/
أريد بحث جامعي في الكويت بجودة أكاديمية,الأبحاث الجامعية,commercial,ar,/services/
مساعدة طالب في بحث جامعي في الكويت,الأبحاث الجامعية,commercial,ar,/services/
خدمة بحث جامعي في الكويت بسرية,الأبحاث الجامعية,commercial,ar,/services/
كم يستغرق إعداد بحث جامعي في الكويت؟,الأبحاث الجامعية,commercial,ar,/services/
ما المطلوب لعمل بحث جامعي في الكويت؟,الأبحاث الجامعية,commercial,ar,/services/
كيف أراجع بحث جامعي قبل التسليم؟,الأبحاث الجامعية,commercial,ar,/services/
هل يمكن شرح بحث جامعي للطالب؟,الأبحاث الجامعية,commercial,ar,/services/
أحتاج خبيرًا في بحث جامعي في الكويت,الأبحاث الجامعية,commercial,ar,/services/
طلب خدمة بحث جامعي في الكويت,الأبحاث الجامعية,commercial,ar,/services/
كيف أعد بحث جامعي بالكويت؟,الأبحاث الجامعية,commercial,ar,/services/
من يساعدني في بحث جامعي بالكويت؟,الأبحاث الجامعية,commercial,ar,/services/
أحتاج بحث جامعي بالكويت أريد فهم النتائج وكتابتها,الأبحاث الجامعية,commercial,ar,/services/
أفضل طريقة لعمل بحث جامعي بالكويت,الأبحاث الجامعية,commercial,ar,/services/
أين أجد خدمة بحث جامعي بالكويت؟,الأبحاث الجامعية,commercial,ar,/services/
هل توجد مساعدة في بحث جامعي بالكويت؟,الأبحاث الجامعية,commercial,ar,/services/
أريد بحث جامعي بالكويت بجودة أكاديمية,الأبحاث الجامعية,commercial,ar,/services/
مساعدة طالب في بحث جامعي بالكويت,الأبحاث الجامعية,commercial,ar,/services/
خدمة بحث جامعي بالكويت بسرية,الأبحاث الجامعية,commercial,ar,/services/
كم يستغرق إعداد بحث جامعي بالكويت؟,الأبحاث الجامعية,commercial,ar,/services/
ما المطلوب لعمل بحث جامعي بالكويت؟,الأبحاث الجامعية,commercial,ar,/services/
أحتاج خبيرًا في بحث جامعي بالكويت,الأبحاث الجامعية,commercial,ar,/services/
طلب خدمة بحث جامعي بالكويت,الأبحاث الجامعية,commercial,ar,/services/
كيف أعد بحث جامعي للطلاب في الكويت؟,الأبحاث الجامعية,commercial,ar,/services/
من يساعدني في بحث جامعي للطلاب في الكويت؟,الأبحاث الجامعية,commercial,ar,/services/
أحتاج بحث جامعي للطلاب في الكويت أحتاج رأيًا أكاديميًا في عملي,الأبحاث الجامعية,commercial,ar,/services/
أفضل طريقة لعمل بحث جامعي للطلاب في الكويت,الأبحاث الجامعية,commercial,ar,/services/
أين أجد خدمة بحث جامعي للطلاب في الكويت؟,الأبحاث الجامعية,commercial,ar,/services/
هل توجد مساعدة في بحث جامعي للطلاب في الكويت؟,الأبحاث الجامعية,commercial,ar,/services/
أريد بحث جامعي للطلاب في الكويت بجودة أكاديمية,الأبحاث الجامعية,commercial,ar,/services/
مساعدة طالب في بحث جامعي للطلاب في الكويت,الأبحاث الجامعية,commercial,ar,/services/
خدمة بحث جامعي للطلاب في الكويت بسرية,الأبحاث الجامعية,commercial,ar,/services/
كم يستغرق إعداد بحث جامعي للطلاب في الكويت؟,الأبحاث الجامعية,commercial,ar,/services/
ما المطلوب لعمل بحث جامعي للطلاب في الكويت؟,الأبحاث الجامعية,commercial,ar,/services/
أحتاج خبيرًا في بحث جامعي للطلاب في الكويت,الأبحاث الجامعية,commercial,ar,/services/
طلب خدمة بحث جامعي للطلاب في الكويت,الأبحاث الجامعية,commercial,ar,/services/
كيف أعد بحث جامعي للباحثين في الكويت؟,الأبحاث الجامعية,commercial,ar,/services/
من يساعدني في بحث جامعي للباحثين في الكويت؟,الأبحاث الجامعية,commercial,ar,/services/
أحتاج بحث جامعي للباحثين في الكويت أريد مراجعة عملي قبل التسليم,الأبحاث الجامعية,commercial,ar,/services/
أفضل طريقة لعمل بحث جامعي للباحثين في الكويت,الأبحاث الجامعية,commercial,ar,/services/
أين أجد خدمة بحث جامعي للباحثين في الكويت؟,الأبحاث الجامعية,commercial,ar,/services/
هل توجد مساعدة في بحث جامعي للباحثين في الكويت؟,الأبحاث الجامعية,commercial,ar,/services/
أريد بحث جامعي للباحثين في الكويت بجودة أكاديمية,الأبحاث الجامعية,commercial,ar,/services/
مساعدة طالب في بحث جامعي للباحثين في الكويت,الأبحاث الجامعية,commercial,ar,/services/
خدمة بحث جامعي للباحثين في الكويت بسرية,الأبحاث الجامعية,commercial,ar,/services/
كم يستغرق إعداد بحث جامعي للباحثين في الكويت؟,الأبحاث الجامعية,commercial,ar,/services/
ما المطلوب لعمل بحث جامعي للباحثين في الكويت؟,الأبحاث الجامعية,commercial,ar,/services/
أحتاج خبيرًا في بحث جامعي للباحثين في الكويت,الأبحاث الجامعية,commercial,ar,/services/
طلب خدمة بحث جامعي للباحثين في الكويت,الأبحاث الجامعية,commercial,ar,/services/
كيف أعد بحث جامعي لجامعة الكويت؟,الأبحاث الجامعية,commercial,ar,/services/
من يساعدني في بحث جامعي لجامعة الكويت؟,الأبحاث الجامعية,commercial,ar,/services/
أحتاج بحث جامعي لجامعة الكويت أحتاج تصحيح الأخطاء وتنسيقها,الأبحاث الجامعية,commercial,ar,/services/
أفضل طريقة لعمل بحث جامعي لجامعة الكويت,الأبحاث الجامعية,commercial,ar,/services/
أين أجد خدمة بحث جامعي لجامعة الكويت؟,الأبحاث الجامعية,commercial,ar,/services/
هل توجد مساعدة في بحث جامعي لجامعة الكويت؟,الأبحاث الجامعية,commercial,ar,/services/
أريد بحث جامعي لجامعة الكويت بجودة أكاديمية,الأبحاث الجامعية,commercial,ar,/services/
مساعدة طالب في بحث جامعي لجامعة الكويت,الأبحاث الجامعية,commercial,ar,/services/
خدمة بحث جامعي لجامعة الكويت بسرية,الأبحاث الجامعية,commercial,ar,/services/
كم يستغرق إعداد بحث جامعي لجامعة الكويت؟,الأبحاث الجامعية,commercial,ar,/services/
ما المطلوب لعمل بحث جامعي لجامعة الكويت؟,الأبحاث الجامعية,commercial,ar,/services/
أحتاج خبيرًا في بحث جامعي لجامعة الكويت,الأبحاث الجامعية,commercial,ar,/services/
طلب خدمة بحث جامعي لجامعة الكويت,الأبحاث الجامعية,commercial,ar,/services/
كيف أعد بحث جامعي للجامعات الكويتية؟,الأبحاث الجامعية,commercial,ar,/services/
من يساعدني في بحث جامعي للجامعات الكويتية؟,الأبحاث الجامعية,commercial,ar,/services/
أحتاج بحث جامعي للجامعات الكويتية أريد تجهيزها للمناقشة,الأبحاث الجامعية,commercial,ar,/services/
أفضل طريقة لعمل بحث جامعي للجامعات الكويتية,الأبحاث الجامعية,commercial,ar,/services/
أين أجد خدمة بحث جامعي للجامعات الكويتية؟,الأبحاث الجامعية,commercial,ar,/services/
هل توجد مساعدة في بحث جامعي للجامعات الكويتية؟,الأبحاث الجامعية,commercial,ar,/services/
أريد بحث جامعي للجامعات الكويتية بجودة أكاديمية,الأبحاث الجامعية,commercial,ar,/services/
مساعدة طالب في بحث جامعي للجامعات الكويتية,الأبحاث الجامعية,commercial,ar,/services/
خدمة بحث جامعي للجامعات الكويتية بسرية,الأبحاث الجامعية,commercial,ar,/services/
كم يستغرق إعداد بحث جامعي للجامعات الكويتية؟,الأبحاث الجامعية,commercial,ar,/services/
ما المطلوب لعمل بحث جامعي للجامعات الكويتية؟,الأبحاث الجامعية,commercial,ar,/services/
أحتاج خبيرًا في بحث جامعي للجامعات الكويتية,الأبحاث الجامعية,commercial,ar,/services/
طلب خدمة بحث جامعي للجامعات الكويتية,الأبحاث الجامعية,commercial,ar,/services/
كيف أعد بحث جامعي لطالب ماجستير في الكويت؟,الأبحاث الجامعية,commercial,ar,/services/
من يساعدني في بحث جامعي لطالب ماجستير في الكويت؟,الأبحاث الجامعية,commercial,ar,/services/
أحتاج بحث جامعي لطالب ماجستير في الكويت أحتاج مساعدة عاجلة,الأبحاث الجامعية,commercial,ar,/services/
أفضل طريقة لعمل بحث جامعي لطالب ماجستير في الكويت,الأبحاث الجامعية,commercial,ar,/services/
أين أجد خدمة بحث جامعي لطالب ماجستير في الكويت؟,الأبحاث الجامعية,commercial,ar,/services/
هل توجد مساعدة في بحث جامعي لطالب ماجستير في الكويت؟,الأبحاث الجامعية,commercial,ar,/services/
أريد بحث جامعي لطالب ماجستير في الكويت بجودة أكاديمية,الأبحاث الجامعية,commercial,ar,/services/
مساعدة طالب في بحث جامعي لطالب ماجستير في الكويت,الأبحاث الجامعية,commercial,ar,/services/
خدمة بحث جامعي لطالب ماجستير في الكويت بسرية,الأبحاث الجامعية,commercial,ar,/services/
كم يستغرق إعداد بحث جامعي لطالب ماجستير في الكويت؟,الأبحاث الجامعية,commercial,ar,/services/
ما المطلوب لعمل بحث جامعي لطالب ماجستير في الكويت؟,الأبحاث الجامعية,commercial,ar,/services/
أحتاج خبيرًا في بحث جامعي لطالب ماجستير في الكويت,الأبحاث الجامعية,commercial,ar,/services/
طلب خدمة بحث جامعي لطالب ماجستير في الكويت,الأبحاث الجامعية,commercial,ar,/services/
كيف أعد بحث جامعي لطالب دكتوراه في الكويت؟,الأبحاث الجامعية,commercial,ar,/services/
من يساعدني في بحث جامعي لطالب دكتوراه في الكويت؟,الأبحاث الجامعية,commercial,ar,/services/
أحتاج بحث جامعي لطالب دكتوراه في الكويت أريد إنجازها بطريقة أكاديمية,الأبحاث الجامعية,commercial,ar,/services/
أفضل طريقة لعمل بحث جامعي لطالب دكتوراه في الكويت,الأبحاث الجامعية,commercial,ar,/services/
أين أجد خدمة بحث جامعي لطالب دكتوراه في الكويت؟,الأبحاث الجامعية,commercial,ar,/services/
هل توجد مساعدة في بحث جامعي لطالب دكتوراه في الكويت؟,الأبحاث الجامعية,commercial,ar,/services/
أريد بحث جامعي لطالب دكتوراه في الكويت بجودة أكاديمية,الأبحاث الجامعية,commercial,ar,/services/
مساعدة طالب في بحث جامعي لطالب دكتوراه في الكويت,الأبحاث الجامعية,commercial,ar,/services/
خدمة بحث جامعي لطالب دكتوراه في الكويت بسرية,الأبحاث الجامعية,commercial,ar,/services/
كم يستغرق إعداد بحث جامعي لطالب دكتوراه في الكويت؟,الأبحاث الجامعية,commercial,ar,/services/
ما المطلوب لعمل بحث جامعي لطالب دكتوراه في الكويت؟,الأبحاث الجامعية,commercial,ar,/services/
أحتاج خبيرًا في بحث جامعي لطالب دكتوراه في الكويت,الأبحاث الجامعية,commercial,ar,/services/
طلب خدمة بحث جامعي لطالب دكتوراه في الكويت,الأبحاث الجامعية,commercial,ar,/services/
كيف أعد بحث جامعي في جامعة خاصة بالكويت؟,الأبحاث الجامعية,commercial,ar,/services/
من يساعدني في بحث جامعي في جامعة خاصة بالكويت؟,الأبحاث الجامعية,commercial,ar,/services/
أحتاج بحث جامعي في جامعة خاصة بالكويت أحتاج نموذجًا وخطة واضحة,الأبحاث الجامعية,commercial,ar,/services/
أفضل طريقة لعمل بحث جامعي في جامعة خاصة بالكويت,الأبحاث الجامعية,commercial,ar,/services/
أين أجد خدمة بحث جامعي في جامعة خاصة بالكويت؟,الأبحاث الجامعية,commercial,ar,/services/
هل توجد مساعدة في بحث جامعي في جامعة خاصة بالكويت؟,الأبحاث الجامعية,commercial,ar,/services/
أريد بحث جامعي في جامعة خاصة بالكويت بجودة أكاديمية,الأبحاث الجامعية,commercial,ar,/services/
مساعدة طالب في بحث جامعي في جامعة خاصة بالكويت,الأبحاث الجامعية,commercial,ar,/services/
خدمة بحث جامعي في جامعة خاصة بالكويت بسرية,الأبحاث الجامعية,commercial,ar,/services/
كم يستغرق إعداد بحث جامعي في جامعة خاصة بالكويت؟,الأبحاث الجامعية,commercial,ar,/services/
ما المطلوب لعمل بحث جامعي في جامعة خاصة بالكويت؟,الأبحاث الجامعية,commercial,ar,/services/
أحتاج خبيرًا في بحث جامعي في جامعة خاصة بالكويت,الأبحاث الجامعية,commercial,ar,/services/
طلب خدمة بحث جامعي في جامعة خاصة بالكويت,الأبحاث الجامعية,commercial,ar,/services/
كيف أعد بحث جامعي في التعليم التطبيقي بالكويت؟,الأبحاث الجامعية,commercial,ar,/services/
من يساعدني في بحث جامعي في التعليم التطبيقي بالكويت؟,الأبحاث الجامعية,commercial,ar,/services/
أحتاج بحث جامعي في التعليم التطبيقي بالكويت لا أعرف من أين أبدأ,الأبحاث الجامعية,commercial,ar,/services/
أفضل طريقة لعمل بحث جامعي في التعليم التطبيقي بالكويت,الأبحاث الجامعية,commercial,ar,/services/
أين أجد خدمة بحث جامعي في التعليم التطبيقي بالكويت؟,الأبحاث الجامعية,commercial,ar,/services/
هل توجد مساعدة في بحث جامعي في التعليم التطبيقي بالكويت؟,الأبحاث الجامعية,commercial,ar,/services/
أريد بحث جامعي في التعليم التطبيقي بالكويت بجودة أكاديمية,الأبحاث الجامعية,commercial,ar,/services/
مساعدة طالب في بحث جامعي في التعليم التطبيقي بالكويت,الأبحاث الجامعية,commercial,ar,/services/
خدمة بحث جامعي في التعليم التطبيقي بالكويت بسرية,الأبحاث الجامعية,commercial,ar,/services/
كم يستغرق إعداد بحث جامعي في التعليم التطبيقي بالكويت؟,الأبحاث الجامعية,commercial,ar,/services/
ما المطلوب لعمل بحث جامعي في التعليم التطبيقي بالكويت؟,الأبحاث الجامعية,commercial,ar,/services/
أحتاج خبيرًا في بحث جامعي في التعليم التطبيقي بالكويت,الأبحاث الجامعية,commercial,ar,/services/
طلب خدمة بحث جامعي في التعليم التطبيقي بالكويت,الأبحاث الجامعية,commercial,ar,/services/
كيف أعد بحث تخرج في الكويت؟,أبحاث التخرج,commercial,ar,/services/
من يساعدني في بحث تخرج في الكويت؟,أبحاث التخرج,commercial,ar,/services/
أحتاج بحث تخرج في الكويت أريد مراجعة عملي قبل التسليم,أبحاث التخرج,commercial,ar,/services/
أفضل طريقة لعمل بحث تخرج في الكويت,أبحاث التخرج,commercial,ar,/services/
أين أجد خدمة بحث تخرج في الكويت؟,أبحاث التخرج,commercial,ar,/services/
هل توجد مساعدة في بحث تخرج في الكويت؟,أبحاث التخرج,commercial,ar,/services/
أريد بحث تخرج في الكويت بجودة أكاديمية,أبحاث التخرج,commercial,ar,/services/
مساعدة طالب في بحث تخرج في الكويت,أبحاث التخرج,commercial,ar,/services/
خدمة بحث تخرج في الكويت بسرية,أبحاث التخرج,commercial,ar,/services/
كم يستغرق إعداد بحث تخرج في الكويت؟,أبحاث التخرج,commercial,ar,/services/
ما المطلوب لعمل بحث تخرج في الكويت؟,أبحاث التخرج,commercial,ar,/services/
كيف أراجع بحث تخرج قبل التسليم؟,أبحاث التخرج,commercial,ar,/services/
هل يمكن شرح بحث تخرج للطالب؟,أبحاث التخرج,commercial,ar,/services/
أحتاج خبيرًا في بحث تخرج في الكويت,أبحاث التخرج,commercial,ar,/services/
طلب خدمة بحث تخرج في الكويت,أبحاث التخرج,commercial,ar,/services/
كيف أعد بحث تخرج بالكويت؟,أبحاث التخرج,commercial,ar,/services/
من يساعدني في بحث تخرج بالكويت؟,أبحاث التخرج,commercial,ar,/services/
أحتاج بحث تخرج بالكويت أحتاج نموذجًا وخطة واضحة,أبحاث التخرج,commercial,ar,/services/
أفضل طريقة لعمل بحث تخرج بالكويت,أبحاث التخرج,commercial,ar,/services/
أين أجد خدمة بحث تخرج بالكويت؟,أبحاث التخرج,commercial,ar,/services/
هل توجد مساعدة في بحث تخرج بالكويت؟,أبحاث التخرج,commercial,ar,/services/
أريد بحث تخرج بالكويت بجودة أكاديمية,أبحاث التخرج,commercial,ar,/services/
مساعدة طالب في بحث تخرج بالكويت,أبحاث التخرج,commercial,ar,/services/
خدمة بحث تخرج بالكويت بسرية,أبحاث التخرج,commercial,ar,/services/
كم يستغرق إعداد بحث تخرج بالكويت؟,أبحاث التخرج,commercial,ar,/services/
ما المطلوب لعمل بحث تخرج بالكويت؟,أبحاث التخرج,commercial,ar,/services/
أحتاج خبيرًا في بحث تخرج بالكويت,أبحاث التخرج,commercial,ar,/services/
طلب خدمة بحث تخرج بالكويت,أبحاث التخرج,commercial,ar,/services/
كيف أعد بحث تخرج للطلاب في الكويت؟,أبحاث التخرج,commercial,ar,/services/
من يساعدني في بحث تخرج للطلاب في الكويت؟,أبحاث التخرج,commercial,ar,/services/
أحتاج بحث تخرج للطلاب في الكويت لا أعرف من أين أبدأ,أبحاث التخرج,commercial,ar,/services/
أفضل طريقة لعمل بحث تخرج للطلاب في الكويت,أبحاث التخرج,commercial,ar,/services/
أين أجد خدمة بحث تخرج للطلاب في الكويت؟,أبحاث التخرج,commercial,ar,/services/
هل توجد مساعدة في بحث تخرج للطلاب في الكويت؟,أبحاث التخرج,commercial,ar,/services/
أريد بحث تخرج للطلاب في الكويت بجودة أكاديمية,أبحاث التخرج,commercial,ar,/services/
مساعدة طالب في بحث تخرج للطلاب في الكويت,أبحاث التخرج,commercial,ar,/services/
خدمة بحث تخرج للطلاب في الكويت بسرية,أبحاث التخرج,commercial,ar,/services/
كم يستغرق إعداد بحث تخرج للطلاب في الكويت؟,أبحاث التخرج,commercial,ar,/services/
ما المطلوب لعمل بحث تخرج للطلاب في الكويت؟,أبحاث التخرج,commercial,ar,/services/
أحتاج خبيرًا في بحث تخرج للطلاب في الكويت,أبحاث التخرج,commercial,ar,/services/
طلب خدمة بحث تخرج للطلاب في الكويت,أبحاث التخرج,commercial,ar,/services/
كيف أعد بحث تخرج للباحثين في الكويت؟,أبحاث التخرج,commercial,ar,/services/
من يساعدني في بحث تخرج للباحثين في الكويت؟,أبحاث التخرج,commercial,ar,/services/
أحتاج بحث تخرج للباحثين في الكويت أحتاج شخصًا يشرح لي الخطوات,أبحاث التخرج,commercial,ar,/services/
أفضل طريقة لعمل بحث تخرج للباحثين في الكويت,أبحاث التخرج,commercial,ar,/services/
أين أجد خدمة بحث تخرج للباحثين في الكويت؟,أبحاث التخرج,commercial,ar,/services/
هل توجد مساعدة في بحث تخرج للباحثين في الكويت؟,أبحاث التخرج,commercial,ar,/services/
أريد بحث تخرج للباحثين في الكويت بجودة أكاديمية,أبحاث التخرج,commercial,ar,/services/
مساعدة طالب في بحث تخرج للباحثين في الكويت,أبحاث التخرج,commercial,ar,/services/
خدمة بحث تخرج للباحثين في الكويت بسرية,أبحاث التخرج,commercial,ar,/services/
كم يستغرق إعداد بحث تخرج للباحثين في الكويت؟,أبحاث التخرج,commercial,ar,/services/
ما المطلوب لعمل بحث تخرج للباحثين في الكويت؟,أبحاث التخرج,commercial,ar,/services/
أحتاج خبيرًا في بحث تخرج للباحثين في الكويت,أبحاث التخرج,commercial,ar,/services/
طلب خدمة بحث تخرج للباحثين في الكويت,أبحاث التخرج,commercial,ar,/services/
كيف أعد بحث تخرج لجامعة الكويت؟,أبحاث التخرج,commercial,ar,/services/
من يساعدني في بحث تخرج لجامعة الكويت؟,أبحاث التخرج,commercial,ar,/services/
أحتاج بحث تخرج لجامعة الكويت أريد فهم النتائج وكتابتها,أبحاث التخرج,commercial,ar,/services/
أفضل طريقة لعمل بحث تخرج لجامعة الكويت,أبحاث التخرج,commercial,ar,/services/
أين أجد خدمة بحث تخرج لجامعة الكويت؟,أبحاث التخرج,commercial,ar,/services/
هل توجد مساعدة في بحث تخرج لجامعة الكويت؟,أبحاث التخرج,commercial,ar,/services/
أريد بحث تخرج لجامعة الكويت بجودة أكاديمية,أبحاث التخرج,commercial,ar,/services/
مساعدة طالب في بحث تخرج لجامعة الكويت,أبحاث التخرج,commercial,ar,/services/
خدمة بحث تخرج لجامعة الكويت بسرية,أبحاث التخرج,commercial,ar,/services/
كم يستغرق إعداد بحث تخرج لجامعة الكويت؟,أبحاث التخرج,commercial,ar,/services/
ما المطلوب لعمل بحث تخرج لجامعة الكويت؟,أبحاث التخرج,commercial,ar,/services/
أحتاج خبيرًا في بحث تخرج لجامعة الكويت,أبحاث التخرج,commercial,ar,/services/
طلب خدمة بحث تخرج لجامعة الكويت,أبحاث التخرج,commercial,ar,/services/
كيف أعد بحث تخرج للجامعات الكويتية؟,أبحاث التخرج,commercial,ar,/services/
من يساعدني في بحث تخرج للجامعات الكويتية؟,أبحاث التخرج,commercial,ar,/services/
أحتاج بحث تخرج للجامعات الكويتية أحتاج رأيًا أكاديميًا في عملي,أبحاث التخرج,commercial,ar,/services/
أفضل طريقة لعمل بحث تخرج للجامعات الكويتية,أبحاث التخرج,commercial,ar,/services/
أين أجد خدمة بحث تخرج للجامعات الكويتية؟,أبحاث التخرج,commercial,ar,/services/
هل توجد مساعدة في بحث تخرج للجامعات الكويتية؟,أبحاث التخرج,commercial,ar,/services/
أريد بحث تخرج للجامعات الكويتية بجودة أكاديمية,أبحاث التخرج,commercial,ar,/services/
مساعدة طالب في بحث تخرج للجامعات الكويتية,أبحاث التخرج,commercial,ar,/services/
خدمة بحث تخرج للجامعات الكويتية بسرية,أبحاث التخرج,commercial,ar,/services/
كم يستغرق إعداد بحث تخرج للجامعات الكويتية؟,أبحاث التخرج,commercial,ar,/services/
ما المطلوب لعمل بحث تخرج للجامعات الكويتية؟,أبحاث التخرج,commercial,ar,/services/
أحتاج خبيرًا في بحث تخرج للجامعات الكويتية,أبحاث التخرج,commercial,ar,/services/
طلب خدمة بحث تخرج للجامعات الكويتية,أبحاث التخرج,commercial,ar,/services/
كيف أعد بحث تخرج لطالب ماجستير في الكويت؟,أبحاث التخرج,commercial,ar,/services/
من يساعدني في بحث تخرج لطالب ماجستير في الكويت؟,أبحاث التخرج,commercial,ar,/services/
أحتاج بحث تخرج لطالب ماجستير في الكويت أريد مراجعة عملي قبل التسليم,أبحاث التخرج,commercial,ar,/services/
أفضل طريقة لعمل بحث تخرج لطالب ماجستير في الكويت,أبحاث التخرج,commercial,ar,/services/
أين أجد خدمة بحث تخرج لطالب ماجستير في الكويت؟,أبحاث التخرج,commercial,ar,/services/
هل توجد مساعدة في بحث تخرج لطالب ماجستير في الكويت؟,أبحاث التخرج,commercial,ar,/services/
أريد بحث تخرج لطالب ماجستير في الكويت بجودة أكاديمية,أبحاث التخرج,commercial,ar,/services/
مساعدة طالب في بحث تخرج لطالب ماجستير في الكويت,أبحاث التخرج,commercial,ar,/services/
خدمة بحث تخرج لطالب ماجستير في الكويت بسرية,أبحاث التخرج,commercial,ar,/services/
كم يستغرق إعداد بحث تخرج لطالب ماجستير في الكويت؟,أبحاث التخرج,commercial,ar,/services/
ما المطلوب لعمل بحث تخرج لطالب ماجستير في الكويت؟,أبحاث التخرج,commercial,ar,/services/
أحتاج خبيرًا في بحث تخرج لطالب ماجستير في الكويت,أبحاث التخرج,commercial,ar,/services/
طلب خدمة بحث تخرج لطالب ماجستير في الكويت,أبحاث التخرج,commercial,ar,/services/
كيف أعد بحث تخرج لطالب دكتوراه في الكويت؟,أبحاث التخرج,commercial,ar,/services/
من يساعدني في بحث تخرج لطالب دكتوراه في الكويت؟,أبحاث التخرج,commercial,ar,/services/
أحتاج بحث تخرج لطالب دكتوراه في الكويت أحتاج تصحيح الأخطاء وتنسيقها,أبحاث التخرج,commercial,ar,/services/
أفضل طريقة لعمل بحث تخرج لطالب دكتوراه في الكويت,أبحاث التخرج,commercial,ar,/services/
أين أجد خدمة بحث تخرج لطالب دكتوراه في الكويت؟,أبحاث التخرج,commercial,ar,/services/
هل توجد مساعدة في بحث تخرج لطالب دكتوراه في الكويت؟,أبحاث التخرج,commercial,ar,/services/
أريد بحث تخرج لطالب دكتوراه في الكويت بجودة أكاديمية,أبحاث التخرج,commercial,ar,/services/
مساعدة طالب في بحث تخرج لطالب دكتوراه في الكويت,أبحاث التخرج,commercial,ar,/services/
خدمة بحث تخرج لطالب دكتوراه في الكويت بسرية,أبحاث التخرج,commercial,ar,/services/
كم يستغرق إعداد بحث تخرج لطالب دكتوراه في الكويت؟,أبحاث التخرج,commercial,ar,/services/
ما المطلوب لعمل بحث تخرج لطالب دكتوراه في الكويت؟,أبحاث التخرج,commercial,ar,/services/
أحتاج خبيرًا في بحث تخرج لطالب دكتوراه في الكويت,أبحاث التخرج,commercial,ar,/services/
طلب خدمة بحث تخرج لطالب دكتوراه في الكويت,أبحاث التخرج,commercial,ar,/services/
كيف أعد بحث تخرج في جامعة خاصة بالكويت؟,أبحاث التخرج,commercial,ar,/services/
من يساعدني في بحث تخرج في جامعة خاصة بالكويت؟,أبحاث التخرج,commercial,ar,/services/
أحتاج بحث تخرج في جامعة خاصة بالكويت أريد تجهيزها للمناقشة,أبحاث التخرج,commercial,ar,/services/
أفضل طريقة لعمل بحث تخرج في جامعة خاصة بالكويت,أبحاث التخرج,commercial,ar,/services/
أين أجد خدمة بحث تخرج في جامعة خاصة بالكويت؟,أبحاث التخرج,commercial,ar,/services/
هل توجد مساعدة في بحث تخرج في جامعة خاصة بالكويت؟,أبحاث التخرج,commercial,ar,/services/
أريد بحث تخرج في جامعة خاصة بالكويت بجودة أكاديمية,أبحاث التخرج,commercial,ar,/services/
مساعدة طالب في بحث تخرج في جامعة خاصة بالكويت,أبحاث التخرج,commercial,ar,/services/
خدمة بحث تخرج في جامعة خاصة بالكويت بسرية,أبحاث التخرج,commercial,ar,/services/
كم يستغرق إعداد بحث تخرج في جامعة خاصة بالكويت؟,أبحاث التخرج,commercial,ar,/services/
ما المطلوب لعمل بحث تخرج في جامعة خاصة بالكويت؟,أبحاث التخرج,commercial,ar,/services/
أحتاج خبيرًا في بحث تخرج في جامعة خاصة بالكويت,أبحاث التخرج,commercial,ar,/services/
طلب خدمة بحث تخرج في جامعة خاصة بالكويت,أبحاث التخرج,commercial,ar,/services/
كيف أعد بحث تخرج في التعليم التطبيقي بالكويت؟,أبحاث التخرج,commercial,ar,/services/
من يساعدني في بحث تخرج في التعليم التطبيقي بالكويت؟,أبحاث التخرج,commercial,ar,/services/
أحتاج بحث تخرج في التعليم التطبيقي بالكويت أحتاج مساعدة عاجلة,أبحاث التخرج,commercial,ar,/services/
أفضل طريقة لعمل بحث تخرج في التعليم التطبيقي بالكويت,أبحاث التخرج,commercial,ar,/services/
أين أجد خدمة بحث تخرج في التعليم التطبيقي بالكويت؟,أبحاث التخرج,commercial,ar,/services/
هل توجد مساعدة في بحث تخرج في التعليم التطبيقي بالكويت؟,أبحاث التخرج,commercial,ar,/services/
أريد بحث تخرج في التعليم التطبيقي بالكويت بجودة أكاديمية,أبحاث التخرج,commercial,ar,/services/
مساعدة طالب في بحث تخرج في التعليم التطبيقي بالكويت,أبحاث التخرج,commercial,ar,/services/
خدمة بحث تخرج في التعليم التطبيقي بالكويت بسرية,أبحاث التخرج,commercial,ar,/services/
كم يستغرق إعداد بحث تخرج في التعليم التطبيقي بالكويت؟,أبحاث التخرج,commercial,ar,/services/
ما المطلوب لعمل بحث تخرج في التعليم التطبيقي بالكويت؟,أبحاث التخرج,commercial,ar,/services/
أحتاج خبيرًا في بحث تخرج في التعليم التطبيقي بالكويت,أبحاث التخرج,commercial,ar,/services/
طلب خدمة بحث تخرج في التعليم التطبيقي بالكويت,أبحاث التخرج,commercial,ar,/services/
كيف أعد رسالة ماجستير في الكويت؟,الماجستير,commercial,ar,/services/
من يساعدني في رسالة ماجستير في الكويت؟,الماجستير,commercial,ar,/services/
أحتاج رسالة ماجستير في الكويت أحتاج رأيًا أكاديميًا في عملي,الماجستير,commercial,ar,/services/
أفضل طريقة لعمل رسالة ماجستير في الكويت,الماجستير,commercial,ar,/services/
أين أجد خدمة رسالة ماجستير في الكويت؟,الماجستير,commercial,ar,/services/
هل توجد مساعدة في رسالة ماجستير في الكويت؟,الماجستير,commercial,ar,/services/
أريد رسالة ماجستير في الكويت بجودة أكاديمية,الماجستير,commercial,ar,/services/
مساعدة طالب في رسالة ماجستير في الكويت,الماجستير,commercial,ar,/services/
خدمة رسالة ماجستير في الكويت بسرية,الماجستير,commercial,ar,/services/
كم يستغرق إعداد رسالة ماجستير في الكويت؟,الماجستير,commercial,ar,/services/
ما المطلوب لعمل رسالة ماجستير في الكويت؟,الماجستير,commercial,ar,/services/
كيف أراجع رسالة ماجستير قبل التسليم؟,الماجستير,commercial,ar,/services/
هل يمكن شرح رسالة ماجستير للطالب؟,الماجستير,commercial,ar,/services/
أحتاج خبيرًا في رسالة ماجستير في الكويت,الماجستير,commercial,ar,/services/
طلب خدمة رسالة ماجستير في الكويت,الماجستير,commercial,ar,/services/
كيف أعد رسالة ماجستير بالكويت؟,الماجستير,commercial,ar,/services/
من يساعدني في رسالة ماجستير بالكويت؟,الماجستير,commercial,ar,/services/
أحتاج رسالة ماجستير بالكويت أريد إنجازها بطريقة أكاديمية,الماجستير,commercial,ar,/services/
أفضل طريقة لعمل رسالة ماجستير بالكويت,الماجستير,commercial,ar,/services/
أين أجد خدمة رسالة ماجستير بالكويت؟,الماجستير,commercial,ar,/services/
هل توجد مساعدة في رسالة ماجستير بالكويت؟,الماجستير,commercial,ar,/services/
أريد رسالة ماجستير بالكويت بجودة أكاديمية,الماجستير,commercial,ar,/services/
مساعدة طالب في رسالة ماجستير بالكويت,الماجستير,commercial,ar,/services/
خدمة رسالة ماجستير بالكويت بسرية,الماجستير,commercial,ar,/services/
كم يستغرق إعداد رسالة ماجستير بالكويت؟,الماجستير,commercial,ar,/services/
ما المطلوب لعمل رسالة ماجستير بالكويت؟,الماجستير,commercial,ar,/services/
أحتاج خبيرًا في رسالة ماجستير بالكويت,الماجستير,commercial,ar,/services/
طلب خدمة رسالة ماجستير بالكويت,الماجستير,commercial,ar,/services/
كيف أعد رسالة ماجستير للطلاب في الكويت؟,الماجستير,commercial,ar,/services/
من يساعدني في رسالة ماجستير للطلاب في الكويت؟,الماجستير,commercial,ar,/services/
أحتاج رسالة ماجستير للطلاب في الكويت أحتاج نموذجًا وخطة واضحة,الماجستير,commercial,ar,/services/
أفضل طريقة لعمل رسالة ماجستير للطلاب في الكويت,الماجستير,commercial,ar,/services/
أين أجد خدمة رسالة ماجستير للطلاب في الكويت؟,الماجستير,commercial,ar,/services/
هل توجد مساعدة في رسالة ماجستير للطلاب في الكويت؟,الماجستير,commercial,ar,/services/
أريد رسالة ماجستير للطلاب في الكويت بجودة أكاديمية,الماجستير,commercial,ar,/services/
مساعدة طالب في رسالة ماجستير للطلاب في الكويت,الماجستير,commercial,ar,/services/
خدمة رسالة ماجستير للطلاب في الكويت بسرية,الماجستير,commercial,ar,/services/
كم يستغرق إعداد رسالة ماجستير للطلاب في الكويت؟,الماجستير,commercial,ar,/services/
ما المطلوب لعمل رسالة ماجستير للطلاب في الكويت؟,الماجستير,commercial,ar,/services/
أحتاج خبيرًا في رسالة ماجستير للطلاب في الكويت,الماجستير,commercial,ar,/services/
طلب خدمة رسالة ماجستير للطلاب في الكويت,الماجستير,commercial,ar,/services/
كيف أعد رسالة ماجستير للباحثين في الكويت؟,الماجستير,commercial,ar,/services/
من يساعدني في رسالة ماجستير للباحثين في الكويت؟,الماجستير,commercial,ar,/services/
أحتاج رسالة ماجستير للباحثين في الكويت لا أعرف من أين أبدأ,الماجستير,commercial,ar,/services/
أفضل طريقة لعمل رسالة ماجستير للباحثين في الكويت,الماجستير,commercial,ar,/services/
أين أجد خدمة رسالة ماجستير للباحثين في الكويت؟,الماجستير,commercial,ar,/services/
هل توجد مساعدة في رسالة ماجستير للباحثين في الكويت؟,الماجستير,commercial,ar,/services/
أريد رسالة ماجستير للباحثين في الكويت بجودة أكاديمية,الماجستير,commercial,ar,/services/
مساعدة طالب في رسالة ماجستير للباحثين في الكويت,الماجستير,commercial,ar,/services/
خدمة رسالة ماجستير للباحثين في الكويت بسرية,الماجستير,commercial,ar,/services/
كم يستغرق إعداد رسالة ماجستير للباحثين في الكويت؟,الماجستير,commercial,ar,/services/
ما المطلوب لعمل رسالة ماجستير للباحثين في الكويت؟,الماجستير,commercial,ar,/services/
أحتاج خبيرًا في رسالة ماجستير للباحثين في الكويت,الماجستير,commercial,ar,/services/
طلب خدمة رسالة ماجستير للباحثين في الكويت,الماجستير,commercial,ar,/services/
كيف أعد رسالة ماجستير لجامعة الكويت؟,الماجستير,commercial,ar,/services/
من يساعدني في رسالة ماجستير لجامعة الكويت؟,الماجستير,commercial,ar,/services/
أحتاج رسالة ماجستير لجامعة الكويت أحتاج شخصًا يشرح لي الخطوات,الماجستير,commercial,ar,/services/
أفضل طريقة لعمل رسالة ماجستير لجامعة الكويت,الماجستير,commercial,ar,/services/
أين أجد خدمة رسالة ماجستير لجامعة الكويت؟,الماجستير,commercial,ar,/services/
هل توجد مساعدة في رسالة ماجستير لجامعة الكويت؟,الماجستير,commercial,ar,/services/
أريد رسالة ماجستير لجامعة الكويت بجودة أكاديمية,الماجستير,commercial,ar,/services/
مساعدة طالب في رسالة ماجستير لجامعة الكويت,الماجستير,commercial,ar,/services/
خدمة رسالة ماجستير لجامعة الكويت بسرية,الماجستير,commercial,ar,/services/
كم يستغرق إعداد رسالة ماجستير لجامعة الكويت؟,الماجستير,commercial,ar,/services/
ما المطلوب لعمل رسالة ماجستير لجامعة الكويت؟,الماجستير,commercial,ar,/services/
أحتاج خبيرًا في رسالة ماجستير لجامعة الكويت,الماجستير,commercial,ar,/services/
طلب خدمة رسالة ماجستير لجامعة الكويت,الماجستير,commercial,ar,/services/
كيف أعد رسالة ماجستير للجامعات الكويتية؟,الماجستير,commercial,ar,/services/
من يساعدني في رسالة ماجستير للجامعات الكويتية؟,الماجستير,commercial,ar,/services/
أحتاج رسالة ماجستير للجامعات الكويتية أريد فهم النتائج وكتابتها,الماجستير,commercial,ar,/services/
أفضل طريقة لعمل رسالة ماجستير للجامعات الكويتية,الماجستير,commercial,ar,/services/
أين أجد خدمة رسالة ماجستير للجامعات الكويتية؟,الماجستير,commercial,ar,/services/
هل توجد مساعدة في رسالة ماجستير للجامعات الكويتية؟,الماجستير,commercial,ar,/services/
أريد رسالة ماجستير للجامعات الكويتية بجودة أكاديمية,الماجستير,commercial,ar,/services/
مساعدة طالب في رسالة ماجستير للجامعات الكويتية,الماجستير,commercial,ar,/services/
خدمة رسالة ماجستير للجامعات الكويتية بسرية,الماجستير,commercial,ar,/services/
كم يستغرق إعداد رسالة ماجستير للجامعات الكويتية؟,الماجستير,commercial,ar,/services/
ما المطلوب لعمل رسالة ماجستير للجامعات الكويتية؟,الماجستير,commercial,ar,/services/
أحتاج خبيرًا في رسالة ماجستير للجامعات الكويتية,الماجستير,commercial,ar,/services/
طلب خدمة رسالة ماجستير للجامعات الكويتية,الماجستير,commercial,ar,/services/
كيف أعد رسالة ماجستير لطالب ماجستير في الكويت؟,الماجستير,commercial,ar,/services/
من يساعدني في رسالة ماجستير لطالب ماجستير في الكويت؟,الماجستير,commercial,ar,/services/
أحتاج رسالة ماجستير لطالب ماجستير في الكويت أحتاج رأيًا أكاديميًا في عملي,الماجستير,commercial,ar,/services/
أفضل طريقة لعمل رسالة ماجستير لطالب ماجستير في الكويت,الماجستير,commercial,ar,/services/
أين أجد خدمة رسالة ماجستير لطالب ماجستير في الكويت؟,الماجستير,commercial,ar,/services/
هل توجد مساعدة في رسالة ماجستير لطالب ماجستير في الكويت؟,الماجستير,commercial,ar,/services/
أريد رسالة ماجستير لطالب ماجستير في الكويت بجودة أكاديمية,الماجستير,commercial,ar,/services/
مساعدة طالب في رسالة ماجستير لطالب ماجستير في الكويت,الماجستير,commercial,ar,/services/
خدمة رسالة ماجستير لطالب ماجستير في الكويت بسرية,الماجستير,commercial,ar,/services/
كم يستغرق إعداد رسالة ماجستير لطالب ماجستير في الكويت؟,الماجستير,commercial,ar,/services/
ما المطلوب لعمل رسالة ماجستير لطالب ماجستير في الكويت؟,الماجستير,commercial,ar,/services/
أحتاج خبيرًا في رسالة ماجستير لطالب ماجستير في الكويت,الماجستير,commercial,ar,/services/
طلب خدمة رسالة ماجستير لطالب ماجستير في الكويت,الماجستير,commercial,ar,/services/
كيف أعد رسالة ماجستير لطالب دكتوراه في الكويت؟,الماجستير,commercial,ar,/services/
من يساعدني في رسالة ماجستير لطالب دكتوراه في الكويت؟,الماجستير,commercial,ar,/services/
أحتاج رسالة ماجستير لطالب دكتوراه في الكويت أريد مراجعة عملي قبل التسليم,الماجستير,commercial,ar,/services/
أفضل طريقة لعمل رسالة ماجستير لطالب دكتوراه في الكويت,الماجستير,commercial,ar,/services/
أين أجد خدمة رسالة ماجستير لطالب دكتوراه في الكويت؟,الماجستير,commercial,ar,/services/
هل توجد مساعدة في رسالة ماجستير لطالب دكتوراه في الكويت؟,الماجستير,commercial,ar,/services/
أريد رسالة ماجستير لطالب دكتوراه في الكويت بجودة أكاديمية,الماجستير,commercial,ar,/services/
مساعدة طالب في رسالة ماجستير لطالب دكتوراه في الكويت,الماجستير,commercial,ar,/services/
خدمة رسالة ماجستير لطالب دكتوراه في الكويت بسرية,الماجستير,commercial,ar,/services/
كم يستغرق إعداد رسالة ماجستير لطالب دكتوراه في الكويت؟,الماجستير,commercial,ar,/services/
ما المطلوب لعمل رسالة ماجستير لطالب دكتوراه في الكويت؟,الماجستير,commercial,ar,/services/
أحتاج خبيرًا في رسالة ماجستير لطالب دكتوراه في الكويت,الماجستير,commercial,ar,/services/
طلب خدمة رسالة ماجستير لطالب دكتوراه في الكويت,الماجستير,commercial,ar,/services/
كيف أعد رسالة ماجستير في جامعة خاصة بالكويت؟,الماجستير,commercial,ar,/services/
من يساعدني في رسالة ماجستير في جامعة خاصة بالكويت؟,الماجستير,commercial,ar,/services/
أحتاج رسالة ماجستير في جامعة خاصة بالكويت أحتاج تصحيح الأخطاء وتنسيقها,الماجستير,commercial,ar,/services/
أفضل طريقة لعمل رسالة ماجستير في جامعة خاصة بالكويت,الماجستير,commercial,ar,/services/
أين أجد خدمة رسالة ماجستير في جامعة خاصة بالكويت؟,الماجستير,commercial,ar,/services/
هل توجد مساعدة في رسالة ماجستير في جامعة خاصة بالكويت؟,الماجستير,commercial,ar,/services/
أريد رسالة ماجستير في جامعة خاصة بالكويت بجودة أكاديمية,الماجستير,commercial,ar,/services/
مساعدة طالب في رسالة ماجستير في جامعة خاصة بالكويت,الماجستير,commercial,ar,/services/
خدمة رسالة ماجستير في جامعة خاصة بالكويت بسرية,الماجستير,commercial,ar,/services/
كم يستغرق إعداد رسالة ماجستير في جامعة خاصة بالكويت؟,الماجستير,commercial,ar,/services/
ما المطلوب لعمل رسالة ماجستير في جامعة خاصة بالكويت؟,الماجستير,commercial,ar,/services/
أحتاج خبيرًا في رسالة ماجستير في جامعة خاصة بالكويت,الماجستير,commercial,ar,/services/
طلب خدمة رسالة ماجستير في جامعة خاصة بالكويت,الماجستير,commercial,ar,/services/
كيف أعد رسالة ماجستير في التعليم التطبيقي بالكويت؟,الماجستير,commercial,ar,/services/
من يساعدني في رسالة ماجستير في التعليم التطبيقي بالكويت؟,الماجستير,commercial,ar,/services/
أحتاج رسالة ماجستير في التعليم التطبيقي بالكويت أريد تجهيزها للمناقشة,الماجستير,commercial,ar,/services/
أفضل طريقة لعمل رسالة ماجستير في التعليم التطبيقي بالكويت,الماجستير,commercial,ar,/services/
أين أجد خدمة رسالة ماجستير في التعليم التطبيقي بالكويت؟,الماجستير,commercial,ar,/services/
هل توجد مساعدة في رسالة ماجستير في التعليم التطبيقي بالكويت؟,الماجستير,commercial,ar,/services/
أريد رسالة ماجستير في التعليم التطبيقي بالكويت بجودة أكاديمية,الماجستير,commercial,ar,/services/
مساعدة طالب في رسالة ماجستير في التعليم التطبيقي بالكويت,الماجستير,commercial,ar,/services/
خدمة رسالة ماجستير في التعليم التطبيقي بالكويت بسرية,الماجستير,commercial,ar,/services/
كم يستغرق إعداد رسالة ماجستير في التعليم التطبيقي بالكويت؟,الماجستير,commercial,ar,/services/
ما المطلوب لعمل رسالة ماجستير في التعليم التطبيقي بالكويت؟,الماجستير,commercial,ar,/services/
أحتاج خبيرًا في رسالة ماجستير في التعليم التطبيقي بالكويت,الماجستير,commercial,ar,/services/
طلب خدمة رسالة ماجستير في التعليم التطبيقي بالكويت,الماجستير,commercial,ar,/services/
كيف أعد أطروحة دكتوراه في الكويت؟,الدكتوراه,commercial,ar,/services/
من يساعدني في أطروحة دكتوراه في الكويت؟,الدكتوراه,commercial,ar,/services/
أحتاج أطروحة دكتوراه في الكويت أريد مراجعة عملي قبل التسليم,الدكتوراه,commercial,ar,/services/
أفضل طريقة لعمل أطروحة دكتوراه في الكويت,الدكتوراه,commercial,ar,/services/
أين أجد خدمة أطروحة دكتوراه في الكويت؟,الدكتوراه,commercial,ar,/services/
هل توجد مساعدة في أطروحة دكتوراه في الكويت؟,الدكتوراه,commercial,ar,/services/
أريد أطروحة دكتوراه في الكويت بجودة أكاديمية,الدكتوراه,commercial,ar,/services/
مساعدة طالب في أطروحة دكتوراه في الكويت,الدكتوراه,commercial,ar,/services/
خدمة أطروحة دكتوراه في الكويت بسرية,الدكتوراه,commercial,ar,/services/
كم يستغرق إعداد أطروحة دكتوراه في الكويت؟,الدكتوراه,commercial,ar,/services/
ما المطلوب لعمل أطروحة دكتوراه في الكويت؟,الدكتوراه,commercial,ar,/services/
كيف أراجع أطروحة دكتوراه قبل التسليم؟,الدكتوراه,commercial,ar,/services/
هل يمكن شرح أطروحة دكتوراه للطالب؟,الدكتوراه,commercial,ar,/services/
أحتاج خبيرًا في أطروحة دكتوراه في الكويت,الدكتوراه,commercial,ar,/services/
طلب خدمة أطروحة دكتوراه في الكويت,الدكتوراه,commercial,ar,/services/
كيف أعد أطروحة دكتوراه بالكويت؟,الدكتوراه,commercial,ar,/services/
من يساعدني في أطروحة دكتوراه بالكويت؟,الدكتوراه,commercial,ar,/services/
أحتاج أطروحة دكتوراه بالكويت أحتاج نموذجًا وخطة واضحة,الدكتوراه,commercial,ar,/services/
أفضل طريقة لعمل أطروحة دكتوراه بالكويت,الدكتوراه,commercial,ar,/services/
أين أجد خدمة أطروحة دكتوراه بالكويت؟,الدكتوراه,commercial,ar,/services/
هل توجد مساعدة في أطروحة دكتوراه بالكويت؟,الدكتوراه,commercial,ar,/services/
أريد أطروحة دكتوراه بالكويت بجودة أكاديمية,الدكتوراه,commercial,ar,/services/
مساعدة طالب في أطروحة دكتوراه بالكويت,الدكتوراه,commercial,ar,/services/
خدمة أطروحة دكتوراه بالكويت بسرية,الدكتوراه,commercial,ar,/services/
كم يستغرق إعداد أطروحة دكتوراه بالكويت؟,الدكتوراه,commercial,ar,/services/
ما المطلوب لعمل أطروحة دكتوراه بالكويت؟,الدكتوراه,commercial,ar,/services/
أحتاج خبيرًا في أطروحة دكتوراه بالكويت,الدكتوراه,commercial,ar,/services/
طلب خدمة أطروحة دكتوراه بالكويت,الدكتوراه,commercial,ar,/services/
كيف أعد أطروحة دكتوراه للطلاب في الكويت؟,الدكتوراه,commercial,ar,/services/
من يساعدني في أطروحة دكتوراه للطلاب في الكويت؟,الدكتوراه,commercial,ar,/services/
أحتاج أطروحة دكتوراه للطلاب في الكويت لا أعرف من أين أبدأ,الدكتوراه,commercial,ar,/services/
أفضل طريقة لعمل أطروحة دكتوراه للطلاب في الكويت,الدكتوراه,commercial,ar,/services/
أين أجد خدمة أطروحة دكتوراه للطلاب في الكويت؟,الدكتوراه,commercial,ar,/services/
هل توجد مساعدة في أطروحة دكتوراه للطلاب في الكويت؟,الدكتوراه,commercial,ar,/services/
أريد أطروحة دكتوراه للطلاب في الكويت بجودة أكاديمية,الدكتوراه,commercial,ar,/services/
مساعدة طالب في أطروحة دكتوراه للطلاب في الكويت,الدكتوراه,commercial,ar,/services/
خدمة أطروحة دكتوراه للطلاب في الكويت بسرية,الدكتوراه,commercial,ar,/services/
كم يستغرق إعداد أطروحة دكتوراه للطلاب في الكويت؟,الدكتوراه,commercial,ar,/services/
ما المطلوب لعمل أطروحة دكتوراه للطلاب في الكويت؟,الدكتوراه,commercial,ar,/services/
أحتاج خبيرًا في أطروحة دكتوراه للطلاب في الكويت,الدكتوراه,commercial,ar,/services/
طلب خدمة أطروحة دكتوراه للطلاب في الكويت,الدكتوراه,commercial,ar,/services/
كيف أعد أطروحة دكتوراه للباحثين في الكويت؟,الدكتوراه,commercial,ar,/services/
من يساعدني في أطروحة دكتوراه للباحثين في الكويت؟,الدكتوراه,commercial,ar,/services/
أحتاج أطروحة دكتوراه للباحثين في الكويت أحتاج شخصًا يشرح لي الخطوات,الدكتوراه,commercial,ar,/services/
أفضل طريقة لعمل أطروحة دكتوراه للباحثين في الكويت,الدكتوراه,commercial,ar,/services/
أين أجد خدمة أطروحة دكتوراه للباحثين في الكويت؟,الدكتوراه,commercial,ar,/services/
هل توجد مساعدة في أطروحة دكتوراه للباحثين في الكويت؟,الدكتوراه,commercial,ar,/services/
أريد أطروحة دكتوراه للباحثين في الكويت بجودة أكاديمية,الدكتوراه,commercial,ar,/services/
مساعدة طالب في أطروحة دكتوراه للباحثين في الكويت,الدكتوراه,commercial,ar,/services/
خدمة أطروحة دكتوراه للباحثين في الكويت بسرية,الدكتوراه,commercial,ar,/services/
كم يستغرق إعداد أطروحة دكتوراه للباحثين في الكويت؟,الدكتوراه,commercial,ar,/services/
ما المطلوب لعمل أطروحة دكتوراه للباحثين في الكويت؟,الدكتوراه,commercial,ar,/services/
أحتاج خبيرًا في أطروحة دكتوراه للباحثين في الكويت,الدكتوراه,commercial,ar,/services/
طلب خدمة أطروحة دكتوراه للباحثين في الكويت,الدكتوراه,commercial,ar,/services/
كيف أعد أطروحة دكتوراه لجامعة الكويت؟,الدكتوراه,commercial,ar,/services/
من يساعدني في أطروحة دكتوراه لجامعة الكويت؟,الدكتوراه,commercial,ar,/services/
أحتاج أطروحة دكتوراه لجامعة الكويت أريد فهم النتائج وكتابتها,الدكتوراه,commercial,ar,/services/
أفضل طريقة لعمل أطروحة دكتوراه لجامعة الكويت,الدكتوراه,commercial,ar,/services/
أين أجد خدمة أطروحة دكتوراه لجامعة الكويت؟,الدكتوراه,commercial,ar,/services/
هل توجد مساعدة في أطروحة دكتوراه لجامعة الكويت؟,الدكتوراه,commercial,ar,/services/
أريد أطروحة دكتوراه لجامعة الكويت بجودة أكاديمية,الدكتوراه,commercial,ar,/services/
مساعدة طالب في أطروحة دكتوراه لجامعة الكويت,الدكتوراه,commercial,ar,/services/
خدمة أطروحة دكتوراه لجامعة الكويت بسرية,الدكتوراه,commercial,ar,/services/
كم يستغرق إعداد أطروحة دكتوراه لجامعة الكويت؟,الدكتوراه,commercial,ar,/services/
ما المطلوب لعمل أطروحة دكتوراه لجامعة الكويت؟,الدكتوراه,commercial,ar,/services/
أحتاج خبيرًا في أطروحة دكتوراه لجامعة الكويت,الدكتوراه,commercial,ar,/services/
طلب خدمة أطروحة دكتوراه لجامعة الكويت,الدكتوراه,commercial,ar,/services/
كيف أعد أطروحة دكتوراه للجامعات الكويتية؟,الدكتوراه,commercial,ar,/services/
من يساعدني في أطروحة دكتوراه للجامعات الكويتية؟,الدكتوراه,commercial,ar,/services/
أحتاج أطروحة دكتوراه للجامعات الكويتية أحتاج رأيًا أكاديميًا في عملي,الدكتوراه,commercial,ar,/services/
أفضل طريقة لعمل أطروحة دكتوراه للجامعات الكويتية,الدكتوراه,commercial,ar,/services/
أين أجد خدمة أطروحة دكتوراه للجامعات الكويتية؟,الدكتوراه,commercial,ar,/services/
هل توجد مساعدة في أطروحة دكتوراه للجامعات الكويتية؟,الدكتوراه,commercial,ar,/services/
أريد أطروحة دكتوراه للجامعات الكويتية بجودة أكاديمية,الدكتوراه,commercial,ar,/services/
مساعدة طالب في أطروحة دكتوراه للجامعات الكويتية,الدكتوراه,commercial,ar,/services/
خدمة أطروحة دكتوراه للجامعات الكويتية بسرية,الدكتوراه,commercial,ar,/services/
كم يستغرق إعداد أطروحة دكتوراه للجامعات الكويتية؟,الدكتوراه,commercial,ar,/services/
ما المطلوب لعمل أطروحة دكتوراه للجامعات الكويتية؟,الدكتوراه,commercial,ar,/services/
أحتاج خبيرًا في أطروحة دكتوراه للجامعات الكويتية,الدكتوراه,commercial,ar,/services/
طلب خدمة أطروحة دكتوراه للجامعات الكويتية,الدكتوراه,commercial,ar,/services/
كيف أعد أطروحة دكتوراه لطالب ماجستير في الكويت؟,الدكتوراه,commercial,ar,/services/
من يساعدني في أطروحة دكتوراه لطالب ماجستير في الكويت؟,الدكتوراه,commercial,ar,/services/
أحتاج أطروحة دكتوراه لطالب ماجستير في الكويت أريد مراجعة عملي قبل التسليم,الدكتوراه,commercial,ar,/services/
أفضل طريقة لعمل أطروحة دكتوراه لطالب ماجستير في الكويت,الدكتوراه,commercial,ar,/services/
أين أجد خدمة أطروحة دكتوراه لطالب ماجستير في الكويت؟,الدكتوراه,commercial,ar,/services/
هل توجد مساعدة في أطروحة دكتوراه لطالب ماجستير في الكويت؟,الدكتوراه,commercial,ar,/services/
أريد أطروحة دكتوراه لطالب ماجستير في الكويت بجودة أكاديمية,الدكتوراه,commercial,ar,/services/
مساعدة طالب في أطروحة دكتوراه لطالب ماجستير في الكويت,الدكتوراه,commercial,ar,/services/
خدمة أطروحة دكتوراه لطالب ماجستير في الكويت بسرية,الدكتوراه,commercial,ar,/services/
كم يستغرق إعداد أطروحة دكتوراه لطالب ماجستير في الكويت؟,الدكتوراه,commercial,ar,/services/
ما المطلوب لعمل أطروحة دكتوراه لطالب ماجستير في الكويت؟,الدكتوراه,commercial,ar,/services/
أحتاج خبيرًا في أطروحة دكتوراه لطالب ماجستير في الكويت,الدكتوراه,commercial,ar,/services/
طلب خدمة أطروحة دكتوراه لطالب ماجستير في الكويت,الدكتوراه,commercial,ar,/services/
كيف أعد أطروحة دكتوراه لطالب دكتوراه في الكويت؟,الدكتوراه,commercial,ar,/services/
من يساعدني في أطروحة دكتوراه لطالب دكتوراه في الكويت؟,الدكتوراه,commercial,ar,/services/
أحتاج أطروحة دكتوراه لطالب دكتوراه في الكويت أحتاج تصحيح الأخطاء وتنسيقها,الدكتوراه,commercial,ar,/services/
أفضل طريقة لعمل أطروحة دكتوراه لطالب دكتوراه في الكويت,الدكتوراه,commercial,ar,/services/
أين أجد خدمة أطروحة دكتوراه لطالب دكتوراه في الكويت؟,الدكتوراه,commercial,ar,/services/
هل توجد مساعدة في أطروحة دكتوراه لطالب دكتوراه في الكويت؟,الدكتوراه,commercial,ar,/services/
أريد أطروحة دكتوراه لطالب دكتوراه في الكويت بجودة أكاديمية,الدكتوراه,commercial,ar,/services/
مساعدة طالب في أطروحة دكتوراه لطالب دكتوراه في الكويت,الدكتوراه,commercial,ar,/services/
خدمة أطروحة دكتوراه لطالب دكتوراه في الكويت بسرية,الدكتوراه,commercial,ar,/services/
كم يستغرق إعداد أطروحة دكتوراه لطالب دكتوراه في الكويت؟,الدكتوراه,commercial,ar,/services/
ما المطلوب لعمل أطروحة دكتوراه لطالب دكتوراه في الكويت؟,الدكتوراه,commercial,ar,/services/
أحتاج خبيرًا في أطروحة دكتوراه لطالب دكتوراه في الكويت,الدكتوراه,commercial,ar,/services/
طلب خدمة أطروحة دكتوراه لطالب دكتوراه في الكويت,الدكتوراه,commercial,ar,/services/
كيف أعد أطروحة دكتوراه في جامعة خاصة بالكويت؟,الدكتوراه,commercial,ar,/services/
من يساعدني في أطروحة دكتوراه في جامعة خاصة بالكويت؟,الدكتوراه,commercial,ar,/services/
أحتاج أطروحة دكتوراه في جامعة خاصة بالكويت أريد تجهيزها للمناقشة,الدكتوراه,commercial,ar,/services/
أفضل طريقة لعمل أطروحة دكتوراه في جامعة خاصة بالكويت,الدكتوراه,commercial,ar,/services/
أين أجد خدمة أطروحة دكتوراه في جامعة خاصة بالكويت؟,الدكتوراه,commercial,ar,/services/
هل توجد مساعدة في أطروحة دكتوراه في جامعة خاصة بالكويت؟,الدكتوراه,commercial,ar,/services/
أريد أطروحة دكتوراه في جامعة خاصة بالكويت بجودة أكاديمية,الدكتوراه,commercial,ar,/services/
مساعدة طالب في أطروحة دكتوراه في جامعة خاصة بالكويت,الدكتوراه,commercial,ar,/services/
خدمة أطروحة دكتوراه في جامعة خاصة بالكويت بسرية,الدكتوراه,commercial,ar,/services/
كم يستغرق إعداد أطروحة دكتوراه في جامعة خاصة بالكويت؟,الدكتوراه,commercial,ar,/services/
ما المطلوب لعمل أطروحة دكتوراه في جامعة خاصة بالكويت؟,الدكتوراه,commercial,ar,/services/
أحتاج خبيرًا في أطروحة دكتوراه في جامعة خاصة بالكويت,الدكتوراه,commercial,ar,/services/
طلب خدمة أطروحة دكتوراه في جامعة خاصة بالكويت,الدكتوراه,commercial,ar,/services/
كيف أعد أطروحة دكتوراه في التعليم التطبيقي بالكويت؟,الدكتوراه,commercial,ar,/services/
من يساعدني في أطروحة دكتوراه في التعليم التطبيقي بالكويت؟,الدكتوراه,commercial,ar,/services/
أحتاج أطروحة دكتوراه في التعليم التطبيقي بالكويت أحتاج مساعدة عاجلة,الدكتوراه,commercial,ar,/services/
أفضل طريقة لعمل أطروحة دكتوراه في التعليم التطبيقي بالكويت,الدكتوراه,commercial,ar,/services/
أين أجد خدمة أطروحة دكتوراه في التعليم التطبيقي بالكويت؟,الدكتوراه,commercial,ar,/services/
هل توجد مساعدة في أطروحة دكتوراه في التعليم التطبيقي بالكويت؟,الدكتوراه,commercial,ar,/services/
أريد أطروحة دكتوراه في التعليم التطبيقي بالكويت بجودة أكاديمية,الدكتوراه,commercial,ar,/services/
مساعدة طالب في أطروحة دكتوراه في التعليم التطبيقي بالكويت,الدكتوراه,commercial,ar,/services/
خدمة أطروحة دكتوراه في التعليم التطبيقي بالكويت بسرية,الدكتوراه,commercial,ar,/services/
كم يستغرق إعداد أطروحة دكتوراه في التعليم التطبيقي بالكويت؟,الدكتوراه,commercial,ar,/services/
ما المطلوب لعمل أطروحة دكتوراه في التعليم التطبيقي بالكويت؟,الدكتوراه,commercial,ar,/services/
أحتاج خبيرًا في أطروحة دكتوراه في التعليم التطبيقي بالكويت,الدكتوراه,commercial,ar,/services/
طلب خدمة أطروحة دكتوراه في التعليم التطبيقي بالكويت,الدكتوراه,commercial,ar,/services/
كيف أعد خطة بحث في الكويت؟,خطة البحث والإطار النظري,commercial,ar,/services/
من يساعدني في خطة بحث في الكويت؟,خطة البحث والإطار النظري,commercial,ar,/services/
أحتاج خطة بحث في الكويت أحتاج نموذجًا وخطة واضحة,خطة البحث والإطار النظري,commercial,ar,/services/
أفضل طريقة لعمل خطة بحث في الكويت,خطة البحث والإطار النظري,commercial,ar,/services/
أين أجد خدمة خطة بحث في الكويت؟,خطة البحث والإطار النظري,commercial,ar,/services/
هل توجد مساعدة في خطة بحث في الكويت؟,خطة البحث والإطار النظري,commercial,ar,/services/
أريد خطة بحث في الكويت بجودة أكاديمية,خطة البحث والإطار النظري,commercial,ar,/services/
مساعدة طالب في خطة بحث في الكويت,خطة البحث والإطار النظري,commercial,ar,/services/
خدمة خطة بحث في الكويت بسرية,خطة البحث والإطار النظري,commercial,ar,/services/
كم يستغرق إعداد خطة بحث في الكويت؟,خطة البحث والإطار النظري,commercial,ar,/services/
ما المطلوب لعمل خطة بحث في الكويت؟,خطة البحث والإطار النظري,commercial,ar,/services/
كيف أراجع خطة بحث قبل التسليم؟,خطة البحث والإطار النظري,commercial,ar,/services/
هل يمكن شرح خطة بحث للطالب؟,خطة البحث والإطار النظري,commercial,ar,/services/
أحتاج خبيرًا في خطة بحث في الكويت,خطة البحث والإطار النظري,commercial,ar,/services/
طلب خدمة خطة بحث في الكويت,خطة البحث والإطار النظري,commercial,ar,/services/
كيف أعد خطة بحث بالكويت؟,خطة البحث والإطار النظري,commercial,ar,/services/
من يساعدني في خطة بحث بالكويت؟,خطة البحث والإطار النظري,commercial,ar,/services/
أحتاج خطة بحث بالكويت أريد مراجعة عملي قبل التسليم,خطة البحث والإطار النظري,commercial,ar,/services/
أفضل طريقة لعمل خطة بحث بالكويت,خطة البحث والإطار النظري,commercial,ar,/services/
أين أجد خدمة خطة بحث بالكويت؟,خطة البحث والإطار النظري,commercial,ar,/services/
هل توجد مساعدة في خطة بحث بالكويت؟,خطة البحث والإطار النظري,commercial,ar,/services/
أريد خطة بحث بالكويت بجودة أكاديمية,خطة البحث والإطار النظري,commercial,ar,/services/
مساعدة طالب في خطة بحث بالكويت,خطة البحث والإطار النظري,commercial,ar,/services/
خدمة خطة بحث بالكويت بسرية,خطة البحث والإطار النظري,commercial,ar,/services/
كم يستغرق إعداد خطة بحث بالكويت؟,خطة البحث والإطار النظري,commercial,ar,/services/
ما المطلوب لعمل خطة بحث بالكويت؟,خطة البحث والإطار النظري,commercial,ar,/services/
أحتاج خبيرًا في خطة بحث بالكويت,خطة البحث والإطار النظري,commercial,ar,/services/
طلب خدمة خطة بحث بالكويت,خطة البحث والإطار النظري,commercial,ar,/services/
كيف أعد خطة بحث للطلاب في الكويت؟,خطة البحث والإطار النظري,commercial,ar,/services/
من يساعدني في خطة بحث للطلاب في الكويت؟,خطة البحث والإطار النظري,commercial,ar,/services/
أحتاج خطة بحث للطلاب في الكويت أحتاج تصحيح الأخطاء وتنسيقها,خطة البحث والإطار النظري,commercial,ar,/services/
أفضل طريقة لعمل خطة بحث للطلاب في الكويت,خطة البحث والإطار النظري,commercial,ar,/services/
أين أجد خدمة خطة بحث للطلاب في الكويت؟,خطة البحث والإطار النظري,commercial,ar,/services/
هل توجد مساعدة في خطة بحث للطلاب في الكويت؟,خطة البحث والإطار النظري,commercial,ar,/services/
أريد خطة بحث للطلاب في الكويت بجودة أكاديمية,خطة البحث والإطار النظري,commercial,ar,/services/
مساعدة طالب في خطة بحث للطلاب في الكويت,خطة البحث والإطار النظري,commercial,ar,/services/
خدمة خطة بحث للطلاب في الكويت بسرية,خطة البحث والإطار النظري,commercial,ar,/services/
كم يستغرق إعداد خطة بحث للطلاب في الكويت؟,خطة البحث والإطار النظري,commercial,ar,/services/
ما المطلوب لعمل خطة بحث للطلاب في الكويت؟,خطة البحث والإطار النظري,commercial,ar,/services/
أحتاج خبيرًا في خطة بحث للطلاب في الكويت,خطة البحث والإطار النظري,commercial,ar,/services/
طلب خدمة خطة بحث للطلاب في الكويت,خطة البحث والإطار النظري,commercial,ar,/services/
كيف أعد خطة بحث للباحثين في الكويت؟,خطة البحث والإطار النظري,commercial,ar,/services/
من يساعدني في خطة بحث للباحثين في الكويت؟,خطة البحث والإطار النظري,commercial,ar,/services/
أحتاج خطة بحث للباحثين في الكويت أريد تجهيزها للمناقشة,خطة البحث والإطار النظري,commercial,ar,/services/
أفضل طريقة لعمل خطة بحث للباحثين في الكويت,خطة البحث والإطار النظري,commercial,ar,/services/
أين أجد خدمة خطة بحث للباحثين في الكويت؟,خطة البحث والإطار النظري,commercial,ar,/services/
هل توجد مساعدة في خطة بحث للباحثين في الكويت؟,خطة البحث والإطار النظري,commercial,ar,/services/
أريد خطة بحث للباحثين في الكويت بجودة أكاديمية,خطة البحث والإطار النظري,commercial,ar,/services/
مساعدة طالب في خطة بحث للباحثين في الكويت,خطة البحث والإطار النظري,commercial,ar,/services/
خدمة خطة بحث للباحثين في الكويت بسرية,خطة البحث والإطار النظري,commercial,ar,/services/
كم يستغرق إعداد خطة بحث للباحثين في الكويت؟,خطة البحث والإطار النظري,commercial,ar,/services/
ما المطلوب لعمل خطة بحث للباحثين في الكويت؟,خطة البحث والإطار النظري,commercial,ar,/services/
أحتاج خبيرًا في خطة بحث للباحثين في الكويت,خطة البحث والإطار النظري,commercial,ar,/services/
طلب خدمة خطة بحث للباحثين في الكويت,خطة البحث والإطار النظري,commercial,ar,/services/
كيف أعد خطة بحث لجامعة الكويت؟,خطة البحث والإطار النظري,commercial,ar,/services/
من يساعدني في خطة بحث لجامعة الكويت؟,خطة البحث والإطار النظري,commercial,ar,/services/
أحتاج خطة بحث لجامعة الكويت أحتاج مساعدة عاجلة,خطة البحث والإطار النظري,commercial,ar,/services/
أفضل طريقة لعمل خطة بحث لجامعة الكويت,خطة البحث والإطار النظري,commercial,ar,/services/
أين أجد خدمة خطة بحث لجامعة الكويت؟,خطة البحث والإطار النظري,commercial,ar,/services/
هل توجد مساعدة في خطة بحث لجامعة الكويت؟,خطة البحث والإطار النظري,commercial,ar,/services/
أريد خطة بحث لجامعة الكويت بجودة أكاديمية,خطة البحث والإطار النظري,commercial,ar,/services/
مساعدة طالب في خطة بحث لجامعة الكويت,خطة البحث والإطار النظري,commercial,ar,/services/
خدمة خطة بحث لجامعة الكويت بسرية,خطة البحث والإطار النظري,commercial,ar,/services/
كم يستغرق إعداد خطة بحث لجامعة الكويت؟,خطة البحث والإطار النظري,commercial,ar,/services/
ما المطلوب لعمل خطة بحث لجامعة الكويت؟,خطة البحث والإطار النظري,commercial,ar,/services/
أحتاج خبيرًا في خطة بحث لجامعة الكويت,خطة البحث والإطار النظري,commercial,ar,/services/
طلب خدمة خطة بحث لجامعة الكويت,خطة البحث والإطار النظري,commercial,ar,/services/
كيف أعد خطة بحث للجامعات الكويتية؟,خطة البحث والإطار النظري,commercial,ar,/services/
من يساعدني في خطة بحث للجامعات الكويتية؟,خطة البحث والإطار النظري,commercial,ar,/services/
أحتاج خطة بحث للجامعات الكويتية أريد إنجازها بطريقة أكاديمية,خطة البحث والإطار النظري,commercial,ar,/services/
أفضل طريقة لعمل خطة بحث للجامعات الكويتية,خطة البحث والإطار النظري,commercial,ar,/services/
أين أجد خدمة خطة بحث للجامعات الكويتية؟,خطة البحث والإطار النظري,commercial,ar,/services/
هل توجد مساعدة في خطة بحث للجامعات الكويتية؟,خطة البحث والإطار النظري,commercial,ar,/services/
أريد خطة بحث للجامعات الكويتية بجودة أكاديمية,خطة البحث والإطار النظري,commercial,ar,/services/
مساعدة طالب في خطة بحث للجامعات الكويتية,خطة البحث والإطار النظري,commercial,ar,/services/
خدمة خطة بحث للجامعات الكويتية بسرية,خطة البحث والإطار النظري,commercial,ar,/services/
كم يستغرق إعداد خطة بحث للجامعات الكويتية؟,خطة البحث والإطار النظري,commercial,ar,/services/
ما المطلوب لعمل خطة بحث للجامعات الكويتية؟,خطة البحث والإطار النظري,commercial,ar,/services/
أحتاج خبيرًا في خطة بحث للجامعات الكويتية,خطة البحث والإطار النظري,commercial,ar,/services/
طلب خدمة خطة بحث للجامعات الكويتية,خطة البحث والإطار النظري,commercial,ar,/services/
كيف أعد خطة بحث لطالب ماجستير في الكويت؟,خطة البحث والإطار النظري,commercial,ar,/services/
من يساعدني في خطة بحث لطالب ماجستير في الكويت؟,خطة البحث والإطار النظري,commercial,ar,/services/
أحتاج خطة بحث لطالب ماجستير في الكويت أحتاج نموذجًا وخطة واضحة,خطة البحث والإطار النظري,commercial,ar,/services/
أفضل طريقة لعمل خطة بحث لطالب ماجستير في الكويت,خطة البحث والإطار النظري,commercial,ar,/services/
أين أجد خدمة خطة بحث لطالب ماجستير في الكويت؟,خطة البحث والإطار النظري,commercial,ar,/services/
هل توجد مساعدة في خطة بحث لطالب ماجستير في الكويت؟,خطة البحث والإطار النظري,commercial,ar,/services/
أريد خطة بحث لطالب ماجستير في الكويت بجودة أكاديمية,خطة البحث والإطار النظري,commercial,ar,/services/
مساعدة طالب في خطة بحث لطالب ماجستير في الكويت,خطة البحث والإطار النظري,commercial,ar,/services/
خدمة خطة بحث لطالب ماجستير في الكويت بسرية,خطة البحث والإطار النظري,commercial,ar,/services/
كم يستغرق إعداد خطة بحث لطالب ماجستير في الكويت؟,خطة البحث والإطار النظري,commercial,ar,/services/
ما المطلوب لعمل خطة بحث لطالب ماجستير في الكويت؟,خطة البحث والإطار النظري,commercial,ar,/services/
أحتاج خبيرًا في خطة بحث لطالب ماجستير في الكويت,خطة البحث والإطار النظري,commercial,ar,/services/
طلب خدمة خطة بحث لطالب ماجستير في الكويت,خطة البحث والإطار النظري,commercial,ar,/services/
كيف أعد خطة بحث لطالب دكتوراه في الكويت؟,خطة البحث والإطار النظري,commercial,ar,/services/
من يساعدني في خطة بحث لطالب دكتوراه في الكويت؟,خطة البحث والإطار النظري,commercial,ar,/services/
أحتاج خطة بحث لطالب دكتوراه في الكويت لا أعرف من أين أبدأ,خطة البحث والإطار النظري,commercial,ar,/services/
أفضل طريقة لعمل خطة بحث لطالب دكتوراه في الكويت,خطة البحث والإطار النظري,commercial,ar,/services/
أين أجد خدمة خطة بحث لطالب دكتوراه في الكويت؟,خطة البحث والإطار النظري,commercial,ar,/services/
هل توجد مساعدة في خطة بحث لطالب دكتوراه في الكويت؟,خطة البحث والإطار النظري,commercial,ar,/services/
أريد خطة بحث لطالب دكتوراه في الكويت بجودة أكاديمية,خطة البحث والإطار النظري,commercial,ar,/services/
مساعدة طالب في خطة بحث لطالب دكتوراه في الكويت,خطة البحث والإطار النظري,commercial,ar,/services/
خدمة خطة بحث لطالب دكتوراه في الكويت بسرية,خطة البحث والإطار النظري,commercial,ar,/services/
كم يستغرق إعداد خطة بحث لطالب دكتوراه في الكويت؟,خطة البحث والإطار النظري,commercial,ar,/services/
ما المطلوب لعمل خطة بحث لطالب دكتوراه في الكويت؟,خطة البحث والإطار النظري,commercial,ar,/services/
أحتاج خبيرًا في خطة بحث لطالب دكتوراه في الكويت,خطة البحث والإطار النظري,commercial,ar,/services/
طلب خدمة خطة بحث لطالب دكتوراه في الكويت,خطة البحث والإطار النظري,commercial,ar,/services/
كيف أعد خطة بحث في جامعة خاصة بالكويت؟,خطة البحث والإطار النظري,commercial,ar,/services/
من يساعدني في خطة بحث في جامعة خاصة بالكويت؟,خطة البحث والإطار النظري,commercial,ar,/services/
أحتاج خطة بحث في جامعة خاصة بالكويت أحتاج شخصًا يشرح لي الخطوات,خطة البحث والإطار النظري,commercial,ar,/services/
أفضل طريقة لعمل خطة بحث في جامعة خاصة بالكويت,خطة البحث والإطار النظري,commercial,ar,/services/
أين أجد خدمة خطة بحث في جامعة خاصة بالكويت؟,خطة البحث والإطار النظري,commercial,ar,/services/
هل توجد مساعدة في خطة بحث في جامعة خاصة بالكويت؟,خطة البحث والإطار النظري,commercial,ar,/services/
أريد خطة بحث في جامعة خاصة بالكويت بجودة أكاديمية,خطة البحث والإطار النظري,commercial,ar,/services/
مساعدة طالب في خطة بحث في جامعة خاصة بالكويت,خطة البحث والإطار النظري,commercial,ar,/services/
خدمة خطة بحث في جامعة خاصة بالكويت بسرية,خطة البحث والإطار النظري,commercial,ar,/services/
كم يستغرق إعداد خطة بحث في جامعة خاصة بالكويت؟,خطة البحث والإطار النظري,commercial,ar,/services/
ما المطلوب لعمل خطة بحث في جامعة خاصة بالكويت؟,خطة البحث والإطار النظري,commercial,ar,/services/
أحتاج خبيرًا في خطة بحث في جامعة خاصة بالكويت,خطة البحث والإطار النظري,commercial,ar,/services/
طلب خدمة خطة بحث في جامعة خاصة بالكويت,خطة البحث والإطار النظري,commercial,ar,/services/
كيف أعد خطة بحث في التعليم التطبيقي بالكويت؟,خطة البحث والإطار النظري,commercial,ar,/services/
من يساعدني في خطة بحث في التعليم التطبيقي بالكويت؟,خطة البحث والإطار النظري,commercial,ar,/services/
أحتاج خطة بحث في التعليم التطبيقي بالكويت أريد فهم النتائج وكتابتها,خطة البحث والإطار النظري,commercial,ar,/services/
أفضل طريقة لعمل خطة بحث في التعليم التطبيقي بالكويت,خطة البحث والإطار النظري,commercial,ar,/services/
أين أجد خدمة خطة بحث في التعليم التطبيقي بالكويت؟,خطة البحث والإطار النظري,commercial,ar,/services/
هل توجد مساعدة في خطة بحث في التعليم التطبيقي بالكويت؟,خطة البحث والإطار النظري,commercial,ar,/services/
أريد خطة بحث في التعليم التطبيقي بالكويت بجودة أكاديمية,خطة البحث والإطار النظري,commercial,ar,/services/
مساعدة طالب في خطة بحث في التعليم التطبيقي بالكويت,خطة البحث والإطار النظري,commercial,ar,/services/
خدمة خطة بحث في التعليم التطبيقي بالكويت بسرية,خطة البحث والإطار النظري,commercial,ar,/services/
كم يستغرق إعداد خطة بحث في التعليم التطبيقي بالكويت؟,خطة البحث والإطار النظري,commercial,ar,/services/
ما المطلوب لعمل خطة بحث في التعليم التطبيقي بالكويت؟,خطة البحث والإطار النظري,commercial,ar,/services/
أحتاج خبيرًا في خطة بحث في التعليم التطبيقي بالكويت,خطة البحث والإطار النظري,commercial,ar,/services/
طلب خدمة خطة بحث في التعليم التطبيقي بالكويت,خطة البحث والإطار النظري,commercial,ar,/services/
كيف أعد إطار نظري في الكويت؟,خطة البحث والإطار النظري,commercial,ar,/services/
من يساعدني في إطار نظري في الكويت؟,خطة البحث والإطار النظري,commercial,ar,/services/
أحتاج إطار نظري في الكويت أحتاج مساعدة عاجلة,خطة البحث والإطار النظري,commercial,ar,/services/
أفضل طريقة لعمل إطار نظري في الكويت,خطة البحث والإطار النظري,commercial,ar,/services/
أين أجد خدمة إطار نظري في الكويت؟,خطة البحث والإطار النظري,commercial,ar,/services/
هل توجد مساعدة في إطار نظري في الكويت؟,خطة البحث والإطار النظري,commercial,ar,/services/
أريد إطار نظري في الكويت بجودة أكاديمية,خطة البحث والإطار النظري,commercial,ar,/services/
مساعدة طالب في إطار نظري في الكويت,خطة البحث والإطار النظري,commercial,ar,/services/
خدمة إطار نظري في الكويت بسرية,خطة البحث والإطار النظري,commercial,ar,/services/
كم يستغرق إعداد إطار نظري في الكويت؟,خطة البحث والإطار النظري,commercial,ar,/services/
ما المطلوب لعمل إطار نظري في الكويت؟,خطة البحث والإطار النظري,commercial,ar,/services/
كيف أراجع إطار نظري قبل التسليم؟,خطة البحث والإطار النظري,commercial,ar,/services/
هل يمكن شرح إطار نظري للطالب؟,خطة البحث والإطار النظري,commercial,ar,/services/
أحتاج خبيرًا في إطار نظري في الكويت,خطة البحث والإطار النظري,commercial,ar,/services/
طلب خدمة إطار نظري في الكويت,خطة البحث والإطار النظري,commercial,ar,/services/
كيف أعد إطار نظري بالكويت؟,خطة البحث والإطار النظري,commercial,ar,/services/
من يساعدني في إطار نظري بالكويت؟,خطة البحث والإطار النظري,commercial,ar,/services/
أحتاج إطار نظري بالكويت أريد فهم النتائج وكتابتها,خطة البحث والإطار النظري,commercial,ar,/services/
أفضل طريقة لعمل إطار نظري بالكويت,خطة البحث والإطار النظري,commercial,ar,/services/
أين أجد خدمة إطار نظري بالكويت؟,خطة البحث والإطار النظري,commercial,ar,/services/
هل توجد مساعدة في إطار نظري بالكويت؟,خطة البحث والإطار النظري,commercial,ar,/services/
أريد إطار نظري بالكويت بجودة أكاديمية,خطة البحث والإطار النظري,commercial,ar,/services/
مساعدة طالب في إطار نظري بالكويت,خطة البحث والإطار النظري,commercial,ar,/services/
خدمة إطار نظري بالكويت بسرية,خطة البحث والإطار النظري,commercial,ar,/services/
كم يستغرق إعداد إطار نظري بالكويت؟,خطة البحث والإطار النظري,commercial,ar,/services/
ما المطلوب لعمل إطار نظري بالكويت؟,خطة البحث والإطار النظري,commercial,ar,/services/
أحتاج خبيرًا في إطار نظري بالكويت,خطة البحث والإطار النظري,commercial,ar,/services/
طلب خدمة إطار نظري بالكويت,خطة البحث والإطار النظري,commercial,ar,/services/
كيف أعد إطار نظري للطلاب في الكويت؟,خطة البحث والإطار النظري,commercial,ar,/services/
من يساعدني في إطار نظري للطلاب في الكويت؟,خطة البحث والإطار النظري,commercial,ar,/services/
أحتاج إطار نظري للطلاب في الكويت أحتاج رأيًا أكاديميًا في عملي,خطة البحث والإطار النظري,commercial,ar,/services/
أفضل طريقة لعمل إطار نظري للطلاب في الكويت,خطة البحث والإطار النظري,commercial,ar,/services/
أين أجد خدمة إطار نظري للطلاب في الكويت؟,خطة البحث والإطار النظري,commercial,ar,/services/
هل توجد مساعدة في إطار نظري للطلاب في الكويت؟,خطة البحث والإطار النظري,commercial,ar,/services/
أريد إطار نظري للطلاب في الكويت بجودة أكاديمية,خطة البحث والإطار النظري,commercial,ar,/services/
مساعدة طالب في إطار نظري للطلاب في الكويت,خطة البحث والإطار النظري,commercial,ar,/services/
خدمة إطار نظري للطلاب في الكويت بسرية,خطة البحث والإطار النظري,commercial,ar,/services/
كم يستغرق إعداد إطار نظري للطلاب في الكويت؟,خطة البحث والإطار النظري,commercial,ar,/services/
ما المطلوب لعمل إطار نظري للطلاب في الكويت؟,خطة البحث والإطار النظري,commercial,ar,/services/
أحتاج خبيرًا في إطار نظري للطلاب في الكويت,خطة البحث والإطار النظري,commercial,ar,/services/
طلب خدمة إطار نظري للطلاب في الكويت,خطة البحث والإطار النظري,commercial,ar,/services/
كيف أعد إطار نظري للباحثين في الكويت؟,خطة البحث والإطار النظري,commercial,ar,/services/
من يساعدني في إطار نظري للباحثين في الكويت؟,خطة البحث والإطار النظري,commercial,ar,/services/
أحتاج إطار نظري للباحثين في الكويت أريد مراجعة عملي قبل التسليم,خطة البحث والإطار النظري,commercial,ar,/services/
أفضل طريقة لعمل إطار نظري للباحثين في الكويت,خطة البحث والإطار النظري,commercial,ar,/services/
أين أجد خدمة إطار نظري للباحثين في الكويت؟,خطة البحث والإطار النظري,commercial,ar,/services/
هل توجد مساعدة في إطار نظري للباحثين في الكويت؟,خطة البحث والإطار النظري,commercial,ar,/services/
أريد إطار نظري للباحثين في الكويت بجودة أكاديمية,خطة البحث والإطار النظري,commercial,ar,/services/
مساعدة طالب في إطار نظري للباحثين في الكويت,خطة البحث والإطار النظري,commercial,ar,/services/
خدمة إطار نظري للباحثين في الكويت بسرية,خطة البحث والإطار النظري,commercial,ar,/services/
كم يستغرق إعداد إطار نظري للباحثين في الكويت؟,خطة البحث والإطار النظري,commercial,ar,/services/
ما المطلوب لعمل إطار نظري للباحثين في الكويت؟,خطة البحث والإطار النظري,commercial,ar,/services/
أحتاج خبيرًا في إطار نظري للباحثين في الكويت,خطة البحث والإطار النظري,commercial,ar,/services/
طلب خدمة إطار نظري للباحثين في الكويت,خطة البحث والإطار النظري,commercial,ar,/services/
كيف أعد إطار نظري لجامعة الكويت؟,خطة البحث والإطار النظري,commercial,ar,/services/
من يساعدني في إطار نظري لجامعة الكويت؟,خطة البحث والإطار النظري,commercial,ar,/services/
أحتاج إطار نظري لجامعة الكويت أحتاج تصحيح الأخطاء وتنسيقها,خطة البحث والإطار النظري,commercial,ar,/services/
أفضل طريقة لعمل إطار نظري لجامعة الكويت,خطة البحث والإطار النظري,commercial,ar,/services/
أين أجد خدمة إطار نظري لجامعة الكويت؟,خطة البحث والإطار النظري,commercial,ar,/services/
هل توجد مساعدة في إطار نظري لجامعة الكويت؟,خطة البحث والإطار النظري,commercial,ar,/services/
أريد إطار نظري لجامعة الكويت بجودة أكاديمية,خطة البحث والإطار النظري,commercial,ar,/services/
مساعدة طالب في إطار نظري لجامعة الكويت,خطة البحث والإطار النظري,commercial,ar,/services/
خدمة إطار نظري لجامعة الكويت بسرية,خطة البحث والإطار النظري,commercial,ar,/services/
كم يستغرق إعداد إطار نظري لجامعة الكويت؟,خطة البحث والإطار النظري,commercial,ar,/services/
ما المطلوب لعمل إطار نظري لجامعة الكويت؟,خطة البحث والإطار النظري,commercial,ar,/services/
أحتاج خبيرًا في إطار نظري لجامعة الكويت,خطة البحث والإطار النظري,commercial,ar,/services/
طلب خدمة إطار نظري لجامعة الكويت,خطة البحث والإطار النظري,commercial,ar,/services/
كيف أعد إطار نظري للجامعات الكويتية؟,خطة البحث والإطار النظري,commercial,ar,/services/
من يساعدني في إطار نظري للجامعات الكويتية؟,خطة البحث والإطار النظري,commercial,ar,/services/
أحتاج إطار نظري للجامعات الكويتية أريد تجهيزها للمناقشة,خطة البحث والإطار النظري,commercial,ar,/services/
أفضل طريقة لعمل إطار نظري للجامعات الكويتية,خطة البحث والإطار النظري,commercial,ar,/services/
أين أجد خدمة إطار نظري للجامعات الكويتية؟,خطة البحث والإطار النظري,commercial,ar,/services/
هل توجد مساعدة في إطار نظري للجامعات الكويتية؟,خطة البحث والإطار النظري,commercial,ar,/services/
أريد إطار نظري للجامعات الكويتية بجودة أكاديمية,خطة البحث والإطار النظري,commercial,ar,/services/
مساعدة طالب في إطار نظري للجامعات الكويتية,خطة البحث والإطار النظري,commercial,ar,/services/
خدمة إطار نظري للجامعات الكويتية بسرية,خطة البحث والإطار النظري,commercial,ar,/services/
كم يستغرق إعداد إطار نظري للجامعات الكويتية؟,خطة البحث والإطار النظري,commercial,ar,/services/
ما المطلوب لعمل إطار نظري للجامعات الكويتية؟,خطة البحث والإطار النظري,commercial,ar,/services/
أحتاج خبيرًا في إطار نظري للجامعات الكويتية,خطة البحث والإطار النظري,commercial,ar,/services/
طلب خدمة إطار نظري للجامعات الكويتية,خطة البحث والإطار النظري,commercial,ar,/services/
كيف أعد إطار نظري لطالب ماجستير في الكويت؟,خطة البحث والإطار النظري,commercial,ar,/services/
من يساعدني في إطار نظري لطالب ماجستير في الكويت؟,خطة البحث والإطار النظري,commercial,ar,/services/
أحتاج إطار نظري لطالب ماجستير في الكويت أحتاج مساعدة عاجلة,خطة البحث والإطار النظري,commercial,ar,/services/
أفضل طريقة لعمل إطار نظري لطالب ماجستير في الكويت,خطة البحث والإطار النظري,commercial,ar,/services/
أين أجد خدمة إطار نظري لطالب ماجستير في الكويت؟,خطة البحث والإطار النظري,commercial,ar,/services/
هل توجد مساعدة في إطار نظري لطالب ماجستير في الكويت؟,خطة البحث والإطار النظري,commercial,ar,/services/
أريد إطار نظري لطالب ماجستير في الكويت بجودة أكاديمية,خطة البحث والإطار النظري,commercial,ar,/services/
مساعدة طالب في إطار نظري لطالب ماجستير في الكويت,خطة البحث والإطار النظري,commercial,ar,/services/
خدمة إطار نظري لطالب ماجستير في الكويت بسرية,خطة البحث والإطار النظري,commercial,ar,/services/
كم يستغرق إعداد إطار نظري لطالب ماجستير في الكويت؟,خطة البحث والإطار النظري,commercial,ar,/services/
ما المطلوب لعمل إطار نظري لطالب ماجستير في الكويت؟,خطة البحث والإطار النظري,commercial,ar,/services/
أحتاج خبيرًا في إطار نظري لطالب ماجستير في الكويت,خطة البحث والإطار النظري,commercial,ar,/services/
طلب خدمة إطار نظري لطالب ماجستير في الكويت,خطة البحث والإطار النظري,commercial,ar,/services/
كيف أعد إطار نظري لطالب دكتوراه في الكويت؟,خطة البحث والإطار النظري,commercial,ar,/services/
من يساعدني في إطار نظري لطالب دكتوراه في الكويت؟,خطة البحث والإطار النظري,commercial,ar,/services/
أحتاج إطار نظري لطالب دكتوراه في الكويت أريد إنجازها بطريقة أكاديمية,خطة البحث والإطار النظري,commercial,ar,/services/
أفضل طريقة لعمل إطار نظري لطالب دكتوراه في الكويت,خطة البحث والإطار النظري,commercial,ar,/services/
أين أجد خدمة إطار نظري لطالب دكتوراه في الكويت؟,خطة البحث والإطار النظري,commercial,ar,/services/
هل توجد مساعدة في إطار نظري لطالب دكتوراه في الكويت؟,خطة البحث والإطار النظري,commercial,ar,/services/
أريد إطار نظري لطالب دكتوراه في الكويت بجودة أكاديمية,خطة البحث والإطار النظري,commercial,ar,/services/
مساعدة طالب في إطار نظري لطالب دكتوراه في الكويت,خطة البحث والإطار النظري,commercial,ar,/services/
خدمة إطار نظري لطالب دكتوراه في الكويت بسرية,خطة البحث والإطار النظري,commercial,ar,/services/
كم يستغرق إعداد إطار نظري لطالب دكتوراه في الكويت؟,خطة البحث والإطار النظري,commercial,ar,/services/
ما المطلوب لعمل إطار نظري لطالب دكتوراه في الكويت؟,خطة البحث والإطار النظري,commercial,ar,/services/
أحتاج خبيرًا في إطار نظري لطالب دكتوراه في الكويت,خطة البحث والإطار النظري,commercial,ar,/services/
طلب خدمة إطار نظري لطالب دكتوراه في الكويت,خطة البحث والإطار النظري,commercial,ar,/services/
كيف أعد إطار نظري في جامعة خاصة بالكويت؟,خطة البحث والإطار النظري,commercial,ar,/services/
من يساعدني في إطار نظري في جامعة خاصة بالكويت؟,خطة البحث والإطار النظري,commercial,ar,/services/
أحتاج إطار نظري في جامعة خاصة بالكويت أحتاج نموذجًا وخطة واضحة,خطة البحث والإطار النظري,commercial,ar,/services/
أفضل طريقة لعمل إطار نظري في جامعة خاصة بالكويت,خطة البحث والإطار النظري,commercial,ar,/services/
أين أجد خدمة إطار نظري في جامعة خاصة بالكويت؟,خطة البحث والإطار النظري,commercial,ar,/services/
هل توجد مساعدة في إطار نظري في جامعة خاصة بالكويت؟,خطة البحث والإطار النظري,commercial,ar,/services/
أريد إطار نظري في جامعة خاصة بالكويت بجودة أكاديمية,خطة البحث والإطار النظري,commercial,ar,/services/
مساعدة طالب في إطار نظري في جامعة خاصة بالكويت,خطة البحث والإطار النظري,commercial,ar,/services/
خدمة إطار نظري في جامعة خاصة بالكويت بسرية,خطة البحث والإطار النظري,commercial,ar,/services/
كم يستغرق إعداد إطار نظري في جامعة خاصة بالكويت؟,خطة البحث والإطار النظري,commercial,ar,/services/
ما المطلوب لعمل إطار نظري في جامعة خاصة بالكويت؟,خطة البحث والإطار النظري,commercial,ar,/services/
أحتاج خبيرًا في إطار نظري في جامعة خاصة بالكويت,خطة البحث والإطار النظري,commercial,ar,/services/
طلب خدمة إطار نظري في جامعة خاصة بالكويت,خطة البحث والإطار النظري,commercial,ar,/services/
كيف أعد إطار نظري في التعليم التطبيقي بالكويت؟,خطة البحث والإطار النظري,commercial,ar,/services/
من يساعدني في إطار نظري في التعليم التطبيقي بالكويت؟,خطة البحث والإطار النظري,commercial,ar,/services/
أحتاج إطار نظري في التعليم التطبيقي بالكويت لا أعرف من أين أبدأ,خطة البحث والإطار النظري,commercial,ar,/services/
أفضل طريقة لعمل إطار نظري في التعليم التطبيقي بالكويت,خطة البحث والإطار النظري,commercial,ar,/services/
أين أجد خدمة إطار نظري في التعليم التطبيقي بالكويت؟,خطة البحث والإطار النظري,commercial,ar,/services/
هل توجد مساعدة في إطار نظري في التعليم التطبيقي بالكويت؟,خطة البحث والإطار النظري,commercial,ar,/services/
أريد إطار نظري في التعليم التطبيقي بالكويت بجودة أكاديمية,خطة البحث والإطار النظري,commercial,ar,/services/
مساعدة طالب في إطار نظري في التعليم التطبيقي بالكويت,خطة البحث والإطار النظري,commercial,ar,/services/
خدمة إطار نظري في التعليم التطبيقي بالكويت بسرية,خطة البحث والإطار النظري,commercial,ar,/services/
كم يستغرق إعداد إطار نظري في التعليم التطبيقي بالكويت؟,خطة البحث والإطار النظري,commercial,ar,/services/
ما المطلوب لعمل إطار نظري في التعليم التطبيقي بالكويت؟,خطة البحث والإطار النظري,commercial,ar,/services/
أحتاج خبيرًا في إطار نظري في التعليم التطبيقي بالكويت,خطة البحث والإطار النظري,commercial,ar,/services/
طلب خدمة إطار نظري في التعليم التطبيقي بالكويت,خطة البحث والإطار النظري,commercial,ar,/services/
كيف أعد دراسات سابقة في الكويت؟,خطة البحث والإطار النظري,commercial,ar,/services/
من يساعدني في دراسات سابقة في الكويت؟,خطة البحث والإطار النظري,commercial,ar,/services/
أحتاج دراسات سابقة في الكويت أريد فهم النتائج وكتابتها,خطة البحث والإطار النظري,commercial,ar,/services/
أفضل طريقة لعمل دراسات سابقة في الكويت,خطة البحث والإطار النظري,commercial,ar,/services/
أين أجد خدمة دراسات سابقة في الكويت؟,خطة البحث والإطار النظري,commercial,ar,/services/
هل توجد مساعدة في دراسات سابقة في الكويت؟,خطة البحث والإطار النظري,commercial,ar,/services/
أريد دراسات سابقة في الكويت بجودة أكاديمية,خطة البحث والإطار النظري,commercial,ar,/services/
مساعدة طالب في دراسات سابقة في الكويت,خطة البحث والإطار النظري,commercial,ar,/services/
خدمة دراسات سابقة في الكويت بسرية,خطة البحث والإطار النظري,commercial,ar,/services/
كم يستغرق إعداد دراسات سابقة في الكويت؟,خطة البحث والإطار النظري,commercial,ar,/services/
ما المطلوب لعمل دراسات سابقة في الكويت؟,خطة البحث والإطار النظري,commercial,ar,/services/
كيف أراجع دراسات سابقة قبل التسليم؟,خطة البحث والإطار النظري,commercial,ar,/services/
هل يمكن شرح دراسات سابقة للطالب؟,خطة البحث والإطار النظري,commercial,ar,/services/
أحتاج خبيرًا في دراسات سابقة في الكويت,خطة البحث والإطار النظري,commercial,ar,/services/
طلب خدمة دراسات سابقة في الكويت,خطة البحث والإطار النظري,commercial,ar,/services/
كيف أعد دراسات سابقة بالكويت؟,خطة البحث والإطار النظري,commercial,ar,/services/
من يساعدني في دراسات سابقة بالكويت؟,خطة البحث والإطار النظري,commercial,ar,/services/
أحتاج دراسات سابقة بالكويت أحتاج مساعدة عاجلة,خطة البحث والإطار النظري,commercial,ar,/services/
أفضل طريقة لعمل دراسات سابقة بالكويت,خطة البحث والإطار النظري,commercial,ar,/services/
أين أجد خدمة دراسات سابقة بالكويت؟,خطة البحث والإطار النظري,commercial,ar,/services/
هل توجد مساعدة في دراسات سابقة بالكويت؟,خطة البحث والإطار النظري,commercial,ar,/services/
أريد دراسات سابقة بالكويت بجودة أكاديمية,خطة البحث والإطار النظري,commercial,ar,/services/
مساعدة طالب في دراسات سابقة بالكويت,خطة البحث والإطار النظري,commercial,ar,/services/
خدمة دراسات سابقة بالكويت بسرية,خطة البحث والإطار النظري,commercial,ar,/services/
كم يستغرق إعداد دراسات سابقة بالكويت؟,خطة البحث والإطار النظري,commercial,ar,/services/
ما المطلوب لعمل دراسات سابقة بالكويت؟,خطة البحث والإطار النظري,commercial,ar,/services/
أحتاج خبيرًا في دراسات سابقة بالكويت,خطة البحث والإطار النظري,commercial,ar,/services/
طلب خدمة دراسات سابقة بالكويت,خطة البحث والإطار النظري,commercial,ar,/services/
كيف أعد دراسات سابقة للطلاب في الكويت؟,خطة البحث والإطار النظري,commercial,ar,/services/
من يساعدني في دراسات سابقة للطلاب في الكويت؟,خطة البحث والإطار النظري,commercial,ar,/services/
أحتاج دراسات سابقة للطلاب في الكويت أريد إنجازها بطريقة أكاديمية,خطة البحث والإطار النظري,commercial,ar,/services/
أفضل طريقة لعمل دراسات سابقة للطلاب في الكويت,خطة البحث والإطار النظري,commercial,ar,/services/
أين أجد خدمة دراسات سابقة للطلاب في الكويت؟,خطة البحث والإطار النظري,commercial,ar,/services/
هل توجد مساعدة في دراسات سابقة للطلاب في الكويت؟,خطة البحث والإطار النظري,commercial,ar,/services/
أريد دراسات سابقة للطلاب في الكويت بجودة أكاديمية,خطة البحث والإطار النظري,commercial,ar,/services/
مساعدة طالب في دراسات سابقة للطلاب في الكويت,خطة البحث والإطار النظري,commercial,ar,/services/
خدمة دراسات سابقة للطلاب في الكويت بسرية,خطة البحث والإطار النظري,commercial,ar,/services/
كم يستغرق إعداد دراسات سابقة للطلاب في الكويت؟,خطة البحث والإطار النظري,commercial,ar,/services/
ما المطلوب لعمل دراسات سابقة للطلاب في الكويت؟,خطة البحث والإطار النظري,commercial,ar,/services/
أحتاج خبيرًا في دراسات سابقة للطلاب في الكويت,خطة البحث والإطار النظري,commercial,ar,/services/
طلب خدمة دراسات سابقة للطلاب في الكويت,خطة البحث والإطار النظري,commercial,ar,/services/
كيف أعد دراسات سابقة للباحثين في الكويت؟,خطة البحث والإطار النظري,commercial,ar,/services/
من يساعدني في دراسات سابقة للباحثين في الكويت؟,خطة البحث والإطار النظري,commercial,ar,/services/
أحتاج دراسات سابقة للباحثين في الكويت أحتاج نموذجًا وخطة واضحة,خطة البحث والإطار النظري,commercial,ar,/services/
أفضل طريقة لعمل دراسات سابقة للباحثين في الكويت,خطة البحث والإطار النظري,commercial,ar,/services/
أين أجد خدمة دراسات سابقة للباحثين في الكويت؟,خطة البحث والإطار النظري,commercial,ar,/services/
هل توجد مساعدة في دراسات سابقة للباحثين في الكويت؟,خطة البحث والإطار النظري,commercial,ar,/services/
أريد دراسات سابقة للباحثين في الكويت بجودة أكاديمية,خطة البحث والإطار النظري,commercial,ar,/services/
مساعدة طالب في دراسات سابقة للباحثين في الكويت,خطة البحث والإطار النظري,commercial,ar,/services/
خدمة دراسات سابقة للباحثين في الكويت بسرية,خطة البحث والإطار النظري,commercial,ar,/services/
كم يستغرق إعداد دراسات سابقة للباحثين في الكويت؟,خطة البحث والإطار النظري,commercial,ar,/services/
ما المطلوب لعمل دراسات سابقة للباحثين في الكويت؟,خطة البحث والإطار النظري,commercial,ar,/services/
أحتاج خبيرًا في دراسات سابقة للباحثين في الكويت,خطة البحث والإطار النظري,commercial,ar,/services/
طلب خدمة دراسات سابقة للباحثين في الكويت,خطة البحث والإطار النظري,commercial,ar,/services/
كيف أعد دراسات سابقة لجامعة الكويت؟,خطة البحث والإطار النظري,commercial,ar,/services/
من يساعدني في دراسات سابقة لجامعة الكويت؟,خطة البحث والإطار النظري,commercial,ar,/services/
أحتاج دراسات سابقة لجامعة الكويت لا أعرف من أين أبدأ,خطة البحث والإطار النظري,commercial,ar,/services/
أفضل طريقة لعمل دراسات سابقة لجامعة الكويت,خطة البحث والإطار النظري,commercial,ar,/services/
أين أجد خدمة دراسات سابقة لجامعة الكويت؟,خطة البحث والإطار النظري,commercial,ar,/services/
هل توجد مساعدة في دراسات سابقة لجامعة الكويت؟,خطة البحث والإطار النظري,commercial,ar,/services/
أريد دراسات سابقة لجامعة الكويت بجودة أكاديمية,خطة البحث والإطار النظري,commercial,ar,/services/
مساعدة طالب في دراسات سابقة لجامعة الكويت,خطة البحث والإطار النظري,commercial,ar,/services/
خدمة دراسات سابقة لجامعة الكويت بسرية,خطة البحث والإطار النظري,commercial,ar,/services/
كم يستغرق إعداد دراسات سابقة لجامعة الكويت؟,خطة البحث والإطار النظري,commercial,ar,/services/
ما المطلوب لعمل دراسات سابقة لجامعة الكويت؟,خطة البحث والإطار النظري,commercial,ar,/services/
أحتاج خبيرًا في دراسات سابقة لجامعة الكويت,خطة البحث والإطار النظري,commercial,ar,/services/
طلب خدمة دراسات سابقة لجامعة الكويت,خطة البحث والإطار النظري,commercial,ar,/services/
كيف أعد دراسات سابقة للجامعات الكويتية؟,خطة البحث والإطار النظري,commercial,ar,/services/
من يساعدني في دراسات سابقة للجامعات الكويتية؟,خطة البحث والإطار النظري,commercial,ar,/services/
أحتاج دراسات سابقة للجامعات الكويتية أحتاج شخصًا يشرح لي الخطوات,خطة البحث والإطار النظري,commercial,ar,/services/
أفضل طريقة لعمل دراسات سابقة للجامعات الكويتية,خطة البحث والإطار النظري,commercial,ar,/services/
أين أجد خدمة دراسات سابقة للجامعات الكويتية؟,خطة البحث والإطار النظري,commercial,ar,/services/
هل توجد مساعدة في دراسات سابقة للجامعات الكويتية؟,خطة البحث والإطار النظري,commercial,ar,/services/
أريد دراسات سابقة للجامعات الكويتية بجودة أكاديمية,خطة البحث والإطار النظري,commercial,ar,/services/
مساعدة طالب في دراسات سابقة للجامعات الكويتية,خطة البحث والإطار النظري,commercial,ar,/services/
خدمة دراسات سابقة للجامعات الكويتية بسرية,خطة البحث والإطار النظري,commercial,ar,/services/
كم يستغرق إعداد دراسات سابقة للجامعات الكويتية؟,خطة البحث والإطار النظري,commercial,ar,/services/
ما المطلوب لعمل دراسات سابقة للجامعات الكويتية؟,خطة البحث والإطار النظري,commercial,ar,/services/
أحتاج خبيرًا في دراسات سابقة للجامعات الكويتية,خطة البحث والإطار النظري,commercial,ar,/services/
طلب خدمة دراسات سابقة للجامعات الكويتية,خطة البحث والإطار النظري,commercial,ar,/services/
كيف أعد دراسات سابقة لطالب ماجستير في الكويت؟,خطة البحث والإطار النظري,commercial,ar,/services/
من يساعدني في دراسات سابقة لطالب ماجستير في الكويت؟,خطة البحث والإطار النظري,commercial,ar,/services/
أحتاج دراسات سابقة لطالب ماجستير في الكويت أريد فهم النتائج وكتابتها,خطة البحث والإطار النظري,commercial,ar,/services/
أفضل طريقة لعمل دراسات سابقة لطالب ماجستير في الكويت,خطة البحث والإطار النظري,commercial,ar,/services/
أين أجد خدمة دراسات سابقة لطالب ماجستير في الكويت؟,خطة البحث والإطار النظري,commercial,ar,/services/
هل توجد مساعدة في دراسات سابقة لطالب ماجستير في الكويت؟,خطة البحث والإطار النظري,commercial,ar,/services/
أريد دراسات سابقة لطالب ماجستير في الكويت بجودة أكاديمية,خطة البحث والإطار النظري,commercial,ar,/services/
مساعدة طالب في دراسات سابقة لطالب ماجستير في الكويت,خطة البحث والإطار النظري,commercial,ar,/services/
خدمة دراسات سابقة لطالب ماجستير في الكويت بسرية,خطة البحث والإطار النظري,commercial,ar,/services/
كم يستغرق إعداد دراسات سابقة لطالب ماجستير في الكويت؟,خطة البحث والإطار النظري,commercial,ar,/services/
ما المطلوب لعمل دراسات سابقة لطالب ماجستير في الكويت؟,خطة البحث والإطار النظري,commercial,ar,/services/
أحتاج خبيرًا في دراسات سابقة لطالب ماجستير في الكويت,خطة البحث والإطار النظري,commercial,ar,/services/
طلب خدمة دراسات سابقة لطالب ماجستير في الكويت,خطة البحث والإطار النظري,commercial,ar,/services/
كيف أعد دراسات سابقة لطالب دكتوراه في الكويت؟,خطة البحث والإطار النظري,commercial,ar,/services/
من يساعدني في دراسات سابقة لطالب دكتوراه في الكويت؟,خطة البحث والإطار النظري,commercial,ar,/services/
أحتاج دراسات سابقة لطالب دكتوراه في الكويت أحتاج رأيًا أكاديميًا في عملي,خطة البحث والإطار النظري,commercial,ar,/services/
أفضل طريقة لعمل دراسات سابقة لطالب دكتوراه في الكويت,خطة البحث والإطار النظري,commercial,ar,/services/
أين أجد خدمة دراسات سابقة لطالب دكتوراه في الكويت؟,خطة البحث والإطار النظري,commercial,ar,/services/
هل توجد مساعدة في دراسات سابقة لطالب دكتوراه في الكويت؟,خطة البحث والإطار النظري,commercial,ar,/services/
أريد دراسات سابقة لطالب دكتوراه في الكويت بجودة أكاديمية,خطة البحث والإطار النظري,commercial,ar,/services/
مساعدة طالب في دراسات سابقة لطالب دكتوراه في الكويت,خطة البحث والإطار النظري,commercial,ar,/services/
خدمة دراسات سابقة لطالب دكتوراه في الكويت بسرية,خطة البحث والإطار النظري,commercial,ar,/services/
كم يستغرق إعداد دراسات سابقة لطالب دكتوراه في الكويت؟,خطة البحث والإطار النظري,commercial,ar,/services/
ما المطلوب لعمل دراسات سابقة لطالب دكتوراه في الكويت؟,خطة البحث والإطار النظري,commercial,ar,/services/
أحتاج خبيرًا في دراسات سابقة لطالب دكتوراه في الكويت,خطة البحث والإطار النظري,commercial,ar,/services/
طلب خدمة دراسات سابقة لطالب دكتوراه في الكويت,خطة البحث والإطار النظري,commercial,ar,/services/
كيف أعد دراسات سابقة في جامعة خاصة بالكويت؟,خطة البحث والإطار النظري,commercial,ar,/services/
من يساعدني في دراسات سابقة في جامعة خاصة بالكويت؟,خطة البحث والإطار النظري,commercial,ar,/services/
أحتاج دراسات سابقة في جامعة خاصة بالكويت أريد مراجعة عملي قبل التسليم,خطة البحث والإطار النظري,commercial,ar,/services/
أفضل طريقة لعمل دراسات سابقة في جامعة خاصة بالكويت,خطة البحث والإطار النظري,commercial,ar,/services/
أين أجد خدمة دراسات سابقة في جامعة خاصة بالكويت؟,خطة البحث والإطار النظري,commercial,ar,/services/
هل توجد مساعدة في دراسات سابقة في جامعة خاصة بالكويت؟,خطة البحث والإطار النظري,commercial,ar,/services/
أريد دراسات سابقة في جامعة خاصة بالكويت بجودة أكاديمية,خطة البحث والإطار النظري,commercial,ar,/services/
مساعدة طالب في دراسات سابقة في جامعة خاصة بالكويت,خطة البحث والإطار النظري,commercial,ar,/services/
خدمة دراسات سابقة في جامعة خاصة بالكويت بسرية,خطة البحث والإطار النظري,commercial,ar,/services/
كم يستغرق إعداد دراسات سابقة في جامعة خاصة بالكويت؟,خطة البحث والإطار النظري,commercial,ar,/services/
ما المطلوب لعمل دراسات سابقة في جامعة خاصة بالكويت؟,خطة البحث والإطار النظري,commercial,ar,/services/
أحتاج خبيرًا في دراسات سابقة في جامعة خاصة بالكويت,خطة البحث والإطار النظري,commercial,ar,/services/
طلب خدمة دراسات سابقة في جامعة خاصة بالكويت,خطة البحث والإطار النظري,commercial,ar,/services/
كيف أعد دراسات سابقة في التعليم التطبيقي بالكويت؟,خطة البحث والإطار النظري,commercial,ar,/services/
من يساعدني في دراسات سابقة في التعليم التطبيقي بالكويت؟,خطة البحث والإطار النظري,commercial,ar,/services/
أحتاج دراسات سابقة في التعليم التطبيقي بالكويت أحتاج تصحيح الأخطاء وتنسيقها,خطة البحث والإطار النظري,commercial,ar,/services/
أفضل طريقة لعمل دراسات سابقة في التعليم التطبيقي بالكويت,خطة البحث والإطار النظري,commercial,ar,/services/
أين أجد خدمة دراسات سابقة في التعليم التطبيقي بالكويت؟,خطة البحث والإطار النظري,commercial,ar,/services/
هل توجد مساعدة في دراسات سابقة في التعليم التطبيقي بالكويت؟,خطة البحث والإطار النظري,commercial,ar,/services/
أريد دراسات سابقة في التعليم التطبيقي بالكويت بجودة أكاديمية,خطة البحث والإطار النظري,commercial,ar,/services/
مساعدة طالب في دراسات سابقة في التعليم التطبيقي بالكويت,خطة البحث والإطار النظري,commercial,ar,/services/
خدمة دراسات سابقة في التعليم التطبيقي بالكويت بسرية,خطة البحث والإطار النظري,commercial,ar,/services/
كم يستغرق إعداد دراسات سابقة في التعليم التطبيقي بالكويت؟,خطة البحث والإطار النظري,commercial,ar,/services/
ما المطلوب لعمل دراسات سابقة في التعليم التطبيقي بالكويت؟,خطة البحث والإطار النظري,commercial,ar,/services/
أحتاج خبيرًا في دراسات سابقة في التعليم التطبيقي بالكويت,خطة البحث والإطار النظري,commercial,ar,/services/
طلب خدمة دراسات سابقة في التعليم التطبيقي بالكويت,خطة البحث والإطار النظري,commercial,ar,/services/
كيف أعد تحليل SPSS في الكويت؟,التحليل الإحصائي,commercial,ar,/services/
من يساعدني في تحليل SPSS في الكويت؟,التحليل الإحصائي,commercial,ar,/services/
أحتاج تحليل SPSS في الكويت أريد فهم النتائج وكتابتها,التحليل الإحصائي,commercial,ar,/services/
أفضل طريقة لعمل تحليل SPSS في الكويت,التحليل الإحصائي,commercial,ar,/services/
أين أجد خدمة تحليل SPSS في الكويت؟,التحليل الإحصائي,commercial,ar,/services/
هل توجد مساعدة في تحليل SPSS في الكويت؟,التحليل الإحصائي,commercial,ar,/services/
أريد تحليل SPSS في الكويت بجودة أكاديمية,التحليل الإحصائي,commercial,ar,/services/
مساعدة طالب في تحليل SPSS في الكويت,التحليل الإحصائي,commercial,ar,/services/
خدمة تحليل SPSS في الكويت بسرية,التحليل الإحصائي,commercial,ar,/services/
كم يستغرق إعداد تحليل SPSS في الكويت؟,التحليل الإحصائي,commercial,ar,/services/
ما المطلوب لعمل تحليل SPSS في الكويت؟,التحليل الإحصائي,commercial,ar,/services/
كيف أراجع تحليل SPSS قبل التسليم؟,التحليل الإحصائي,commercial,ar,/services/
هل يمكن شرح تحليل SPSS للطالب؟,التحليل الإحصائي,commercial,ar,/services/
أحتاج خبيرًا في تحليل SPSS في الكويت,التحليل الإحصائي,commercial,ar,/services/
طلب خدمة تحليل SPSS في الكويت,التحليل الإحصائي,commercial,ar,/services/
كيف أعد تحليل SPSS بالكويت؟,التحليل الإحصائي,commercial,ar,/services/
من يساعدني في تحليل SPSS بالكويت؟,التحليل الإحصائي,commercial,ar,/services/
أحتاج تحليل SPSS بالكويت أحتاج مساعدة عاجلة,التحليل الإحصائي,commercial,ar,/services/
أفضل طريقة لعمل تحليل SPSS بالكويت,التحليل الإحصائي,commercial,ar,/services/
أين أجد خدمة تحليل SPSS بالكويت؟,التحليل الإحصائي,commercial,ar,/services/
هل توجد مساعدة في تحليل SPSS بالكويت؟,التحليل الإحصائي,commercial,ar,/services/
أريد تحليل SPSS بالكويت بجودة أكاديمية,التحليل الإحصائي,commercial,ar,/services/
مساعدة طالب في تحليل SPSS بالكويت,التحليل الإحصائي,commercial,ar,/services/
خدمة تحليل SPSS بالكويت بسرية,التحليل الإحصائي,commercial,ar,/services/
كم يستغرق إعداد تحليل SPSS بالكويت؟,التحليل الإحصائي,commercial,ar,/services/
ما المطلوب لعمل تحليل SPSS بالكويت؟,التحليل الإحصائي,commercial,ar,/services/
أحتاج خبيرًا في تحليل SPSS بالكويت,التحليل الإحصائي,commercial,ar,/services/
طلب خدمة تحليل SPSS بالكويت,التحليل الإحصائي,commercial,ar,/services/
كيف أعد تحليل SPSS للطلاب في الكويت؟,التحليل الإحصائي,commercial,ar,/services/
من يساعدني في تحليل SPSS للطلاب في الكويت؟,التحليل الإحصائي,commercial,ar,/services/
أحتاج تحليل SPSS للطلاب في الكويت أريد إنجازها بطريقة أكاديمية,التحليل الإحصائي,commercial,ar,/services/
أفضل طريقة لعمل تحليل SPSS للطلاب في الكويت,التحليل الإحصائي,commercial,ar,/services/
أين أجد خدمة تحليل SPSS للطلاب في الكويت؟,التحليل الإحصائي,commercial,ar,/services/
هل توجد مساعدة في تحليل SPSS للطلاب في الكويت؟,التحليل الإحصائي,commercial,ar,/services/
أريد تحليل SPSS للطلاب في الكويت بجودة أكاديمية,التحليل الإحصائي,commercial,ar,/services/
مساعدة طالب في تحليل SPSS للطلاب في الكويت,التحليل الإحصائي,commercial,ar,/services/
خدمة تحليل SPSS للطلاب في الكويت بسرية,التحليل الإحصائي,commercial,ar,/services/
كم يستغرق إعداد تحليل SPSS للطلاب في الكويت؟,التحليل الإحصائي,commercial,ar,/services/
ما المطلوب لعمل تحليل SPSS للطلاب في الكويت؟,التحليل الإحصائي,commercial,ar,/services/
أحتاج خبيرًا في تحليل SPSS للطلاب في الكويت,التحليل الإحصائي,commercial,ar,/services/
طلب خدمة تحليل SPSS للطلاب في الكويت,التحليل الإحصائي,commercial,ar,/services/
كيف أعد تحليل SPSS للباحثين في الكويت؟,التحليل الإحصائي,commercial,ar,/services/
من يساعدني في تحليل SPSS للباحثين في الكويت؟,التحليل الإحصائي,commercial,ar,/services/
أحتاج تحليل SPSS للباحثين في الكويت أحتاج نموذجًا وخطة واضحة,التحليل الإحصائي,commercial,ar,/services/
أفضل طريقة لعمل تحليل SPSS للباحثين في الكويت,التحليل الإحصائي,commercial,ar,/services/
أين أجد خدمة تحليل SPSS للباحثين في الكويت؟,التحليل الإحصائي,commercial,ar,/services/
هل توجد مساعدة في تحليل SPSS للباحثين في الكويت؟,التحليل الإحصائي,commercial,ar,/services/
أريد تحليل SPSS للباحثين في الكويت بجودة أكاديمية,التحليل الإحصائي,commercial,ar,/services/
مساعدة طالب في تحليل SPSS للباحثين في الكويت,التحليل الإحصائي,commercial,ar,/services/
خدمة تحليل SPSS للباحثين في الكويت بسرية,التحليل الإحصائي,commercial,ar,/services/
كم يستغرق إعداد تحليل SPSS للباحثين في الكويت؟,التحليل الإحصائي,commercial,ar,/services/
ما المطلوب لعمل تحليل SPSS للباحثين في الكويت؟,التحليل الإحصائي,commercial,ar,/services/
أحتاج خبيرًا في تحليل SPSS للباحثين في الكويت,التحليل الإحصائي,commercial,ar,/services/
طلب خدمة تحليل SPSS للباحثين في الكويت,التحليل الإحصائي,commercial,ar,/services/
كيف أعد تحليل SPSS لجامعة الكويت؟,التحليل الإحصائي,commercial,ar,/services/
من يساعدني في تحليل SPSS لجامعة الكويت؟,التحليل الإحصائي,commercial,ar,/services/
أحتاج تحليل SPSS لجامعة الكويت لا أعرف من أين أبدأ,التحليل الإحصائي,commercial,ar,/services/
أفضل طريقة لعمل تحليل SPSS لجامعة الكويت,التحليل الإحصائي,commercial,ar,/services/
أين أجد خدمة تحليل SPSS لجامعة الكويت؟,التحليل الإحصائي,commercial,ar,/services/
هل توجد مساعدة في تحليل SPSS لجامعة الكويت؟,التحليل الإحصائي,commercial,ar,/services/
أريد تحليل SPSS لجامعة الكويت بجودة أكاديمية,التحليل الإحصائي,commercial,ar,/services/
مساعدة طالب في تحليل SPSS لجامعة الكويت,التحليل الإحصائي,commercial,ar,/services/
خدمة تحليل SPSS لجامعة الكويت بسرية,التحليل الإحصائي,commercial,ar,/services/
كم يستغرق إعداد تحليل SPSS لجامعة الكويت؟,التحليل الإحصائي,commercial,ar,/services/
ما المطلوب لعمل تحليل SPSS لجامعة الكويت؟,التحليل الإحصائي,commercial,ar,/services/
أحتاج خبيرًا في تحليل SPSS لجامعة الكويت,التحليل الإحصائي,commercial,ar,/services/
طلب خدمة تحليل SPSS لجامعة الكويت,التحليل الإحصائي,commercial,ar,/services/
كيف أعد تحليل SPSS للجامعات الكويتية؟,التحليل الإحصائي,commercial,ar,/services/
من يساعدني في تحليل SPSS للجامعات الكويتية؟,التحليل الإحصائي,commercial,ar,/services/
أحتاج تحليل SPSS للجامعات الكويتية أحتاج شخصًا يشرح لي الخطوات,التحليل الإحصائي,commercial,ar,/services/
أفضل طريقة لعمل تحليل SPSS للجامعات الكويتية,التحليل الإحصائي,commercial,ar,/services/
أين أجد خدمة تحليل SPSS للجامعات الكويتية؟,التحليل الإحصائي,commercial,ar,/services/
هل توجد مساعدة في تحليل SPSS للجامعات الكويتية؟,التحليل الإحصائي,commercial,ar,/services/
أريد تحليل SPSS للجامعات الكويتية بجودة أكاديمية,التحليل الإحصائي,commercial,ar,/services/
مساعدة طالب في تحليل SPSS للجامعات الكويتية,التحليل الإحصائي,commercial,ar,/services/
خدمة تحليل SPSS للجامعات الكويتية بسرية,التحليل الإحصائي,commercial,ar,/services/
كم يستغرق إعداد تحليل SPSS للجامعات الكويتية؟,التحليل الإحصائي,commercial,ar,/services/
ما المطلوب لعمل تحليل SPSS للجامعات الكويتية؟,التحليل الإحصائي,commercial,ar,/services/
أحتاج خبيرًا في تحليل SPSS للجامعات الكويتية,التحليل الإحصائي,commercial,ar,/services/
طلب خدمة تحليل SPSS للجامعات الكويتية,التحليل الإحصائي,commercial,ar,/services/
كيف أعد تحليل SPSS لطالب ماجستير في الكويت؟,التحليل الإحصائي,commercial,ar,/services/
من يساعدني في تحليل SPSS لطالب ماجستير في الكويت؟,التحليل الإحصائي,commercial,ar,/services/
أحتاج تحليل SPSS لطالب ماجستير في الكويت أريد فهم النتائج وكتابتها,التحليل الإحصائي,commercial,ar,/services/
أفضل طريقة لعمل تحليل SPSS لطالب ماجستير في الكويت,التحليل الإحصائي,commercial,ar,/services/
أين أجد خدمة تحليل SPSS لطالب ماجستير في الكويت؟,التحليل الإحصائي,commercial,ar,/services/
هل توجد مساعدة في تحليل SPSS لطالب ماجستير في الكويت؟,التحليل الإحصائي,commercial,ar,/services/
أريد تحليل SPSS لطالب ماجستير في الكويت بجودة أكاديمية,التحليل الإحصائي,commercial,ar,/services/
مساعدة طالب في تحليل SPSS لطالب ماجستير في الكويت,التحليل الإحصائي,commercial,ar,/services/
خدمة تحليل SPSS لطالب ماجستير في الكويت بسرية,التحليل الإحصائي,commercial,ar,/services/
كم يستغرق إعداد تحليل SPSS لطالب ماجستير في الكويت؟,التحليل الإحصائي,commercial,ar,/services/
ما المطلوب لعمل تحليل SPSS لطالب ماجستير في الكويت؟,التحليل الإحصائي,commercial,ar,/services/
أحتاج خبيرًا في تحليل SPSS لطالب ماجستير في الكويت,التحليل الإحصائي,commercial,ar,/services/
طلب خدمة تحليل SPSS لطالب ماجستير في الكويت,التحليل الإحصائي,commercial,ar,/services/
كيف أعد تحليل SPSS لطالب دكتوراه في الكويت؟,التحليل الإحصائي,commercial,ar,/services/
من يساعدني في تحليل SPSS لطالب دكتوراه في الكويت؟,التحليل الإحصائي,commercial,ar,/services/
أحتاج تحليل SPSS لطالب دكتوراه في الكويت أحتاج رأيًا أكاديميًا في عملي,التحليل الإحصائي,commercial,ar,/services/
أفضل طريقة لعمل تحليل SPSS لطالب دكتوراه في الكويت,التحليل الإحصائي,commercial,ar,/services/
أين أجد خدمة تحليل SPSS لطالب دكتوراه في الكويت؟,التحليل الإحصائي,commercial,ar,/services/
هل توجد مساعدة في تحليل SPSS لطالب دكتوراه في الكويت؟,التحليل الإحصائي,commercial,ar,/services/
أريد تحليل SPSS لطالب دكتوراه في الكويت بجودة أكاديمية,التحليل الإحصائي,commercial,ar,/services/
مساعدة طالب في تحليل SPSS لطالب دكتوراه في الكويت,التحليل الإحصائي,commercial,ar,/services/
خدمة تحليل SPSS لطالب دكتوراه في الكويت بسرية,التحليل الإحصائي,commercial,ar,/services/
كم يستغرق إعداد تحليل SPSS لطالب دكتوراه في الكويت؟,التحليل الإحصائي,commercial,ar,/services/
ما المطلوب لعمل تحليل SPSS لطالب دكتوراه في الكويت؟,التحليل الإحصائي,commercial,ar,/services/
أحتاج خبيرًا في تحليل SPSS لطالب دكتوراه في الكويت,التحليل الإحصائي,commercial,ar,/services/
طلب خدمة تحليل SPSS لطالب دكتوراه في الكويت,التحليل الإحصائي,commercial,ar,/services/
كيف أعد تحليل SPSS في جامعة خاصة بالكويت؟,التحليل الإحصائي,commercial,ar,/services/
من يساعدني في تحليل SPSS في جامعة خاصة بالكويت؟,التحليل الإحصائي,commercial,ar,/services/
أحتاج تحليل SPSS في جامعة خاصة بالكويت أريد مراجعة عملي قبل التسليم,التحليل الإحصائي,commercial,ar,/services/
أفضل طريقة لعمل تحليل SPSS في جامعة خاصة بالكويت,التحليل الإحصائي,commercial,ar,/services/
أين أجد خدمة تحليل SPSS في جامعة خاصة بالكويت؟,التحليل الإحصائي,commercial,ar,/services/
هل توجد مساعدة في تحليل SPSS في جامعة خاصة بالكويت؟,التحليل الإحصائي,commercial,ar,/services/
أريد تحليل SPSS في جامعة خاصة بالكويت بجودة أكاديمية,التحليل الإحصائي,commercial,ar,/services/
مساعدة طالب في تحليل SPSS في جامعة خاصة بالكويت,التحليل الإحصائي,commercial,ar,/services/
خدمة تحليل SPSS في جامعة خاصة بالكويت بسرية,التحليل الإحصائي,commercial,ar,/services/
كم يستغرق إعداد تحليل SPSS في جامعة خاصة بالكويت؟,التحليل الإحصائي,commercial,ar,/services/
ما المطلوب لعمل تحليل SPSS في جامعة خاصة بالكويت؟,التحليل الإحصائي,commercial,ar,/services/
أحتاج خبيرًا في تحليل SPSS في جامعة خاصة بالكويت,التحليل الإحصائي,commercial,ar,/services/
طلب خدمة تحليل SPSS في جامعة خاصة بالكويت,التحليل الإحصائي,commercial,ar,/services/
كيف أعد تحليل SPSS في التعليم التطبيقي بالكويت؟,التحليل الإحصائي,commercial,ar,/services/
من يساعدني في تحليل SPSS في التعليم التطبيقي بالكويت؟,التحليل الإحصائي,commercial,ar,/services/
أحتاج تحليل SPSS في التعليم التطبيقي بالكويت أحتاج تصحيح الأخطاء وتنسيقها,التحليل الإحصائي,commercial,ar,/services/
أفضل طريقة لعمل تحليل SPSS في التعليم التطبيقي بالكويت,التحليل الإحصائي,commercial,ar,/services/
أين أجد خدمة تحليل SPSS في التعليم التطبيقي بالكويت؟,التحليل الإحصائي,commercial,ar,/services/
هل توجد مساعدة في تحليل SPSS في التعليم التطبيقي بالكويت؟,التحليل الإحصائي,commercial,ar,/services/
أريد تحليل SPSS في التعليم التطبيقي بالكويت بجودة أكاديمية,التحليل الإحصائي,commercial,ar,/services/
مساعدة طالب في تحليل SPSS في التعليم التطبيقي بالكويت,التحليل الإحصائي,commercial,ar,/services/
خدمة تحليل SPSS في التعليم التطبيقي بالكويت بسرية,التحليل الإحصائي,commercial,ar,/services/
كم يستغرق إعداد تحليل SPSS في التعليم التطبيقي بالكويت؟,التحليل الإحصائي,commercial,ar,/services/
ما المطلوب لعمل تحليل SPSS في التعليم التطبيقي بالكويت؟,التحليل الإحصائي,commercial,ar,/services/
أحتاج خبيرًا في تحليل SPSS في التعليم التطبيقي بالكويت,التحليل الإحصائي,commercial,ar,/services/
طلب خدمة تحليل SPSS في التعليم التطبيقي بالكويت,التحليل الإحصائي,commercial,ar,/services/
كيف أعد تحليل استبيان في الكويت؟,الاستبيانات,commercial,ar,/services/
من يساعدني في تحليل استبيان في الكويت؟,الاستبيانات,commercial,ar,/services/
أحتاج تحليل استبيان في الكويت أحتاج مساعدة عاجلة,الاستبيانات,commercial,ar,/services/
أفضل طريقة لعمل تحليل استبيان في الكويت,الاستبيانات,commercial,ar,/services/
أين أجد خدمة تحليل استبيان في الكويت؟,الاستبيانات,commercial,ar,/services/
هل توجد مساعدة في تحليل استبيان في الكويت؟,الاستبيانات,commercial,ar,/services/
أريد تحليل استبيان في الكويت بجودة أكاديمية,الاستبيانات,commercial,ar,/services/
مساعدة طالب في تحليل استبيان في الكويت,الاستبيانات,commercial,ar,/services/
خدمة تحليل استبيان في الكويت بسرية,الاستبيانات,commercial,ar,/services/
كم يستغرق إعداد تحليل استبيان في الكويت؟,الاستبيانات,commercial,ar,/services/
ما المطلوب لعمل تحليل استبيان في الكويت؟,الاستبيانات,commercial,ar,/services/
كيف أراجع تحليل استبيان قبل التسليم؟,الاستبيانات,commercial,ar,/services/
هل يمكن شرح تحليل استبيان للطالب؟,الاستبيانات,commercial,ar,/services/
أحتاج خبيرًا في تحليل استبيان في الكويت,الاستبيانات,commercial,ar,/services/
طلب خدمة تحليل استبيان في الكويت,الاستبيانات,commercial,ar,/services/
كيف أعد تحليل استبيان بالكويت؟,الاستبيانات,commercial,ar,/services/
من يساعدني في تحليل استبيان بالكويت؟,الاستبيانات,commercial,ar,/services/
أحتاج تحليل استبيان بالكويت أريد فهم النتائج وكتابتها,الاستبيانات,commercial,ar,/services/
أفضل طريقة لعمل تحليل استبيان بالكويت,الاستبيانات,commercial,ar,/services/
أين أجد خدمة تحليل استبيان بالكويت؟,الاستبيانات,commercial,ar,/services/
هل توجد مساعدة في تحليل استبيان بالكويت؟,الاستبيانات,commercial,ar,/services/
أريد تحليل استبيان بالكويت بجودة أكاديمية,الاستبيانات,commercial,ar,/services/
مساعدة طالب في تحليل استبيان بالكويت,الاستبيانات,commercial,ar,/services/
خدمة تحليل استبيان بالكويت بسرية,الاستبيانات,commercial,ar,/services/
كم يستغرق إعداد تحليل استبيان بالكويت؟,الاستبيانات,commercial,ar,/services/
ما المطلوب لعمل تحليل استبيان بالكويت؟,الاستبيانات,commercial,ar,/services/
أحتاج خبيرًا في تحليل استبيان بالكويت,الاستبيانات,commercial,ar,/services/
طلب خدمة تحليل استبيان بالكويت,الاستبيانات,commercial,ar,/services/
كيف أعد تحليل استبيان للطلاب في الكويت؟,الاستبيانات,commercial,ar,/services/
من يساعدني في تحليل استبيان للطلاب في الكويت؟,الاستبيانات,commercial,ar,/services/
أحتاج تحليل استبيان للطلاب في الكويت أحتاج رأيًا أكاديميًا في عملي,الاستبيانات,commercial,ar,/services/
أفضل طريقة لعمل تحليل استبيان للطلاب في الكويت,الاستبيانات,commercial,ar,/services/
أين أجد خدمة تحليل استبيان للطلاب في الكويت؟,الاستبيانات,commercial,ar,/services/
هل توجد مساعدة في تحليل استبيان للطلاب في الكويت؟,الاستبيانات,commercial,ar,/services/
أريد تحليل استبيان للطلاب في الكويت بجودة أكاديمية,الاستبيانات,commercial,ar,/services/
مساعدة طالب في تحليل استبيان للطلاب في الكويت,الاستبيانات,commercial,ar,/services/
خدمة تحليل استبيان للطلاب في الكويت بسرية,الاستبيانات,commercial,ar,/services/
كم يستغرق إعداد تحليل استبيان للطلاب في الكويت؟,الاستبيانات,commercial,ar,/services/
ما المطلوب لعمل تحليل استبيان للطلاب في الكويت؟,الاستبيانات,commercial,ar,/services/
أحتاج خبيرًا في تحليل استبيان للطلاب في الكويت,الاستبيانات,commercial,ar,/services/
طلب خدمة تحليل استبيان للطلاب في الكويت,الاستبيانات,commercial,ar,/services/
كيف أعد تحليل استبيان للباحثين في الكويت؟,الاستبيانات,commercial,ar,/services/
من يساعدني في تحليل استبيان للباحثين في الكويت؟,الاستبيانات,commercial,ar,/services/
أحتاج تحليل استبيان للباحثين في الكويت أريد مراجعة عملي قبل التسليم,الاستبيانات,commercial,ar,/services/
أفضل طريقة لعمل تحليل استبيان للباحثين في الكويت,الاستبيانات,commercial,ar,/services/
أين أجد خدمة تحليل استبيان للباحثين في الكويت؟,الاستبيانات,commercial,ar,/services/
هل توجد مساعدة في تحليل استبيان للباحثين في الكويت؟,الاستبيانات,commercial,ar,/services/
أريد تحليل استبيان للباحثين في الكويت بجودة أكاديمية,الاستبيانات,commercial,ar,/services/
مساعدة طالب في تحليل استبيان للباحثين في الكويت,الاستبيانات,commercial,ar,/services/
خدمة تحليل استبيان للباحثين في الكويت بسرية,الاستبيانات,commercial,ar,/services/
كم يستغرق إعداد تحليل استبيان للباحثين في الكويت؟,الاستبيانات,commercial,ar,/services/
ما المطلوب لعمل تحليل استبيان للباحثين في الكويت؟,الاستبيانات,commercial,ar,/services/
أحتاج خبيرًا في تحليل استبيان للباحثين في الكويت,الاستبيانات,commercial,ar,/services/
طلب خدمة تحليل استبيان للباحثين في الكويت,الاستبيانات,commercial,ar,/services/
كيف أعد تحليل استبيان لجامعة الكويت؟,الاستبيانات,commercial,ar,/services/
من يساعدني في تحليل استبيان لجامعة الكويت؟,الاستبيانات,commercial,ar,/services/
أحتاج تحليل استبيان لجامعة الكويت أحتاج تصحيح الأخطاء وتنسيقها,الاستبيانات,commercial,ar,/services/
أفضل طريقة لعمل تحليل استبيان لجامعة الكويت,الاستبيانات,commercial,ar,/services/
أين أجد خدمة تحليل استبيان لجامعة الكويت؟,الاستبيانات,commercial,ar,/services/
هل توجد مساعدة في تحليل استبيان لجامعة الكويت؟,الاستبيانات,commercial,ar,/services/
أريد تحليل استبيان لجامعة الكويت بجودة أكاديمية,الاستبيانات,commercial,ar,/services/
مساعدة طالب في تحليل استبيان لجامعة الكويت,الاستبيانات,commercial,ar,/services/
خدمة تحليل استبيان لجامعة الكويت بسرية,الاستبيانات,commercial,ar,/services/
كم يستغرق إعداد تحليل استبيان لجامعة الكويت؟,الاستبيانات,commercial,ar,/services/
ما المطلوب لعمل تحليل استبيان لجامعة الكويت؟,الاستبيانات,commercial,ar,/services/
أحتاج خبيرًا في تحليل استبيان لجامعة الكويت,الاستبيانات,commercial,ar,/services/
طلب خدمة تحليل استبيان لجامعة الكويت,الاستبيانات,commercial,ar,/services/
كيف أعد تحليل استبيان للجامعات الكويتية؟,الاستبيانات,commercial,ar,/services/
من يساعدني في تحليل استبيان للجامعات الكويتية؟,الاستبيانات,commercial,ar,/services/
أحتاج تحليل استبيان للجامعات الكويتية أريد تجهيزها للمناقشة,الاستبيانات,commercial,ar,/services/
أفضل طريقة لعمل تحليل استبيان للجامعات الكويتية,الاستبيانات,commercial,ar,/services/
أين أجد خدمة تحليل استبيان للجامعات الكويتية؟,الاستبيانات,commercial,ar,/services/
هل توجد مساعدة في تحليل استبيان للجامعات الكويتية؟,الاستبيانات,commercial,ar,/services/
أريد تحليل استبيان للجامعات الكويتية بجودة أكاديمية,الاستبيانات,commercial,ar,/services/
مساعدة طالب في تحليل استبيان للجامعات الكويتية,الاستبيانات,commercial,ar,/services/
خدمة تحليل استبيان للجامعات الكويتية بسرية,الاستبيانات,commercial,ar,/services/
كم يستغرق إعداد تحليل استبيان للجامعات الكويتية؟,الاستبيانات,commercial,ar,/services/
ما المطلوب لعمل تحليل استبيان للجامعات الكويتية؟,الاستبيانات,commercial,ar,/services/
أحتاج خبيرًا في تحليل استبيان للجامعات الكويتية,الاستبيانات,commercial,ar,/services/
طلب خدمة تحليل استبيان للجامعات الكويتية,الاستبيانات,commercial,ar,/services/
كيف أعد تحليل استبيان لطالب ماجستير في الكويت؟,الاستبيانات,commercial,ar,/services/
من يساعدني في تحليل استبيان لطالب ماجستير في الكويت؟,الاستبيانات,commercial,ar,/services/
أحتاج تحليل استبيان لطالب ماجستير في الكويت أحتاج مساعدة عاجلة,الاستبيانات,commercial,ar,/services/
أفضل طريقة لعمل تحليل استبيان لطالب ماجستير في الكويت,الاستبيانات,commercial,ar,/services/
أين أجد خدمة تحليل استبيان لطالب ماجستير في الكويت؟,الاستبيانات,commercial,ar,/services/
هل توجد مساعدة في تحليل استبيان لطالب ماجستير في الكويت؟,الاستبيانات,commercial,ar,/services/
أريد تحليل استبيان لطالب ماجستير في الكويت بجودة أكاديمية,الاستبيانات,commercial,ar,/services/
مساعدة طالب في تحليل استبيان لطالب ماجستير في الكويت,الاستبيانات,commercial,ar,/services/
خدمة تحليل استبيان لطالب ماجستير في الكويت بسرية,الاستبيانات,commercial,ar,/services/
كم يستغرق إعداد تحليل استبيان لطالب ماجستير في الكويت؟,الاستبيانات,commercial,ar,/services/
ما المطلوب لعمل تحليل استبيان لطالب ماجستير في الكويت؟,الاستبيانات,commercial,ar,/services/
أحتاج خبيرًا في تحليل استبيان لطالب ماجستير في الكويت,الاستبيانات,commercial,ar,/services/
طلب خدمة تحليل استبيان لطالب ماجستير في الكويت,الاستبيانات,commercial,ar,/services/
كيف أعد تحليل استبيان لطالب دكتوراه في الكويت؟,الاستبيانات,commercial,ar,/services/
من يساعدني في تحليل استبيان لطالب دكتوراه في الكويت؟,الاستبيانات,commercial,ar,/services/
أحتاج تحليل استبيان لطالب دكتوراه في الكويت أريد إنجازها بطريقة أكاديمية,الاستبيانات,commercial,ar,/services/
أفضل طريقة لعمل تحليل استبيان لطالب دكتوراه في الكويت,الاستبيانات,commercial,ar,/services/
أين أجد خدمة تحليل استبيان لطالب دكتوراه في الكويت؟,الاستبيانات,commercial,ar,/services/
هل توجد مساعدة في تحليل استبيان لطالب دكتوراه في الكويت؟,الاستبيانات,commercial,ar,/services/
أريد تحليل استبيان لطالب دكتوراه في الكويت بجودة أكاديمية,الاستبيانات,commercial,ar,/services/
مساعدة طالب في تحليل استبيان لطالب دكتوراه في الكويت,الاستبيانات,commercial,ar,/services/
خدمة تحليل استبيان لطالب دكتوراه في الكويت بسرية,الاستبيانات,commercial,ar,/services/
كم يستغرق إعداد تحليل استبيان لطالب دكتوراه في الكويت؟,الاستبيانات,commercial,ar,/services/
ما المطلوب لعمل تحليل استبيان لطالب دكتوراه في الكويت؟,الاستبيانات,commercial,ar,/services/
أحتاج خبيرًا في تحليل استبيان لطالب دكتوراه في الكويت,الاستبيانات,commercial,ar,/services/
طلب خدمة تحليل استبيان لطالب دكتوراه في الكويت,الاستبيانات,commercial,ar,/services/
كيف أعد تحليل استبيان في جامعة خاصة بالكويت؟,الاستبيانات,commercial,ar,/services/
من يساعدني في تحليل استبيان في جامعة خاصة بالكويت؟,الاستبيانات,commercial,ar,/services/
أحتاج تحليل استبيان في جامعة خاصة بالكويت أحتاج نموذجًا وخطة واضحة,الاستبيانات,commercial,ar,/services/
أفضل طريقة لعمل تحليل استبيان في جامعة خاصة بالكويت,الاستبيانات,commercial,ar,/services/
أين أجد خدمة تحليل استبيان في جامعة خاصة بالكويت؟,الاستبيانات,commercial,ar,/services/
هل توجد مساعدة في تحليل استبيان في جامعة خاصة بالكويت؟,الاستبيانات,commercial,ar,/services/
أريد تحليل استبيان في جامعة خاصة بالكويت بجودة أكاديمية,الاستبيانات,commercial,ar,/services/
مساعدة طالب في تحليل استبيان في جامعة خاصة بالكويت,الاستبيانات,commercial,ar,/services/
خدمة تحليل استبيان في جامعة خاصة بالكويت بسرية,الاستبيانات,commercial,ar,/services/
كم يستغرق إعداد تحليل استبيان في جامعة خاصة بالكويت؟,الاستبيانات,commercial,ar,/services/
ما المطلوب لعمل تحليل استبيان في جامعة خاصة بالكويت؟,الاستبيانات,commercial,ar,/services/
أحتاج خبيرًا في تحليل استبيان في جامعة خاصة بالكويت,الاستبيانات,commercial,ar,/services/
طلب خدمة تحليل استبيان في جامعة خاصة بالكويت,الاستبيانات,commercial,ar,/services/
كيف أعد تحليل استبيان في التعليم التطبيقي بالكويت؟,الاستبيانات,commercial,ar,/services/
من يساعدني في تحليل استبيان في التعليم التطبيقي بالكويت؟,الاستبيانات,commercial,ar,/services/
أحتاج تحليل استبيان في التعليم التطبيقي بالكويت لا أعرف من أين أبدأ,الاستبيانات,commercial,ar,/services/
أفضل طريقة لعمل تحليل استبيان في التعليم التطبيقي بالكويت,الاستبيانات,commercial,ar,/services/
أين أجد خدمة تحليل استبيان في التعليم التطبيقي بالكويت؟,الاستبيانات,commercial,ar,/services/
هل توجد مساعدة في تحليل استبيان في التعليم التطبيقي بالكويت؟,الاستبيانات,commercial,ar,/services/
أريد تحليل استبيان في التعليم التطبيقي بالكويت بجودة أكاديمية,الاستبيانات,commercial,ar,/services/
مساعدة طالب في تحليل استبيان في التعليم التطبيقي بالكويت,الاستبيانات,commercial,ar,/services/
خدمة تحليل استبيان في التعليم التطبيقي بالكويت بسرية,الاستبيانات,commercial,ar,/services/
كم يستغرق إعداد تحليل استبيان في التعليم التطبيقي بالكويت؟,الاستبيانات,commercial,ar,/services/
ما المطلوب لعمل تحليل استبيان في التعليم التطبيقي بالكويت؟,الاستبيانات,commercial,ar,/services/
أحتاج خبيرًا في تحليل استبيان في التعليم التطبيقي بالكويت,الاستبيانات,commercial,ar,/services/
طلب خدمة تحليل استبيان في التعليم التطبيقي بالكويت,الاستبيانات,commercial,ar,/services/
كيف أعد تصميم استبيان في الكويت؟,الاستبيانات,commercial,ar,/services/
من يساعدني في تصميم استبيان في الكويت؟,الاستبيانات,commercial,ar,/services/
أحتاج تصميم استبيان في الكويت أحتاج شخصًا يشرح لي الخطوات,الاستبيانات,commercial,ar,/services/
أفضل طريقة لعمل تصميم استبيان في الكويت,الاستبيانات,commercial,ar,/services/
أين أجد خدمة تصميم استبيان في الكويت؟,الاستبيانات,commercial,ar,/services/
هل توجد مساعدة في تصميم استبيان في الكويت؟,الاستبيانات,commercial,ar,/services/
أريد تصميم استبيان في الكويت بجودة أكاديمية,الاستبيانات,commercial,ar,/services/
مساعدة طالب في تصميم استبيان في الكويت,الاستبيانات,commercial,ar,/services/
خدمة تصميم استبيان في الكويت بسرية,الاستبيانات,commercial,ar,/services/
كم يستغرق إعداد تصميم استبيان في الكويت؟,الاستبيانات,commercial,ar,/services/
ما المطلوب لعمل تصميم استبيان في الكويت؟,الاستبيانات,commercial,ar,/services/
كيف أراجع تصميم استبيان قبل التسليم؟,الاستبيانات,commercial,ar,/services/
هل يمكن شرح تصميم استبيان للطالب؟,الاستبيانات,commercial,ar,/services/
أحتاج خبيرًا في تصميم استبيان في الكويت,الاستبيانات,commercial,ar,/services/
طلب خدمة تصميم استبيان في الكويت,الاستبيانات,commercial,ar,/services/
كيف أعد تصميم استبيان بالكويت؟,الاستبيانات,commercial,ar,/services/
من يساعدني في تصميم استبيان بالكويت؟,الاستبيانات,commercial,ar,/services/
أحتاج تصميم استبيان بالكويت أريد تجهيزها للمناقشة,الاستبيانات,commercial,ar,/services/
أفضل طريقة لعمل تصميم استبيان بالكويت,الاستبيانات,commercial,ar,/services/
أين أجد خدمة تصميم استبيان بالكويت؟,الاستبيانات,commercial,ar,/services/
هل توجد مساعدة في تصميم استبيان بالكويت؟,الاستبيانات,commercial,ar,/services/
أريد تصميم استبيان بالكويت بجودة أكاديمية,الاستبيانات,commercial,ar,/services/
مساعدة طالب في تصميم استبيان بالكويت,الاستبيانات,commercial,ar,/services/
خدمة تصميم استبيان بالكويت بسرية,الاستبيانات,commercial,ar,/services/
كم يستغرق إعداد تصميم استبيان بالكويت؟,الاستبيانات,commercial,ar,/services/
ما المطلوب لعمل تصميم استبيان بالكويت؟,الاستبيانات,commercial,ar,/services/
أحتاج خبيرًا في تصميم استبيان بالكويت,الاستبيانات,commercial,ar,/services/
طلب خدمة تصميم استبيان بالكويت,الاستبيانات,commercial,ar,/services/
كيف أعد تصميم استبيان للطلاب في الكويت؟,الاستبيانات,commercial,ar,/services/
من يساعدني في تصميم استبيان للطلاب في الكويت؟,الاستبيانات,commercial,ar,/services/
أحتاج تصميم استبيان للطلاب في الكويت أحتاج مساعدة عاجلة,الاستبيانات,commercial,ar,/services/
أفضل طريقة لعمل تصميم استبيان للطلاب في الكويت,الاستبيانات,commercial,ar,/services/
أين أجد خدمة تصميم استبيان للطلاب في الكويت؟,الاستبيانات,commercial,ar,/services/
هل توجد مساعدة في تصميم استبيان للطلاب في الكويت؟,الاستبيانات,commercial,ar,/services/
أريد تصميم استبيان للطلاب في الكويت بجودة أكاديمية,الاستبيانات,commercial,ar,/services/
مساعدة طالب في تصميم استبيان للطلاب في الكويت,الاستبيانات,commercial,ar,/services/
خدمة تصميم استبيان للطلاب في الكويت بسرية,الاستبيانات,commercial,ar,/services/
كم يستغرق إعداد تصميم استبيان للطلاب في الكويت؟,الاستبيانات,commercial,ar,/services/
ما المطلوب لعمل تصميم استبيان للطلاب في الكويت؟,الاستبيانات,commercial,ar,/services/
أحتاج خبيرًا في تصميم استبيان للطلاب في الكويت,الاستبيانات,commercial,ar,/services/
طلب خدمة تصميم استبيان للطلاب في الكويت,الاستبيانات,commercial,ar,/services/
كيف أعد تصميم استبيان للباحثين في الكويت؟,الاستبيانات,commercial,ar,/services/
من يساعدني في تصميم استبيان للباحثين في الكويت؟,الاستبيانات,commercial,ar,/services/
أحتاج تصميم استبيان للباحثين في الكويت أريد إنجازها بطريقة أكاديمية,الاستبيانات,commercial,ar,/services/
أفضل طريقة لعمل تصميم استبيان للباحثين في الكويت,الاستبيانات,commercial,ar,/services/
أين أجد خدمة تصميم استبيان للباحثين في الكويت؟,الاستبيانات,commercial,ar,/services/
هل توجد مساعدة في تصميم استبيان للباحثين في الكويت؟,الاستبيانات,commercial,ar,/services/
أريد تصميم استبيان للباحثين في الكويت بجودة أكاديمية,الاستبيانات,commercial,ar,/services/
مساعدة طالب في تصميم استبيان للباحثين في الكويت,الاستبيانات,commercial,ar,/services/
خدمة تصميم استبيان للباحثين في الكويت بسرية,الاستبيانات,commercial,ar,/services/
كم يستغرق إعداد تصميم استبيان للباحثين في الكويت؟,الاستبيانات,commercial,ar,/services/
ما المطلوب لعمل تصميم استبيان للباحثين في الكويت؟,الاستبيانات,commercial,ar,/services/
أحتاج خبيرًا في تصميم استبيان للباحثين في الكويت,الاستبيانات,commercial,ar,/services/
طلب خدمة تصميم استبيان للباحثين في الكويت,الاستبيانات,commercial,ar,/services/
كيف أعد تصميم استبيان لجامعة الكويت؟,الاستبيانات,commercial,ar,/services/
من يساعدني في تصميم استبيان لجامعة الكويت؟,الاستبيانات,commercial,ar,/services/
أحتاج تصميم استبيان لجامعة الكويت أحتاج نموذجًا وخطة واضحة,الاستبيانات,commercial,ar,/services/
أفضل طريقة لعمل تصميم استبيان لجامعة الكويت,الاستبيانات,commercial,ar,/services/
أين أجد خدمة تصميم استبيان لجامعة الكويت؟,الاستبيانات,commercial,ar,/services/
هل توجد مساعدة في تصميم استبيان لجامعة الكويت؟,الاستبيانات,commercial,ar,/services/
أريد تصميم استبيان لجامعة الكويت بجودة أكاديمية,الاستبيانات,commercial,ar,/services/
مساعدة طالب في تصميم استبيان لجامعة الكويت,الاستبيانات,commercial,ar,/services/
خدمة تصميم استبيان لجامعة الكويت بسرية,الاستبيانات,commercial,ar,/services/
كم يستغرق إعداد تصميم استبيان لجامعة الكويت؟,الاستبيانات,commercial,ar,/services/
ما المطلوب لعمل تصميم استبيان لجامعة الكويت؟,الاستبيانات,commercial,ar,/services/
أحتاج خبيرًا في تصميم استبيان لجامعة الكويت,الاستبيانات,commercial,ar,/services/
طلب خدمة تصميم استبيان لجامعة الكويت,الاستبيانات,commercial,ar,/services/
كيف أعد تصميم استبيان للجامعات الكويتية؟,الاستبيانات,commercial,ar,/services/
من يساعدني في تصميم استبيان للجامعات الكويتية؟,الاستبيانات,commercial,ar,/services/
أحتاج تصميم استبيان للجامعات الكويتية لا أعرف من أين أبدأ,الاستبيانات,commercial,ar,/services/
أفضل طريقة لعمل تصميم استبيان للجامعات الكويتية,الاستبيانات,commercial,ar,/services/
أين أجد خدمة تصميم استبيان للجامعات الكويتية؟,الاستبيانات,commercial,ar,/services/
هل توجد مساعدة في تصميم استبيان للجامعات الكويتية؟,الاستبيانات,commercial,ar,/services/
أريد تصميم استبيان للجامعات الكويتية بجودة أكاديمية,الاستبيانات,commercial,ar,/services/
مساعدة طالب في تصميم استبيان للجامعات الكويتية,الاستبيانات,commercial,ar,/services/
خدمة تصميم استبيان للجامعات الكويتية بسرية,الاستبيانات,commercial,ar,/services/
كم يستغرق إعداد تصميم استبيان للجامعات الكويتية؟,الاستبيانات,commercial,ar,/services/
ما المطلوب لعمل تصميم استبيان للجامعات الكويتية؟,الاستبيانات,commercial,ar,/services/
أحتاج خبيرًا في تصميم استبيان للجامعات الكويتية,الاستبيانات,commercial,ar,/services/
طلب خدمة تصميم استبيان للجامعات الكويتية,الاستبيانات,commercial,ar,/services/
كيف أعد تصميم استبيان لطالب ماجستير في الكويت؟,الاستبيانات,commercial,ar,/services/
من يساعدني في تصميم استبيان لطالب ماجستير في الكويت؟,الاستبيانات,commercial,ar,/services/
أحتاج تصميم استبيان لطالب ماجستير في الكويت أحتاج شخصًا يشرح لي الخطوات,الاستبيانات,commercial,ar,/services/
أفضل طريقة لعمل تصميم استبيان لطالب ماجستير في الكويت,الاستبيانات,commercial,ar,/services/
أين أجد خدمة تصميم استبيان لطالب ماجستير في الكويت؟,الاستبيانات,commercial,ar,/services/
هل توجد مساعدة في تصميم استبيان لطالب ماجستير في الكويت؟,الاستبيانات,commercial,ar,/services/
أريد تصميم استبيان لطالب ماجستير في الكويت بجودة أكاديمية,الاستبيانات,commercial,ar,/services/
مساعدة طالب في تصميم استبيان لطالب ماجستير في الكويت,الاستبيانات,commercial,ar,/services/
خدمة تصميم استبيان لطالب ماجستير في الكويت بسرية,الاستبيانات,commercial,ar,/services/
كم يستغرق إعداد تصميم استبيان لطالب ماجستير في الكويت؟,الاستبيانات,commercial,ar,/services/
ما المطلوب لعمل تصميم استبيان لطالب ماجستير في الكويت؟,الاستبيانات,commercial,ar,/services/
أحتاج خبيرًا في تصميم استبيان لطالب ماجستير في الكويت,الاستبيانات,commercial,ar,/services/
طلب خدمة تصميم استبيان لطالب ماجستير في الكويت,الاستبيانات,commercial,ar,/services/
كيف أعد تصميم استبيان لطالب دكتوراه في الكويت؟,الاستبيانات,commercial,ar,/services/
من يساعدني في تصميم استبيان لطالب دكتوراه في الكويت؟,الاستبيانات,commercial,ar,/services/
أحتاج تصميم استبيان لطالب دكتوراه في الكويت أريد فهم النتائج وكتابتها,الاستبيانات,commercial,ar,/services/
أفضل طريقة لعمل تصميم استبيان لطالب دكتوراه في الكويت,الاستبيانات,commercial,ar,/services/
أين أجد خدمة تصميم استبيان لطالب دكتوراه في الكويت؟,الاستبيانات,commercial,ar,/services/
هل توجد مساعدة في تصميم استبيان لطالب دكتوراه في الكويت؟,الاستبيانات,commercial,ar,/services/
أريد تصميم استبيان لطالب دكتوراه في الكويت بجودة أكاديمية,الاستبيانات,commercial,ar,/services/
مساعدة طالب في تصميم استبيان لطالب دكتوراه في الكويت,الاستبيانات,commercial,ar,/services/
خدمة تصميم استبيان لطالب دكتوراه في الكويت بسرية,الاستبيانات,commercial,ar,/services/
كم يستغرق إعداد تصميم استبيان لطالب دكتوراه في الكويت؟,الاستبيانات,commercial,ar,/services/
ما المطلوب لعمل تصميم استبيان لطالب دكتوراه في الكويت؟,الاستبيانات,commercial,ar,/services/
أحتاج خبيرًا في تصميم استبيان لطالب دكتوراه في الكويت,الاستبيانات,commercial,ar,/services/
طلب خدمة تصميم استبيان لطالب دكتوراه في الكويت,الاستبيانات,commercial,ar,/services/
كيف أعد تصميم استبيان في جامعة خاصة بالكويت؟,الاستبيانات,commercial,ar,/services/
من يساعدني في تصميم استبيان في جامعة خاصة بالكويت؟,الاستبيانات,commercial,ar,/services/
أحتاج تصميم استبيان في جامعة خاصة بالكويت أحتاج رأيًا أكاديميًا في عملي,الاستبيانات,commercial,ar,/services/
أفضل طريقة لعمل تصميم استبيان في جامعة خاصة بالكويت,الاستبيانات,commercial,ar,/services/
أين أجد خدمة تصميم استبيان في جامعة خاصة بالكويت؟,الاستبيانات,commercial,ar,/services/
هل توجد مساعدة في تصميم استبيان في جامعة خاصة بالكويت؟,الاستبيانات,commercial,ar,/services/
أريد تصميم استبيان في جامعة خاصة بالكويت بجودة أكاديمية,الاستبيانات,commercial,ar,/services/
مساعدة طالب في تصميم استبيان في جامعة خاصة بالكويت,الاستبيانات,commercial,ar,/services/
خدمة تصميم استبيان في جامعة خاصة بالكويت بسرية,الاستبيانات,commercial,ar,/services/
كم يستغرق إعداد تصميم استبيان في جامعة خاصة بالكويت؟,الاستبيانات,commercial,ar,/services/
ما المطلوب لعمل تصميم استبيان في جامعة خاصة بالكويت؟,الاستبيانات,commercial,ar,/services/
أحتاج خبيرًا في تصميم استبيان في جامعة خاصة بالكويت,الاستبيانات,commercial,ar,/services/
طلب خدمة تصميم استبيان في جامعة خاصة بالكويت,الاستبيانات,commercial,ar,/services/
كيف أعد تصميم استبيان في التعليم التطبيقي بالكويت؟,الاستبيانات,commercial,ar,/services/
من يساعدني في تصميم استبيان في التعليم التطبيقي بالكويت؟,الاستبيانات,commercial,ar,/services/
أحتاج تصميم استبيان في التعليم التطبيقي بالكويت أريد مراجعة عملي قبل التسليم,الاستبيانات,commercial,ar,/services/
أفضل طريقة لعمل تصميم استبيان في التعليم التطبيقي بالكويت,الاستبيانات,commercial,ar,/services/
أين أجد خدمة تصميم استبيان في التعليم التطبيقي بالكويت؟,الاستبيانات,commercial,ar,/services/
هل توجد مساعدة في تصميم استبيان في التعليم التطبيقي بالكويت؟,الاستبيانات,commercial,ar,/services/
أريد تصميم استبيان في التعليم التطبيقي بالكويت بجودة أكاديمية,الاستبيانات,commercial,ar,/services/
مساعدة طالب في تصميم استبيان في التعليم التطبيقي بالكويت,الاستبيانات,commercial,ar,/services/
خدمة تصميم استبيان في التعليم التطبيقي بالكويت بسرية,الاستبيانات,commercial,ar,/services/
كم يستغرق إعداد تصميم استبيان في التعليم التطبيقي بالكويت؟,الاستبيانات,commercial,ar,/services/
ما المطلوب لعمل تصميم استبيان في التعليم التطبيقي بالكويت؟,الاستبيانات,commercial,ar,/services/
أحتاج خبيرًا في تصميم استبيان في التعليم التطبيقي بالكويت,الاستبيانات,commercial,ar,/services/
طلب خدمة تصميم استبيان في التعليم التطبيقي بالكويت,الاستبيانات,commercial,ar,/services/
كيف أعد تدقيق لغوي في الكويت؟,التدقيق والتنسيق,commercial,ar,/services/
من يساعدني في تدقيق لغوي في الكويت؟,التدقيق والتنسيق,commercial,ar,/services/
أحتاج تدقيق لغوي في الكويت أريد مراجعة عملي قبل التسليم,التدقيق والتنسيق,commercial,ar,/services/
أفضل طريقة لعمل تدقيق لغوي في الكويت,التدقيق والتنسيق,commercial,ar,/services/
أين أجد خدمة تدقيق لغوي في الكويت؟,التدقيق والتنسيق,commercial,ar,/services/
هل توجد مساعدة في تدقيق لغوي في الكويت؟,التدقيق والتنسيق,commercial,ar,/services/
أريد تدقيق لغوي في الكويت بجودة أكاديمية,التدقيق والتنسيق,commercial,ar,/services/
مساعدة طالب في تدقيق لغوي في الكويت,التدقيق والتنسيق,commercial,ar,/services/
خدمة تدقيق لغوي في الكويت بسرية,التدقيق والتنسيق,commercial,ar,/services/
كم يستغرق إعداد تدقيق لغوي في الكويت؟,التدقيق والتنسيق,commercial,ar,/services/
ما المطلوب لعمل تدقيق لغوي في الكويت؟,التدقيق والتنسيق,commercial,ar,/services/
كيف أراجع تدقيق لغوي قبل التسليم؟,التدقيق والتنسيق,commercial,ar,/services/
هل يمكن شرح تدقيق لغوي للطالب؟,التدقيق والتنسيق,commercial,ar,/services/
أحتاج خبيرًا في تدقيق لغوي في الكويت,التدقيق والتنسيق,commercial,ar,/services/
طلب خدمة تدقيق لغوي في الكويت,التدقيق والتنسيق,commercial,ar,/services/
كيف أعد تدقيق لغوي بالكويت؟,التدقيق والتنسيق,commercial,ar,/services/
من يساعدني في تدقيق لغوي بالكويت؟,التدقيق والتنسيق,commercial,ar,/services/
أحتاج تدقيق لغوي بالكويت أحتاج نموذجًا وخطة واضحة,التدقيق والتنسيق,commercial,ar,/services/
أفضل طريقة لعمل تدقيق لغوي بالكويت,التدقيق والتنسيق,commercial,ar,/services/
أين أجد خدمة تدقيق لغوي بالكويت؟,التدقيق والتنسيق,commercial,ar,/services/
هل توجد مساعدة في تدقيق لغوي بالكويت؟,التدقيق والتنسيق,commercial,ar,/services/
أريد تدقيق لغوي بالكويت بجودة أكاديمية,التدقيق والتنسيق,commercial,ar,/services/
مساعدة طالب في تدقيق لغوي بالكويت,التدقيق والتنسيق,commercial,ar,/services/
خدمة تدقيق لغوي بالكويت بسرية,التدقيق والتنسيق,commercial,ar,/services/
كم يستغرق إعداد تدقيق لغوي بالكويت؟,التدقيق والتنسيق,commercial,ar,/services/
ما المطلوب لعمل تدقيق لغوي بالكويت؟,التدقيق والتنسيق,commercial,ar,/services/
أحتاج خبيرًا في تدقيق لغوي بالكويت,التدقيق والتنسيق,commercial,ar,/services/
طلب خدمة تدقيق لغوي بالكويت,التدقيق والتنسيق,commercial,ar,/services/
كيف أعد تدقيق لغوي للطلاب في الكويت؟,التدقيق والتنسيق,commercial,ar,/services/
من يساعدني في تدقيق لغوي للطلاب في الكويت؟,التدقيق والتنسيق,commercial,ar,/services/
أحتاج تدقيق لغوي للطلاب في الكويت لا أعرف من أين أبدأ,التدقيق والتنسيق,commercial,ar,/services/
أفضل طريقة لعمل تدقيق لغوي للطلاب في الكويت,التدقيق والتنسيق,commercial,ar,/services/
أين أجد خدمة تدقيق لغوي للطلاب في الكويت؟,التدقيق والتنسيق,commercial,ar,/services/
هل توجد مساعدة في تدقيق لغوي للطلاب في الكويت؟,التدقيق والتنسيق,commercial,ar,/services/
أريد تدقيق لغوي للطلاب في الكويت بجودة أكاديمية,التدقيق والتنسيق,commercial,ar,/services/
مساعدة طالب في تدقيق لغوي للطلاب في الكويت,التدقيق والتنسيق,commercial,ar,/services/
خدمة تدقيق لغوي للطلاب في الكويت بسرية,التدقيق والتنسيق,commercial,ar,/services/
كم يستغرق إعداد تدقيق لغوي للطلاب في الكويت؟,التدقيق والتنسيق,commercial,ar,/services/
ما المطلوب لعمل تدقيق لغوي للطلاب في الكويت؟,التدقيق والتنسيق,commercial,ar,/services/
أحتاج خبيرًا في تدقيق لغوي للطلاب في الكويت,التدقيق والتنسيق,commercial,ar,/services/
طلب خدمة تدقيق لغوي للطلاب في الكويت,التدقيق والتنسيق,commercial,ar,/services/
كيف أعد تدقيق لغوي للباحثين في الكويت؟,التدقيق والتنسيق,commercial,ar,/services/
من يساعدني في تدقيق لغوي للباحثين في الكويت؟,التدقيق والتنسيق,commercial,ar,/services/
أحتاج تدقيق لغوي للباحثين في الكويت أحتاج شخصًا يشرح لي الخطوات,التدقيق والتنسيق,commercial,ar,/services/
أفضل طريقة لعمل تدقيق لغوي للباحثين في الكويت,التدقيق والتنسيق,commercial,ar,/services/
أين أجد خدمة تدقيق لغوي للباحثين في الكويت؟,التدقيق والتنسيق,commercial,ar,/services/
هل توجد مساعدة في تدقيق لغوي للباحثين في الكويت؟,التدقيق والتنسيق,commercial,ar,/services/
أريد تدقيق لغوي للباحثين في الكويت بجودة أكاديمية,التدقيق والتنسيق,commercial,ar,/services/
مساعدة طالب في تدقيق لغوي للباحثين في الكويت,التدقيق والتنسيق,commercial,ar,/services/
خدمة تدقيق لغوي للباحثين في الكويت بسرية,التدقيق والتنسيق,commercial,ar,/services/
كم يستغرق إعداد تدقيق لغوي للباحثين في الكويت؟,التدقيق والتنسيق,commercial,ar,/services/
ما المطلوب لعمل تدقيق لغوي للباحثين في الكويت؟,التدقيق والتنسيق,commercial,ar,/services/
أحتاج خبيرًا في تدقيق لغوي للباحثين في الكويت,التدقيق والتنسيق,commercial,ar,/services/
طلب خدمة تدقيق لغوي للباحثين في الكويت,التدقيق والتنسيق,commercial,ar,/services/
كيف أعد تدقيق لغوي لجامعة الكويت؟,التدقيق والتنسيق,commercial,ar,/services/
من يساعدني في تدقيق لغوي لجامعة الكويت؟,التدقيق والتنسيق,commercial,ar,/services/
أحتاج تدقيق لغوي لجامعة الكويت أريد فهم النتائج وكتابتها,التدقيق والتنسيق,commercial,ar,/services/
أفضل طريقة لعمل تدقيق لغوي لجامعة الكويت,التدقيق والتنسيق,commercial,ar,/services/
أين أجد خدمة تدقيق لغوي لجامعة الكويت؟,التدقيق والتنسيق,commercial,ar,/services/
هل توجد مساعدة في تدقيق لغوي لجامعة الكويت؟,التدقيق والتنسيق,commercial,ar,/services/
أريد تدقيق لغوي لجامعة الكويت بجودة أكاديمية,التدقيق والتنسيق,commercial,ar,/services/
مساعدة طالب في تدقيق لغوي لجامعة الكويت,التدقيق والتنسيق,commercial,ar,/services/
خدمة تدقيق لغوي لجامعة الكويت بسرية,التدقيق والتنسيق,commercial,ar,/services/
كم يستغرق إعداد تدقيق لغوي لجامعة الكويت؟,التدقيق والتنسيق,commercial,ar,/services/
ما المطلوب لعمل تدقيق لغوي لجامعة الكويت؟,التدقيق والتنسيق,commercial,ar,/services/
أحتاج خبيرًا في تدقيق لغوي لجامعة الكويت,التدقيق والتنسيق,commercial,ar,/services/
طلب خدمة تدقيق لغوي لجامعة الكويت,التدقيق والتنسيق,commercial,ar,/services/
كيف أعد تدقيق لغوي للجامعات الكويتية؟,التدقيق والتنسيق,commercial,ar,/services/
من يساعدني في تدقيق لغوي للجامعات الكويتية؟,التدقيق والتنسيق,commercial,ar,/services/
أحتاج تدقيق لغوي للجامعات الكويتية أحتاج رأيًا أكاديميًا في عملي,التدقيق والتنسيق,commercial,ar,/services/
أفضل طريقة لعمل تدقيق لغوي للجامعات الكويتية,التدقيق والتنسيق,commercial,ar,/services/
أين أجد خدمة تدقيق لغوي للجامعات الكويتية؟,التدقيق والتنسيق,commercial,ar,/services/
هل توجد مساعدة في تدقيق لغوي للجامعات الكويتية؟,التدقيق والتنسيق,commercial,ar,/services/
أريد تدقيق لغوي للجامعات الكويتية بجودة أكاديمية,التدقيق والتنسيق,commercial,ar,/services/
مساعدة طالب في تدقيق لغوي للجامعات الكويتية,التدقيق والتنسيق,commercial,ar,/services/
خدمة تدقيق لغوي للجامعات الكويتية بسرية,التدقيق والتنسيق,commercial,ar,/services/
كم يستغرق إعداد تدقيق لغوي للجامعات الكويتية؟,التدقيق والتنسيق,commercial,ar,/services/
ما المطلوب لعمل تدقيق لغوي للجامعات الكويتية؟,التدقيق والتنسيق,commercial,ar,/services/
أحتاج خبيرًا في تدقيق لغوي للجامعات الكويتية,التدقيق والتنسيق,commercial,ar,/services/
طلب خدمة تدقيق لغوي للجامعات الكويتية,التدقيق والتنسيق,commercial,ar,/services/
كيف أعد تدقيق لغوي لطالب ماجستير في الكويت؟,التدقيق والتنسيق,commercial,ar,/services/
من يساعدني في تدقيق لغوي لطالب ماجستير في الكويت؟,التدقيق والتنسيق,commercial,ar,/services/
أحتاج تدقيق لغوي لطالب ماجستير في الكويت أريد مراجعة عملي قبل التسليم,التدقيق والتنسيق,commercial,ar,/services/
أفضل طريقة لعمل تدقيق لغوي لطالب ماجستير في الكويت,التدقيق والتنسيق,commercial,ar,/services/
أين أجد خدمة تدقيق لغوي لطالب ماجستير في الكويت؟,التدقيق والتنسيق,commercial,ar,/services/
هل توجد مساعدة في تدقيق لغوي لطالب ماجستير في الكويت؟,التدقيق والتنسيق,commercial,ar,/services/
أريد تدقيق لغوي لطالب ماجستير في الكويت بجودة أكاديمية,التدقيق والتنسيق,commercial,ar,/services/
مساعدة طالب في تدقيق لغوي لطالب ماجستير في الكويت,التدقيق والتنسيق,commercial,ar,/services/
خدمة تدقيق لغوي لطالب ماجستير في الكويت بسرية,التدقيق والتنسيق,commercial,ar,/services/
كم يستغرق إعداد تدقيق لغوي لطالب ماجستير في الكويت؟,التدقيق والتنسيق,commercial,ar,/services/
ما المطلوب لعمل تدقيق لغوي لطالب ماجستير في الكويت؟,التدقيق والتنسيق,commercial,ar,/services/
أحتاج خبيرًا في تدقيق لغوي لطالب ماجستير في الكويت,التدقيق والتنسيق,commercial,ar,/services/
طلب خدمة تدقيق لغوي لطالب ماجستير في الكويت,التدقيق والتنسيق,commercial,ar,/services/
كيف أعد تدقيق لغوي لطالب دكتوراه في الكويت؟,التدقيق والتنسيق,commercial,ar,/services/
من يساعدني في تدقيق لغوي لطالب دكتوراه في الكويت؟,التدقيق والتنسيق,commercial,ar,/services/
أحتاج تدقيق لغوي لطالب دكتوراه في الكويت أحتاج تصحيح الأخطاء وتنسيقها,التدقيق والتنسيق,commercial,ar,/services/
أفضل طريقة لعمل تدقيق لغوي لطالب دكتوراه في الكويت,التدقيق والتنسيق,commercial,ar,/services/
أين أجد خدمة تدقيق لغوي لطالب دكتوراه في الكويت؟,التدقيق والتنسيق,commercial,ar,/services/
هل توجد مساعدة في تدقيق لغوي لطالب دكتوراه في الكويت؟,التدقيق والتنسيق,commercial,ar,/services/
أريد تدقيق لغوي لطالب دكتوراه في الكويت بجودة أكاديمية,التدقيق والتنسيق,commercial,ar,/services/
مساعدة طالب في تدقيق لغوي لطالب دكتوراه في الكويت,التدقيق والتنسيق,commercial,ar,/services/
خدمة تدقيق لغوي لطالب دكتوراه في الكويت بسرية,التدقيق والتنسيق,commercial,ar,/services/
كم يستغرق إعداد تدقيق لغوي لطالب دكتوراه في الكويت؟,التدقيق والتنسيق,commercial,ar,/services/
ما المطلوب لعمل تدقيق لغوي لطالب دكتوراه في الكويت؟,التدقيق والتنسيق,commercial,ar,/services/
أحتاج خبيرًا في تدقيق لغوي لطالب دكتوراه في الكويت,التدقيق والتنسيق,commercial,ar,/services/
طلب خدمة تدقيق لغوي لطالب دكتوراه في الكويت,التدقيق والتنسيق,commercial,ar,/services/
كيف أعد تدقيق لغوي في جامعة خاصة بالكويت؟,التدقيق والتنسيق,commercial,ar,/services/
من يساعدني في تدقيق لغوي في جامعة خاصة بالكويت؟,التدقيق والتنسيق,commercial,ar,/services/
أحتاج تدقيق لغوي في جامعة خاصة بالكويت أريد تجهيزها للمناقشة,التدقيق والتنسيق,commercial,ar,/services/
أفضل طريقة لعمل تدقيق لغوي في جامعة خاصة بالكويت,التدقيق والتنسيق,commercial,ar,/services/
أين أجد خدمة تدقيق لغوي في جامعة خاصة بالكويت؟,التدقيق والتنسيق,commercial,ar,/services/
هل توجد مساعدة في تدقيق لغوي في جامعة خاصة بالكويت؟,التدقيق والتنسيق,commercial,ar,/services/
أريد تدقيق لغوي في جامعة خاصة بالكويت بجودة أكاديمية,التدقيق والتنسيق,commercial,ar,/services/
مساعدة طالب في تدقيق لغوي في جامعة خاصة بالكويت,التدقيق والتنسيق,commercial,ar,/services/
خدمة تدقيق لغوي في جامعة خاصة بالكويت بسرية,التدقيق والتنسيق,commercial,ar,/services/
كم يستغرق إعداد تدقيق لغوي في جامعة خاصة بالكويت؟,التدقيق والتنسيق,commercial,ar,/services/
ما المطلوب لعمل تدقيق لغوي في جامعة خاصة بالكويت؟,التدقيق والتنسيق,commercial,ar,/services/
أحتاج خبيرًا في تدقيق لغوي في جامعة خاصة بالكويت,التدقيق والتنسيق,commercial,ar,/services/
طلب خدمة تدقيق لغوي في جامعة خاصة بالكويت,التدقيق والتنسيق,commercial,ar,/services/
كيف أعد تدقيق لغوي في التعليم التطبيقي بالكويت؟,التدقيق والتنسيق,commercial,ar,/services/
من يساعدني في تدقيق لغوي في التعليم التطبيقي بالكويت؟,التدقيق والتنسيق,commercial,ar,/services/
أحتاج تدقيق لغوي في التعليم التطبيقي بالكويت أحتاج مساعدة عاجلة,التدقيق والتنسيق,commercial,ar,/services/
أفضل طريقة لعمل تدقيق لغوي في التعليم التطبيقي بالكويت,التدقيق والتنسيق,commercial,ar,/services/
أين أجد خدمة تدقيق لغوي في التعليم التطبيقي بالكويت؟,التدقيق والتنسيق,commercial,ar,/services/
هل توجد مساعدة في تدقيق لغوي في التعليم التطبيقي بالكويت؟,التدقيق والتنسيق,commercial,ar,/services/
أريد تدقيق لغوي في التعليم التطبيقي بالكويت بجودة أكاديمية,التدقيق والتنسيق,commercial,ar,/services/
مساعدة طالب في تدقيق لغوي في التعليم التطبيقي بالكويت,التدقيق والتنسيق,commercial,ar,/services/
خدمة تدقيق لغوي في التعليم التطبيقي بالكويت بسرية,التدقيق والتنسيق,commercial,ar,/services/
كم يستغرق إعداد تدقيق لغوي في التعليم التطبيقي بالكويت؟,التدقيق والتنسيق,commercial,ar,/services/
ما المطلوب لعمل تدقيق لغوي في التعليم التطبيقي بالكويت؟,التدقيق والتنسيق,commercial,ar,/services/
أحتاج خبيرًا في تدقيق لغوي في التعليم التطبيقي بالكويت,التدقيق والتنسيق,commercial,ar,/services/
طلب خدمة تدقيق لغوي في التعليم التطبيقي بالكويت,التدقيق والتنسيق,commercial,ar,/services/
كيف أعد تنسيق APA في الكويت؟,التدقيق والتنسيق,commercial,ar,/services/
من يساعدني في تنسيق APA في الكويت؟,التدقيق والتنسيق,commercial,ar,/services/
أحتاج تنسيق APA في الكويت أحتاج شخصًا يشرح لي الخطوات,التدقيق والتنسيق,commercial,ar,/services/
أفضل طريقة لعمل تنسيق APA في الكويت,التدقيق والتنسيق,commercial,ar,/services/
أين أجد خدمة تنسيق APA في الكويت؟,التدقيق والتنسيق,commercial,ar,/services/
هل توجد مساعدة في تنسيق APA في الكويت؟,التدقيق والتنسيق,commercial,ar,/services/
أريد تنسيق APA في الكويت بجودة أكاديمية,التدقيق والتنسيق,commercial,ar,/services/
مساعدة طالب في تنسيق APA في الكويت,التدقيق والتنسيق,commercial,ar,/services/
خدمة تنسيق APA في الكويت بسرية,التدقيق والتنسيق,commercial,ar,/services/
كم يستغرق إعداد تنسيق APA في الكويت؟,التدقيق والتنسيق,commercial,ar,/services/
ما المطلوب لعمل تنسيق APA في الكويت؟,التدقيق والتنسيق,commercial,ar,/services/
كيف أراجع تنسيق APA قبل التسليم؟,التدقيق والتنسيق,commercial,ar,/services/
هل يمكن شرح تنسيق APA للطالب؟,التدقيق والتنسيق,commercial,ar,/services/
أحتاج خبيرًا في تنسيق APA في الكويت,التدقيق والتنسيق,commercial,ar,/services/
طلب خدمة تنسيق APA في الكويت,التدقيق والتنسيق,commercial,ar,/services/
كيف أعد تنسيق APA بالكويت؟,التدقيق والتنسيق,commercial,ar,/services/
من يساعدني في تنسيق APA بالكويت؟,التدقيق والتنسيق,commercial,ar,/services/
أحتاج تنسيق APA بالكويت أريد تجهيزها للمناقشة,التدقيق والتنسيق,commercial,ar,/services/
أفضل طريقة لعمل تنسيق APA بالكويت,التدقيق والتنسيق,commercial,ar,/services/
أين أجد خدمة تنسيق APA بالكويت؟,التدقيق والتنسيق,commercial,ar,/services/
هل توجد مساعدة في تنسيق APA بالكويت؟,التدقيق والتنسيق,commercial,ar,/services/
أريد تنسيق APA بالكويت بجودة أكاديمية,التدقيق والتنسيق,commercial,ar,/services/
مساعدة طالب في تنسيق APA بالكويت,التدقيق والتنسيق,commercial,ar,/services/
خدمة تنسيق APA بالكويت بسرية,التدقيق والتنسيق,commercial,ar,/services/
كم يستغرق إعداد تنسيق APA بالكويت؟,التدقيق والتنسيق,commercial,ar,/services/
ما المطلوب لعمل تنسيق APA بالكويت؟,التدقيق والتنسيق,commercial,ar,/services/
أحتاج خبيرًا في تنسيق APA بالكويت,التدقيق والتنسيق,commercial,ar,/services/
طلب خدمة تنسيق APA بالكويت,التدقيق والتنسيق,commercial,ar,/services/
كيف أعد تنسيق APA للطلاب في الكويت؟,التدقيق والتنسيق,commercial,ar,/services/
من يساعدني في تنسيق APA للطلاب في الكويت؟,التدقيق والتنسيق,commercial,ar,/services/
أحتاج تنسيق APA للطلاب في الكويت أحتاج مساعدة عاجلة,التدقيق والتنسيق,commercial,ar,/services/
أفضل طريقة لعمل تنسيق APA للطلاب في الكويت,التدقيق والتنسيق,commercial,ar,/services/
أين أجد خدمة تنسيق APA للطلاب في الكويت؟,التدقيق والتنسيق,commercial,ar,/services/
هل توجد مساعدة في تنسيق APA للطلاب في الكويت؟,التدقيق والتنسيق,commercial,ar,/services/
أريد تنسيق APA للطلاب في الكويت بجودة أكاديمية,التدقيق والتنسيق,commercial,ar,/services/
مساعدة طالب في تنسيق APA للطلاب في الكويت,التدقيق والتنسيق,commercial,ar,/services/
خدمة تنسيق APA للطلاب في الكويت بسرية,التدقيق والتنسيق,commercial,ar,/services/
كم يستغرق إعداد تنسيق APA للطلاب في الكويت؟,التدقيق والتنسيق,commercial,ar,/services/
ما المطلوب لعمل تنسيق APA للطلاب في الكويت؟,التدقيق والتنسيق,commercial,ar,/services/
أحتاج خبيرًا في تنسيق APA للطلاب في الكويت,التدقيق والتنسيق,commercial,ar,/services/
طلب خدمة تنسيق APA للطلاب في الكويت,التدقيق والتنسيق,commercial,ar,/services/
كيف أعد تنسيق APA للباحثين في الكويت؟,التدقيق والتنسيق,commercial,ar,/services/
من يساعدني في تنسيق APA للباحثين في الكويت؟,التدقيق والتنسيق,commercial,ar,/services/
أحتاج تنسيق APA للباحثين في الكويت أريد إنجازها بطريقة أكاديمية,التدقيق والتنسيق,commercial,ar,/services/
أفضل طريقة لعمل تنسيق APA للباحثين في الكويت,التدقيق والتنسيق,commercial,ar,/services/
أين أجد خدمة تنسيق APA للباحثين في الكويت؟,التدقيق والتنسيق,commercial,ar,/services/
هل توجد مساعدة في تنسيق APA للباحثين في الكويت؟,التدقيق والتنسيق,commercial,ar,/services/
أريد تنسيق APA للباحثين في الكويت بجودة أكاديمية,التدقيق والتنسيق,commercial,ar,/services/
How can I prepare university research in Kuwait?,الأبحاث الجامعية,question,en,/services/
Who can help me with university research in Kuwait?,الأبحاث الجامعية,question,en,/services/
I need help with university research in Kuwait.,الأبحاث الجامعية,commercial,en,/services/
Where can I find university research in Kuwait?,الأبحاث الجامعية,question,en,/services/
Best way to complete university research in Kuwait,الأبحاث الجامعية,commercial,en,/services/
Academic support for university research in Kuwait,الأبحاث الجامعية,commercial,en,/services/
I need an expert to review my university research in Kuwait,الأبحاث الجامعية,commercial,en,/services/
How long does university research take?,الأبحاث الجامعية,question,en,/services/
Can someone explain university research to me?,الأبحاث الجامعية,question,en,/services/
Affordable university research for students in Kuwait,الأبحاث الجامعية,commercial,en,/services/
Professional university research service in Kuwait,الأبحاث الجامعية,commercial,en,/services/
Help me finish my university research before submission,الأبحاث الجامعية,commercial,en,/services/
I need proofreading for my university research in Kuwait,الأبحاث الجامعية,commercial,en,/services/
How to format my university research in APA 7,الأبحاث الجامعية,commercial,en,/services/
Kuwait student needs help with university research,الأبحاث الجامعية,commercial,en,/services/
How can I prepare university research for Kuwait students?,الأبحاث الجامعية,question,en,/services/
Who can help me with university research for Kuwait students?,الأبحاث الجامعية,question,en,/services/
I need help with university research for Kuwait students.,الأبحاث الجامعية,commercial,en,/services/
Where can I find university research for Kuwait students?,الأبحاث الجامعية,question,en,/services/
Best way to complete university research for Kuwait students,الأبحاث الجامعية,commercial,en,/services/
Academic support for university research for Kuwait students,الأبحاث الجامعية,commercial,en,/services/
I need an expert to review my university research for Kuwait students,الأبحاث الجامعية,commercial,en,/services/
I need proofreading for my university research for Kuwait students,الأبحاث الجامعية,commercial,en,/services/
How can I prepare university research for a student at Kuwait University?,الأبحاث الجامعية,question,en,/services/
Who can help me with university research for a student at Kuwait University?,الأبحاث الجامعية,question,en,/services/
I need help with university research for a student at Kuwait University.,الأبحاث الجامعية,commercial,en,/services/
Where can I find university research for a student at Kuwait University?,الأبحاث الجامعية,question,en,/services/
Best way to complete university research for a student at Kuwait University,الأبحاث الجامعية,commercial,en,/services/
Academic support for university research for a student at Kuwait University,الأبحاث الجامعية,commercial,en,/services/
I need an expert to review my university research for a student at Kuwait University,الأبحاث الجامعية,commercial,en,/services/
I need proofreading for my university research for a student at Kuwait University,الأبحاث الجامعية,commercial,en,/services/
How can I prepare university research for postgraduate students in Kuwait?,الأبحاث الجامعية,question,en,/services/
Who can help me with university research for postgraduate students in Kuwait?,الأبحاث الجامعية,question,en,/services/
I need help with university research for postgraduate students in Kuwait.,الأبحاث الجامعية,commercial,en,/services/
Where can I find university research for postgraduate students in Kuwait?,الأبحاث الجامعية,question,en,/services/
Best way to complete university research for postgraduate students in Kuwait,الأبحاث الجامعية,commercial,en,/services/
Academic support for university research for postgraduate students in Kuwait,الأبحاث الجامعية,commercial,en,/services/
I need an expert to review my university research for postgraduate students in Kuwait,الأبحاث الجامعية,commercial,en,/services/
I need proofreading for my university research for postgraduate students in Kuwait,الأبحاث الجامعية,commercial,en,/services/
How can I prepare university research for researchers in Kuwait?,الأبحاث الجامعية,question,en,/services/
Who can help me with university research for researchers in Kuwait?,الأبحاث الجامعية,question,en,/services/
I need help with university research for researchers in Kuwait.,الأبحاث الجامعية,commercial,en,/services/
Where can I find university research for researchers in Kuwait?,الأبحاث الجامعية,question,en,/services/
Best way to complete university research for researchers in Kuwait,الأبحاث الجامعية,commercial,en,/services/
Academic support for university research for researchers in Kuwait,الأبحاث الجامعية,commercial,en,/services/
I need an expert to review my university research for researchers in Kuwait,الأبحاث الجامعية,commercial,en,/services/
I need proofreading for my university research for researchers in Kuwait,الأبحاث الجامعية,commercial,en,/services/
How can I prepare university research for private universities in Kuwait?,الأبحاث الجامعية,question,en,/services/
Who can help me with university research for private universities in Kuwait?,الأبحاث الجامعية,question,en,/services/
I need help with university research for private universities in Kuwait.,الأبحاث الجامعية,commercial,en,/services/
Where can I find university research for private universities in Kuwait?,الأبحاث الجامعية,question,en,/services/
Best way to complete university research for private universities in Kuwait,الأبحاث الجامعية,commercial,en,/services/
Academic support for university research for private universities in Kuwait,الأبحاث الجامعية,commercial,en,/services/
I need an expert to review my university research for private universities in Kuwait,الأبحاث الجامعية,commercial,en,/services/
I need proofreading for my university research for private universities in Kuwait,الأبحاث الجامعية,commercial,en,/services/
How can I prepare graduation project research in Kuwait?,أبحاث التخرج,question,en,/services/
Who can help me with graduation project research in Kuwait?,أبحاث التخرج,question,en,/services/
I need help with graduation project research in Kuwait.,أبحاث التخرج,commercial,en,/services/
Where can I find graduation project research in Kuwait?,أبحاث التخرج,question,en,/services/
Best way to complete graduation project research in Kuwait,أبحاث التخرج,commercial,en,/services/
Academic support for graduation project research in Kuwait,أبحاث التخرج,commercial,en,/services/
I need an expert to review my graduation project research in Kuwait,أبحاث التخرج,commercial,en,/services/
How long does graduation project research take?,أبحاث التخرج,question,en,/services/
Can someone explain graduation project research to me?,أبحاث التخرج,question,en,/services/
Affordable graduation project research for students in Kuwait,أبحاث التخرج,commercial,en,/services/
Professional graduation project research service in Kuwait,أبحاث التخرج,commercial,en,/services/
Help me finish my graduation project research before submission,أبحاث التخرج,commercial,en,/services/
I need proofreading for my graduation project research in Kuwait,أبحاث التخرج,commercial,en,/services/
How to format my graduation project research in APA 7,أبحاث التخرج,commercial,en,/services/
Kuwait student needs help with graduation project research,أبحاث التخرج,commercial,en,/services/
How can I prepare graduation project research for Kuwait students?,أبحاث التخرج,question,en,/services/
Who can help me with graduation project research for Kuwait students?,أبحاث التخرج,question,en,/services/
I need help with graduation project research for Kuwait students.,أبحاث التخرج,commercial,en,/services/
Where can I find graduation project research for Kuwait students?,أبحاث التخرج,question,en,/services/
Best way to complete graduation project research for Kuwait students,أبحاث التخرج,commercial,en,/services/
Academic support for graduation project research for Kuwait students,أبحاث التخرج,commercial,en,/services/
I need an expert to review my graduation project research for Kuwait students,أبحاث التخرج,commercial,en,/services/
I need proofreading for my graduation project research for Kuwait students,أبحاث التخرج,commercial,en,/services/
How can I prepare graduation project research for a student at Kuwait University?,أبحاث التخرج,question,en,/services/
Who can help me with graduation project research for a student at Kuwait University?,أبحاث التخرج,question,en,/services/
I need help with graduation project research for a student at Kuwait University.,أبحاث التخرج,commercial,en,/services/
Where can I find graduation project research for a student at Kuwait University?,أبحاث التخرج,question,en,/services/
Best way to complete graduation project research for a student at Kuwait University,أبحاث التخرج,commercial,en,/services/
Academic support for graduation project research for a student at Kuwait University,أبحاث التخرج,commercial,en,/services/
I need an expert to review my graduation project research for a student at Kuwait University,أبحاث التخرج,commercial,en,/services/
I need proofreading for my graduation project research for a student at Kuwait University,أبحاث التخرج,commercial,en,/services/
How can I prepare graduation project research for postgraduate students in Kuwait?,أبحاث التخرج,question,en,/services/
Who can help me with graduation project research for postgraduate students in Kuwait?,أبحاث التخرج,question,en,/services/
I need help with graduation project research for postgraduate students in Kuwait.,أبحاث التخرج,commercial,en,/services/
Where can I find graduation project research for postgraduate students in Kuwait?,أبحاث التخرج,question,en,/services/
Best way to complete graduation project research for postgraduate students in Kuwait,أبحاث التخرج,commercial,en,/services/
Academic support for graduation project research for postgraduate students in Kuwait,أبحاث التخرج,commercial,en,/services/
I need an expert to review my graduation project research for postgraduate students in Kuwait,أبحاث التخرج,commercial,en,/services/
I need proofreading for my graduation project research for postgraduate students in Kuwait,أبحاث التخرج,commercial,en,/services/
How can I prepare graduation project research for researchers in Kuwait?,أبحاث التخرج,question,en,/services/
Who can help me with graduation project research for researchers in Kuwait?,أبحاث التخرج,question,en,/services/
I need help with graduation project research for researchers in Kuwait.,أبحاث التخرج,commercial,en,/services/
Where can I find graduation project research for researchers in Kuwait?,أبحاث التخرج,question,en,/services/
Best way to complete graduation project research for researchers in Kuwait,أبحاث التخرج,commercial,en,/services/
Academic support for graduation project research for researchers in Kuwait,أبحاث التخرج,commercial,en,/services/
I need an expert to review my graduation project research for researchers in Kuwait,أبحاث التخرج,commercial,en,/services/
I need proofreading for my graduation project research for researchers in Kuwait,أبحاث التخرج,commercial,en,/services/
How can I prepare graduation project research for private universities in Kuwait?,أبحاث التخرج,question,en,/services/
Who can help me with graduation project research for private universities in Kuwait?,أبحاث التخرج,question,en,/services/
I need help with graduation project research for private universities in Kuwait.,أبحاث التخرج,commercial,en,/services/
Where can I find graduation project research for private universities in Kuwait?,أبحاث التخرج,question,en,/services/
Best way to complete graduation project research for private universities in Kuwait,أبحاث التخرج,commercial,en,/services/
Academic support for graduation project research for private universities in Kuwait,أبحاث التخرج,commercial,en,/services/
I need an expert to review my graduation project research for private universities in Kuwait,أبحاث التخرج,commercial,en,/services/
I need proofreading for my graduation project research for private universities in Kuwait,أبحاث التخرج,commercial,en,/services/
How can I prepare master thesis in Kuwait?,الماجستير,question,en,/services/
Who can help me with master thesis in Kuwait?,الماجستير,question,en,/services/
I need help with master thesis in Kuwait.,الماجستير,commercial,en,/services/
Where can I find master thesis in Kuwait?,الماجستير,question,en,/services/
Best way to complete master thesis in Kuwait,الماجستير,commercial,en,/services/
Academic support for master thesis in Kuwait,الماجستير,commercial,en,/services/
I need an expert to review my master thesis in Kuwait,الماجستير,commercial,en,/services/
How long does master thesis take?,الماجستير,question,en,/services/
Can someone explain master thesis to me?,الماجستير,question,en,/services/
Affordable master thesis for students in Kuwait,الماجستير,commercial,en,/services/
Professional master thesis service in Kuwait,الماجستير,commercial,en,/services/
Help me finish my master thesis before submission,الماجستير,commercial,en,/services/
I need proofreading for my master thesis in Kuwait,الماجستير,commercial,en,/services/
How to format my master thesis in APA 7,الماجستير,commercial,en,/services/
Kuwait student needs help with master thesis,الماجستير,commercial,en,/services/
How can I prepare master thesis for Kuwait students?,الماجستير,question,en,/services/
Who can help me with master thesis for Kuwait students?,الماجستير,question,en,/services/
I need help with master thesis for Kuwait students.,الماجستير,commercial,en,/services/
Where can I find master thesis for Kuwait students?,الماجستير,question,en,/services/
Best way to complete master thesis for Kuwait students,الماجستير,commercial,en,/services/
Academic support for master thesis for Kuwait students,الماجستير,commercial,en,/services/
I need an expert to review my master thesis for Kuwait students,الماجستير,commercial,en,/services/
I need proofreading for my master thesis for Kuwait students,الماجستير,commercial,en,/services/
How can I prepare master thesis for a student at Kuwait University?,الماجستير,question,en,/services/
Who can help me with master thesis for a student at Kuwait University?,الماجستير,question,en,/services/
I need help with master thesis for a student at Kuwait University.,الماجستير,commercial,en,/services/
Where can I find master thesis for a student at Kuwait University?,الماجستير,question,en,/services/
Best way to complete master thesis for a student at Kuwait University,الماجستير,commercial,en,/services/
Academic support for master thesis for a student at Kuwait University,الماجستير,commercial,en,/services/
I need an expert to review my master thesis for a student at Kuwait University,الماجستير,commercial,en,/services/
I need proofreading for my master thesis for a student at Kuwait University,الماجستير,commercial,en,/services/
How can I prepare master thesis for postgraduate students in Kuwait?,الماجستير,question,en,/services/
Who can help me with master thesis for postgraduate students in Kuwait?,الماجستير,question,en,/services/
I need help with master thesis for postgraduate students in Kuwait.,الماجستير,commercial,en,/services/
Where can I find master thesis for postgraduate students in Kuwait?,الماجستير,question,en,/services/
Best way to complete master thesis for postgraduate students in Kuwait,الماجستير,commercial,en,/services/
Academic support for master thesis for postgraduate students in Kuwait,الماجستير,commercial,en,/services/
I need an expert to review my master thesis for postgraduate students in Kuwait,الماجستير,commercial,en,/services/
I need proofreading for my master thesis for postgraduate students in Kuwait,الماجستير,commercial,en,/services/
How can I prepare master thesis for researchers in Kuwait?,الماجستير,question,en,/services/
Who can help me with master thesis for researchers in Kuwait?,الماجستير,question,en,/services/
I need help with master thesis for researchers in Kuwait.,الماجستير,commercial,en,/services/
Where can I find master thesis for researchers in Kuwait?,الماجستير,question,en,/services/
Best way to complete master thesis for researchers in Kuwait,الماجستير,commercial,en,/services/
Academic support for master thesis for researchers in Kuwait,الماجستير,commercial,en,/services/
I need an expert to review my master thesis for researchers in Kuwait,الماجستير,commercial,en,/services/
I need proofreading for my master thesis for researchers in Kuwait,الماجستير,commercial,en,/services/
How can I prepare master thesis for private universities in Kuwait?,الماجستير,question,en,/services/
Who can help me with master thesis for private universities in Kuwait?,الماجستير,question,en,/services/
I need help with master thesis for private universities in Kuwait.,الماجستير,commercial,en,/services/
Where can I find master thesis for private universities in Kuwait?,الماجستير,question,en,/services/
Best way to complete master thesis for private universities in Kuwait,الماجستير,commercial,en,/services/
Academic support for master thesis for private universities in Kuwait,الماجستير,commercial,en,/services/
I need an expert to review my master thesis for private universities in Kuwait,الماجستير,commercial,en,/services/
I need proofreading for my master thesis for private universities in Kuwait,الماجستير,commercial,en,/services/
How can I prepare PhD dissertation in Kuwait?,الدكتوراه,question,en,/services/
Who can help me with PhD dissertation in Kuwait?,الدكتوراه,question,en,/services/
I need help with PhD dissertation in Kuwait.,الدكتوراه,commercial,en,/services/
Where can I find PhD dissertation in Kuwait?,الدكتوراه,question,en,/services/
Best way to complete PhD dissertation in Kuwait,الدكتوراه,commercial,en,/services/
Academic support for PhD dissertation in Kuwait,الدكتوراه,commercial,en,/services/
I need an expert to review my PhD dissertation in Kuwait,الدكتوراه,commercial,en,/services/
How long does PhD dissertation take?,الدكتوراه,question,en,/services/
Can someone explain PhD dissertation to me?,الدكتوراه,question,en,/services/
Affordable PhD dissertation for students in Kuwait,الدكتوراه,commercial,en,/services/
Professional PhD dissertation service in Kuwait,الدكتوراه,commercial,en,/services/
Help me finish my PhD dissertation before submission,الدكتوراه,commercial,en,/services/
I need proofreading for my PhD dissertation in Kuwait,الدكتوراه,commercial,en,/services/
How to format my PhD dissertation in APA 7,الدكتوراه,commercial,en,/services/
Kuwait student needs help with PhD dissertation,الدكتوراه,commercial,en,/services/
How can I prepare PhD dissertation for Kuwait students?,الدكتوراه,question,en,/services/
Who can help me with PhD dissertation for Kuwait students?,الدكتوراه,question,en,/services/
I need help with PhD dissertation for Kuwait students.,الدكتوراه,commercial,en,/services/
Where can I find PhD dissertation for Kuwait students?,الدكتوراه,question,en,/services/
Best way to complete PhD dissertation for Kuwait students,الدكتوراه,commercial,en,/services/
Academic support for PhD dissertation for Kuwait students,الدكتوراه,commercial,en,/services/
I need an expert to review my PhD dissertation for Kuwait students,الدكتوراه,commercial,en,/services/
I need proofreading for my PhD dissertation for Kuwait students,الدكتوراه,commercial,en,/services/
How can I prepare PhD dissertation for a student at Kuwait University?,الدكتوراه,question,en,/services/
Who can help me with PhD dissertation for a student at Kuwait University?,الدكتوراه,question,en,/services/
I need help with PhD dissertation for a student at Kuwait University.,الدكتوراه,commercial,en,/services/
Where can I find PhD dissertation for a student at Kuwait University?,الدكتوراه,question,en,/services/
Best way to complete PhD dissertation for a student at Kuwait University,الدكتوراه,commercial,en,/services/
Academic support for PhD dissertation for a student at Kuwait University,الدكتوراه,commercial,en,/services/
I need an expert to review my PhD dissertation for a student at Kuwait University,الدكتوراه,commercial,en,/services/
I need proofreading for my PhD dissertation for a student at Kuwait University,الدكتوراه,commercial,en,/services/
How can I prepare PhD dissertation for postgraduate students in Kuwait?,الدكتوراه,question,en,/services/
Who can help me with PhD dissertation for postgraduate students in Kuwait?,الدكتوراه,question,en,/services/
I need help with PhD dissertation for postgraduate students in Kuwait.,الدكتوراه,commercial,en,/services/
Where can I find PhD dissertation for postgraduate students in Kuwait?,الدكتوراه,question,en,/services/
Best way to complete PhD dissertation for postgraduate students in Kuwait,الدكتوراه,commercial,en,/services/
Academic support for PhD dissertation for postgraduate students in Kuwait,الدكتوراه,commercial,en,/services/
I need an expert to review my PhD dissertation for postgraduate students in Kuwait,الدكتوراه,commercial,en,/services/
I need proofreading for my PhD dissertation for postgraduate students in Kuwait,الدكتوراه,commercial,en,/services/
How can I prepare PhD dissertation for researchers in Kuwait?,الدكتوراه,question,en,/services/
Who can help me with PhD dissertation for researchers in Kuwait?,الدكتوراه,question,en,/services/
I need help with PhD dissertation for researchers in Kuwait.,الدكتوراه,commercial,en,/services/
Where can I find PhD dissertation for researchers in Kuwait?,الدكتوراه,question,en,/services/
Best way to complete PhD dissertation for researchers in Kuwait,الدكتوراه,commercial,en,/services/
Academic support for PhD dissertation for researchers in Kuwait,الدكتوراه,commercial,en,/services/
I need an expert to review my PhD dissertation for researchers in Kuwait,الدكتوراه,commercial,en,/services/
I need proofreading for my PhD dissertation for researchers in Kuwait,الدكتوراه,commercial,en,/services/
How can I prepare PhD dissertation for private universities in Kuwait?,الدكتوراه,question,en,/services/
Who can help me with PhD dissertation for private universities in Kuwait?,الدكتوراه,question,en,/services/
I need help with PhD dissertation for private universities in Kuwait.,الدكتوراه,commercial,en,/services/
Where can I find PhD dissertation for private universities in Kuwait?,الدكتوراه,question,en,/services/
Best way to complete PhD dissertation for private universities in Kuwait,الدكتوراه,commercial,en,/services/
Academic support for PhD dissertation for private universities in Kuwait,الدكتوراه,commercial,en,/services/
I need an expert to review my PhD dissertation for private universities in Kuwait,الدكتوراه,commercial,en,/services/
I need proofreading for my PhD dissertation for private universities in Kuwait,الدكتوراه,commercial,en,/services/
How can I prepare research proposal in Kuwait?,خطة البحث والإطار النظري,question,en,/services/
Who can help me with research proposal in Kuwait?,خطة البحث والإطار النظري,question,en,/services/
I need help with research proposal in Kuwait.,خطة البحث والإطار النظري,commercial,en,/services/
Where can I find research proposal in Kuwait?,خطة البحث والإطار النظري,question,en,/services/
Best way to complete research proposal in Kuwait,خطة البحث والإطار النظري,commercial,en,/services/
Academic support for research proposal in Kuwait,خطة البحث والإطار النظري,commercial,en,/services/
I need an expert to review my research proposal in Kuwait,خطة البحث والإطار النظري,commercial,en,/services/
How long does research proposal take?,خطة البحث والإطار النظري,question,en,/services/
Can someone explain research proposal to me?,خطة البحث والإطار النظري,question,en,/services/
Affordable research proposal for students in Kuwait,خطة البحث والإطار النظري,commercial,en,/services/
Professional research proposal service in Kuwait,خطة البحث والإطار النظري,commercial,en,/services/
Help me finish my research proposal before submission,خطة البحث والإطار النظري,commercial,en,/services/
I need proofreading for my research proposal in Kuwait,خطة البحث والإطار النظري,commercial,en,/services/
How to format my research proposal in APA 7,خطة البحث والإطار النظري,commercial,en,/services/
Kuwait student needs help with research proposal,خطة البحث والإطار النظري,commercial,en,/services/
How can I prepare research proposal for Kuwait students?,خطة البحث والإطار النظري,question,en,/services/
Who can help me with research proposal for Kuwait students?,خطة البحث والإطار النظري,question,en,/services/
I need help with research proposal for Kuwait students.,خطة البحث والإطار النظري,commercial,en,/services/
Where can I find research proposal for Kuwait students?,خطة البحث والإطار النظري,question,en,/services/
Best way to complete research proposal for Kuwait students,خطة البحث والإطار النظري,commercial,en,/services/
Academic support for research proposal for Kuwait students,خطة البحث والإطار النظري,commercial,en,/services/
I need an expert to review my research proposal for Kuwait students,خطة البحث والإطار النظري,commercial,en,/services/
I need proofreading for my research proposal for Kuwait students,خطة البحث والإطار النظري,commercial,en,/services/
How can I prepare research proposal for a student at Kuwait University?,خطة البحث والإطار النظري,question,en,/services/
Who can help me with research proposal for a student at Kuwait University?,خطة البحث والإطار النظري,question,en,/services/
I need help with research proposal for a student at Kuwait University.,خطة البحث والإطار النظري,commercial,en,/services/
Where can I find research proposal for a student at Kuwait University?,خطة البحث والإطار النظري,question,en,/services/
Best way to complete research proposal for a student at Kuwait University,خطة البحث والإطار النظري,commercial,en,/services/
Academic support for research proposal for a student at Kuwait University,خطة البحث والإطار النظري,commercial,en,/services/
I need an expert to review my research proposal for a student at Kuwait University,خطة البحث والإطار النظري,commercial,en,/services/
I need proofreading for my research proposal for a student at Kuwait University,خطة البحث والإطار النظري,commercial,en,/services/
How can I prepare research proposal for postgraduate students in Kuwait?,خطة البحث والإطار النظري,question,en,/services/
Who can help me with research proposal for postgraduate students in Kuwait?,خطة البحث والإطار النظري,question,en,/services/
I need help with research proposal for postgraduate students in Kuwait.,خطة البحث والإطار النظري,commercial,en,/services/
Where can I find research proposal for postgraduate students in Kuwait?,خطة البحث والإطار النظري,question,en,/services/
Best way to complete research proposal for postgraduate students in Kuwait,خطة البحث والإطار النظري,commercial,en,/services/
Academic support for research proposal for postgraduate students in Kuwait,خطة البحث والإطار النظري,commercial,en,/services/
I need an expert to review my research proposal for postgraduate students in Kuwait,خطة البحث والإطار النظري,commercial,en,/services/
I need proofreading for my research proposal for postgraduate students in Kuwait,خطة البحث والإطار النظري,commercial,en,/services/
How can I prepare research proposal for researchers in Kuwait?,خطة البحث والإطار النظري,question,en,/services/
Who can help me with research proposal for researchers in Kuwait?,خطة البحث والإطار النظري,question,en,/services/
I need help with research proposal for researchers in Kuwait.,خطة البحث والإطار النظري,commercial,en,/services/
Where can I find research proposal for researchers in Kuwait?,خطة البحث والإطار النظري,question,en,/services/
Best way to complete research proposal for researchers in Kuwait,خطة البحث والإطار النظري,commercial,en,/services/
Academic support for research proposal for researchers in Kuwait,خطة البحث والإطار النظري,commercial,en,/services/
I need an expert to review my research proposal for researchers in Kuwait,خطة البحث والإطار النظري,commercial,en,/services/
I need proofreading for my research proposal for researchers in Kuwait,خطة البحث والإطار النظري,commercial,en,/services/
How can I prepare research proposal for private universities in Kuwait?,خطة البحث والإطار النظري,question,en,/services/
Who can help me with research proposal for private universities in Kuwait?,خطة البحث والإطار النظري,question,en,/services/
I need help with research proposal for private universities in Kuwait.,خطة البحث والإطار النظري,commercial,en,/services/
Where can I find research proposal for private universities in Kuwait?,خطة البحث والإطار النظري,question,en,/services/
Best way to complete research proposal for private universities in Kuwait,خطة البحث والإطار النظري,commercial,en,/services/
Academic support for research proposal for private universities in Kuwait,خطة البحث والإطار النظري,commercial,en,/services/
I need an expert to review my research proposal for private universities in Kuwait,خطة البحث والإطار النظري,commercial,en,/services/
I need proofreading for my research proposal for private universities in Kuwait,خطة البحث والإطار النظري,commercial,en,/services/
How can I prepare theoretical framework in Kuwait?,خطة البحث والإطار النظري,question,en,/services/
Who can help me with theoretical framework in Kuwait?,خطة البحث والإطار النظري,question,en,/services/
I need help with theoretical framework in Kuwait.,خطة البحث والإطار النظري,commercial,en,/services/
Where can I find theoretical framework in Kuwait?,خطة البحث والإطار النظري,question,en,/services/
Best way to complete theoretical framework in Kuwait,خطة البحث والإطار النظري,commercial,en,/services/
Academic support for theoretical framework in Kuwait,خطة البحث والإطار النظري,commercial,en,/services/
I need an expert to review my theoretical framework in Kuwait,خطة البحث والإطار النظري,commercial,en,/services/
How long does theoretical framework take?,خطة البحث والإطار النظري,question,en,/services/
Can someone explain theoretical framework to me?,خطة البحث والإطار النظري,question,en,/services/
Affordable theoretical framework for students in Kuwait,خطة البحث والإطار النظري,commercial,en,/services/
Professional theoretical framework service in Kuwait,خطة البحث والإطار النظري,commercial,en,/services/
Help me finish my theoretical framework before submission,خطة البحث والإطار النظري,commercial,en,/services/
I need proofreading for my theoretical framework in Kuwait,خطة البحث والإطار النظري,commercial,en,/services/
How to format my theoretical framework in APA 7,خطة البحث والإطار النظري,commercial,en,/services/
Kuwait student needs help with theoretical framework,خطة البحث والإطار النظري,commercial,en,/services/
How can I prepare theoretical framework for Kuwait students?,خطة البحث والإطار النظري,question,en,/services/
Who can help me with theoretical framework for Kuwait students?,خطة البحث والإطار النظري,question,en,/services/
I need help with theoretical framework for Kuwait students.,خطة البحث والإطار النظري,commercial,en,/services/
Where can I find theoretical framework for Kuwait students?,خطة البحث والإطار النظري,question,en,/services/
Best way to complete theoretical framework for Kuwait students,خطة البحث والإطار النظري,commercial,en,/services/
Academic support for theoretical framework for Kuwait students,خطة البحث والإطار النظري,commercial,en,/services/
I need an expert to review my theoretical framework for Kuwait students,خطة البحث والإطار النظري,commercial,en,/services/
I need proofreading for my theoretical framework for Kuwait students,خطة البحث والإطار النظري,commercial,en,/services/
How can I prepare theoretical framework for a student at Kuwait University?,خطة البحث والإطار النظري,question,en,/services/
Who can help me with theoretical framework for a student at Kuwait University?,خطة البحث والإطار النظري,question,en,/services/
I need help with theoretical framework for a student at Kuwait University.,خطة البحث والإطار النظري,commercial,en,/services/
Where can I find theoretical framework for a student at Kuwait University?,خطة البحث والإطار النظري,question,en,/services/
Best way to complete theoretical framework for a student at Kuwait University,خطة البحث والإطار النظري,commercial,en,/services/
Academic support for theoretical framework for a student at Kuwait University,خطة البحث والإطار النظري,commercial,en,/services/
I need an expert to review my theoretical framework for a student at Kuwait University,خطة البحث والإطار النظري,commercial,en,/services/
I need proofreading for my theoretical framework for a student at Kuwait University,خطة البحث والإطار النظري,commercial,en,/services/
How can I prepare theoretical framework for postgraduate students in Kuwait?,خطة البحث والإطار النظري,question,en,/services/
Who can help me with theoretical framework for postgraduate students in Kuwait?,خطة البحث والإطار النظري,question,en,/services/
I need help with theoretical framework for postgraduate students in Kuwait.,خطة البحث والإطار النظري,commercial,en,/services/
Where can I find theoretical framework for postgraduate students in Kuwait?,خطة البحث والإطار النظري,question,en,/services/
Best way to complete theoretical framework for postgraduate students in Kuwait,خطة البحث والإطار النظري,commercial,en,/services/
Academic support for theoretical framework for postgraduate students in Kuwait,خطة البحث والإطار النظري,commercial,en,/services/
I need an expert to review my theoretical framework for postgraduate students in Kuwait,خطة البحث والإطار النظري,commercial,en,/services/
I need proofreading for my theoretical framework for postgraduate students in Kuwait,خطة البحث والإطار النظري,commercial,en,/services/
How can I prepare theoretical framework for researchers in Kuwait?,خطة البحث والإطار النظري,question,en,/services/
Who can help me with theoretical framework for researchers in Kuwait?,خطة البحث والإطار النظري,question,en,/services/
I need help with theoretical framework for researchers in Kuwait.,خطة البحث والإطار النظري,commercial,en,/services/
Where can I find theoretical framework for researchers in Kuwait?,خطة البحث والإطار النظري,question,en,/services/
Best way to complete theoretical framework for researchers in Kuwait,خطة البحث والإطار النظري,commercial,en,/services/
Academic support for theoretical framework for researchers in Kuwait,خطة البحث والإطار النظري,commercial,en,/services/
I need an expert to review my theoretical framework for researchers in Kuwait,خطة البحث والإطار النظري,commercial,en,/services/
I need proofreading for my theoretical framework for researchers in Kuwait,خطة البحث والإطار النظري,commercial,en,/services/
How can I prepare theoretical framework for private universities in Kuwait?,خطة البحث والإطار النظري,question,en,/services/
Who can help me with theoretical framework for private universities in Kuwait?,خطة البحث والإطار النظري,question,en,/services/
I need help with theoretical framework for private universities in Kuwait.,خطة البحث والإطار النظري,commercial,en,/services/
Where can I find theoretical framework for private universities in Kuwait?,خطة البحث والإطار النظري,question,en,/services/
Best way to complete theoretical framework for private universities in Kuwait,خطة البحث والإطار النظري,commercial,en,/services/
Academic support for theoretical framework for private universities in Kuwait,خطة البحث والإطار النظري,commercial,en,/services/
I need an expert to review my theoretical framework for private universities in Kuwait,خطة البحث والإطار النظري,commercial,en,/services/
I need proofreading for my theoretical framework for private universities in Kuwait,خطة البحث والإطار النظري,commercial,en,/services/
How can I prepare literature review in Kuwait?,خطة البحث والإطار النظري,question,en,/services/
Who can help me with literature review in Kuwait?,خطة البحث والإطار النظري,question,en,/services/
I need help with literature review in Kuwait.,خطة البحث والإطار النظري,commercial,en,/services/
Where can I find literature review in Kuwait?,خطة البحث والإطار النظري,question,en,/services/
Best way to complete literature review in Kuwait,خطة البحث والإطار النظري,commercial,en,/services/
Academic support for literature review in Kuwait,خطة البحث والإطار النظري,commercial,en,/services/
I need an expert to review my literature review in Kuwait,خطة البحث والإطار النظري,commercial,en,/services/
How long does literature review take?,خطة البحث والإطار النظري,question,en,/services/
Can someone explain literature review to me?,خطة البحث والإطار النظري,question,en,/services/
Affordable literature review for students in Kuwait,خطة البحث والإطار النظري,commercial,en,/services/
Professional literature review service in Kuwait,خطة البحث والإطار النظري,commercial,en,/services/
Help me finish my literature review before submission,خطة البحث والإطار النظري,commercial,en,/services/
I need proofreading for my literature review in Kuwait,خطة البحث والإطار النظري,commercial,en,/services/
How to format my literature review in APA 7,خطة البحث والإطار النظري,commercial,en,/services/
Kuwait student needs help with literature review,خطة البحث والإطار النظري,commercial,en,/services/
How can I prepare literature review for Kuwait students?,خطة البحث والإطار النظري,question,en,/services/
Who can help me with literature review for Kuwait students?,خطة البحث والإطار النظري,question,en,/services/
I need help with literature review for Kuwait students.,خطة البحث والإطار النظري,commercial,en,/services/
Where can I find literature review for Kuwait students?,خطة البحث والإطار النظري,question,en,/services/
Best way to complete literature review for Kuwait students,خطة البحث والإطار النظري,commercial,en,/services/
Academic support for literature review for Kuwait students,خطة البحث والإطار النظري,commercial,en,/services/
I need an expert to review my literature review for Kuwait students,خطة البحث والإطار النظري,commercial,en,/services/
I need proofreading for my literature review for Kuwait students,خطة البحث والإطار النظري,commercial,en,/services/
How can I prepare literature review for a student at Kuwait University?,خطة البحث والإطار النظري,question,en,/services/
Who can help me with literature review for a student at Kuwait University?,خطة البحث والإطار النظري,question,en,/services/
I need help with literature review for a student at Kuwait University.,خطة البحث والإطار النظري,commercial,en,/services/
Where can I find literature review for a student at Kuwait University?,خطة البحث والإطار النظري,question,en,/services/
Best way to complete literature review for a student at Kuwait University,خطة البحث والإطار النظري,commercial,en,/services/
Academic support for literature review for a student at Kuwait University,خطة البحث والإطار النظري,commercial,en,/services/
I need an expert to review my literature review for a student at Kuwait University,خطة البحث والإطار النظري,commercial,en,/services/
I need proofreading for my literature review for a student at Kuwait University,خطة البحث والإطار النظري,commercial,en,/services/
How can I prepare literature review for postgraduate students in Kuwait?,خطة البحث والإطار النظري,question,en,/services/
Who can help me with literature review for postgraduate students in Kuwait?,خطة البحث والإطار النظري,question,en,/services/
I need help with literature review for postgraduate students in Kuwait.,خطة البحث والإطار النظري,commercial,en,/services/
Where can I find literature review for postgraduate students in Kuwait?,خطة البحث والإطار النظري,question,en,/services/
Best way to complete literature review for postgraduate students in Kuwait,خطة البحث والإطار النظري,commercial,en,/services/
Academic support for literature review for postgraduate students in Kuwait,خطة البحث والإطار النظري,commercial,en,/services/
I need an expert to review my literature review for postgraduate students in Kuwait,خطة البحث والإطار النظري,commercial,en,/services/
I need proofreading for my literature review for postgraduate students in Kuwait,خطة البحث والإطار النظري,commercial,en,/services/
How can I prepare literature review for researchers in Kuwait?,خطة البحث والإطار النظري,question,en,/services/
Who can help me with literature review for researchers in Kuwait?,خطة البحث والإطار النظري,question,en,/services/
I need help with literature review for researchers in Kuwait.,خطة البحث والإطار النظري,commercial,en,/services/
Where can I find literature review for researchers in Kuwait?,خطة البحث والإطار النظري,question,en,/services/
Best way to complete literature review for researchers in Kuwait,خطة البحث والإطار النظري,commercial,en,/services/
Academic support for literature review for researchers in Kuwait,خطة البحث والإطار النظري,commercial,en,/services/
I need an expert to review my literature review for researchers in Kuwait,خطة البحث والإطار النظري,commercial,en,/services/
I need proofreading for my literature review for researchers in Kuwait,خطة البحث والإطار النظري,commercial,en,/services/
How can I prepare literature review for private universities in Kuwait?,خطة البحث والإطار النظري,question,en,/services/
Who can help me with literature review for private universities in Kuwait?,خطة البحث والإطار النظري,question,en,/services/
I need help with literature review for private universities in Kuwait.,خطة البحث والإطار النظري,commercial,en,/services/
Where can I find literature review for private universities in Kuwait?,خطة البحث والإطار النظري,question,en,/services/
Best way to complete literature review for private universities in Kuwait,خطة البحث والإطار النظري,commercial,en,/services/
Academic support for literature review for private universities in Kuwait,خطة البحث والإطار النظري,commercial,en,/services/
I need an expert to review my literature review for private universities in Kuwait,خطة البحث والإطار النظري,commercial,en,/services/
I need proofreading for my literature review for private universities in Kuwait,خطة البحث والإطار النظري,commercial,en,/services/
How can I prepare SPSS data analysis in Kuwait?,التحليل الإحصائي,question,en,/services/
Who can help me with SPSS data analysis in Kuwait?,التحليل الإحصائي,question,en,/services/
I need help with SPSS data analysis in Kuwait.,التحليل الإحصائي,commercial,en,/services/
Where can I find SPSS data analysis in Kuwait?,التحليل الإحصائي,question,en,/services/
Best way to complete SPSS data analysis in Kuwait,التحليل الإحصائي,commercial,en,/services/
Academic support for SPSS data analysis in Kuwait,التحليل الإحصائي,commercial,en,/services/
I need an expert to review my SPSS data analysis in Kuwait,التحليل الإحصائي,commercial,en,/services/
How long does SPSS data analysis take?,التحليل الإحصائي,question,en,/services/
Can someone explain SPSS data analysis to me?,التحليل الإحصائي,question,en,/services/
Affordable SPSS data analysis for students in Kuwait,التحليل الإحصائي,commercial,en,/services/
Professional SPSS data analysis service in Kuwait,التحليل الإحصائي,commercial,en,/services/
Help me finish my SPSS data analysis before submission,التحليل الإحصائي,commercial,en,/services/
I need proofreading for my SPSS data analysis in Kuwait,التحليل الإحصائي,commercial,en,/services/
How to format my SPSS data analysis in APA 7,التحليل الإحصائي,commercial,en,/services/
Kuwait student needs help with SPSS data analysis,التحليل الإحصائي,commercial,en,/services/
How can I prepare SPSS data analysis for Kuwait students?,التحليل الإحصائي,question,en,/services/
Who can help me with SPSS data analysis for Kuwait students?,التحليل الإحصائي,question,en,/services/
I need help with SPSS data analysis for Kuwait students.,التحليل الإحصائي,commercial,en,/services/
Where can I find SPSS data analysis for Kuwait students?,التحليل الإحصائي,question,en,/services/
Best way to complete SPSS data analysis for Kuwait students,التحليل الإحصائي,commercial,en,/services/
Academic support for SPSS data analysis for Kuwait students,التحليل الإحصائي,commercial,en,/services/
I need an expert to review my SPSS data analysis for Kuwait students,التحليل الإحصائي,commercial,en,/services/
I need proofreading for my SPSS data analysis for Kuwait students,التحليل الإحصائي,commercial,en,/services/
How can I prepare SPSS data analysis for a student at Kuwait University?,التحليل الإحصائي,question,en,/services/
Who can help me with SPSS data analysis for a student at Kuwait University?,التحليل الإحصائي,question,en,/services/
I need help with SPSS data analysis for a student at Kuwait University.,التحليل الإحصائي,commercial,en,/services/
Where can I find SPSS data analysis for a student at Kuwait University?,التحليل الإحصائي,question,en,/services/
Best way to complete SPSS data analysis for a student at Kuwait University,التحليل الإحصائي,commercial,en,/services/
Academic support for SPSS data analysis for a student at Kuwait University,التحليل الإحصائي,commercial,en,/services/
I need an expert to review my SPSS data analysis for a student at Kuwait University,التحليل الإحصائي,commercial,en,/services/
I need proofreading for my SPSS data analysis for a student at Kuwait University,التحليل الإحصائي,commercial,en,/services/
How can I prepare SPSS data analysis for postgraduate students in Kuwait?,التحليل الإحصائي,question,en,/services/
Who can help me with SPSS data analysis for postgraduate students in Kuwait?,التحليل الإحصائي,question,en,/services/
I need help with SPSS data analysis for postgraduate students in Kuwait.,التحليل الإحصائي,commercial,en,/services/
Where can I find SPSS data analysis for postgraduate students in Kuwait?,التحليل الإحصائي,question,en,/services/
Best way to complete SPSS data analysis for postgraduate students in Kuwait,التحليل الإحصائي,commercial,en,/services/
Academic support for SPSS data analysis for postgraduate students in Kuwait,التحليل الإحصائي,commercial,en,/services/
I need an expert to review my SPSS data analysis for postgraduate students in Kuwait,التحليل الإحصائي,commercial,en,/services/
I need proofreading for my SPSS data analysis for postgraduate students in Kuwait,التحليل الإحصائي,commercial,en,/services/
How can I prepare SPSS data analysis for researchers in Kuwait?,التحليل الإحصائي,question,en,/services/
Who can help me with SPSS data analysis for researchers in Kuwait?,التحليل الإحصائي,question,en,/services/
I need help with SPSS data analysis for researchers in Kuwait.,التحليل الإحصائي,commercial,en,/services/
Where can I find SPSS data analysis for researchers in Kuwait?,التحليل الإحصائي,question,en,/services/
Best way to complete SPSS data analysis for researchers in Kuwait,التحليل الإحصائي,commercial,en,/services/
Academic support for SPSS data analysis for researchers in Kuwait,التحليل الإحصائي,commercial,en,/services/
I need an expert to review my SPSS data analysis for researchers in Kuwait,التحليل الإحصائي,commercial,en,/services/
I need proofreading for my SPSS data analysis for researchers in Kuwait,التحليل الإحصائي,commercial,en,/services/
How can I prepare SPSS data analysis for private universities in Kuwait?,التحليل الإحصائي,question,en,/services/
Who can help me with SPSS data analysis for private universities in Kuwait?,التحليل الإحصائي,question,en,/services/
I need help with SPSS data analysis for private universities in Kuwait.,التحليل الإحصائي,commercial,en,/services/
Where can I find SPSS data analysis for private universities in Kuwait?,التحليل الإحصائي,question,en,/services/
Best way to complete SPSS data analysis for private universities in Kuwait,التحليل الإحصائي,commercial,en,/services/
Academic support for SPSS data analysis for private universities in Kuwait,التحليل الإحصائي,commercial,en,/services/
I need an expert to review my SPSS data analysis for private universities in Kuwait,التحليل الإحصائي,commercial,en,/services/
I need proofreading for my SPSS data analysis for private universities in Kuwait,التحليل الإحصائي,commercial,en,/services/
How can I prepare survey data analysis in Kuwait?,الاستبيانات,question,en,/services/
Who can help me with survey data analysis in Kuwait?,الاستبيانات,question,en,/services/
I need help with survey data analysis in Kuwait.,الاستبيانات,commercial,en,/services/
Where can I find survey data analysis in Kuwait?,الاستبيانات,question,en,/services/
Best way to complete survey data analysis in Kuwait,الاستبيانات,commercial,en,/services/
Academic support for survey data analysis in Kuwait,الاستبيانات,commercial,en,/services/
I need an expert to review my survey data analysis in Kuwait,الاستبيانات,commercial,en,/services/
How long does survey data analysis take?,الاستبيانات,question,en,/services/
Can someone explain survey data analysis to me?,الاستبيانات,question,en,/services/
Affordable survey data analysis for students in Kuwait,الاستبيانات,commercial,en,/services/
Professional survey data analysis service in Kuwait,الاستبيانات,commercial,en,/services/
Help me finish my survey data analysis before submission,الاستبيانات,commercial,en,/services/
I need proofreading for my survey data analysis in Kuwait,الاستبيانات,commercial,en,/services/
How to format my survey data analysis in APA 7,الاستبيانات,commercial,en,/services/
Kuwait student needs help with survey data analysis,الاستبيانات,commercial,en,/services/
How can I prepare survey data analysis for Kuwait students?,الاستبيانات,question,en,/services/
Who can help me with survey data analysis for Kuwait students?,الاستبيانات,question,en,/services/
I need help with survey data analysis for Kuwait students.,الاستبيانات,commercial,en,/services/
Where can I find survey data analysis for Kuwait students?,الاستبيانات,question,en,/services/
Best way to complete survey data analysis for Kuwait students,الاستبيانات,commercial,en,/services/
Academic support for survey data analysis for Kuwait students,الاستبيانات,commercial,en,/services/
I need an expert to review my survey data analysis for Kuwait students,الاستبيانات,commercial,en,/services/
I need proofreading for my survey data analysis for Kuwait students,الاستبيانات,commercial,en,/services/
How can I prepare survey data analysis for a student at Kuwait University?,الاستبيانات,question,en,/services/
Who can help me with survey data analysis for a student at Kuwait University?,الاستبيانات,question,en,/services/
I need help with survey data analysis for a student at Kuwait University.,الاستبيانات,commercial,en,/services/
Where can I find survey data analysis for a student at Kuwait University?,الاستبيانات,question,en,/services/
Best way to complete survey data analysis for a student at Kuwait University,الاستبيانات,commercial,en,/services/
Academic support for survey data analysis for a student at Kuwait University,الاستبيانات,commercial,en,/services/
I need an expert to review my survey data analysis for a student at Kuwait University,الاستبيانات,commercial,en,/services/
I need proofreading for my survey data analysis for a student at Kuwait University,الاستبيانات,commercial,en,/services/
How can I prepare survey data analysis for postgraduate students in Kuwait?,الاستبيانات,question,en,/services/
Who can help me with survey data analysis for postgraduate students in Kuwait?,الاستبيانات,question,en,/services/
I need help with survey data analysis for postgraduate students in Kuwait.,الاستبيانات,commercial,en,/services/
Where can I find survey data analysis for postgraduate students in Kuwait?,الاستبيانات,question,en,/services/
Best way to complete survey data analysis for postgraduate students in Kuwait,الاستبيانات,commercial,en,/services/
Academic support for survey data analysis for postgraduate students in Kuwait,الاستبيانات,commercial,en,/services/
I need an expert to review my survey data analysis for postgraduate students in Kuwait,الاستبيانات,commercial,en,/services/
I need proofreading for my survey data analysis for postgraduate students in Kuwait,الاستبيانات,commercial,en,/services/
How can I prepare survey data analysis for researchers in Kuwait?,الاستبيانات,question,en,/services/
Who can help me with survey data analysis for researchers in Kuwait?,الاستبيانات,question,en,/services/
I need help with survey data analysis for researchers in Kuwait.,الاستبيانات,commercial,en,/services/
Where can I find survey data analysis for researchers in Kuwait?,الاستبيانات,question,en,/services/
Best way to complete survey data analysis for researchers in Kuwait,الاستبيانات,commercial,en,/services/
Academic support for survey data analysis for researchers in Kuwait,الاستبيانات,commercial,en,/services/
I need an expert to review my survey data analysis for researchers in Kuwait,الاستبيانات,commercial,en,/services/
I need proofreading for my survey data analysis for researchers in Kuwait,الاستبيانات,commercial,en,/services/
How can I prepare survey data analysis for private universities in Kuwait?,الاستبيانات,question,en,/services/
Who can help me with survey data analysis for private universities in Kuwait?,الاستبيانات,question,en,/services/
I need help with survey data analysis for private universities in Kuwait.,الاستبيانات,commercial,en,/services/
Where can I find survey data analysis for private universities in Kuwait?,الاستبيانات,question,en,/services/
Best way to complete survey data analysis for private universities in Kuwait,الاستبيانات,commercial,en,/services/
Academic support for survey data analysis for private universities in Kuwait,الاستبيانات,commercial,en,/services/
I need an expert to review my survey data analysis for private universities in Kuwait,الاستبيانات,commercial,en,/services/
I need proofreading for my survey data analysis for private universities in Kuwait,الاستبيانات,commercial,en,/services/
How can I prepare research questionnaire design in Kuwait?,الاستبيانات,question,en,/services/
Who can help me with research questionnaire design in Kuwait?,الاستبيانات,question,en,/services/
I need help with research questionnaire design in Kuwait.,الاستبيانات,commercial,en,/services/
Where can I find research questionnaire design in Kuwait?,الاستبيانات,question,en,/services/
Best way to complete research questionnaire design in Kuwait,الاستبيانات,commercial,en,/services/
Academic support for research questionnaire design in Kuwait,الاستبيانات,commercial,en,/services/
I need an expert to review my research questionnaire design in Kuwait,الاستبيانات,commercial,en,/services/
How long does research questionnaire design take?,الاستبيانات,question,en,/services/
Can someone explain research questionnaire design to me?,الاستبيانات,question,en,/services/
Affordable research questionnaire design for students in Kuwait,الاستبيانات,commercial,en,/services/
Professional research questionnaire design service in Kuwait,الاستبيانات,commercial,en,/services/
Help me finish my research questionnaire design before submission,الاستبيانات,commercial,en,/services/
I need proofreading for my research questionnaire design in Kuwait,الاستبيانات,commercial,en,/services/
How to format my research questionnaire design in APA 7,الاستبيانات,commercial,en,/services/
Kuwait student needs help with research questionnaire design,الاستبيانات,commercial,en,/services/
How can I prepare research questionnaire design for Kuwait students?,الاستبيانات,question,en,/services/
Who can help me with research questionnaire design for Kuwait students?,الاستبيانات,question,en,/services/
I need help with research questionnaire design for Kuwait students.,الاستبيانات,commercial,en,/services/
Where can I find research questionnaire design for Kuwait students?,الاستبيانات,question,en,/services/
Best way to complete research questionnaire design for Kuwait students,الاستبيانات,commercial,en,/services/
Academic support for research questionnaire design for Kuwait students,الاستبيانات,commercial,en,/services/
I need an expert to review my research questionnaire design for Kuwait students,الاستبيانات,commercial,en,/services/
I need proofreading for my research questionnaire design for Kuwait students,الاستبيانات,commercial,en,/services/
How can I prepare research questionnaire design for a student at Kuwait University?,الاستبيانات,question,en,/services/
Who can help me with research questionnaire design for a student at Kuwait University?,الاستبيانات,question,en,/services/
I need help with research questionnaire design for a student at Kuwait University.,الاستبيانات,commercial,en,/services/
Where can I find research questionnaire design for a student at Kuwait University?,الاستبيانات,question,en,/services/
Best way to complete research questionnaire design for a student at Kuwait University,الاستبيانات,commercial,en,/services/
Academic support for research questionnaire design for a student at Kuwait University,الاستبيانات,commercial,en,/services/
I need an expert to review my research questionnaire design for a student at Kuwait University,الاستبيانات,commercial,en,/services/
I need proofreading for my research questionnaire design for a student at Kuwait University,الاستبيانات,commercial,en,/services/
How can I prepare research questionnaire design for postgraduate students in Kuwait?,الاستبيانات,question,en,/services/
Who can help me with research questionnaire design for postgraduate students in Kuwait?,الاستبيانات,question,en,/services/
I need help with research questionnaire design for postgraduate students in Kuwait.,الاستبيانات,commercial,en,/services/
Where can I find research questionnaire design for postgraduate students in Kuwait?,الاستبيانات,question,en,/services/
Best way to complete research questionnaire design for postgraduate students in Kuwait,الاستبيانات,commercial,en,/services/
Academic support for research questionnaire design for postgraduate students in Kuwait,الاستبيانات,commercial,en,/services/
I need an expert to review my research questionnaire design for postgraduate students in Kuwait,الاستبيانات,commercial,en,/services/
I need proofreading for my research questionnaire design for postgraduate students in Kuwait,الاستبيانات,commercial,en,/services/
How can I prepare research questionnaire design for researchers in Kuwait?,الاستبيانات,question,en,/services/
Who can help me with research questionnaire design for researchers in Kuwait?,الاستبيانات,question,en,/services/
I need help with research questionnaire design for researchers in Kuwait.,الاستبيانات,commercial,en,/services/
Where can I find research questionnaire design for researchers in Kuwait?,الاستبيانات,question,en,/services/
Best way to complete research questionnaire design for researchers in Kuwait,الاستبيانات,commercial,en,/services/
Academic support for research questionnaire design for researchers in Kuwait,الاستبيانات,commercial,en,/services/
I need an expert to review my research questionnaire design for researchers in Kuwait,الاستبيانات,commercial,en,/services/
I need proofreading for my research questionnaire design for researchers in Kuwait,الاستبيانات,commercial,en,/services/
How can I prepare research questionnaire design for private universities in Kuwait?,الاستبيانات,question,en,/services/
Who can help me with research questionnaire design for private universities in Kuwait?,الاستبيانات,question,en,/services/
I need help with research questionnaire design for private universities in Kuwait.,الاستبيانات,commercial,en,/services/
Where can I find research questionnaire design for private universities in Kuwait?,الاستبيانات,question,en,/services/
Best way to complete research questionnaire design for private universities in Kuwait,الاستبيانات,commercial,en,/services/
Academic support for research questionnaire design for private universities in Kuwait,الاستبيانات,commercial,en,/services/
I need an expert to review my research questionnaire design for private universities in Kuwait,الاستبيانات,commercial,en,/services/
I need proofreading for my research questionnaire design for private universities in Kuwait,الاستبيانات,commercial,en,/services/
How can I prepare academic proofreading in Kuwait?,التدقيق والتنسيق,question,en,/services/
Who can help me with academic proofreading in Kuwait?,التدقيق والتنسيق,question,en,/services/
I need help with academic proofreading in Kuwait.,التدقيق والتنسيق,commercial,en,/services/
Where can I find academic proofreading in Kuwait?,التدقيق والتنسيق,question,en,/services/
Best way to complete academic proofreading in Kuwait,التدقيق والتنسيق,commercial,en,/services/
Academic support for academic proofreading in Kuwait,التدقيق والتنسيق,commercial,en,/services/
I need an expert to review my academic proofreading in Kuwait,التدقيق والتنسيق,commercial,en,/services/
How long does academic proofreading take?,التدقيق والتنسيق,question,en,/services/
Can someone explain academic proofreading to me?,التدقيق والتنسيق,question,en,/services/
Affordable academic proofreading for students in Kuwait,التدقيق والتنسيق,commercial,en,/services/
Professional academic proofreading service in Kuwait,التدقيق والتنسيق,commercial,en,/services/
Help me finish my academic proofreading before submission,التدقيق والتنسيق,commercial,en,/services/
I need proofreading for my academic proofreading in Kuwait,التدقيق والتنسيق,commercial,en,/services/
How to format my academic proofreading in APA 7,التدقيق والتنسيق,commercial,en,/services/
Kuwait student needs help with academic proofreading,التدقيق والتنسيق,commercial,en,/services/
How can I prepare academic proofreading for Kuwait students?,التدقيق والتنسيق,question,en,/services/
Who can help me with academic proofreading for Kuwait students?,التدقيق والتنسيق,question,en,/services/
I need help with academic proofreading for Kuwait students.,التدقيق والتنسيق,commercial,en,/services/
Where can I find academic proofreading for Kuwait students?,التدقيق والتنسيق,question,en,/services/
Best way to complete academic proofreading for Kuwait students,التدقيق والتنسيق,commercial,en,/services/
Academic support for academic proofreading for Kuwait students,التدقيق والتنسيق,commercial,en,/services/
I need an expert to review my academic proofreading for Kuwait students,التدقيق والتنسيق,commercial,en,/services/
I need proofreading for my academic proofreading for Kuwait students,التدقيق والتنسيق,commercial,en,/services/
How can I prepare academic proofreading for a student at Kuwait University?,التدقيق والتنسيق,question,en,/services/
Who can help me with academic proofreading for a student at Kuwait University?,التدقيق والتنسيق,question,en,/services/
I need help with academic proofreading for a student at Kuwait University.,التدقيق والتنسيق,commercial,en,/services/
Where can I find academic proofreading for a student at Kuwait University?,التدقيق والتنسيق,question,en,/services/
Best way to complete academic proofreading for a student at Kuwait University,التدقيق والتنسيق,commercial,en,/services/
Academic support for academic proofreading for a student at Kuwait University,التدقيق والتنسيق,commercial,en,/services/
I need an expert to review my academic proofreading for a student at Kuwait University,التدقيق والتنسيق,commercial,en,/services/
I need proofreading for my academic proofreading for a student at Kuwait University,التدقيق والتنسيق,commercial,en,/services/
How can I prepare academic proofreading for postgraduate students in Kuwait?,التدقيق والتنسيق,question,en,/services/
Who can help me with academic proofreading for postgraduate students in Kuwait?,التدقيق والتنسيق,question,en,/services/
I need help with academic proofreading for postgraduate students in Kuwait.,التدقيق والتنسيق,commercial,en,/services/
Where can I find academic proofreading for postgraduate students in Kuwait?,التدقيق والتنسيق,question,en,/services/
Best way to complete academic proofreading for postgraduate students in Kuwait,التدقيق والتنسيق,commercial,en,/services/
Academic support for academic proofreading for postgraduate students in Kuwait,التدقيق والتنسيق,commercial,en,/services/
I need an expert to review my academic proofreading for postgraduate students in Kuwait,التدقيق والتنسيق,commercial,en,/services/
I need proofreading for my academic proofreading for postgraduate students in Kuwait,التدقيق والتنسيق,commercial,en,/services/
How can I prepare academic proofreading for researchers in Kuwait?,التدقيق والتنسيق,question,en,/services/
Who can help me with academic proofreading for researchers in Kuwait?,التدقيق والتنسيق,question,en,/services/
I need help with academic proofreading for researchers in Kuwait.,التدقيق والتنسيق,commercial,en,/services/
Where can I find academic proofreading for researchers in Kuwait?,التدقيق والتنسيق,question,en,/services/
Best way to complete academic proofreading for researchers in Kuwait,التدقيق والتنسيق,commercial,en,/services/
Academic support for academic proofreading for researchers in Kuwait,التدقيق والتنسيق,commercial,en,/services/
I need an expert to review my academic proofreading for researchers in Kuwait,التدقيق والتنسيق,commercial,en,/services/
I need proofreading for my academic proofreading for researchers in Kuwait,التدقيق والتنسيق,commercial,en,/services/
How can I prepare academic proofreading for private universities in Kuwait?,التدقيق والتنسيق,question,en,/services/
Who can help me with academic proofreading for private universities in Kuwait?,التدقيق والتنسيق,question,en,/services/
I need help with academic proofreading for private universities in Kuwait.,التدقيق والتنسيق,commercial,en,/services/
Where can I find academic proofreading for private universities in Kuwait?,التدقيق والتنسيق,question,en,/services/
Best way to complete academic proofreading for private universities in Kuwait,التدقيق والتنسيق,commercial,en,/services/
Academic support for academic proofreading for private universities in Kuwait,التدقيق والتنسيق,commercial,en,/services/
I need an expert to review my academic proofreading for private universities in Kuwait,التدقيق والتنسيق,commercial,en,/services/
I need proofreading for my academic proofreading for private universities in Kuwait,التدقيق والتنسيق,commercial,en,/services/
How can I prepare APA formatting in Kuwait?,التدقيق والتنسيق,question,en,/services/
Who can help me with APA formatting in Kuwait?,التدقيق والتنسيق,question,en,/services/
I need help with APA formatting in Kuwait.,التدقيق والتنسيق,commercial,en,/services/
Where can I find APA formatting in Kuwait?,التدقيق والتنسيق,question,en,/services/
Best way to complete APA formatting in Kuwait,التدقيق والتنسيق,commercial,en,/services/
Academic support for APA formatting in Kuwait,التدقيق والتنسيق,commercial,en,/services/
I need an expert to review my APA formatting in Kuwait,التدقيق والتنسيق,commercial,en,/services/
How long does APA formatting take?,التدقيق والتنسيق,question,en,/services/
Can someone explain APA formatting to me?,التدقيق والتنسيق,question,en,/services/
Affordable APA formatting for students in Kuwait,التدقيق والتنسيق,commercial,en,/services/
Professional APA formatting service in Kuwait,التدقيق والتنسيق,commercial,en,/services/
Help me finish my APA formatting before submission,التدقيق والتنسيق,commercial,en,/services/
I need proofreading for my APA formatting in Kuwait,التدقيق والتنسيق,commercial,en,/services/
How to format my APA formatting in APA 7,التدقيق والتنسيق,commercial,en,/services/
Kuwait student needs help with APA formatting,التدقيق والتنسيق,commercial,en,/services/
How can I prepare APA formatting for Kuwait students?,التدقيق والتنسيق,question,en,/services/
Who can help me with APA formatting for Kuwait students?,التدقيق والتنسيق,question,en,/services/
I need help with APA formatting for Kuwait students.,التدقيق والتنسيق,commercial,en,/services/
Where can I find APA formatting for Kuwait students?,التدقيق والتنسيق,question,en,/services/
Best way to complete APA formatting for Kuwait students,التدقيق والتنسيق,commercial,en,/services/
Academic support for APA formatting for Kuwait students,التدقيق والتنسيق,commercial,en,/services/
I need an expert to review my APA formatting for Kuwait students,التدقيق والتنسيق,commercial,en,/services/
I need proofreading for my APA formatting for Kuwait students,التدقيق والتنسيق,commercial,en,/services/
How can I prepare APA formatting for a student at Kuwait University?,التدقيق والتنسيق,question,en,/services/
Who can help me with APA formatting for a student at Kuwait University?,التدقيق والتنسيق,question,en,/services/
I need help with APA formatting for a student at Kuwait University.,التدقيق والتنسيق,commercial,en,/services/
Where can I find APA formatting for a student at Kuwait University?,التدقيق والتنسيق,question,en,/services/
Best way to complete APA formatting for a student at Kuwait University,التدقيق والتنسيق,commercial,en,/services/
Academic support for APA formatting for a student at Kuwait University,التدقيق والتنسيق,commercial,en,/services/
I need an expert to review my APA formatting for a student at Kuwait University,التدقيق والتنسيق,commercial,en,/services/
I need proofreading for my APA formatting for a student at Kuwait University,التدقيق والتنسيق,commercial,en,/services/
How can I prepare APA formatting for postgraduate students in Kuwait?,التدقيق والتنسيق,question,en,/services/
Who can help me with APA formatting for postgraduate students in Kuwait?,التدقيق والتنسيق,question,en,/services/
I need help with APA formatting for postgraduate students in Kuwait.,التدقيق والتنسيق,commercial,en,/services/
Where can I find APA formatting for postgraduate students in Kuwait?,التدقيق والتنسيق,question,en,/services/
Best way to complete APA formatting for postgraduate students in Kuwait,التدقيق والتنسيق,commercial,en,/services/
Academic support for APA formatting for postgraduate students in Kuwait,التدقيق والتنسيق,commercial,en,/services/
I need an expert to review my APA formatting for postgraduate students in Kuwait,التدقيق والتنسيق,commercial,en,/services/
I need proofreading for my APA formatting for postgraduate students in Kuwait,التدقيق والتنسيق,commercial,en,/services/
How can I prepare APA formatting for researchers in Kuwait?,التدقيق والتنسيق,question,en,/services/
Who can help me with APA formatting for researchers in Kuwait?,التدقيق والتنسيق,question,en,/services/
I need help with APA formatting for researchers in Kuwait.,التدقيق والتنسيق,commercial,en,/services/
Where can I find APA formatting for researchers in Kuwait?,التدقيق والتنسيق,question,en,/services/
Best way to complete APA formatting for researchers in Kuwait,التدقيق والتنسيق,commercial,en,/services/
Academic support for APA formatting for researchers in Kuwait,التدقيق والتنسيق,commercial,en,/services/
I need an expert to review my APA formatting for researchers in Kuwait,التدقيق والتنسيق,commercial,en,/services/
I need proofreading for my APA formatting for researchers in Kuwait,التدقيق والتنسيق,commercial,en,/services/
How can I prepare APA formatting for private universities in Kuwait?,التدقيق والتنسيق,question,en,/services/
Who can help me with APA formatting for private universities in Kuwait?,التدقيق والتنسيق,question,en,/services/
I need help with APA formatting for private universities in Kuwait.,التدقيق والتنسيق,commercial,en,/services/
Where can I find APA formatting for private universities in Kuwait?,التدقيق والتنسيق,question,en,/services/
Best way to complete APA formatting for private universities in Kuwait,التدقيق والتنسيق,commercial,en,/services/
Academic support for APA formatting for private universities in Kuwait,التدقيق والتنسيق,commercial,en,/services/
I need an expert to review my APA formatting for private universities in Kuwait,التدقيق والتنسيق,commercial,en,/services/
I need proofreading for my APA formatting for private universities in Kuwait,التدقيق والتنسيق,commercial,en,/services/
How can I prepare academic PowerPoint presentation in Kuwait?,العروض التقديمية,question,en,/services/
Who can help me with academic PowerPoint presentation in Kuwait?,العروض التقديمية,question,en,/services/
I need help with academic PowerPoint presentation in Kuwait.,العروض التقديمية,commercial,en,/services/
Where can I find academic PowerPoint presentation in Kuwait?,العروض التقديمية,question,en,/services/
Best way to complete academic PowerPoint presentation in Kuwait,العروض التقديمية,commercial,en,/services/
Academic support for academic PowerPoint presentation in Kuwait,العروض التقديمية,commercial,en,/services/
I need an expert to review my academic PowerPoint presentation in Kuwait,العروض التقديمية,commercial,en,/services/
How long does academic PowerPoint presentation take?,العروض التقديمية,question,en,/services/
Can someone explain academic PowerPoint presentation to me?,العروض التقديمية,question,en,/services/
Affordable academic PowerPoint presentation for students in Kuwait,العروض التقديمية,commercial,en,/services/
Professional academic PowerPoint presentation service in Kuwait,العروض التقديمية,commercial,en,/services/
Help me finish my academic PowerPoint presentation before submission,العروض التقديمية,commercial,en,/services/
I need proofreading for my academic PowerPoint presentation in Kuwait,العروض التقديمية,commercial,en,/services/
How to format my academic PowerPoint presentation in APA 7,العروض التقديمية,commercial,en,/services/
Kuwait student needs help with academic PowerPoint presentation,العروض التقديمية,commercial,en,/services/
How can I prepare academic PowerPoint presentation for Kuwait students?,العروض التقديمية,question,en,/services/
Who can help me with academic PowerPoint presentation for Kuwait students?,العروض التقديمية,question,en,/services/
I need help with academic PowerPoint presentation for Kuwait students.,العروض التقديمية,commercial,en,/services/
Where can I find academic PowerPoint presentation for Kuwait students?,العروض التقديمية,question,en,/services/
Best way to complete academic PowerPoint presentation for Kuwait students,العروض التقديمية,commercial,en,/services/
Academic support for academic PowerPoint presentation for Kuwait students,العروض التقديمية,commercial,en,/services/
I need an expert to review my academic PowerPoint presentation for Kuwait students,العروض التقديمية,commercial,en,/services/
I need proofreading for my academic PowerPoint presentation for Kuwait students,العروض التقديمية,commercial,en,/services/
How can I prepare academic PowerPoint presentation for a student at Kuwait University?,العروض التقديمية,question,en,/services/
Who can help me with academic PowerPoint presentation for a student at Kuwait University?,العروض التقديمية,question,en,/services/
I need help with academic PowerPoint presentation for a student at Kuwait University.,العروض التقديمية,commercial,en,/services/
Where can I find academic PowerPoint presentation for a student at Kuwait University?,العروض التقديمية,question,en,/services/
Best way to complete academic PowerPoint presentation for a student at Kuwait University,العروض التقديمية,commercial,en,/services/
Academic support for academic PowerPoint presentation for a student at Kuwait University,العروض التقديمية,commercial,en,/services/
I need an expert to review my academic PowerPoint presentation for a student at Kuwait University,العروض التقديمية,commercial,en,/services/
I need proofreading for my academic PowerPoint presentation for a student at Kuwait University,العروض التقديمية,commercial,en,/services/
How can I prepare academic PowerPoint presentation for postgraduate students in Kuwait?,العروض التقديمية,question,en,/services/
Who can help me with academic PowerPoint presentation for postgraduate students in Kuwait?,العروض التقديمية,question,en,/services/
I need help with academic PowerPoint presentation for postgraduate students in Kuwait.,العروض التقديمية,commercial,en,/services/
Where can I find academic PowerPoint presentation for postgraduate students in Kuwait?,العروض التقديمية,question,en,/services/
Best way to complete academic PowerPoint presentation for postgraduate students in Kuwait,العروض التقديمية,commercial,en,/services/
Academic support for academic PowerPoint presentation for postgraduate students in Kuwait,العروض التقديمية,commercial,en,/services/
I need an expert to review my academic PowerPoint presentation for postgraduate students in Kuwait,العروض التقديمية,commercial,en,/services/
I need proofreading for my academic PowerPoint presentation for postgraduate students in Kuwait,العروض التقديمية,commercial,en,/services/
How can I prepare academic PowerPoint presentation for researchers in Kuwait?,العروض التقديمية,question,en,/services/
Who can help me with academic PowerPoint presentation for researchers in Kuwait?,العروض التقديمية,question,en,/services/
I need help with academic PowerPoint presentation for researchers in Kuwait.,العروض التقديمية,commercial,en,/services/
Where can I find academic PowerPoint presentation for researchers in Kuwait?,العروض التقديمية,question,en,/services/
Best way to complete academic PowerPoint presentation for researchers in Kuwait,العروض التقديمية,commercial,en,/services/
Academic support for academic PowerPoint presentation for researchers in Kuwait,العروض التقديمية,commercial,en,/services/
I need an expert to review my academic PowerPoint presentation for researchers in Kuwait,العروض التقديمية,commercial,en,/services/
I need proofreading for my academic PowerPoint presentation for researchers in Kuwait,العروض التقديمية,commercial,en,/services/
How can I prepare academic PowerPoint presentation for private universities in Kuwait?,العروض التقديمية,question,en,/services/
Who can help me with academic PowerPoint presentation for private universities in Kuwait?,العروض التقديمية,question,en,/services/
I need help with academic PowerPoint presentation for private universities in Kuwait.,العروض التقديمية,commercial,en,/services/
Where can I find academic PowerPoint presentation for private universities in Kuwait?,العروض التقديمية,question,en,/services/
Best way to complete academic PowerPoint presentation for private universities in Kuwait,العروض التقديمية,commercial,en,/services/
Academic support for academic PowerPoint presentation for private universities in Kuwait,العروض التقديمية,commercial,en,/services/
I need an expert to review my academic PowerPoint presentation for private universities in Kuwait,العروض التقديمية,commercial,en,/services/
I need proofreading for my academic PowerPoint presentation for private universities in Kuwait,العروض التقديمية,commercial,en,/services/
How can I prepare academic paper publication in Kuwait?,النشر العلمي,question,en,/services/
Who can help me with academic paper publication in Kuwait?,النشر العلمي,question,en,/services/
I need help with academic paper publication in Kuwait.,النشر العلمي,commercial,en,/services/
Where can I find academic paper publication in Kuwait?,النشر العلمي,question,en,/services/
Best way to complete academic paper publication in Kuwait,النشر العلمي,commercial,en,/services/
Academic support for academic paper publication in Kuwait,النشر العلمي,commercial,en,/services/
I need an expert to review my academic paper publication in Kuwait,النشر العلمي,commercial,en,/services/
How long does academic paper publication take?,النشر العلمي,question,en,/services/
Can someone explain academic paper publication to me?,النشر العلمي,question,en,/services/
Affordable academic paper publication for students in Kuwait,النشر العلمي,commercial,en,/services/
Professional academic paper publication service in Kuwait,النشر العلمي,commercial,en,/services/
Help me finish my academic paper publication before submission,النشر العلمي,commercial,en,/services/
I need proofreading for my academic paper publication in Kuwait,النشر العلمي,commercial,en,/services/
How to format my academic paper publication in APA 7,النشر العلمي,commercial,en,/services/
Kuwait student needs help with academic paper publication,النشر العلمي,commercial,en,/services/
How can I prepare academic paper publication for Kuwait students?,النشر العلمي,question,en,/services/
Who can help me with academic paper publication for Kuwait students?,النشر العلمي,question,en,/services/
I need help with academic paper publication for Kuwait students.,النشر العلمي,commercial,en,/services/
Where can I find academic paper publication for Kuwait students?,النشر العلمي,question,en,/services/
Best way to complete academic paper publication for Kuwait students,النشر العلمي,commercial,en,/services/
Academic support for academic paper publication for Kuwait students,النشر العلمي,commercial,en,/services/
I need an expert to review my academic paper publication for Kuwait students,النشر العلمي,commercial,en,/services/
I need proofreading for my academic paper publication for Kuwait students,النشر العلمي,commercial,en,/services/
How can I prepare academic paper publication for a student at Kuwait University?,النشر العلمي,question,en,/services/
Who can help me with academic paper publication for a student at Kuwait University?,النشر العلمي,question,en,/services/
I need help with academic paper publication for a student at Kuwait University.,النشر العلمي,commercial,en,/services/
Where can I find academic paper publication for a student at Kuwait University?,النشر العلمي,question,en,/services/
Best way to complete academic paper publication for a student at Kuwait University,النشر العلمي,commercial,en,/services/
Academic support for academic paper publication for a student at Kuwait University,النشر العلمي,commercial,en,/services/
I need an expert to review my academic paper publication for a student at Kuwait University,النشر العلمي,commercial,en,/services/
I need proofreading for my academic paper publication for a student at Kuwait University,النشر العلمي,commercial,en,/services/
How can I prepare academic paper publication for postgraduate students in Kuwait?,النشر العلمي,question,en,/services/
Who can help me with academic paper publication for postgraduate students in Kuwait?,النشر العلمي,question,en,/services/
I need help with academic paper publication for postgraduate students in Kuwait.,النشر العلمي,commercial,en,/services/
Where can I find academic paper publication for postgraduate students in Kuwait?,النشر العلمي,question,en,/services/
Best way to complete academic paper publication for postgraduate students in Kuwait,النشر العلمي,commercial,en,/services/
Academic support for academic paper publication for postgraduate students in Kuwait,النشر العلمي,commercial,en,/services/
I need an expert to review my academic paper publication for postgraduate students in Kuwait,النشر العلمي,commercial,en,/services/
I need proofreading for my academic paper publication for postgraduate students in Kuwait,النشر العلمي,commercial,en,/services/
How can I prepare academic paper publication for researchers in Kuwait?,النشر العلمي,question,en,/services/
Who can help me with academic paper publication for researchers in Kuwait?,النشر العلمي,question,en,/services/
I need help with academic paper publication for researchers in Kuwait.,النشر العلمي,commercial,en,/services/
Where can I find academic paper publication for researchers in Kuwait?,النشر العلمي,question,en,/services/
Best way to complete academic paper publication for researchers in Kuwait,النشر العلمي,commercial,en,/services/
Academic support for academic paper publication for researchers in Kuwait,النشر العلمي,commercial,en,/services/
I need an expert to review my academic paper publication for researchers in Kuwait,النشر العلمي,commercial,en,/services/
I need proofreading for my academic paper publication for researchers in Kuwait,النشر العلمي,commercial,en,/services/
How can I prepare academic paper publication for private universities in Kuwait?,النشر العلمي,question,en,/services/
Who can help me with academic paper publication for private universities in Kuwait?,النشر العلمي,question,en,/services/
I need help with academic paper publication for private universities in Kuwait.,النشر العلمي,commercial,en,/services/
Where can I find academic paper publication for private universities in Kuwait?,النشر العلمي,question,en,/services/
Best way to complete academic paper publication for private universities in Kuwait,النشر العلمي,commercial,en,/services/
Academic support for academic paper publication for private universities in Kuwait,النشر العلمي,commercial,en,/services/
I need an expert to review my academic paper publication for private universities in Kuwait,النشر العلمي,commercial,en,/services/
I need proofreading for my academic paper publication for private universities in Kuwait,النشر العلمي,commercial,en,/services/
How can I prepare academic research review in Kuwait?,التدقيق والتنسيق,question,en,/services/
Who can help me with academic research review in Kuwait?,التدقيق والتنسيق,question,en,/services/
I need help with academic research review in Kuwait.,التدقيق والتنسيق,commercial,en,/services/
Where can I find academic research review in Kuwait?,التدقيق والتنسيق,question,en,/services/
Best way to complete academic research review in Kuwait,التدقيق والتنسيق,commercial,en,/services/
Academic support for academic research review in Kuwait,التدقيق والتنسيق,commercial,en,/services/
I need an expert to review my academic research review in Kuwait,التدقيق والتنسيق,commercial,en,/services/
How long does academic research review take?,التدقيق والتنسيق,question,en,/services/
Can someone explain academic research review to me?,التدقيق والتنسيق,question,en,/services/
Affordable academic research review for students in Kuwait,التدقيق والتنسيق,commercial,en,/services/
Professional academic research review service in Kuwait,التدقيق والتنسيق,commercial,en,/services/
Help me finish my academic research review before submission,التدقيق والتنسيق,commercial,en,/services/
I need proofreading for my academic research review in Kuwait,التدقيق والتنسيق,commercial,en,/services/
How to format my academic research review in APA 7,التدقيق والتنسيق,commercial,en,/services/
Kuwait student needs help with academic research review,التدقيق والتنسيق,commercial,en,/services/
How can I prepare academic research review for Kuwait students?,التدقيق والتنسيق,question,en,/services/
Who can help me with academic research review for Kuwait students?,التدقيق والتنسيق,question,en,/services/
I need help with academic research review for Kuwait students.,التدقيق والتنسيق,commercial,en,/services/
Where can I find academic research review for Kuwait students?,التدقيق والتنسيق,question,en,/services/
Best way to complete academic research review for Kuwait students,التدقيق والتنسيق,commercial,en,/services/
Academic support for academic research review for Kuwait students,التدقيق والتنسيق,commercial,en,/services/
I need an expert to review my academic research review for Kuwait students,التدقيق والتنسيق,commercial,en,/services/
I need proofreading for my academic research review for Kuwait students,التدقيق والتنسيق,commercial,en,/services/
How can I prepare academic research review for a student at Kuwait University?,التدقيق والتنسيق,question,en,/services/
Who can help me with academic research review for a student at Kuwait University?,التدقيق والتنسيق,question,en,/services/
I need help with academic research review for a student at Kuwait University.,التدقيق والتنسيق,commercial,en,/services/
Where can I find academic research review for a student at Kuwait University?,التدقيق والتنسيق,question,en,/services/
Best way to complete academic research review for a student at Kuwait University,التدقيق والتنسيق,commercial,en,/services/
Academic support for academic research review for a student at Kuwait University,التدقيق والتنسيق,commercial,en,/services/
I need an expert to review my academic research review for a student at Kuwait University,التدقيق والتنسيق,commercial,en,/services/
I need proofreading for my academic research review for a student at Kuwait University,التدقيق والتنسيق,commercial,en,/services/
How can I prepare academic research review for postgraduate students in Kuwait?,التدقيق والتنسيق,question,en,/services/
Who can help me with academic research review for postgraduate students in Kuwait?,التدقيق والتنسيق,question,en,/services/
I need help with academic research review for postgraduate students in Kuwait.,التدقيق والتنسيق,commercial,en,/services/
Where can I find academic research review for postgraduate students in Kuwait?,التدقيق والتنسيق,question,en,/services/
Best way to complete academic research review for postgraduate students in Kuwait,التدقيق والتنسيق,commercial,en,/services/
Academic support for academic research review for postgraduate students in Kuwait,التدقيق والتنسيق,commercial,en,/services/
I need an expert to review my academic research review for postgraduate students in Kuwait,التدقيق والتنسيق,commercial,en,/services/
I need proofreading for my academic research review for postgraduate students in Kuwait,التدقيق والتنسيق,commercial,en,/services/
How can I prepare academic research review for researchers in Kuwait?,التدقيق والتنسيق,question,en,/services/
Who can help me with academic research review for researchers in Kuwait?,التدقيق والتنسيق,question,en,/services/
I need help with academic research review for researchers in Kuwait.,التدقيق والتنسيق,commercial,en,/services/
Where can I find academic research review for researchers in Kuwait?,التدقيق والتنسيق,question,en,/services/
Best way to complete academic research review for researchers in Kuwait,التدقيق والتنسيق,commercial,en,/services/
Academic support for academic research review for researchers in Kuwait,التدقيق والتنسيق,commercial,en,/services/
I need an expert to review my academic research review for researchers in Kuwait,التدقيق والتنسيق,commercial,en,/services/
I need proofreading for my academic research review for researchers in Kuwait,التدقيق والتنسيق,commercial,en,/services/
How can I prepare academic research review for private universities in Kuwait?,التدقيق والتنسيق,question,en,/services/
Who can help me with academic research review for private universities in Kuwait?,التدقيق والتنسيق,question,en,/services/
I need help with academic research review for private universities in Kuwait.,التدقيق والتنسيق,commercial,en,/services/
Where can I find academic research review for private universities in Kuwait?,التدقيق والتنسيق,question,en,/services/
Best way to complete academic research review for private universities in Kuwait,التدقيق والتنسيق,commercial,en,/services/
Academic support for academic research review for private universities in Kuwait,التدقيق والتنسيق,commercial,en,/services/
I need an expert to review my academic research review for private universities in Kuwait,التدقيق والتنسيق,commercial,en,/services/
I need proofreading for my academic research review for private universities in Kuwait,التدقيق والتنسيق,commercial,en,/services/
Help with university research in business administration in Kuwait,الأبحاث الجامعية,long_tail,en,/services/
Help with university research in business administration at Kuwait University,الأبحاث الجامعية,long_tail,en,/services/
Help with university research in business administration for postgraduate study in Kuwait,الأبحاث الجامعية,long_tail,en,/services/
How to write a university research in business administration?,الأبحاث الجامعية,long_tail,en,/services/
Academic support for university research in business administration,الأبحاث الجامعية,long_tail,en,/services/
Review my university research in business administration before submission,الأبحاث الجامعية,long_tail,en,/services/
Need university research for a business administration student,الأبحاث الجامعية,long_tail,en,/services/
Help with university research in education in Kuwait,الأبحاث الجامعية,long_tail,en,/services/
Help with university research in education at Kuwait University,الأبحاث الجامعية,long_tail,en,/services/
Help with university research in education for postgraduate study in Kuwait,الأبحاث الجامعية,long_tail,en,/services/
How to write a university research in education?,الأبحاث الجامعية,long_tail,en,/services/
Academic support for university research in education,الأبحاث الجامعية,long_tail,en,/services/
Review my university research in education before submission,الأبحاث الجامعية,long_tail,en,/services/
Need university research for a education student,الأبحاث الجامعية,long_tail,en,/services/
Help with university research in psychology in Kuwait,الأبحاث الجامعية,long_tail,en,/services/
Help with university research in psychology at Kuwait University,الأبحاث الجامعية,long_tail,en,/services/
Help with university research in psychology for postgraduate study in Kuwait,الأبحاث الجامعية,long_tail,en,/services/
How to write a university research in psychology?,الأبحاث الجامعية,long_tail,en,/services/
Academic support for university research in psychology,الأبحاث الجامعية,long_tail,en,/services/
Review my university research in psychology before submission,الأبحاث الجامعية,long_tail,en,/services/
Need university research for a psychology student,الأبحاث الجامعية,long_tail,en,/services/
Help with university research in law in Kuwait,الأبحاث الجامعية,long_tail,en,/services/
Help with university research in law at Kuwait University,الأبحاث الجامعية,long_tail,en,/services/
Help with university research in law for postgraduate study in Kuwait,الأبحاث الجامعية,long_tail,en,/services/
How to write a university research in law?,الأبحاث الجامعية,long_tail,en,/services/
Academic support for university research in law,الأبحاث الجامعية,long_tail,en,/services/
Review my university research in law before submission,الأبحاث الجامعية,long_tail,en,/services/
Need university research for a law student,الأبحاث الجامعية,long_tail,en,/services/
Help with university research in accounting in Kuwait,الأبحاث الجامعية,long_tail,en,/services/
Help with university research in accounting at Kuwait University,الأبحاث الجامعية,long_tail,en,/services/
Help with university research in accounting for postgraduate study in Kuwait,الأبحاث الجامعية,long_tail,en,/services/
How to write a university research in accounting?,الأبحاث الجامعية,long_tail,en,/services/
Academic support for university research in accounting,الأبحاث الجامعية,long_tail,en,/services/
Review my university research in accounting before submission,الأبحاث الجامعية,long_tail,en,/services/
Need university research for a accounting student,الأبحاث الجامعية,long_tail,en,/services/
Help with university research in economics in Kuwait,الأبحاث الجامعية,long_tail,en,/services/
Help with university research in economics at Kuwait University,الأبحاث الجامعية,long_tail,en,/services/
Help with university research in economics for postgraduate study in Kuwait,الأبحاث الجامعية,long_tail,en,/services/
How to write a university research in economics?,الأبحاث الجامعية,long_tail,en,/services/
Academic support for university research in economics,الأبحاث الجامعية,long_tail,en,/services/
Review my university research in economics before submission,الأبحاث الجامعية,long_tail,en,/services/
Need university research for a economics student,الأبحاث الجامعية,long_tail,en,/services/
Help with university research in engineering in Kuwait,الأبحاث الجامعية,long_tail,en,/services/
Help with university research in engineering at Kuwait University,الأبحاث الجامعية,long_tail,en,/services/
Help with university research in engineering for postgraduate study in Kuwait,الأبحاث الجامعية,long_tail,en,/services/
How to write a university research in engineering?,الأبحاث الجامعية,long_tail,en,/services/
Academic support for university research in engineering,الأبحاث الجامعية,long_tail,en,/services/
Review my university research in engineering before submission,الأبحاث الجامعية,long_tail,en,/services/
Need university research for a engineering student,الأبحاث الجامعية,long_tail,en,/services/
Help with university research in nursing in Kuwait,الأبحاث الجامعية,long_tail,en,/services/
Help with university research in nursing at Kuwait University,الأبحاث الجامعية,long_tail,en,/services/
Help with university research in nursing for postgraduate study in Kuwait,الأبحاث الجامعية,long_tail,en,/services/
How to write a university research in nursing?,الأبحاث الجامعية,long_tail,en,/services/
Academic support for university research in nursing,الأبحاث الجامعية,long_tail,en,/services/
Review my university research in nursing before submission,الأبحاث الجامعية,long_tail,en,/services/
Need university research for a nursing student,الأبحاث الجامعية,long_tail,en,/services/
Help with university research in public health in Kuwait,الأبحاث الجامعية,long_tail,en,/services/
Help with university research in public health at Kuwait University,الأبحاث الجامعية,long_tail,en,/services/
Help with university research in public health for postgraduate study in Kuwait,الأبحاث الجامعية,long_tail,en,/services/
How to write a university research in public health?,الأبحاث الجامعية,long_tail,en,/services/
Academic support for university research in public health,الأبحاث الجامعية,long_tail,en,/services/
Review my university research in public health before submission,الأبحاث الجامعية,long_tail,en,/services/
Need university research for a public health student,الأبحاث الجامعية,long_tail,en,/services/
Help with university research in information technology in Kuwait,الأبحاث الجامعية,long_tail,en,/services/
Help with university research in information technology at Kuwait University,الأبحاث الجامعية,long_tail,en,/services/
Help with university research in information technology for postgraduate study in Kuwait,الأبحاث الجامعية,long_tail,en,/services/
How to write a university research in information technology?,الأبحاث الجامعية,long_tail,en,/services/
Academic support for university research in information technology,الأبحاث الجامعية,long_tail,en,/services/
Review my university research in information technology before submission,الأبحاث الجامعية,long_tail,en,/services/
Need university research for a information technology student,الأبحاث الجامعية,long_tail,en,/services/
Help with university research in English language in Kuwait,الأبحاث الجامعية,long_tail,en,/services/
Help with university research in English language at Kuwait University,الأبحاث الجامعية,long_tail,en,/services/
Help with university research in English language for postgraduate study in Kuwait,الأبحاث الجامعية,long_tail,en,/services/
How to write a university research in English language?,الأبحاث الجامعية,long_tail,en,/services/
Academic support for university research in English language,الأبحاث الجامعية,long_tail,en,/services/
Review my university research in English language before submission,الأبحاث الجامعية,long_tail,en,/services/
Need university research for a English language student,الأبحاث الجامعية,long_tail,en,/services/
Help with university research in social sciences in Kuwait,الأبحاث الجامعية,long_tail,en,/services/
Help with university research in social sciences at Kuwait University,الأبحاث الجامعية,long_tail,en,/services/
Help with university research in social sciences for postgraduate study in Kuwait,الأبحاث الجامعية,long_tail,en,/services/
How to write a university research in social sciences?,الأبحاث الجامعية,long_tail,en,/services/
Academic support for university research in social sciences,الأبحاث الجامعية,long_tail,en,/services/
Review my university research in social sciences before submission,الأبحاث الجامعية,long_tail,en,/services/
Need university research for a social sciences student,الأبحاث الجامعية,long_tail,en,/services/
Help with university research in marketing in Kuwait,الأبحاث الجامعية,long_tail,en,/services/
Help with university research in marketing at Kuwait University,الأبحاث الجامعية,long_tail,en,/services/
Help with university research in marketing for postgraduate study in Kuwait,الأبحاث الجامعية,long_tail,en,/services/
How to write a university research in marketing?,الأبحاث الجامعية,long_tail,en,/services/
Academic support for university research in marketing,الأبحاث الجامعية,long_tail,en,/services/
Review my university research in marketing before submission,الأبحاث الجامعية,long_tail,en,/services/
Need university research for a marketing student,الأبحاث الجامعية,long_tail,en,/services/
Help with university research in political science in Kuwait,الأبحاث الجامعية,long_tail,en,/services/
Help with university research in political science at Kuwait University,الأبحاث الجامعية,long_tail,en,/services/
Help with university research in political science for postgraduate study in Kuwait,الأبحاث الجامعية,long_tail,en,/services/
How to write a university research in political science?,الأبحاث الجامعية,long_tail,en,/services/
Academic support for university research in political science,الأبحاث الجامعية,long_tail,en,/services/
Review my university research in political science before submission,الأبحاث الجامعية,long_tail,en,/services/
Need university research for a political science student,الأبحاث الجامعية,long_tail,en,/services/
Help with university research in media studies in Kuwait,الأبحاث الجامعية,long_tail,en,/services/
Help with university research in media studies at Kuwait University,الأبحاث الجامعية,long_tail,en,/services/
Help with university research in media studies for postgraduate study in Kuwait,الأبحاث الجامعية,long_tail,en,/services/
How to write a university research in media studies?,الأبحاث الجامعية,long_tail,en,/services/
Academic support for university research in media studies,الأبحاث الجامعية,long_tail,en,/services/
Review my university research in media studies before submission,الأبحاث الجامعية,long_tail,en,/services/
Need university research for a media studies student,الأبحاث الجامعية,long_tail,en,/services/
Help with graduation project research in business administration in Kuwait,أبحاث التخرج,long_tail,en,/services/
Help with graduation project research in business administration at Kuwait University,أبحاث التخرج,long_tail,en,/services/
Help with graduation project research in business administration for postgraduate study in Kuwait,أبحاث التخرج,long_tail,en,/services/
How to write a graduation project research in business administration?,أبحاث التخرج,long_tail,en,/services/
Academic support for graduation project research in business administration,أبحاث التخرج,long_tail,en,/services/
Review my graduation project research in business administration before submission,أبحاث التخرج,long_tail,en,/services/
Need graduation project research for a business administration student,أبحاث التخرج,long_tail,en,/services/
Help with graduation project research in education in Kuwait,أبحاث التخرج,long_tail,en,/services/
Help with graduation project research in education at Kuwait University,أبحاث التخرج,long_tail,en,/services/
Help with graduation project research in education for postgraduate study in Kuwait,أبحاث التخرج,long_tail,en,/services/
How to write a graduation project research in education?,أبحاث التخرج,long_tail,en,/services/
Academic support for graduation project research in education,أبحاث التخرج,long_tail,en,/services/
Review my graduation project research in education before submission,أبحاث التخرج,long_tail,en,/services/
Need graduation project research for a education student,أبحاث التخرج,long_tail,en,/services/
Help with graduation project research in psychology in Kuwait,أبحاث التخرج,long_tail,en,/services/
Help with graduation project research in psychology at Kuwait University,أبحاث التخرج,long_tail,en,/services/
Help with graduation project research in psychology for postgraduate study in Kuwait,أبحاث التخرج,long_tail,en,/services/
How to write a graduation project research in psychology?,أبحاث التخرج,long_tail,en,/services/
Academic support for graduation project research in psychology,أبحاث التخرج,long_tail,en,/services/
Review my graduation project research in psychology before submission,أبحاث التخرج,long_tail,en,/services/
Need graduation project research for a psychology student,أبحاث التخرج,long_tail,en,/services/
Help with graduation project research in law in Kuwait,أبحاث التخرج,long_tail,en,/services/
Help with graduation project research in law at Kuwait University,أبحاث التخرج,long_tail,en,/services/
Help with graduation project research in law for postgraduate study in Kuwait,أبحاث التخرج,long_tail,en,/services/
How to write a graduation project research in law?,أبحاث التخرج,long_tail,en,/services/
Academic support for graduation project research in law,أبحاث التخرج,long_tail,en,/services/
Review my graduation project research in law before submission,أبحاث التخرج,long_tail,en,/services/
Need graduation project research for a law student,أبحاث التخرج,long_tail,en,/services/
Help with graduation project research in accounting in Kuwait,أبحاث التخرج,long_tail,en,/services/
Help with graduation project research in accounting at Kuwait University,أبحاث التخرج,long_tail,en,/services/
Help with graduation project research in accounting for postgraduate study in Kuwait,أبحاث التخرج,long_tail,en,/services/
How to write a graduation project research in accounting?,أبحاث التخرج,long_tail,en,/services/
Academic support for graduation project research in accounting,أبحاث التخرج,long_tail,en,/services/
Review my graduation project research in accounting before submission,أبحاث التخرج,long_tail,en,/services/
Need graduation project research for a accounting student,أبحاث التخرج,long_tail,en,/services/
Help with graduation project research in economics in Kuwait,أبحاث التخرج,long_tail,en,/services/
Help with graduation project research in economics at Kuwait University,أبحاث التخرج,long_tail,en,/services/
Help with graduation project research in economics for postgraduate study in Kuwait,أبحاث التخرج,long_tail,en,/services/
How to write a graduation project research in economics?,أبحاث التخرج,long_tail,en,/services/
Academic support for graduation project research in economics,أبحاث التخرج,long_tail,en,/services/
Review my graduation project research in economics before submission,أبحاث التخرج,long_tail,en,/services/
Need graduation project research for a economics student,أبحاث التخرج,long_tail,en,/services/
Help with graduation project research in engineering in Kuwait,أبحاث التخرج,long_tail,en,/services/
Help with graduation project research in engineering at Kuwait University,أبحاث التخرج,long_tail,en,/services/
Help with graduation project research in engineering for postgraduate study in Kuwait,أبحاث التخرج,long_tail,en,/services/
How to write a graduation project research in engineering?,أبحاث التخرج,long_tail,en,/services/
Academic support for graduation project research in engineering,أبحاث التخرج,long_tail,en,/services/
Review my graduation project research in engineering before submission,أبحاث التخرج,long_tail,en,/services/
Need graduation project research for a engineering student,أبحاث التخرج,long_tail,en,/services/
Help with graduation project research in nursing in Kuwait,أبحاث التخرج,long_tail,en,/services/
Help with graduation project research in nursing at Kuwait University,أبحاث التخرج,long_tail,en,/services/
Help with graduation project research in nursing for postgraduate study in Kuwait,أبحاث التخرج,long_tail,en,/services/
How to write a graduation project research in nursing?,أبحاث التخرج,long_tail,en,/services/
Academic support for graduation project research in nursing,أبحاث التخرج,long_tail,en,/services/
Review my graduation project research in nursing before submission,أبحاث التخرج,long_tail,en,/services/
Need graduation project research for a nursing student,أبحاث التخرج,long_tail,en,/services/
Help with graduation project research in public health in Kuwait,أبحاث التخرج,long_tail,en,/services/
Help with graduation project research in public health at Kuwait University,أبحاث التخرج,long_tail,en,/services/
Help with graduation project research in public health for postgraduate study in Kuwait,أبحاث التخرج,long_tail,en,/services/
How to write a graduation project research in public health?,أبحاث التخرج,long_tail,en,/services/
Academic support for graduation project research in public health,أبحاث التخرج,long_tail,en,/services/
Review my graduation project research in public health before submission,أبحاث التخرج,long_tail,en,/services/
Need graduation project research for a public health student,أبحاث التخرج,long_tail,en,/services/
Help with graduation project research in information technology in Kuwait,أبحاث التخرج,long_tail,en,/services/
Help with graduation project research in information technology at Kuwait University,أبحاث التخرج,long_tail,en,/services/
Help with graduation project research in information technology for postgraduate study in Kuwait,أبحاث التخرج,long_tail,en,/services/
How to write a graduation project research in information technology?,أبحاث التخرج,long_tail,en,/services/
Academic support for graduation project research in information technology,أبحاث التخرج,long_tail,en,/services/
Review my graduation project research in information technology before submission,أبحاث التخرج,long_tail,en,/services/
Need graduation project research for a information technology student,أبحاث التخرج,long_tail,en,/services/
Help with graduation project research in English language in Kuwait,أبحاث التخرج,long_tail,en,/services/
Help with graduation project research in English language at Kuwait University,أبحاث التخرج,long_tail,en,/services/
Help with graduation project research in English language for postgraduate study in Kuwait,أبحاث التخرج,long_tail,en,/services/
How to write a graduation project research in English language?,أبحاث التخرج,long_tail,en,/services/
Academic support for graduation project research in English language,أبحاث التخرج,long_tail,en,/services/
Review my graduation project research in English language before submission,أبحاث التخرج,long_tail,en,/services/
Need graduation project research for a English language student,أبحاث التخرج,long_tail,en,/services/
Help with graduation project research in social sciences in Kuwait,أبحاث التخرج,long_tail,en,/services/
Help with graduation project research in social sciences at Kuwait University,أبحاث التخرج,long_tail,en,/services/
Help with graduation project research in social sciences for postgraduate study in Kuwait,أبحاث التخرج,long_tail,en,/services/
How to write a graduation project research in social sciences?,أبحاث التخرج,long_tail,en,/services/
Academic support for graduation project research in social sciences,أبحاث التخرج,long_tail,en,/services/
Review my graduation project research in social sciences before submission,أبحاث التخرج,long_tail,en,/services/
Need graduation project research for a social sciences student,أبحاث التخرج,long_tail,en,/services/
Help with graduation project research in marketing in Kuwait,أبحاث التخرج,long_tail,en,/services/
Help with graduation project research in marketing at Kuwait University,أبحاث التخرج,long_tail,en,/services/
Help with graduation project research in marketing for postgraduate study in Kuwait,أبحاث التخرج,long_tail,en,/services/
How to write a graduation project research in marketing?,أبحاث التخرج,long_tail,en,/services/
Academic support for graduation project research in marketing,أبحاث التخرج,long_tail,en,/services/
Review my graduation project research in marketing before submission,أبحاث التخرج,long_tail,en,/services/
Need graduation project research for a marketing student,أبحاث التخرج,long_tail,en,/services/
Help with graduation project research in political science in Kuwait,أبحاث التخرج,long_tail,en,/services/
Help with graduation project research in political science at Kuwait University,أبحاث التخرج,long_tail,en,/services/
Help with graduation project research in political science for postgraduate study in Kuwait,أبحاث التخرج,long_tail,en,/services/
How to write a graduation project research in political science?,أبحاث التخرج,long_tail,en,/services/
Academic support for graduation project research in political science,أبحاث التخرج,long_tail,en,/services/
Review my graduation project research in political science before submission,أبحاث التخرج,long_tail,en,/services/
Need graduation project research for a political science student,أبحاث التخرج,long_tail,en,/services/
Help with graduation project research in media studies in Kuwait,أبحاث التخرج,long_tail,en,/services/
Help with graduation project research in media studies at Kuwait University,أبحاث التخرج,long_tail,en,/services/
Help with graduation project research in media studies for postgraduate study in Kuwait,أبحاث التخرج,long_tail,en,/services/
How to write a graduation project research in media studies?,أبحاث التخرج,long_tail,en,/services/
Academic support for graduation project research in media studies,أبحاث التخرج,long_tail,en,/services/
Review my graduation project research in media studies before submission,أبحاث التخرج,long_tail,en,/services/
Need graduation project research for a media studies student,أبحاث التخرج,long_tail,en,/services/
Help with master thesis in business administration in Kuwait,الماجستير,long_tail,en,/services/
Help with master thesis in business administration at Kuwait University,الماجستير,long_tail,en,/services/
Help with master thesis in business administration for postgraduate study in Kuwait,الماجستير,long_tail,en,/services/
How to write a master thesis in business administration?,الماجستير,long_tail,en,/services/
Academic support for master thesis in business administration,الماجستير,long_tail,en,/services/
Review my master thesis in business administration before submission,الماجستير,long_tail,en,/services/
Need master thesis for a business administration student,الماجستير,long_tail,en,/services/
Help with master thesis in education in Kuwait,الماجستير,long_tail,en,/services/
Help with master thesis in education at Kuwait University,الماجستير,long_tail,en,/services/
Help with master thesis in education for postgraduate study in Kuwait,الماجستير,long_tail,en,/services/
How to write a master thesis in education?,الماجستير,long_tail,en,/services/
Academic support for master thesis in education,الماجستير,long_tail,en,/services/
Review my master thesis in education before submission,الماجستير,long_tail,en,/services/
Need master thesis for a education student,الماجستير,long_tail,en,/services/
Help with master thesis in psychology in Kuwait,الماجستير,long_tail,en,/services/
Help with master thesis in psychology at Kuwait University,الماجستير,long_tail,en,/services/
Help with master thesis in psychology for postgraduate study in Kuwait,الماجستير,long_tail,en,/services/
How to write a master thesis in psychology?,الماجستير,long_tail,en,/services/
Academic support for master thesis in psychology,الماجستير,long_tail,en,/services/
Review my master thesis in psychology before submission,الماجستير,long_tail,en,/services/
Need master thesis for a psychology student,الماجستير,long_tail,en,/services/
Help with master thesis in law in Kuwait,الماجستير,long_tail,en,/services/
Help with master thesis in law at Kuwait University,الماجستير,long_tail,en,/services/
Help with master thesis in law for postgraduate study in Kuwait,الماجستير,long_tail,en,/services/
How to write a master thesis in law?,الماجستير,long_tail,en,/services/
Academic support for master thesis in law,الماجستير,long_tail,en,/services/
Review my master thesis in law before submission,الماجستير,long_tail,en,/services/
Need master thesis for a law student,الماجستير,long_tail,en,/services/
Help with master thesis in accounting in Kuwait,الماجستير,long_tail,en,/services/
Help with master thesis in accounting at Kuwait University,الماجستير,long_tail,en,/services/
Help with master thesis in accounting for postgraduate study in Kuwait,الماجستير,long_tail,en,/services/
How to write a master thesis in accounting?,الماجستير,long_tail,en,/services/
Academic support for master thesis in accounting,الماجستير,long_tail,en,/services/
Review my master thesis in accounting before submission,الماجستير,long_tail,en,/services/
Need master thesis for a accounting student,الماجستير,long_tail,en,/services/
Help with master thesis in economics in Kuwait,الماجستير,long_tail,en,/services/
Help with master thesis in economics at Kuwait University,الماجستير,long_tail,en,/services/
Help with master thesis in economics for postgraduate study in Kuwait,الماجستير,long_tail,en,/services/
How to write a master thesis in economics?,الماجستير,long_tail,en,/services/
Academic support for master thesis in economics,الماجستير,long_tail,en,/services/
Review my master thesis in economics before submission,الماجستير,long_tail,en,/services/
Need master thesis for a economics student,الماجستير,long_tail,en,/services/
Help with master thesis in engineering in Kuwait,الماجستير,long_tail,en,/services/
Help with master thesis in engineering at Kuwait University,الماجستير,long_tail,en,/services/
Help with master thesis in engineering for postgraduate study in Kuwait,الماجستير,long_tail,en,/services/
How to write a master thesis in engineering?,الماجستير,long_tail,en,/services/
Academic support for master thesis in engineering,الماجستير,long_tail,en,/services/
Review my master thesis in engineering before submission,الماجستير,long_tail,en,/services/
Need master thesis for a engineering student,الماجستير,long_tail,en,/services/
Help with master thesis in nursing in Kuwait,الماجستير,long_tail,en,/services/
Help with master thesis in nursing at Kuwait University,الماجستير,long_tail,en,/services/
Help with master thesis in nursing for postgraduate study in Kuwait,الماجستير,long_tail,en,/services/
How to write a master thesis in nursing?,الماجستير,long_tail,en,/services/
Academic support for master thesis in nursing,الماجستير,long_tail,en,/services/
Review my master thesis in nursing before submission,الماجستير,long_tail,en,/services/
Need master thesis for a nursing student,الماجستير,long_tail,en,/services/
Help with master thesis in public health in Kuwait,الماجستير,long_tail,en,/services/
Help with master thesis in public health at Kuwait University,الماجستير,long_tail,en,/services/
Help with master thesis in public health for postgraduate study in Kuwait,الماجستير,long_tail,en,/services/
How to write a master thesis in public health?,الماجستير,long_tail,en,/services/
Academic support for master thesis in public health,الماجستير,long_tail,en,/services/
Review my master thesis in public health before submission,الماجستير,long_tail,en,/services/
Need master thesis for a public health student,الماجستير,long_tail,en,/services/
Help with master thesis in information technology in Kuwait,الماجستير,long_tail,en,/services/
Help with master thesis in information technology at Kuwait University,الماجستير,long_tail,en,/services/
Help with master thesis in information technology for postgraduate study in Kuwait,الماجستير,long_tail,en,/services/
How to write a master thesis in information technology?,الماجستير,long_tail,en,/services/
Academic support for master thesis in information technology,الماجستير,long_tail,en,/services/
Review my master thesis in information technology before submission,الماجستير,long_tail,en,/services/
Need master thesis for a information technology student,الماجستير,long_tail,en,/services/
Help with master thesis in English language in Kuwait,الماجستير,long_tail,en,/services/
Help with master thesis in English language at Kuwait University,الماجستير,long_tail,en,/services/
Help with master thesis in English language for postgraduate study in Kuwait,الماجستير,long_tail,en,/services/
How to write a master thesis in English language?,الماجستير,long_tail,en,/services/
Academic support for master thesis in English language,الماجستير,long_tail,en,/services/
Review my master thesis in English language before submission,الماجستير,long_tail,en,/services/
Need master thesis for a English language student,الماجستير,long_tail,en,/services/
Help with master thesis in social sciences in Kuwait,الماجستير,long_tail,en,/services/
Help with master thesis in social sciences at Kuwait University,الماجستير,long_tail,en,/services/
Help with master thesis in social sciences for postgraduate study in Kuwait,الماجستير,long_tail,en,/services/
How to write a master thesis in social sciences?,الماجستير,long_tail,en,/services/
Academic support for master thesis in social sciences,الماجستير,long_tail,en,/services/
Review my master thesis in social sciences before submission,الماجستير,long_tail,en,/services/
Need master thesis for a social sciences student,الماجستير,long_tail,en,/services/
Help with master thesis in marketing in Kuwait,الماجستير,long_tail,en,/services/
Help with master thesis in marketing at Kuwait University,الماجستير,long_tail,en,/services/
Help with master thesis in marketing for postgraduate study in Kuwait,الماجستير,long_tail,en,/services/
How to write a master thesis in marketing?,الماجستير,long_tail,en,/services/
Academic support for master thesis in marketing,الماجستير,long_tail,en,/services/
Review my master thesis in marketing before submission,الماجستير,long_tail,en,/services/
Need master thesis for a marketing student,الماجستير,long_tail,en,/services/
Help with master thesis in political science in Kuwait,الماجستير,long_tail,en,/services/
Help with master thesis in political science at Kuwait University,الماجستير,long_tail,en,/services/
Help with master thesis in political science for postgraduate study in Kuwait,الماجستير,long_tail,en,/services/
How to write a master thesis in political science?,الماجستير,long_tail,en,/services/
Academic support for master thesis in political science,الماجستير,long_tail,en,/services/
Review my master thesis in political science before submission,الماجستير,long_tail,en,/services/
Need master thesis for a political science student,الماجستير,long_tail,en,/services/
Help with master thesis in media studies in Kuwait,الماجستير,long_tail,en,/services/
Help with master thesis in media studies at Kuwait University,الماجستير,long_tail,en,/services/
Help with master thesis in media studies for postgraduate study in Kuwait,الماجستير,long_tail,en,/services/
How to write a master thesis in media studies?,الماجستير,long_tail,en,/services/
Academic support for master thesis in media studies,الماجستير,long_tail,en,/services/
Review my master thesis in media studies before submission,الماجستير,long_tail,en,/services/
Need master thesis for a media studies student,الماجستير,long_tail,en,/services/
Help with PhD dissertation in business administration in Kuwait,الدكتوراه,long_tail,en,/services/
Help with PhD dissertation in business administration at Kuwait University,الدكتوراه,long_tail,en,/services/
Help with PhD dissertation in business administration for postgraduate study in Kuwait,الدكتوراه,long_tail,en,/services/
How to write a PhD dissertation in business administration?,الدكتوراه,long_tail,en,/services/
Academic support for PhD dissertation in business administration,الدكتوراه,long_tail,en,/services/
Review my PhD dissertation in business administration before submission,الدكتوراه,long_tail,en,/services/
Need PhD dissertation for a business administration student,الدكتوراه,long_tail,en,/services/
Help with PhD dissertation in education in Kuwait,الدكتوراه,long_tail,en,/services/
Help with PhD dissertation in education at Kuwait University,الدكتوراه,long_tail,en,/services/
Help with PhD dissertation in education for postgraduate study in Kuwait,الدكتوراه,long_tail,en,/services/
How to write a PhD dissertation in education?,الدكتوراه,long_tail,en,/services/
Academic support for PhD dissertation in education,الدكتوراه,long_tail,en,/services/
Review my PhD dissertation in education before submission,الدكتوراه,long_tail,en,/services/
Need PhD dissertation for a education student,الدكتوراه,long_tail,en,/services/
Help with PhD dissertation in psychology in Kuwait,الدكتوراه,long_tail,en,/services/
Help with PhD dissertation in psychology at Kuwait University,الدكتوراه,long_tail,en,/services/
Help with PhD dissertation in psychology for postgraduate study in Kuwait,الدكتوراه,long_tail,en,/services/
How to write a PhD dissertation in psychology?,الدكتوراه,long_tail,en,/services/
Academic support for PhD dissertation in psychology,الدكتوراه,long_tail,en,/services/
Review my PhD dissertation in psychology before submission,الدكتوراه,long_tail,en,/services/
Need PhD dissertation for a psychology student,الدكتوراه,long_tail,en,/services/
Help with PhD dissertation in law in Kuwait,الدكتوراه,long_tail,en,/services/
Help with PhD dissertation in law at Kuwait University,الدكتوراه,long_tail,en,/services/
Help with PhD dissertation in law for postgraduate study in Kuwait,الدكتوراه,long_tail,en,/services/
How to write a PhD dissertation in law?,الدكتوراه,long_tail,en,/services/
Academic support for PhD dissertation in law,الدكتوراه,long_tail,en,/services/
Review my PhD dissertation in law before submission,الدكتوراه,long_tail,en,/services/
Need PhD dissertation for a law student,الدكتوراه,long_tail,en,/services/
Help with PhD dissertation in accounting in Kuwait,الدكتوراه,long_tail,en,/services/
Help with PhD dissertation in accounting at Kuwait University,الدكتوراه,long_tail,en,/services/
Help with PhD dissertation in accounting for postgraduate study in Kuwait,الدكتوراه,long_tail,en,/services/
How to write a PhD dissertation in accounting?,الدكتوراه,long_tail,en,/services/
Academic support for PhD dissertation in accounting,الدكتوراه,long_tail,en,/services/
Review my PhD dissertation in accounting before submission,الدكتوراه,long_tail,en,/services/
Need PhD dissertation for a accounting student,الدكتوراه,long_tail,en,/services/
Help with PhD dissertation in economics in Kuwait,الدكتوراه,long_tail,en,/services/
Help with PhD dissertation in economics at Kuwait University,الدكتوراه,long_tail,en,/services/
Help with PhD dissertation in economics for postgraduate study in Kuwait,الدكتوراه,long_tail,en,/services/
How to write a PhD dissertation in economics?,الدكتوراه,long_tail,en,/services/
Academic support for PhD dissertation in economics,الدكتوراه,long_tail,en,/services/
Review my PhD dissertation in economics before submission,الدكتوراه,long_tail,en,/services/
Need PhD dissertation for a economics student,الدكتوراه,long_tail,en,/services/
Help with PhD dissertation in engineering in Kuwait,الدكتوراه,long_tail,en,/services/
Help with PhD dissertation in engineering at Kuwait University,الدكتوراه,long_tail,en,/services/
Help with PhD dissertation in engineering for postgraduate study in Kuwait,الدكتوراه,long_tail,en,/services/
How to write a PhD dissertation in engineering?,الدكتوراه,long_tail,en,/services/
Academic support for PhD dissertation in engineering,الدكتوراه,long_tail,en,/services/
Review my PhD dissertation in engineering before submission,الدكتوراه,long_tail,en,/services/
Need PhD dissertation for a engineering student,الدكتوراه,long_tail,en,/services/
Help with PhD dissertation in nursing in Kuwait,الدكتوراه,long_tail,en,/services/
Help with PhD dissertation in nursing at Kuwait University,الدكتوراه,long_tail,en,/services/
Help with PhD dissertation in nursing for postgraduate study in Kuwait,الدكتوراه,long_tail,en,/services/
How to write a PhD dissertation in nursing?,الدكتوراه,long_tail,en,/services/
Academic support for PhD dissertation in nursing,الدكتوراه,long_tail,en,/services/
Review my PhD dissertation in nursing before submission,الدكتوراه,long_tail,en,/services/
Need PhD dissertation for a nursing student,الدكتوراه,long_tail,en,/services/
Help with PhD dissertation in public health in Kuwait,الدكتوراه,long_tail,en,/services/
Help with PhD dissertation in public health at Kuwait University,الدكتوراه,long_tail,en,/services/
Help with PhD dissertation in public health for postgraduate study in Kuwait,الدكتوراه,long_tail,en,/services/
How to write a PhD dissertation in public health?,الدكتوراه,long_tail,en,/services/
Academic support for PhD dissertation in public health,الدكتوراه,long_tail,en,/services/
Review my PhD dissertation in public health before submission,الدكتوراه,long_tail,en,/services/
Need PhD dissertation for a public health student,الدكتوراه,long_tail,en,/services/
Help with PhD dissertation in information technology in Kuwait,الدكتوراه,long_tail,en,/services/
Help with PhD dissertation in information technology at Kuwait University,الدكتوراه,long_tail,en,/services/
Help with PhD dissertation in information technology for postgraduate study in Kuwait,الدكتوراه,long_tail,en,/services/
How to write a PhD dissertation in information technology?,الدكتوراه,long_tail,en,/services/
Academic support for PhD dissertation in information technology,الدكتوراه,long_tail,en,/services/
Review my PhD dissertation in information technology before submission,الدكتوراه,long_tail,en,/services/
Need PhD dissertation for a information technology student,الدكتوراه,long_tail,en,/services/
Help with PhD dissertation in English language in Kuwait,الدكتوراه,long_tail,en,/services/
Help with PhD dissertation in English language at Kuwait University,الدكتوراه,long_tail,en,/services/
Help with PhD dissertation in English language for postgraduate study in Kuwait,الدكتوراه,long_tail,en,/services/
How to write a PhD dissertation in English language?,الدكتوراه,long_tail,en,/services/
Academic support for PhD dissertation in English language,الدكتوراه,long_tail,en,/services/
Review my PhD dissertation in English language before submission,الدكتوراه,long_tail,en,/services/
Need PhD dissertation for a English language student,الدكتوراه,long_tail,en,/services/
Help with PhD dissertation in social sciences in Kuwait,الدكتوراه,long_tail,en,/services/
Help with PhD dissertation in social sciences at Kuwait University,الدكتوراه,long_tail,en,/services/
Help with PhD dissertation in social sciences for postgraduate study in Kuwait,الدكتوراه,long_tail,en,/services/
How to write a PhD dissertation in social sciences?,الدكتوراه,long_tail,en,/services/
Academic support for PhD dissertation in social sciences,الدكتوراه,long_tail,en,/services/
Review my PhD dissertation in social sciences before submission,الدكتوراه,long_tail,en,/services/
Need PhD dissertation for a social sciences student,الدكتوراه,long_tail,en,/services/
Help with PhD dissertation in marketing in Kuwait,الدكتوراه,long_tail,en,/services/
Help with PhD dissertation in marketing at Kuwait University,الدكتوراه,long_tail,en,/services/
Help with PhD dissertation in marketing for postgraduate study in Kuwait,الدكتوراه,long_tail,en,/services/
How to write a PhD dissertation in marketing?,الدكتوراه,long_tail,en,/services/
Academic support for PhD dissertation in marketing,الدكتوراه,long_tail,en,/services/
Review my PhD dissertation in marketing before submission,الدكتوراه,long_tail,en,/services/
Need PhD dissertation for a marketing student,الدكتوراه,long_tail,en,/services/
Help with PhD dissertation in political science in Kuwait,الدكتوراه,long_tail,en,/services/
Help with PhD dissertation in political science at Kuwait University,الدكتوراه,long_tail,en,/services/
Help with PhD dissertation in political science for postgraduate study in Kuwait,الدكتوراه,long_tail,en,/services/
How to write a PhD dissertation in political science?,الدكتوراه,long_tail,en,/services/
Academic support for PhD dissertation in political science,الدكتوراه,long_tail,en,/services/
Review my PhD dissertation in political science before submission,الدكتوراه,long_tail,en,/services/
Need PhD dissertation for a political science student,الدكتوراه,long_tail,en,/services/
Help with PhD dissertation in media studies in Kuwait,الدكتوراه,long_tail,en,/services/
Help with PhD dissertation in media studies at Kuwait University,الدكتوراه,long_tail,en,/services/
Help with PhD dissertation in media studies for postgraduate study in Kuwait,الدكتوراه,long_tail,en,/services/
How to write a PhD dissertation in media studies?,الدكتوراه,long_tail,en,/services/
Academic support for PhD dissertation in media studies,الدكتوراه,long_tail,en,/services/
Review my PhD dissertation in media studies before submission,الدكتوراه,long_tail,en,/services/
Need PhD dissertation for a media studies student,الدكتوراه,long_tail,en,/services/
Help with research proposal in business administration in Kuwait,خطة البحث والإطار النظري,long_tail,en,/services/
Help with research proposal in business administration at Kuwait University,خطة البحث والإطار النظري,long_tail,en,/services/
Help with research proposal in business administration for postgraduate study in Kuwait,خطة البحث والإطار النظري,long_tail,en,/services/
How to write a research proposal in business administration?,خطة البحث والإطار النظري,long_tail,en,/services/
Academic support for research proposal in business administration,خطة البحث والإطار النظري,long_tail,en,/services/
Review my research proposal in business administration before submission,خطة البحث والإطار النظري,long_tail,en,/services/
Need research proposal for a business administration student,خطة البحث والإطار النظري,long_tail,en,/services/
Help with research proposal in education in Kuwait,خطة البحث والإطار النظري,long_tail,en,/services/
Help with research proposal in education at Kuwait University,خطة البحث والإطار النظري,long_tail,en,/services/
Help with research proposal in education for postgraduate study in Kuwait,خطة البحث والإطار النظري,long_tail,en,/services/
How to write a research proposal in education?,خطة البحث والإطار النظري,long_tail,en,/services/
Academic support for research proposal in education,خطة البحث والإطار النظري,long_tail,en,/services/
Review my research proposal in education before submission,خطة البحث والإطار النظري,long_tail,en,/services/
Need research proposal for a education student,خطة البحث والإطار النظري,long_tail,en,/services/
Help with research proposal in psychology in Kuwait,خطة البحث والإطار النظري,long_tail,en,/services/
Help with research proposal in psychology at Kuwait University,خطة البحث والإطار النظري,long_tail,en,/services/
Help with research proposal in psychology for postgraduate study in Kuwait,خطة البحث والإطار النظري,long_tail,en,/services/
How to write a research proposal in psychology?,خطة البحث والإطار النظري,long_tail,en,/services/
Academic support for research proposal in psychology,خطة البحث والإطار النظري,long_tail,en,/services/
Review my research proposal in psychology before submission,خطة البحث والإطار النظري,long_tail,en,/services/
Need research proposal for a psychology student,خطة البحث والإطار النظري,long_tail,en,/services/
Help with research proposal in law in Kuwait,خطة البحث والإطار النظري,long_tail,en,/services/
Help with research proposal in law at Kuwait University,خطة البحث والإطار النظري,long_tail,en,/services/
Help with research proposal in law for postgraduate study in Kuwait,خطة البحث والإطار النظري,long_tail,en,/services/
How to write a research proposal in law?,خطة البحث والإطار النظري,long_tail,en,/services/
Academic support for research proposal in law,خطة البحث والإطار النظري,long_tail,en,/services/
Review my research proposal in law before submission,خطة البحث والإطار النظري,long_tail,en,/services/
Need research proposal for a law student,خطة البحث والإطار النظري,long_tail,en,/services/
Help with research proposal in accounting in Kuwait,خطة البحث والإطار النظري,long_tail,en,/services/
Help with research proposal in accounting at Kuwait University,خطة البحث والإطار النظري,long_tail,en,/services/
Help with research proposal in accounting for postgraduate study in Kuwait,خطة البحث والإطار النظري,long_tail,en,/services/
How to write a research proposal in accounting?,خطة البحث والإطار النظري,long_tail,en,/services/
Academic support for research proposal in accounting,خطة البحث والإطار النظري,long_tail,en,/services/
Review my research proposal in accounting before submission,خطة البحث والإطار النظري,long_tail,en,/services/
Need research proposal for a accounting student,خطة البحث والإطار النظري,long_tail,en,/services/
Help with research proposal in economics in Kuwait,خطة البحث والإطار النظري,long_tail,en,/services/
Help with research proposal in economics at Kuwait University,خطة البحث والإطار النظري,long_tail,en,/services/
Help with research proposal in economics for postgraduate study in Kuwait,خطة البحث والإطار النظري,long_tail,en,/services/
How to write a research proposal in economics?,خطة البحث والإطار النظري,long_tail,en,/services/
Academic support for research proposal in economics,خطة البحث والإطار النظري,long_tail,en,/services/
Review my research proposal in economics before submission,خطة البحث والإطار النظري,long_tail,en,/services/
Need research proposal for a economics student,خطة البحث والإطار النظري,long_tail,en,/services/
Help with research proposal in engineering in Kuwait,خطة البحث والإطار النظري,long_tail,en,/services/
Help with research proposal in engineering at Kuwait University,خطة البحث والإطار النظري,long_tail,en,/services/
Help with research proposal in engineering for postgraduate study in Kuwait,خطة البحث والإطار النظري,long_tail,en,/services/
How to write a research proposal in engineering?,خطة البحث والإطار النظري,long_tail,en,/services/
Academic support for research proposal in engineering,خطة البحث والإطار النظري,long_tail,en,/services/
Review my research proposal in engineering before submission,خطة البحث والإطار النظري,long_tail,en,/services/
Need research proposal for a engineering student,خطة البحث والإطار النظري,long_tail,en,/services/
Help with research proposal in nursing in Kuwait,خطة البحث والإطار النظري,long_tail,en,/services/
Help with research proposal in nursing at Kuwait University,خطة البحث والإطار النظري,long_tail,en,/services/
Help with research proposal in nursing for postgraduate study in Kuwait,خطة البحث والإطار النظري,long_tail,en,/services/
How to write a research proposal in nursing?,خطة البحث والإطار النظري,long_tail,en,/services/
Academic support for research proposal in nursing,خطة البحث والإطار النظري,long_tail,en,/services/
Review my research proposal in nursing before submission,خطة البحث والإطار النظري,long_tail,en,/services/
Need research proposal for a nursing student,خطة البحث والإطار النظري,long_tail,en,/services/
Help with research proposal in public health in Kuwait,خطة البحث والإطار النظري,long_tail,en,/services/
Help with research proposal in public health at Kuwait University,خطة البحث والإطار النظري,long_tail,en,/services/
Help with research proposal in public health for postgraduate study in Kuwait,خطة البحث والإطار النظري,long_tail,en,/services/
How to write a research proposal in public health?,خطة البحث والإطار النظري,long_tail,en,/services/
Academic support for research proposal in public health,خطة البحث والإطار النظري,long_tail,en,/services/
Review my research proposal in public health before submission,خطة البحث والإطار النظري,long_tail,en,/services/
Need research proposal for a public health student,خطة البحث والإطار النظري,long_tail,en,/services/
Help with research proposal in information technology in Kuwait,خطة البحث والإطار النظري,long_tail,en,/services/
Help with research proposal in information technology at Kuwait University,خطة البحث والإطار النظري,long_tail,en,/services/
Help with research proposal in information technology for postgraduate study in Kuwait,خطة البحث والإطار النظري,long_tail,en,/services/
How to write a research proposal in information technology?,خطة البحث والإطار النظري,long_tail,en,/services/
Academic support for research proposal in information technology,خطة البحث والإطار النظري,long_tail,en,/services/
Review my research proposal in information technology before submission,خطة البحث والإطار النظري,long_tail,en,/services/
Need research proposal for a information technology student,خطة البحث والإطار النظري,long_tail,en,/services/
Help with research proposal in English language in Kuwait,خطة البحث والإطار النظري,long_tail,en,/services/
Help with research proposal in English language at Kuwait University,خطة البحث والإطار النظري,long_tail,en,/services/
Help with research proposal in English language for postgraduate study in Kuwait,خطة البحث والإطار النظري,long_tail,en,/services/
How to write a research proposal in English language?,خطة البحث والإطار النظري,long_tail,en,/services/
Academic support for research proposal in English language,خطة البحث والإطار النظري,long_tail,en,/services/
Review my research proposal in English language before submission,خطة البحث والإطار النظري,long_tail,en,/services/
Need research proposal for a English language student,خطة البحث والإطار النظري,long_tail,en,/services/
Help with research proposal in social sciences in Kuwait,خطة البحث والإطار النظري,long_tail,en,/services/
Help with research proposal in social sciences at Kuwait University,خطة البحث والإطار النظري,long_tail,en,/services/
Help with research proposal in social sciences for postgraduate study in Kuwait,خطة البحث والإطار النظري,long_tail,en,/services/
How to write a research proposal in social sciences?,خطة البحث والإطار النظري,long_tail,en,/services/
Academic support for research proposal in social sciences,خطة البحث والإطار النظري,long_tail,en,/services/
Review my research proposal in social sciences before submission,خطة البحث والإطار النظري,long_tail,en,/services/
Need research proposal for a social sciences student,خطة البحث والإطار النظري,long_tail,en,/services/
Help with research proposal in marketing in Kuwait,خطة البحث والإطار النظري,long_tail,en,/services/
Help with research proposal in marketing at Kuwait University,خطة البحث والإطار النظري,long_tail,en,/services/
Help with research proposal in marketing for postgraduate study in Kuwait,خطة البحث والإطار النظري,long_tail,en,/services/
How to write a research proposal in marketing?,خطة البحث والإطار النظري,long_tail,en,/services/
Academic support for research proposal in marketing,خطة البحث والإطار النظري,long_tail,en,/services/
Review my research proposal in marketing before submission,خطة البحث والإطار النظري,long_tail,en,/services/
Need research proposal for a marketing student,خطة البحث والإطار النظري,long_tail,en,/services/
Help with research proposal in political science in Kuwait,خطة البحث والإطار النظري,long_tail,en,/services/
Help with research proposal in political science at Kuwait University,خطة البحث والإطار النظري,long_tail,en,/services/
Help with research proposal in political science for postgraduate study in Kuwait,خطة البحث والإطار النظري,long_tail,en,/services/
How to write a research proposal in political science?,خطة البحث والإطار النظري,long_tail,en,/services/
Academic support for research proposal in political science,خطة البحث والإطار النظري,long_tail,en,/services/
Review my research proposal in political science before submission,خطة البحث والإطار النظري,long_tail,en,/services/
Need research proposal for a political science student,خطة البحث والإطار النظري,long_tail,en,/services/
Help with research proposal in media studies in Kuwait,خطة البحث والإطار النظري,long_tail,en,/services/
Help with research proposal in media studies at Kuwait University,خطة البحث والإطار النظري,long_tail,en,/services/
Help with research proposal in media studies for postgraduate study in Kuwait,خطة البحث والإطار النظري,long_tail,en,/services/
How to write a research proposal in media studies?,خطة البحث والإطار النظري,long_tail,en,/services/
Academic support for research proposal in media studies,خطة البحث والإطار النظري,long_tail,en,/services/
Review my research proposal in media studies before submission,خطة البحث والإطار النظري,long_tail,en,/services/
Need research proposal for a media studies student,خطة البحث والإطار النظري,long_tail,en,/services/
Help with theoretical framework in business administration in Kuwait,خطة البحث والإطار النظري,long_tail,en,/services/
Help with theoretical framework in business administration at Kuwait University,خطة البحث والإطار النظري,long_tail,en,/services/
Help with theoretical framework in business administration for postgraduate study in Kuwait,خطة البحث والإطار النظري,long_tail,en,/services/
How to write a theoretical framework in business administration?,خطة البحث والإطار النظري,long_tail,en,/services/
Academic support for theoretical framework in business administration,خطة البحث والإطار النظري,long_tail,en,/services/
Review my theoretical framework in business administration before submission,خطة البحث والإطار النظري,long_tail,en,/services/
Need theoretical framework for a business administration student,خطة البحث والإطار النظري,long_tail,en,/services/
Help with theoretical framework in education in Kuwait,خطة البحث والإطار النظري,long_tail,en,/services/
Help with theoretical framework in education at Kuwait University,خطة البحث والإطار النظري,long_tail,en,/services/
Help with theoretical framework in education for postgraduate study in Kuwait,خطة البحث والإطار النظري,long_tail,en,/services/
How to write a theoretical framework in education?,خطة البحث والإطار النظري,long_tail,en,/services/
Academic support for theoretical framework in education,خطة البحث والإطار النظري,long_tail,en,/services/
Review my theoretical framework in education before submission,خطة البحث والإطار النظري,long_tail,en,/services/
Need theoretical framework for a education student,خطة البحث والإطار النظري,long_tail,en,/services/
Help with theoretical framework in psychology in Kuwait,خطة البحث والإطار النظري,long_tail,en,/services/
Help with theoretical framework in psychology at Kuwait University,خطة البحث والإطار النظري,long_tail,en,/services/
Help with theoretical framework in psychology for postgraduate study in Kuwait,خطة البحث والإطار النظري,long_tail,en,/services/
How to write a theoretical framework in psychology?,خطة البحث والإطار النظري,long_tail,en,/services/
Academic support for theoretical framework in psychology,خطة البحث والإطار النظري,long_tail,en,/services/
Review my theoretical framework in psychology before submission,خطة البحث والإطار النظري,long_tail,en,/services/
Need theoretical framework for a psychology student,خطة البحث والإطار النظري,long_tail,en,/services/
Help with theoretical framework in law in Kuwait,خطة البحث والإطار النظري,long_tail,en,/services/
Help with theoretical framework in law at Kuwait University,خطة البحث والإطار النظري,long_tail,en,/services/
Help with theoretical framework in law for postgraduate study in Kuwait,خطة البحث والإطار النظري,long_tail,en,/services/
How to write a theoretical framework in law?,خطة البحث والإطار النظري,long_tail,en,/services/
Academic support for theoretical framework in law,خطة البحث والإطار النظري,long_tail,en,/services/
Review my theoretical framework in law before submission,خطة البحث والإطار النظري,long_tail,en,/services/
Need theoretical framework for a law student,خطة البحث والإطار النظري,long_tail,en,/services/
Help with theoretical framework in accounting in Kuwait,خطة البحث والإطار النظري,long_tail,en,/services/
Help with theoretical framework in accounting at Kuwait University,خطة البحث والإطار النظري,long_tail,en,/services/
Help with theoretical framework in accounting for postgraduate study in Kuwait,خطة البحث والإطار النظري,long_tail,en,/services/
How to write a theoretical framework in accounting?,خطة البحث والإطار النظري,long_tail,en,/services/
Academic support for theoretical framework in accounting,خطة البحث والإطار النظري,long_tail,en,/services/
Review my theoretical framework in accounting before submission,خطة البحث والإطار النظري,long_tail,en,/services/
Need theoretical framework for a accounting student,خطة البحث والإطار النظري,long_tail,en,/services/
Help with theoretical framework in economics in Kuwait,خطة البحث والإطار النظري,long_tail,en,/services/
Help with theoretical framework in economics at Kuwait University,خطة البحث والإطار النظري,long_tail,en,/services/
Help with theoretical framework in economics for postgraduate study in Kuwait,خطة البحث والإطار النظري,long_tail,en,/services/
How to write a theoretical framework in economics?,خطة البحث والإطار النظري,long_tail,en,/services/
Academic support for theoretical framework in economics,خطة البحث والإطار النظري,long_tail,en,/services/
Review my theoretical framework in economics before submission,خطة البحث والإطار النظري,long_tail,en,/services/
Need theoretical framework for a economics student,خطة البحث والإطار النظري,long_tail,en,/services/
Help with theoretical framework in engineering in Kuwait,خطة البحث والإطار النظري,long_tail,en,/services/
Help with theoretical framework in engineering at Kuwait University,خطة البحث والإطار النظري,long_tail,en,/services/
Help with theoretical framework in engineering for postgraduate study in Kuwait,خطة البحث والإطار النظري,long_tail,en,/services/
How to write a theoretical framework in engineering?,خطة البحث والإطار النظري,long_tail,en,/services/
Academic support for theoretical framework in engineering,خطة البحث والإطار النظري,long_tail,en,/services/
Review my theoretical framework in engineering before submission,خطة البحث والإطار النظري,long_tail,en,/services/
Need theoretical framework for a engineering student,خطة البحث والإطار النظري,long_tail,en,/services/
Help with theoretical framework in nursing in Kuwait,خطة البحث والإطار النظري,long_tail,en,/services/
Help with theoretical framework in nursing at Kuwait University,خطة البحث والإطار النظري,long_tail,en,/services/
Help with theoretical framework in nursing for postgraduate study in Kuwait,خطة البحث والإطار النظري,long_tail,en,/services/
How to write a theoretical framework in nursing?,خطة البحث والإطار النظري,long_tail,en,/services/
Academic support for theoretical framework in nursing,خطة البحث والإطار النظري,long_tail,en,/services/
Review my theoretical framework in nursing before submission,خطة البحث والإطار النظري,long_tail,en,/services/
Need theoretical framework for a nursing student,خطة البحث والإطار النظري,long_tail,en,/services/
Help with theoretical framework in public health in Kuwait,خطة البحث والإطار النظري,long_tail,en,/services/
Help with theoretical framework in public health at Kuwait University,خطة البحث والإطار النظري,long_tail,en,/services/
Help with theoretical framework in public health for postgraduate study in Kuwait,خطة البحث والإطار النظري,long_tail,en,/services/
How to write a theoretical framework in public health?,خطة البحث والإطار النظري,long_tail,en,/services/
Academic support for theoretical framework in public health,خطة البحث والإطار النظري,long_tail,en,/services/
Review my theoretical framework in public health before submission,خطة البحث والإطار النظري,long_tail,en,/services/
Need theoretical framework for a public health student,خطة البحث والإطار النظري,long_tail,en,/services/
Help with theoretical framework in information technology in Kuwait,خطة البحث والإطار النظري,long_tail,en,/services/
Help with theoretical framework in information technology at Kuwait University,خطة البحث والإطار النظري,long_tail,en,/services/
Help with theoretical framework in information technology for postgraduate study in Kuwait,خطة البحث والإطار النظري,long_tail,en,/services/
How to write a theoretical framework in information technology?,خطة البحث والإطار النظري,long_tail,en,/services/
Academic support for theoretical framework in information technology,خطة البحث والإطار النظري,long_tail,en,/services/
Review my theoretical framework in information technology before submission,خطة البحث والإطار النظري,long_tail,en,/services/
Need theoretical framework for a information technology student,خطة البحث والإطار النظري,long_tail,en,/services/
Help with theoretical framework in English language in Kuwait,خطة البحث والإطار النظري,long_tail,en,/services/
Help with theoretical framework in English language at Kuwait University,خطة البحث والإطار النظري,long_tail,en,/services/
Help with theoretical framework in English language for postgraduate study in Kuwait,خطة البحث والإطار النظري,long_tail,en,/services/
How to write a theoretical framework in English language?,خطة البحث والإطار النظري,long_tail,en,/services/
Academic support for theoretical framework in English language,خطة البحث والإطار النظري,long_tail,en,/services/
Review my theoretical framework in English language before submission,خطة البحث والإطار النظري,long_tail,en,/services/
Need theoretical framework for a English language student,خطة البحث والإطار النظري,long_tail,en,/services/
Help with theoretical framework in social sciences in Kuwait,خطة البحث والإطار النظري,long_tail,en,/services/
Help with theoretical framework in social sciences at Kuwait University,خطة البحث والإطار النظري,long_tail,en,/services/
Help with theoretical framework in social sciences for postgraduate study in Kuwait,خطة البحث والإطار النظري,long_tail,en,/services/
How to write a theoretical framework in social sciences?,خطة البحث والإطار النظري,long_tail,en,/services/
Academic support for theoretical framework in social sciences,خطة البحث والإطار النظري,long_tail,en,/services/
Review my theoretical framework in social sciences before submission,خطة البحث والإطار النظري,long_tail,en,/services/
Need theoretical framework for a social sciences student,خطة البحث والإطار النظري,long_tail,en,/services/
Help with theoretical framework in marketing in Kuwait,خطة البحث والإطار النظري,long_tail,en,/services/
Help with theoretical framework in marketing at Kuwait University,خطة البحث والإطار النظري,long_tail,en,/services/
Help with theoretical framework in marketing for postgraduate study in Kuwait,خطة البحث والإطار النظري,long_tail,en,/services/
How to write a theoretical framework in marketing?,خطة البحث والإطار النظري,long_tail,en,/services/
Academic support for theoretical framework in marketing,خطة البحث والإطار النظري,long_tail,en,/services/
Review my theoretical framework in marketing before submission,خطة البحث والإطار النظري,long_tail,en,/services/
Need theoretical framework for a marketing student,خطة البحث والإطار النظري,long_tail,en,/services/
Help with theoretical framework in political science in Kuwait,خطة البحث والإطار النظري,long_tail,en,/services/
Help with theoretical framework in political science at Kuwait University,خطة البحث والإطار النظري,long_tail,en,/services/
Help with theoretical framework in political science for postgraduate study in Kuwait,خطة البحث والإطار النظري,long_tail,en,/services/
How to write a theoretical framework in political science?,خطة البحث والإطار النظري,long_tail,en,/services/
Academic support for theoretical framework in political science,خطة البحث والإطار النظري,long_tail,en,/services/
Review my theoretical framework in political science before submission,خطة البحث والإطار النظري,long_tail,en,/services/
Need theoretical framework for a political science student,خطة البحث والإطار النظري,long_tail,en,/services/
Help with theoretical framework in media studies in Kuwait,خطة البحث والإطار النظري,long_tail,en,/services/
Help with theoretical framework in media studies at Kuwait University,خطة البحث والإطار النظري,long_tail,en,/services/
Help with theoretical framework in media studies for postgraduate study in Kuwait,خطة البحث والإطار النظري,long_tail,en,/services/
How to write a theoretical framework in media studies?,خطة البحث والإطار النظري,long_tail,en,/services/
Academic support for theoretical framework in media studies,خطة البحث والإطار النظري,long_tail,en,/services/
Review my theoretical framework in media studies before submission,خطة البحث والإطار النظري,long_tail,en,/services/
Need theoretical framework for a media studies student,خطة البحث والإطار النظري,long_tail,en,/services/
Help with literature review in business administration in Kuwait,خطة البحث والإطار النظري,long_tail,en,/services/
Help with literature review in business administration at Kuwait University,خطة البحث والإطار النظري,long_tail,en,/services/
Help with literature review in business administration for postgraduate study in Kuwait,خطة البحث والإطار النظري,long_tail,en,/services/
How to write a literature review in business administration?,خطة البحث والإطار النظري,long_tail,en,/services/
Academic support for literature review in business administration,خطة البحث والإطار النظري,long_tail,en,/services/
Review my literature review in business administration before submission,خطة البحث والإطار النظري,long_tail,en,/services/
Need literature review for a business administration student,خطة البحث والإطار النظري,long_tail,en,/services/
Help with literature review in education in Kuwait,خطة البحث والإطار النظري,long_tail,en,/services/
Help with literature review in education at Kuwait University,خطة البحث والإطار النظري,long_tail,en,/services/
Help with literature review in education for postgraduate study in Kuwait,خطة البحث والإطار النظري,long_tail,en,/services/
How to write a literature review in education?,خطة البحث والإطار النظري,long_tail,en,/services/
Academic support for literature review in education,خطة البحث والإطار النظري,long_tail,en,/services/
Review my literature review in education before submission,خطة البحث والإطار النظري,long_tail,en,/services/
Need literature review for a education student,خطة البحث والإطار النظري,long_tail,en,/services/
Help with literature review in psychology in Kuwait,خطة البحث والإطار النظري,long_tail,en,/services/
Help with literature review in psychology at Kuwait University,خطة البحث والإطار النظري,long_tail,en,/services/
Help with literature review in psychology for postgraduate study in Kuwait,خطة البحث والإطار النظري,long_tail,en,/services/
How to write a literature review in psychology?,خطة البحث والإطار النظري,long_tail,en,/services/
Academic support for literature review in psychology,خطة البحث والإطار النظري,long_tail,en,/services/
Review my literature review in psychology before submission,خطة البحث والإطار النظري,long_tail,en,/services/
Need literature review for a psychology student,خطة البحث والإطار النظري,long_tail,en,/services/
Help with literature review in law in Kuwait,خطة البحث والإطار النظري,long_tail,en,/services/
Help with literature review in law at Kuwait University,خطة البحث والإطار النظري,long_tail,en,/services/
Help with literature review in law for postgraduate study in Kuwait,خطة البحث والإطار النظري,long_tail,en,/services/
How to write a literature review in law?,خطة البحث والإطار النظري,long_tail,en,/services/
Academic support for literature review in law,خطة البحث والإطار النظري,long_tail,en,/services/
Review my literature review in law before submission,خطة البحث والإطار النظري,long_tail,en,/services/
Need literature review for a law student,خطة البحث والإطار النظري,long_tail,en,/services/
Help with literature review in accounting in Kuwait,خطة البحث والإطار النظري,long_tail,en,/services/
Help with literature review in accounting at Kuwait University,خطة البحث والإطار النظري,long_tail,en,/services/
Help with literature review in accounting for postgraduate study in Kuwait,خطة البحث والإطار النظري,long_tail,en,/services/
How to write a literature review in accounting?,خطة البحث والإطار النظري,long_tail,en,/services/
Academic support for literature review in accounting,خطة البحث والإطار النظري,long_tail,en,/services/
Review my literature review in accounting before submission,خطة البحث والإطار النظري,long_tail,en,/services/
Need literature review for a accounting student,خطة البحث والإطار النظري,long_tail,en,/services/
Help with literature review in economics in Kuwait,خطة البحث والإطار النظري,long_tail,en,/services/
Help with literature review in economics at Kuwait University,خطة البحث والإطار النظري,long_tail,en,/services/
Help with literature review in economics for postgraduate study in Kuwait,خطة البحث والإطار النظري,long_tail,en,/services/
How to write a literature review in economics?,خطة البحث والإطار النظري,long_tail,en,/services/
Academic support for literature review in economics,خطة البحث والإطار النظري,long_tail,en,/services/
Review my literature review in economics before submission,خطة البحث والإطار النظري,long_tail,en,/services/
Need literature review for a economics student,خطة البحث والإطار النظري,long_tail,en,/services/
Help with literature review in engineering in Kuwait,خطة البحث والإطار النظري,long_tail,en,/services/
Help with literature review in engineering at Kuwait University,خطة البحث والإطار النظري,long_tail,en,/services/
Help with literature review in engineering for postgraduate study in Kuwait,خطة البحث والإطار النظري,long_tail,en,/services/
