id,language,cluster,intent,phrase,target_url,target_topic,recommended_use
1,ar,research,شرح مبسط,أبحاث جامعية شرح مبسط,https://www.auraideasuae.com/مقالات-احترافية/اختيار-موضوع-البحث-الجامعي.html,اختيار موضوع البحث الجامعي,supporting
2,ar,research,دليل عملي,أبحاث جامعية دليل عملي,https://www.auraideasuae.com/مقالات-احترافية/اختيار-موضوع-البحث-الجامعي.html,اختيار موضوع البحث الجامعي,supporting
3,ar,research,خطوات التنفيذ,أبحاث جامعية خطوات التنفيذ,https://www.auraideasuae.com/مقالات-احترافية/اختيار-موضوع-البحث-الجامعي.html,اختيار موضوع البحث الجامعي,supporting
4,ar,research,نموذج قابل للتعديل,أبحاث جامعية نموذج قابل للتعديل,https://www.auraideasuae.com/مقالات-احترافية/اختيار-موضوع-البحث-الجامعي.html,اختيار موضوع البحث الجامعي,supporting
5,ar,research,مثال تطبيقي,أبحاث جامعية مثال تطبيقي,https://www.auraideasuae.com/مقالات-احترافية/اختيار-موضوع-البحث-الجامعي.html,اختيار موضوع البحث الجامعي,supporting
6,ar,research,خطة عمل,أبحاث جامعية خطة عمل,https://www.auraideasuae.com/مقالات-احترافية/اختيار-موضوع-البحث-الجامعي.html,اختيار موضوع البحث الجامعي,supporting
7,ar,research,نصائح للطلاب,أبحاث جامعية نصائح للطلاب,https://www.auraideasuae.com/مقالات-احترافية/اختيار-موضوع-البحث-الجامعي.html,اختيار موضوع البحث الجامعي,supporting
8,ar,research,أخطاء شائعة,أبحاث جامعية أخطاء شائعة,https://www.auraideasuae.com/مقالات-احترافية/اختيار-موضوع-البحث-الجامعي.html,اختيار موضوع البحث الجامعي,supporting
9,ar,research,معايير الجودة,أبحاث جامعية معايير الجودة,https://www.auraideasuae.com/مقالات-احترافية/اختيار-موضوع-البحث-الجامعي.html,اختيار موضوع البحث الجامعي,supporting
10,ar,research,طريقة الإعداد,أبحاث جامعية طريقة الإعداد,https://www.auraideasuae.com/مقالات-احترافية/اختيار-موضوع-البحث-الجامعي.html,اختيار موضوع البحث الجامعي,supporting
11,ar,research,كيفية الكتابة,أبحاث جامعية كيفية الكتابة,https://www.auraideasuae.com/مقالات-احترافية/اختيار-موضوع-البحث-الجامعي.html,اختيار موضوع البحث الجامعي,supporting
12,ar,research,كيفية التنسيق,أبحاث جامعية كيفية التنسيق,https://www.auraideasuae.com/مقالات-احترافية/اختيار-موضوع-البحث-الجامعي.html,اختيار موضوع البحث الجامعي,supporting
13,ar,research,كيفية التوثيق,أبحاث جامعية كيفية التوثيق,https://www.auraideasuae.com/مقالات-احترافية/اختيار-موضوع-البحث-الجامعي.html,اختيار موضوع البحث الجامعي,supporting
14,ar,research,كيفية المراجعة,أبحاث جامعية كيفية المراجعة,https://www.auraideasuae.com/مقالات-احترافية/اختيار-موضوع-البحث-الجامعي.html,اختيار موضوع البحث الجامعي,supporting
15,ar,research,كيفية التحليل,أبحاث جامعية كيفية التحليل,https://www.auraideasuae.com/مقالات-احترافية/اختيار-موضوع-البحث-الجامعي.html,اختيار موضوع البحث الجامعي,supporting
16,ar,research,كيفية العرض,أبحاث جامعية كيفية العرض,https://www.auraideasuae.com/مقالات-احترافية/اختيار-موضوع-البحث-الجامعي.html,اختيار موضوع البحث الجامعي,supporting
17,ar,research,قبل التسليم,أبحاث جامعية قبل التسليم,https://www.auraideasuae.com/مقالات-احترافية/اختيار-موضوع-البحث-الجامعي.html,اختيار موضوع البحث الجامعي,supporting
18,ar,research,لطلاب البكالوريوس,أبحاث جامعية لطلاب البكالوريوس,https://www.auraideasuae.com/مقالات-احترافية/اختيار-موضوع-البحث-الجامعي.html,اختيار موضوع البحث الجامعي,supporting
19,ar,research,لطلاب الماجستير,أبحاث جامعية لطلاب الماجستير,https://www.auraideasuae.com/مقالات-احترافية/اختيار-موضوع-البحث-الجامعي.html,اختيار موضوع البحث الجامعي,supporting
20,ar,research,لطلاب الدكتوراه,أبحاث جامعية لطلاب الدكتوراه,https://www.auraideasuae.com/مقالات-احترافية/اختيار-موضوع-البحث-الجامعي.html,اختيار موضوع البحث الجامعي,supporting
21,ar,research,باللغة العربية,أبحاث جامعية باللغة العربية,https://www.auraideasuae.com/مقالات-احترافية/اختيار-موضوع-البحث-الجامعي.html,اختيار موضوع البحث الجامعي,supporting
22,ar,research,باللغة الإنجليزية,أبحاث جامعية باللغة الإنجليزية,https://www.auraideasuae.com/مقالات-احترافية/اختيار-موضوع-البحث-الجامعي.html,اختيار موضوع البحث الجامعي,supporting
23,ar,research,عربي وإنجليزي,أبحاث جامعية عربي وإنجليزي,https://www.auraideasuae.com/مقالات-احترافية/اختيار-موضوع-البحث-الجامعي.html,اختيار موضوع البحث الجامعي,supporting
24,ar,research,في الجامعات الإماراتية,أبحاث جامعية في الجامعات الإماراتية,https://www.auraideasuae.com/مقالات-احترافية/اختيار-موضوع-البحث-الجامعي.html,اختيار موضوع البحث الجامعي,supporting
25,ar,research,في دبي,أبحاث جامعية في دبي,https://www.auraideasuae.com/مقالات-احترافية/اختيار-موضوع-البحث-الجامعي.html,اختيار موضوع البحث الجامعي,supporting
26,ar,research,في أبوظبي,أبحاث جامعية في أبوظبي,https://www.auraideasuae.com/مقالات-احترافية/اختيار-موضوع-البحث-الجامعي.html,اختيار موضوع البحث الجامعي,supporting
27,ar,research,في الشارقة,أبحاث جامعية في الشارقة,https://www.auraideasuae.com/مقالات-احترافية/اختيار-موضوع-البحث-الجامعي.html,اختيار موضوع البحث الجامعي,supporting
28,ar,research,للجامعات الخاصة,أبحاث جامعية للجامعات الخاصة,https://www.auraideasuae.com/مقالات-احترافية/اختيار-موضوع-البحث-الجامعي.html,اختيار موضوع البحث الجامعي,supporting
29,ar,research,للجامعات الحكومية,أبحاث جامعية للجامعات الحكومية,https://www.auraideasuae.com/مقالات-احترافية/اختيار-موضوع-البحث-الجامعي.html,اختيار موضوع البحث الجامعي,supporting
30,ar,research,عن بُعد,أبحاث جامعية عن بُعد,https://www.auraideasuae.com/مقالات-احترافية/اختيار-موضوع-البحث-الجامعي.html,اختيار موضوع البحث الجامعي,supporting
31,ar,research,خدمة احترافية,أبحاث جامعية خدمة احترافية,https://www.auraideasuae.com/مقالات-احترافية/اختيار-موضوع-البحث-الجامعي.html,اختيار موضوع البحث الجامعي,supporting
32,ar,research,مساعدة أكاديمية,أبحاث جامعية مساعدة أكاديمية,https://www.auraideasuae.com/مقالات-احترافية/اختيار-موضوع-البحث-الجامعي.html,اختيار موضوع البحث الجامعي,supporting
33,ar,research,استشارة بحثية,أبحاث جامعية استشارة بحثية,https://www.auraideasuae.com/مقالات-احترافية/اختيار-موضوع-البحث-الجامعي.html,اختيار موضوع البحث الجامعي,supporting
34,ar,research,مراجعة أكاديمية,أبحاث جامعية مراجعة أكاديمية,https://www.auraideasuae.com/مقالات-احترافية/اختيار-موضوع-البحث-الجامعي.html,اختيار موضوع البحث الجامعي,supporting
35,ar,research,تدقيق علمي,أبحاث جامعية تدقيق علمي,https://www.auraideasuae.com/مقالات-احترافية/اختيار-موضوع-البحث-الجامعي.html,اختيار موضوع البحث الجامعي,supporting
36,ar,research,تنسيق APA,أبحاث جامعية تنسيق APA,https://www.auraideasuae.com/مقالات-احترافية/اختيار-موضوع-البحث-الجامعي.html,اختيار موضوع البحث الجامعي,supporting
37,ar,research,تنسيق MLA,أبحاث جامعية تنسيق MLA,https://www.auraideasuae.com/مقالات-احترافية/اختيار-موضوع-البحث-الجامعي.html,اختيار موضوع البحث الجامعي,supporting
38,ar,research,تنسيق Chicago,أبحاث جامعية تنسيق Chicago,https://www.auraideasuae.com/مقالات-احترافية/اختيار-موضوع-البحث-الجامعي.html,اختيار موضوع البحث الجامعي,supporting
39,ar,research,توثيق المصادر,أبحاث جامعية توثيق المصادر,https://www.auraideasuae.com/مقالات-احترافية/اختيار-موضوع-البحث-الجامعي.html,اختيار موضوع البحث الجامعي,supporting
40,ar,research,تحسين الصياغة,أبحاث جامعية تحسين الصياغة,https://www.auraideasuae.com/مقالات-احترافية/اختيار-موضوع-البحث-الجامعي.html,اختيار موضوع البحث الجامعي,supporting
41,ar,research,تحسين المنهجية,أبحاث جامعية تحسين المنهجية,https://www.auraideasuae.com/مقالات-احترافية/اختيار-موضوع-البحث-الجامعي.html,اختيار موضوع البحث الجامعي,supporting
42,ar,research,قراءة وتحليل البيانات,أبحاث جامعية قراءة وتحليل البيانات,https://www.auraideasuae.com/مقالات-احترافية/اختيار-موضوع-البحث-الجامعي.html,اختيار موضوع البحث الجامعي,supporting
43,ar,research,تصميم أداة البحث,أبحاث جامعية تصميم أداة البحث,https://www.auraideasuae.com/مقالات-احترافية/اختيار-موضوع-البحث-الجامعي.html,اختيار موضوع البحث الجامعي,supporting
44,ar,research,مراجعة الاستبيان,أبحاث جامعية مراجعة الاستبيان,https://www.auraideasuae.com/مقالات-احترافية/اختيار-موضوع-البحث-الجامعي.html,اختيار موضوع البحث الجامعي,supporting
45,ar,research,تفسير النتائج,أبحاث جامعية تفسير النتائج,https://www.auraideasuae.com/مقالات-احترافية/اختيار-موضوع-البحث-الجامعي.html,اختيار موضوع البحث الجامعي,supporting
46,ar,research,إعداد الجداول,أبحاث جامعية إعداد الجداول,https://www.auraideasuae.com/مقالات-احترافية/اختيار-موضوع-البحث-الجامعي.html,اختيار موضوع البحث الجامعي,supporting
47,ar,research,إعداد الرسوم البيانية,أبحاث جامعية إعداد الرسوم البيانية,https://www.auraideasuae.com/مقالات-احترافية/اختيار-موضوع-البحث-الجامعي.html,اختيار موضوع البحث الجامعي,supporting
48,ar,research,تجهيز المناقشة,أبحاث جامعية تجهيز المناقشة,https://www.auraideasuae.com/مقالات-احترافية/اختيار-موضوع-البحث-الجامعي.html,اختيار موضوع البحث الجامعي,supporting
49,ar,research,مع الحفاظ على الأمانة العلمية,أبحاث جامعية مع الحفاظ على الأمانة العلمية,https://www.auraideasuae.com/مقالات-احترافية/اختيار-موضوع-البحث-الجامعي.html,اختيار موضوع البحث الجامعي,supporting
50,ar,research,وفق متطلبات الجامعة,أبحاث جامعية وفق متطلبات الجامعة,https://www.auraideasuae.com/مقالات-احترافية/اختيار-موضوع-البحث-الجامعي.html,اختيار موضوع البحث الجامعي,supporting
51,en,research,simple explanation,academic research simple explanation,https://www.auraideasuae.com/مقالات-احترافية/اختيار-موضوع-البحث-الجامعي.html,اختيار موضوع البحث الجامعي,supporting
52,en,research,practical guide,academic research practical guide,https://www.auraideasuae.com/مقالات-احترافية/اختيار-موضوع-البحث-الجامعي.html,اختيار موضوع البحث الجامعي,supporting
53,en,research,step-by-step process,academic research step-by-step process,https://www.auraideasuae.com/مقالات-احترافية/اختيار-موضوع-البحث-الجامعي.html,اختيار موضوع البحث الجامعي,supporting
54,en,research,editable template,academic research editable template,https://www.auraideasuae.com/مقالات-احترافية/اختيار-موضوع-البحث-الجامعي.html,اختيار موضوع البحث الجامعي,supporting
55,en,research,worked example,academic research worked example,https://www.auraideasuae.com/مقالات-احترافية/اختيار-موضوع-البحث-الجامعي.html,اختيار موضوع البحث الجامعي,supporting
56,en,research,action plan,academic research action plan,https://www.auraideasuae.com/مقالات-احترافية/اختيار-موضوع-البحث-الجامعي.html,اختيار موضوع البحث الجامعي,supporting
57,en,research,student tips,academic research student tips,https://www.auraideasuae.com/مقالات-احترافية/اختيار-موضوع-البحث-الجامعي.html,اختيار موضوع البحث الجامعي,supporting
58,en,research,common mistakes,academic research common mistakes,https://www.auraideasuae.com/مقالات-احترافية/اختيار-موضوع-البحث-الجامعي.html,اختيار موضوع البحث الجامعي,supporting
59,en,research,quality standards,academic research quality standards,https://www.auraideasuae.com/مقالات-احترافية/اختيار-موضوع-البحث-الجامعي.html,اختيار موضوع البحث الجامعي,supporting
60,en,research,how to prepare,academic research how to prepare,https://www.auraideasuae.com/مقالات-احترافية/اختيار-موضوع-البحث-الجامعي.html,اختيار موضوع البحث الجامعي,supporting
61,en,research,how to write,academic research how to write,https://www.auraideasuae.com/مقالات-احترافية/اختيار-موضوع-البحث-الجامعي.html,اختيار موضوع البحث الجامعي,supporting
62,en,research,how to format,academic research how to format,https://www.auraideasuae.com/مقالات-احترافية/اختيار-موضوع-البحث-الجامعي.html,اختيار موضوع البحث الجامعي,supporting
63,en,research,how to cite sources,academic research how to cite sources,https://www.auraideasuae.com/مقالات-احترافية/اختيار-موضوع-البحث-الجامعي.html,اختيار موضوع البحث الجامعي,supporting
64,en,research,how to proofread,academic research how to proofread,https://www.auraideasuae.com/مقالات-احترافية/اختيار-موضوع-البحث-الجامعي.html,اختيار موضوع البحث الجامعي,supporting
65,en,research,how to analyze,academic research how to analyze,https://www.auraideasuae.com/مقالات-احترافية/اختيار-موضوع-البحث-الجامعي.html,اختيار موضوع البحث الجامعي,supporting
66,en,research,how to present,academic research how to present,https://www.auraideasuae.com/مقالات-احترافية/اختيار-موضوع-البحث-الجامعي.html,اختيار موضوع البحث الجامعي,supporting
67,en,research,before submission,academic research before submission,https://www.auraideasuae.com/مقالات-احترافية/اختيار-موضوع-البحث-الجامعي.html,اختيار موضوع البحث الجامعي,supporting
68,en,research,for undergraduate students,academic research for undergraduate students,https://www.auraideasuae.com/مقالات-احترافية/اختيار-موضوع-البحث-الجامعي.html,اختيار موضوع البحث الجامعي,supporting
69,en,research,for master's students,academic research for master's students,https://www.auraideasuae.com/مقالات-احترافية/اختيار-موضوع-البحث-الجامعي.html,اختيار موضوع البحث الجامعي,supporting
70,en,research,for doctoral students,academic research for doctoral students,https://www.auraideasuae.com/مقالات-احترافية/اختيار-موضوع-البحث-الجامعي.html,اختيار موضوع البحث الجامعي,supporting
71,en,research,in Arabic,academic research in Arabic,https://www.auraideasuae.com/مقالات-احترافية/اختيار-موضوع-البحث-الجامعي.html,اختيار موضوع البحث الجامعي,supporting
72,en,research,in English,academic research in English,https://www.auraideasuae.com/مقالات-احترافية/اختيار-موضوع-البحث-الجامعي.html,اختيار موضوع البحث الجامعي,supporting
73,en,research,Arabic and English,academic research Arabic and English,https://www.auraideasuae.com/مقالات-احترافية/اختيار-موضوع-البحث-الجامعي.html,اختيار موضوع البحث الجامعي,supporting
74,en,research,for UAE universities,academic research for UAE universities,https://www.auraideasuae.com/مقالات-احترافية/اختيار-موضوع-البحث-الجامعي.html,اختيار موضوع البحث الجامعي,supporting
75,en,research,in Dubai,academic research in Dubai,https://www.auraideasuae.com/مقالات-احترافية/اختيار-موضوع-البحث-الجامعي.html,اختيار موضوع البحث الجامعي,supporting
76,en,research,in Abu Dhabi,academic research in Abu Dhabi,https://www.auraideasuae.com/مقالات-احترافية/اختيار-موضوع-البحث-الجامعي.html,اختيار موضوع البحث الجامعي,supporting
77,en,research,in Sharjah,academic research in Sharjah,https://www.auraideasuae.com/مقالات-احترافية/اختيار-موضوع-البحث-الجامعي.html,اختيار موضوع البحث الجامعي,supporting
78,en,research,for private universities,academic research for private universities,https://www.auraideasuae.com/مقالات-احترافية/اختيار-موضوع-البحث-الجامعي.html,اختيار موضوع البحث الجامعي,supporting
79,en,research,for public universities,academic research for public universities,https://www.auraideasuae.com/مقالات-احترافية/اختيار-موضوع-البحث-الجامعي.html,اختيار موضوع البحث الجامعي,supporting
80,en,research,online support,academic research online support,https://www.auraideasuae.com/مقالات-احترافية/اختيار-موضوع-البحث-الجامعي.html,اختيار موضوع البحث الجامعي,supporting
81,en,research,professional service,academic research professional service,https://www.auraideasuae.com/مقالات-احترافية/اختيار-موضوع-البحث-الجامعي.html,اختيار موضوع البحث الجامعي,supporting
82,en,research,academic assistance,academic research academic assistance,https://www.auraideasuae.com/مقالات-احترافية/اختيار-موضوع-البحث-الجامعي.html,اختيار موضوع البحث الجامعي,supporting
83,en,research,research consultation,academic research research consultation,https://www.auraideasuae.com/مقالات-احترافية/اختيار-موضوع-البحث-الجامعي.html,اختيار موضوع البحث الجامعي,supporting
84,en,research,academic review,academic research academic review,https://www.auraideasuae.com/مقالات-احترافية/اختيار-موضوع-البحث-الجامعي.html,اختيار موضوع البحث الجامعي,supporting
85,en,research,scholarly proofreading,academic research scholarly proofreading,https://www.auraideasuae.com/مقالات-احترافية/اختيار-موضوع-البحث-الجامعي.html,اختيار موضوع البحث الجامعي,supporting
86,en,research,APA formatting,academic research APA formatting,https://www.auraideasuae.com/مقالات-احترافية/اختيار-موضوع-البحث-الجامعي.html,اختيار موضوع البحث الجامعي,supporting
87,en,research,MLA formatting,academic research MLA formatting,https://www.auraideasuae.com/مقالات-احترافية/اختيار-موضوع-البحث-الجامعي.html,اختيار موضوع البحث الجامعي,supporting
88,en,research,Chicago formatting,academic research Chicago formatting,https://www.auraideasuae.com/مقالات-احترافية/اختيار-موضوع-البحث-الجامعي.html,اختيار موضوع البحث الجامعي,supporting
89,en,research,source citation,academic research source citation,https://www.auraideasuae.com/مقالات-احترافية/اختيار-موضوع-البحث-الجامعي.html,اختيار موضوع البحث الجامعي,supporting
90,en,research,academic rewriting,academic research academic rewriting,https://www.auraideasuae.com/مقالات-احترافية/اختيار-موضوع-البحث-الجامعي.html,اختيار موضوع البحث الجامعي,supporting
91,en,research,methodology improvement,academic research methodology improvement,https://www.auraideasuae.com/مقالات-احترافية/اختيار-موضوع-البحث-الجامعي.html,اختيار موضوع البحث الجامعي,supporting
92,en,research,data interpretation,academic research data interpretation,https://www.auraideasuae.com/مقالات-احترافية/اختيار-موضوع-البحث-الجامعي.html,اختيار موضوع البحث الجامعي,supporting
93,en,research,research instrument design,academic research research instrument design,https://www.auraideasuae.com/مقالات-احترافية/اختيار-موضوع-البحث-الجامعي.html,اختيار موضوع البحث الجامعي,supporting
94,en,research,survey review,academic research survey review,https://www.auraideasuae.com/مقالات-احترافية/اختيار-موضوع-البحث-الجامعي.html,اختيار موضوع البحث الجامعي,supporting
95,en,research,results interpretation,academic research results interpretation,https://www.auraideasuae.com/مقالات-احترافية/اختيار-موضوع-البحث-الجامعي.html,اختيار موضوع البحث الجامعي,supporting
96,en,research,table preparation,academic research table preparation,https://www.auraideasuae.com/مقالات-احترافية/اختيار-موضوع-البحث-الجامعي.html,اختيار موضوع البحث الجامعي,supporting
97,en,research,chart preparation,academic research chart preparation,https://www.auraideasuae.com/مقالات-احترافية/اختيار-موضوع-البحث-الجامعي.html,اختيار موضوع البحث الجامعي,supporting
98,en,research,discussion preparation,academic research discussion preparation,https://www.auraideasuae.com/مقالات-احترافية/اختيار-موضوع-البحث-الجامعي.html,اختيار موضوع البحث الجامعي,supporting
99,en,research,with academic integrity,academic research with academic integrity,https://www.auraideasuae.com/مقالات-احترافية/اختيار-موضوع-البحث-الجامعي.html,اختيار موضوع البحث الجامعي,supporting
100,en,research,according to university requirements,academic research according to university requirements,https://www.auraideasuae.com/مقالات-احترافية/اختيار-موضوع-البحث-الجامعي.html,اختيار موضوع البحث الجامعي,supporting
101,ar,writing,شرح مبسط,كتابة أبحاث شرح مبسط,https://www.auraideasuae.com/مقالات-احترافية/,الكتابة الأكاديمية,supporting
102,ar,writing,دليل عملي,كتابة أبحاث دليل عملي,https://www.auraideasuae.com/مقالات-احترافية/,الكتابة الأكاديمية,supporting
103,ar,writing,خطوات التنفيذ,كتابة أبحاث خطوات التنفيذ,https://www.auraideasuae.com/مقالات-احترافية/,الكتابة الأكاديمية,supporting
104,ar,writing,نموذج قابل للتعديل,كتابة أبحاث نموذج قابل للتعديل,https://www.auraideasuae.com/مقالات-احترافية/,الكتابة الأكاديمية,supporting
105,ar,writing,مثال تطبيقي,كتابة أبحاث مثال تطبيقي,https://www.auraideasuae.com/مقالات-احترافية/,الكتابة الأكاديمية,supporting
106,ar,writing,خطة عمل,كتابة أبحاث خطة عمل,https://www.auraideasuae.com/مقالات-احترافية/,الكتابة الأكاديمية,supporting
107,ar,writing,نصائح للطلاب,كتابة أبحاث نصائح للطلاب,https://www.auraideasuae.com/مقالات-احترافية/,الكتابة الأكاديمية,supporting
108,ar,writing,أخطاء شائعة,كتابة أبحاث أخطاء شائعة,https://www.auraideasuae.com/مقالات-احترافية/,الكتابة الأكاديمية,supporting
109,ar,writing,معايير الجودة,كتابة أبحاث معايير الجودة,https://www.auraideasuae.com/مقالات-احترافية/,الكتابة الأكاديمية,supporting
110,ar,writing,طريقة الإعداد,كتابة أبحاث طريقة الإعداد,https://www.auraideasuae.com/مقالات-احترافية/,الكتابة الأكاديمية,supporting
111,ar,writing,كيفية الكتابة,كتابة أبحاث كيفية الكتابة,https://www.auraideasuae.com/مقالات-احترافية/,الكتابة الأكاديمية,supporting
112,ar,writing,كيفية التنسيق,كتابة أبحاث كيفية التنسيق,https://www.auraideasuae.com/مقالات-احترافية/,الكتابة الأكاديمية,supporting
113,ar,writing,كيفية التوثيق,كتابة أبحاث كيفية التوثيق,https://www.auraideasuae.com/مقالات-احترافية/,الكتابة الأكاديمية,supporting
114,ar,writing,كيفية المراجعة,كتابة أبحاث كيفية المراجعة,https://www.auraideasuae.com/مقالات-احترافية/,الكتابة الأكاديمية,supporting
115,ar,writing,كيفية التحليل,كتابة أبحاث كيفية التحليل,https://www.auraideasuae.com/مقالات-احترافية/,الكتابة الأكاديمية,supporting
116,ar,writing,كيفية العرض,كتابة أبحاث كيفية العرض,https://www.auraideasuae.com/مقالات-احترافية/,الكتابة الأكاديمية,supporting
117,ar,writing,قبل التسليم,كتابة أبحاث قبل التسليم,https://www.auraideasuae.com/مقالات-احترافية/,الكتابة الأكاديمية,supporting
118,ar,writing,لطلاب البكالوريوس,كتابة أبحاث لطلاب البكالوريوس,https://www.auraideasuae.com/مقالات-احترافية/,الكتابة الأكاديمية,supporting
119,ar,writing,لطلاب الماجستير,كتابة أبحاث لطلاب الماجستير,https://www.auraideasuae.com/مقالات-احترافية/,الكتابة الأكاديمية,supporting
120,ar,writing,لطلاب الدكتوراه,كتابة أبحاث لطلاب الدكتوراه,https://www.auraideasuae.com/مقالات-احترافية/,الكتابة الأكاديمية,supporting
121,ar,writing,باللغة العربية,كتابة أبحاث باللغة العربية,https://www.auraideasuae.com/مقالات-احترافية/,الكتابة الأكاديمية,supporting
122,ar,writing,باللغة الإنجليزية,كتابة أبحاث باللغة الإنجليزية,https://www.auraideasuae.com/مقالات-احترافية/,الكتابة الأكاديمية,supporting
123,ar,writing,عربي وإنجليزي,كتابة أبحاث عربي وإنجليزي,https://www.auraideasuae.com/مقالات-احترافية/,الكتابة الأكاديمية,supporting
124,ar,writing,في الجامعات الإماراتية,كتابة أبحاث في الجامعات الإماراتية,https://www.auraideasuae.com/مقالات-احترافية/,الكتابة الأكاديمية,supporting
125,ar,writing,في دبي,كتابة أبحاث في دبي,https://www.auraideasuae.com/مقالات-احترافية/,الكتابة الأكاديمية,supporting
126,ar,writing,في أبوظبي,كتابة أبحاث في أبوظبي,https://www.auraideasuae.com/مقالات-احترافية/,الكتابة الأكاديمية,supporting
127,ar,writing,في الشارقة,كتابة أبحاث في الشارقة,https://www.auraideasuae.com/مقالات-احترافية/,الكتابة الأكاديمية,supporting
128,ar,writing,للجامعات الخاصة,كتابة أبحاث للجامعات الخاصة,https://www.auraideasuae.com/مقالات-احترافية/,الكتابة الأكاديمية,supporting
129,ar,writing,للجامعات الحكومية,كتابة أبحاث للجامعات الحكومية,https://www.auraideasuae.com/مقالات-احترافية/,الكتابة الأكاديمية,supporting
130,ar,writing,عن بُعد,كتابة أبحاث عن بُعد,https://www.auraideasuae.com/مقالات-احترافية/,الكتابة الأكاديمية,supporting
131,ar,writing,خدمة احترافية,كتابة أبحاث خدمة احترافية,https://www.auraideasuae.com/مقالات-احترافية/,الكتابة الأكاديمية,supporting
132,ar,writing,مساعدة أكاديمية,كتابة أبحاث مساعدة أكاديمية,https://www.auraideasuae.com/مقالات-احترافية/,الكتابة الأكاديمية,supporting
133,ar,writing,استشارة بحثية,كتابة أبحاث استشارة بحثية,https://www.auraideasuae.com/مقالات-احترافية/,الكتابة الأكاديمية,supporting
134,ar,writing,مراجعة أكاديمية,كتابة أبحاث مراجعة أكاديمية,https://www.auraideasuae.com/مقالات-احترافية/,الكتابة الأكاديمية,supporting
135,ar,writing,تدقيق علمي,كتابة أبحاث تدقيق علمي,https://www.auraideasuae.com/مقالات-احترافية/,الكتابة الأكاديمية,supporting
136,ar,writing,تنسيق APA,كتابة أبحاث تنسيق APA,https://www.auraideasuae.com/مقالات-احترافية/,الكتابة الأكاديمية,supporting
137,ar,writing,تنسيق MLA,كتابة أبحاث تنسيق MLA,https://www.auraideasuae.com/مقالات-احترافية/,الكتابة الأكاديمية,supporting
138,ar,writing,تنسيق Chicago,كتابة أبحاث تنسيق Chicago,https://www.auraideasuae.com/مقالات-احترافية/,الكتابة الأكاديمية,supporting
139,ar,writing,توثيق المصادر,كتابة أبحاث توثيق المصادر,https://www.auraideasuae.com/مقالات-احترافية/,الكتابة الأكاديمية,supporting
140,ar,writing,تحسين الصياغة,كتابة أبحاث تحسين الصياغة,https://www.auraideasuae.com/مقالات-احترافية/,الكتابة الأكاديمية,supporting
141,ar,writing,تحسين المنهجية,كتابة أبحاث تحسين المنهجية,https://www.auraideasuae.com/مقالات-احترافية/,الكتابة الأكاديمية,supporting
142,ar,writing,قراءة وتحليل البيانات,كتابة أبحاث قراءة وتحليل البيانات,https://www.auraideasuae.com/مقالات-احترافية/,الكتابة الأكاديمية,supporting
143,ar,writing,تصميم أداة البحث,كتابة أبحاث تصميم أداة البحث,https://www.auraideasuae.com/مقالات-احترافية/,الكتابة الأكاديمية,supporting
144,ar,writing,مراجعة الاستبيان,كتابة أبحاث مراجعة الاستبيان,https://www.auraideasuae.com/مقالات-احترافية/,الكتابة الأكاديمية,supporting
145,ar,writing,تفسير النتائج,كتابة أبحاث تفسير النتائج,https://www.auraideasuae.com/مقالات-احترافية/,الكتابة الأكاديمية,supporting
146,ar,writing,إعداد الجداول,كتابة أبحاث إعداد الجداول,https://www.auraideasuae.com/مقالات-احترافية/,الكتابة الأكاديمية,supporting
147,ar,writing,إعداد الرسوم البيانية,كتابة أبحاث إعداد الرسوم البيانية,https://www.auraideasuae.com/مقالات-احترافية/,الكتابة الأكاديمية,supporting
148,ar,writing,تجهيز المناقشة,كتابة أبحاث تجهيز المناقشة,https://www.auraideasuae.com/مقالات-احترافية/,الكتابة الأكاديمية,supporting
149,ar,writing,مع الحفاظ على الأمانة العلمية,كتابة أبحاث مع الحفاظ على الأمانة العلمية,https://www.auraideasuae.com/مقالات-احترافية/,الكتابة الأكاديمية,supporting
150,ar,writing,وفق متطلبات الجامعة,كتابة أبحاث وفق متطلبات الجامعة,https://www.auraideasuae.com/مقالات-احترافية/,الكتابة الأكاديمية,supporting
151,en,writing,simple explanation,research paper writing simple explanation,https://www.auraideasuae.com/مقالات-احترافية/,الكتابة الأكاديمية,supporting
152,en,writing,practical guide,research paper writing practical guide,https://www.auraideasuae.com/مقالات-احترافية/,الكتابة الأكاديمية,supporting
153,en,writing,step-by-step process,research paper writing step-by-step process,https://www.auraideasuae.com/مقالات-احترافية/,الكتابة الأكاديمية,supporting
154,en,writing,editable template,research paper writing editable template,https://www.auraideasuae.com/مقالات-احترافية/,الكتابة الأكاديمية,supporting
155,en,writing,worked example,research paper writing worked example,https://www.auraideasuae.com/مقالات-احترافية/,الكتابة الأكاديمية,supporting
156,en,writing,action plan,research paper writing action plan,https://www.auraideasuae.com/مقالات-احترافية/,الكتابة الأكاديمية,supporting
157,en,writing,student tips,research paper writing student tips,https://www.auraideasuae.com/مقالات-احترافية/,الكتابة الأكاديمية,supporting
158,en,writing,common mistakes,research paper writing common mistakes,https://www.auraideasuae.com/مقالات-احترافية/,الكتابة الأكاديمية,supporting
159,en,writing,quality standards,research paper writing quality standards,https://www.auraideasuae.com/مقالات-احترافية/,الكتابة الأكاديمية,supporting
160,en,writing,how to prepare,research paper writing how to prepare,https://www.auraideasuae.com/مقالات-احترافية/,الكتابة الأكاديمية,supporting
161,en,writing,how to write,research paper writing how to write,https://www.auraideasuae.com/مقالات-احترافية/,الكتابة الأكاديمية,supporting
162,en,writing,how to format,research paper writing how to format,https://www.auraideasuae.com/مقالات-احترافية/,الكتابة الأكاديمية,supporting
163,en,writing,how to cite sources,research paper writing how to cite sources,https://www.auraideasuae.com/مقالات-احترافية/,الكتابة الأكاديمية,supporting
164,en,writing,how to proofread,research paper writing how to proofread,https://www.auraideasuae.com/مقالات-احترافية/,الكتابة الأكاديمية,supporting
165,en,writing,how to analyze,research paper writing how to analyze,https://www.auraideasuae.com/مقالات-احترافية/,الكتابة الأكاديمية,supporting
166,en,writing,how to present,research paper writing how to present,https://www.auraideasuae.com/مقالات-احترافية/,الكتابة الأكاديمية,supporting
167,en,writing,before submission,research paper writing before submission,https://www.auraideasuae.com/مقالات-احترافية/,الكتابة الأكاديمية,supporting
168,en,writing,for undergraduate students,research paper writing for undergraduate students,https://www.auraideasuae.com/مقالات-احترافية/,الكتابة الأكاديمية,supporting
169,en,writing,for master's students,research paper writing for master's students,https://www.auraideasuae.com/مقالات-احترافية/,الكتابة الأكاديمية,supporting
170,en,writing,for doctoral students,research paper writing for doctoral students,https://www.auraideasuae.com/مقالات-احترافية/,الكتابة الأكاديمية,supporting
171,en,writing,in Arabic,research paper writing in Arabic,https://www.auraideasuae.com/مقالات-احترافية/,الكتابة الأكاديمية,supporting
172,en,writing,in English,research paper writing in English,https://www.auraideasuae.com/مقالات-احترافية/,الكتابة الأكاديمية,supporting
173,en,writing,Arabic and English,research paper writing Arabic and English,https://www.auraideasuae.com/مقالات-احترافية/,الكتابة الأكاديمية,supporting
174,en,writing,for UAE universities,research paper writing for UAE universities,https://www.auraideasuae.com/مقالات-احترافية/,الكتابة الأكاديمية,supporting
175,en,writing,in Dubai,research paper writing in Dubai,https://www.auraideasuae.com/مقالات-احترافية/,الكتابة الأكاديمية,supporting
176,en,writing,in Abu Dhabi,research paper writing in Abu Dhabi,https://www.auraideasuae.com/مقالات-احترافية/,الكتابة الأكاديمية,supporting
177,en,writing,in Sharjah,research paper writing in Sharjah,https://www.auraideasuae.com/مقالات-احترافية/,الكتابة الأكاديمية,supporting
178,en,writing,for private universities,research paper writing for private universities,https://www.auraideasuae.com/مقالات-احترافية/,الكتابة الأكاديمية,supporting
179,en,writing,for public universities,research paper writing for public universities,https://www.auraideasuae.com/مقالات-احترافية/,الكتابة الأكاديمية,supporting
180,en,writing,online support,research paper writing online support,https://www.auraideasuae.com/مقالات-احترافية/,الكتابة الأكاديمية,supporting
181,en,writing,professional service,research paper writing professional service,https://www.auraideasuae.com/مقالات-احترافية/,الكتابة الأكاديمية,supporting
182,en,writing,academic assistance,research paper writing academic assistance,https://www.auraideasuae.com/مقالات-احترافية/,الكتابة الأكاديمية,supporting
183,en,writing,research consultation,research paper writing research consultation,https://www.auraideasuae.com/مقالات-احترافية/,الكتابة الأكاديمية,supporting
184,en,writing,academic review,research paper writing academic review,https://www.auraideasuae.com/مقالات-احترافية/,الكتابة الأكاديمية,supporting
185,en,writing,scholarly proofreading,research paper writing scholarly proofreading,https://www.auraideasuae.com/مقالات-احترافية/,الكتابة الأكاديمية,supporting
186,en,writing,APA formatting,research paper writing APA formatting,https://www.auraideasuae.com/مقالات-احترافية/,الكتابة الأكاديمية,supporting
187,en,writing,MLA formatting,research paper writing MLA formatting,https://www.auraideasuae.com/مقالات-احترافية/,الكتابة الأكاديمية,supporting
188,en,writing,Chicago formatting,research paper writing Chicago formatting,https://www.auraideasuae.com/مقالات-احترافية/,الكتابة الأكاديمية,supporting
189,en,writing,source citation,research paper writing source citation,https://www.auraideasuae.com/مقالات-احترافية/,الكتابة الأكاديمية,supporting
190,en,writing,academic rewriting,research paper writing academic rewriting,https://www.auraideasuae.com/مقالات-احترافية/,الكتابة الأكاديمية,supporting
191,en,writing,methodology improvement,research paper writing methodology improvement,https://www.auraideasuae.com/مقالات-احترافية/,الكتابة الأكاديمية,supporting
192,en,writing,data interpretation,research paper writing data interpretation,https://www.auraideasuae.com/مقالات-احترافية/,الكتابة الأكاديمية,supporting
193,en,writing,research instrument design,research paper writing research instrument design,https://www.auraideasuae.com/مقالات-احترافية/,الكتابة الأكاديمية,supporting
194,en,writing,survey review,research paper writing survey review,https://www.auraideasuae.com/مقالات-احترافية/,الكتابة الأكاديمية,supporting
195,en,writing,results interpretation,research paper writing results interpretation,https://www.auraideasuae.com/مقالات-احترافية/,الكتابة الأكاديمية,supporting
196,en,writing,table preparation,research paper writing table preparation,https://www.auraideasuae.com/مقالات-احترافية/,الكتابة الأكاديمية,supporting
197,en,writing,chart preparation,research paper writing chart preparation,https://www.auraideasuae.com/مقالات-احترافية/,الكتابة الأكاديمية,supporting
198,en,writing,discussion preparation,research paper writing discussion preparation,https://www.auraideasuae.com/مقالات-احترافية/,الكتابة الأكاديمية,supporting
199,en,writing,with academic integrity,research paper writing with academic integrity,https://www.auraideasuae.com/مقالات-احترافية/,الكتابة الأكاديمية,supporting
200,en,writing,according to university requirements,research paper writing according to university requirements,https://www.auraideasuae.com/مقالات-احترافية/,الكتابة الأكاديمية,supporting
201,ar,proposal,شرح مبسط,خطة بحث شرح مبسط,https://www.auraideasuae.com/مقالات-احترافية/كتابة-خطة-البحث-الجامعي.html,خطة البحث الجامعي,supporting
202,ar,proposal,دليل عملي,خطة بحث دليل عملي,https://www.auraideasuae.com/مقالات-احترافية/كتابة-خطة-البحث-الجامعي.html,خطة البحث الجامعي,supporting
203,ar,proposal,خطوات التنفيذ,خطة بحث خطوات التنفيذ,https://www.auraideasuae.com/مقالات-احترافية/كتابة-خطة-البحث-الجامعي.html,خطة البحث الجامعي,supporting
204,ar,proposal,نموذج قابل للتعديل,خطة بحث نموذج قابل للتعديل,https://www.auraideasuae.com/مقالات-احترافية/كتابة-خطة-البحث-الجامعي.html,خطة البحث الجامعي,supporting
205,ar,proposal,مثال تطبيقي,خطة بحث مثال تطبيقي,https://www.auraideasuae.com/مقالات-احترافية/كتابة-خطة-البحث-الجامعي.html,خطة البحث الجامعي,supporting
206,ar,proposal,خطة عمل,خطة بحث خطة عمل,https://www.auraideasuae.com/مقالات-احترافية/كتابة-خطة-البحث-الجامعي.html,خطة البحث الجامعي,supporting
207,ar,proposal,نصائح للطلاب,خطة بحث نصائح للطلاب,https://www.auraideasuae.com/مقالات-احترافية/كتابة-خطة-البحث-الجامعي.html,خطة البحث الجامعي,supporting
208,ar,proposal,أخطاء شائعة,خطة بحث أخطاء شائعة,https://www.auraideasuae.com/مقالات-احترافية/كتابة-خطة-البحث-الجامعي.html,خطة البحث الجامعي,supporting
209,ar,proposal,معايير الجودة,خطة بحث معايير الجودة,https://www.auraideasuae.com/مقالات-احترافية/كتابة-خطة-البحث-الجامعي.html,خطة البحث الجامعي,supporting
210,ar,proposal,طريقة الإعداد,خطة بحث طريقة الإعداد,https://www.auraideasuae.com/مقالات-احترافية/كتابة-خطة-البحث-الجامعي.html,خطة البحث الجامعي,supporting
211,ar,proposal,كيفية الكتابة,خطة بحث كيفية الكتابة,https://www.auraideasuae.com/مقالات-احترافية/كتابة-خطة-البحث-الجامعي.html,خطة البحث الجامعي,supporting
212,ar,proposal,كيفية التنسيق,خطة بحث كيفية التنسيق,https://www.auraideasuae.com/مقالات-احترافية/كتابة-خطة-البحث-الجامعي.html,خطة البحث الجامعي,supporting
213,ar,proposal,كيفية التوثيق,خطة بحث كيفية التوثيق,https://www.auraideasuae.com/مقالات-احترافية/كتابة-خطة-البحث-الجامعي.html,خطة البحث الجامعي,supporting
214,ar,proposal,كيفية المراجعة,خطة بحث كيفية المراجعة,https://www.auraideasuae.com/مقالات-احترافية/كتابة-خطة-البحث-الجامعي.html,خطة البحث الجامعي,supporting
215,ar,proposal,كيفية التحليل,خطة بحث كيفية التحليل,https://www.auraideasuae.com/مقالات-احترافية/كتابة-خطة-البحث-الجامعي.html,خطة البحث الجامعي,supporting
216,ar,proposal,كيفية العرض,خطة بحث كيفية العرض,https://www.auraideasuae.com/مقالات-احترافية/كتابة-خطة-البحث-الجامعي.html,خطة البحث الجامعي,supporting
217,ar,proposal,قبل التسليم,خطة بحث قبل التسليم,https://www.auraideasuae.com/مقالات-احترافية/كتابة-خطة-البحث-الجامعي.html,خطة البحث الجامعي,supporting
218,ar,proposal,لطلاب البكالوريوس,خطة بحث لطلاب البكالوريوس,https://www.auraideasuae.com/مقالات-احترافية/كتابة-خطة-البحث-الجامعي.html,خطة البحث الجامعي,supporting
219,ar,proposal,لطلاب الماجستير,خطة بحث لطلاب الماجستير,https://www.auraideasuae.com/مقالات-احترافية/كتابة-خطة-البحث-الجامعي.html,خطة البحث الجامعي,supporting
220,ar,proposal,لطلاب الدكتوراه,خطة بحث لطلاب الدكتوراه,https://www.auraideasuae.com/مقالات-احترافية/كتابة-خطة-البحث-الجامعي.html,خطة البحث الجامعي,supporting
221,ar,proposal,باللغة العربية,خطة بحث باللغة العربية,https://www.auraideasuae.com/مقالات-احترافية/كتابة-خطة-البحث-الجامعي.html,خطة البحث الجامعي,supporting
222,ar,proposal,باللغة الإنجليزية,خطة بحث باللغة الإنجليزية,https://www.auraideasuae.com/مقالات-احترافية/كتابة-خطة-البحث-الجامعي.html,خطة البحث الجامعي,supporting
223,ar,proposal,عربي وإنجليزي,خطة بحث عربي وإنجليزي,https://www.auraideasuae.com/مقالات-احترافية/كتابة-خطة-البحث-الجامعي.html,خطة البحث الجامعي,supporting
224,ar,proposal,في الجامعات الإماراتية,خطة بحث في الجامعات الإماراتية,https://www.auraideasuae.com/مقالات-احترافية/كتابة-خطة-البحث-الجامعي.html,خطة البحث الجامعي,supporting
225,ar,proposal,في دبي,خطة بحث في دبي,https://www.auraideasuae.com/مقالات-احترافية/كتابة-خطة-البحث-الجامعي.html,خطة البحث الجامعي,supporting
226,ar,proposal,في أبوظبي,خطة بحث في أبوظبي,https://www.auraideasuae.com/مقالات-احترافية/كتابة-خطة-البحث-الجامعي.html,خطة البحث الجامعي,supporting
227,ar,proposal,في الشارقة,خطة بحث في الشارقة,https://www.auraideasuae.com/مقالات-احترافية/كتابة-خطة-البحث-الجامعي.html,خطة البحث الجامعي,supporting
228,ar,proposal,للجامعات الخاصة,خطة بحث للجامعات الخاصة,https://www.auraideasuae.com/مقالات-احترافية/كتابة-خطة-البحث-الجامعي.html,خطة البحث الجامعي,supporting
229,ar,proposal,للجامعات الحكومية,خطة بحث للجامعات الحكومية,https://www.auraideasuae.com/مقالات-احترافية/كتابة-خطة-البحث-الجامعي.html,خطة البحث الجامعي,supporting
230,ar,proposal,عن بُعد,خطة بحث عن بُعد,https://www.auraideasuae.com/مقالات-احترافية/كتابة-خطة-البحث-الجامعي.html,خطة البحث الجامعي,supporting
231,ar,proposal,خدمة احترافية,خطة بحث خدمة احترافية,https://www.auraideasuae.com/مقالات-احترافية/كتابة-خطة-البحث-الجامعي.html,خطة البحث الجامعي,supporting
232,ar,proposal,مساعدة أكاديمية,خطة بحث مساعدة أكاديمية,https://www.auraideasuae.com/مقالات-احترافية/كتابة-خطة-البحث-الجامعي.html,خطة البحث الجامعي,supporting
233,ar,proposal,استشارة بحثية,خطة بحث استشارة بحثية,https://www.auraideasuae.com/مقالات-احترافية/كتابة-خطة-البحث-الجامعي.html,خطة البحث الجامعي,supporting
234,ar,proposal,مراجعة أكاديمية,خطة بحث مراجعة أكاديمية,https://www.auraideasuae.com/مقالات-احترافية/كتابة-خطة-البحث-الجامعي.html,خطة البحث الجامعي,supporting
235,ar,proposal,تدقيق علمي,خطة بحث تدقيق علمي,https://www.auraideasuae.com/مقالات-احترافية/كتابة-خطة-البحث-الجامعي.html,خطة البحث الجامعي,supporting
236,ar,proposal,تنسيق APA,خطة بحث تنسيق APA,https://www.auraideasuae.com/مقالات-احترافية/كتابة-خطة-البحث-الجامعي.html,خطة البحث الجامعي,supporting
237,ar,proposal,تنسيق MLA,خطة بحث تنسيق MLA,https://www.auraideasuae.com/مقالات-احترافية/كتابة-خطة-البحث-الجامعي.html,خطة البحث الجامعي,supporting
238,ar,proposal,تنسيق Chicago,خطة بحث تنسيق Chicago,https://www.auraideasuae.com/مقالات-احترافية/كتابة-خطة-البحث-الجامعي.html,خطة البحث الجامعي,supporting
239,ar,proposal,توثيق المصادر,خطة بحث توثيق المصادر,https://www.auraideasuae.com/مقالات-احترافية/كتابة-خطة-البحث-الجامعي.html,خطة البحث الجامعي,supporting
240,ar,proposal,تحسين الصياغة,خطة بحث تحسين الصياغة,https://www.auraideasuae.com/مقالات-احترافية/كتابة-خطة-البحث-الجامعي.html,خطة البحث الجامعي,supporting
241,ar,proposal,تحسين المنهجية,خطة بحث تحسين المنهجية,https://www.auraideasuae.com/مقالات-احترافية/كتابة-خطة-البحث-الجامعي.html,خطة البحث الجامعي,supporting
242,ar,proposal,قراءة وتحليل البيانات,خطة بحث قراءة وتحليل البيانات,https://www.auraideasuae.com/مقالات-احترافية/كتابة-خطة-البحث-الجامعي.html,خطة البحث الجامعي,supporting
243,ar,proposal,تصميم أداة البحث,خطة بحث تصميم أداة البحث,https://www.auraideasuae.com/مقالات-احترافية/كتابة-خطة-البحث-الجامعي.html,خطة البحث الجامعي,supporting
244,ar,proposal,مراجعة الاستبيان,خطة بحث مراجعة الاستبيان,https://www.auraideasuae.com/مقالات-احترافية/كتابة-خطة-البحث-الجامعي.html,خطة البحث الجامعي,supporting
245,ar,proposal,تفسير النتائج,خطة بحث تفسير النتائج,https://www.auraideasuae.com/مقالات-احترافية/كتابة-خطة-البحث-الجامعي.html,خطة البحث الجامعي,supporting
246,ar,proposal,إعداد الجداول,خطة بحث إعداد الجداول,https://www.auraideasuae.com/مقالات-احترافية/كتابة-خطة-البحث-الجامعي.html,خطة البحث الجامعي,supporting
247,ar,proposal,إعداد الرسوم البيانية,خطة بحث إعداد الرسوم البيانية,https://www.auraideasuae.com/مقالات-احترافية/كتابة-خطة-البحث-الجامعي.html,خطة البحث الجامعي,supporting
248,ar,proposal,تجهيز المناقشة,خطة بحث تجهيز المناقشة,https://www.auraideasuae.com/مقالات-احترافية/كتابة-خطة-البحث-الجامعي.html,خطة البحث الجامعي,supporting
249,ar,proposal,مع الحفاظ على الأمانة العلمية,خطة بحث مع الحفاظ على الأمانة العلمية,https://www.auraideasuae.com/مقالات-احترافية/كتابة-خطة-البحث-الجامعي.html,خطة البحث الجامعي,supporting
250,ar,proposal,وفق متطلبات الجامعة,خطة بحث وفق متطلبات الجامعة,https://www.auraideasuae.com/مقالات-احترافية/كتابة-خطة-البحث-الجامعي.html,خطة البحث الجامعي,supporting
251,en,proposal,simple explanation,research proposal simple explanation,https://www.auraideasuae.com/مقالات-احترافية/كتابة-خطة-البحث-الجامعي.html,خطة البحث الجامعي,supporting
252,en,proposal,practical guide,research proposal practical guide,https://www.auraideasuae.com/مقالات-احترافية/كتابة-خطة-البحث-الجامعي.html,خطة البحث الجامعي,supporting
253,en,proposal,step-by-step process,research proposal step-by-step process,https://www.auraideasuae.com/مقالات-احترافية/كتابة-خطة-البحث-الجامعي.html,خطة البحث الجامعي,supporting
254,en,proposal,editable template,research proposal editable template,https://www.auraideasuae.com/مقالات-احترافية/كتابة-خطة-البحث-الجامعي.html,خطة البحث الجامعي,supporting
255,en,proposal,worked example,research proposal worked example,https://www.auraideasuae.com/مقالات-احترافية/كتابة-خطة-البحث-الجامعي.html,خطة البحث الجامعي,supporting
256,en,proposal,action plan,research proposal action plan,https://www.auraideasuae.com/مقالات-احترافية/كتابة-خطة-البحث-الجامعي.html,خطة البحث الجامعي,supporting
257,en,proposal,student tips,research proposal student tips,https://www.auraideasuae.com/مقالات-احترافية/كتابة-خطة-البحث-الجامعي.html,خطة البحث الجامعي,supporting
258,en,proposal,common mistakes,research proposal common mistakes,https://www.auraideasuae.com/مقالات-احترافية/كتابة-خطة-البحث-الجامعي.html,خطة البحث الجامعي,supporting
259,en,proposal,quality standards,research proposal quality standards,https://www.auraideasuae.com/مقالات-احترافية/كتابة-خطة-البحث-الجامعي.html,خطة البحث الجامعي,supporting
260,en,proposal,how to prepare,research proposal how to prepare,https://www.auraideasuae.com/مقالات-احترافية/كتابة-خطة-البحث-الجامعي.html,خطة البحث الجامعي,supporting
261,en,proposal,how to write,research proposal how to write,https://www.auraideasuae.com/مقالات-احترافية/كتابة-خطة-البحث-الجامعي.html,خطة البحث الجامعي,supporting
262,en,proposal,how to format,research proposal how to format,https://www.auraideasuae.com/مقالات-احترافية/كتابة-خطة-البحث-الجامعي.html,خطة البحث الجامعي,supporting
263,en,proposal,how to cite sources,research proposal how to cite sources,https://www.auraideasuae.com/مقالات-احترافية/كتابة-خطة-البحث-الجامعي.html,خطة البحث الجامعي,supporting
264,en,proposal,how to proofread,research proposal how to proofread,https://www.auraideasuae.com/مقالات-احترافية/كتابة-خطة-البحث-الجامعي.html,خطة البحث الجامعي,supporting
265,en,proposal,how to analyze,research proposal how to analyze,https://www.auraideasuae.com/مقالات-احترافية/كتابة-خطة-البحث-الجامعي.html,خطة البحث الجامعي,supporting
266,en,proposal,how to present,research proposal how to present,https://www.auraideasuae.com/مقالات-احترافية/كتابة-خطة-البحث-الجامعي.html,خطة البحث الجامعي,supporting
267,en,proposal,before submission,research proposal before submission,https://www.auraideasuae.com/مقالات-احترافية/كتابة-خطة-البحث-الجامعي.html,خطة البحث الجامعي,supporting
268,en,proposal,for undergraduate students,research proposal for undergraduate students,https://www.auraideasuae.com/مقالات-احترافية/كتابة-خطة-البحث-الجامعي.html,خطة البحث الجامعي,supporting
269,en,proposal,for master's students,research proposal for master's students,https://www.auraideasuae.com/مقالات-احترافية/كتابة-خطة-البحث-الجامعي.html,خطة البحث الجامعي,supporting
270,en,proposal,for doctoral students,research proposal for doctoral students,https://www.auraideasuae.com/مقالات-احترافية/كتابة-خطة-البحث-الجامعي.html,خطة البحث الجامعي,supporting
271,en,proposal,in Arabic,research proposal in Arabic,https://www.auraideasuae.com/مقالات-احترافية/كتابة-خطة-البحث-الجامعي.html,خطة البحث الجامعي,supporting
272,en,proposal,in English,research proposal in English,https://www.auraideasuae.com/مقالات-احترافية/كتابة-خطة-البحث-الجامعي.html,خطة البحث الجامعي,supporting
273,en,proposal,Arabic and English,research proposal Arabic and English,https://www.auraideasuae.com/مقالات-احترافية/كتابة-خطة-البحث-الجامعي.html,خطة البحث الجامعي,supporting
274,en,proposal,for UAE universities,research proposal for UAE universities,https://www.auraideasuae.com/مقالات-احترافية/كتابة-خطة-البحث-الجامعي.html,خطة البحث الجامعي,supporting
275,en,proposal,in Dubai,research proposal in Dubai,https://www.auraideasuae.com/مقالات-احترافية/كتابة-خطة-البحث-الجامعي.html,خطة البحث الجامعي,supporting
276,en,proposal,in Abu Dhabi,research proposal in Abu Dhabi,https://www.auraideasuae.com/مقالات-احترافية/كتابة-خطة-البحث-الجامعي.html,خطة البحث الجامعي,supporting
277,en,proposal,in Sharjah,research proposal in Sharjah,https://www.auraideasuae.com/مقالات-احترافية/كتابة-خطة-البحث-الجامعي.html,خطة البحث الجامعي,supporting
278,en,proposal,for private universities,research proposal for private universities,https://www.auraideasuae.com/مقالات-احترافية/كتابة-خطة-البحث-الجامعي.html,خطة البحث الجامعي,supporting
279,en,proposal,for public universities,research proposal for public universities,https://www.auraideasuae.com/مقالات-احترافية/كتابة-خطة-البحث-الجامعي.html,خطة البحث الجامعي,supporting
280,en,proposal,online support,research proposal online support,https://www.auraideasuae.com/مقالات-احترافية/كتابة-خطة-البحث-الجامعي.html,خطة البحث الجامعي,supporting
281,en,proposal,professional service,research proposal professional service,https://www.auraideasuae.com/مقالات-احترافية/كتابة-خطة-البحث-الجامعي.html,خطة البحث الجامعي,supporting
282,en,proposal,academic assistance,research proposal academic assistance,https://www.auraideasuae.com/مقالات-احترافية/كتابة-خطة-البحث-الجامعي.html,خطة البحث الجامعي,supporting
283,en,proposal,research consultation,research proposal research consultation,https://www.auraideasuae.com/مقالات-احترافية/كتابة-خطة-البحث-الجامعي.html,خطة البحث الجامعي,supporting
284,en,proposal,academic review,research proposal academic review,https://www.auraideasuae.com/مقالات-احترافية/كتابة-خطة-البحث-الجامعي.html,خطة البحث الجامعي,supporting
285,en,proposal,scholarly proofreading,research proposal scholarly proofreading,https://www.auraideasuae.com/مقالات-احترافية/كتابة-خطة-البحث-الجامعي.html,خطة البحث الجامعي,supporting
286,en,proposal,APA formatting,research proposal APA formatting,https://www.auraideasuae.com/مقالات-احترافية/كتابة-خطة-البحث-الجامعي.html,خطة البحث الجامعي,supporting
287,en,proposal,MLA formatting,research proposal MLA formatting,https://www.auraideasuae.com/مقالات-احترافية/كتابة-خطة-البحث-الجامعي.html,خطة البحث الجامعي,supporting
288,en,proposal,Chicago formatting,research proposal Chicago formatting,https://www.auraideasuae.com/مقالات-احترافية/كتابة-خطة-البحث-الجامعي.html,خطة البحث الجامعي,supporting
289,en,proposal,source citation,research proposal source citation,https://www.auraideasuae.com/مقالات-احترافية/كتابة-خطة-البحث-الجامعي.html,خطة البحث الجامعي,supporting
290,en,proposal,academic rewriting,research proposal academic rewriting,https://www.auraideasuae.com/مقالات-احترافية/كتابة-خطة-البحث-الجامعي.html,خطة البحث الجامعي,supporting
291,en,proposal,methodology improvement,research proposal methodology improvement,https://www.auraideasuae.com/مقالات-احترافية/كتابة-خطة-البحث-الجامعي.html,خطة البحث الجامعي,supporting
292,en,proposal,data interpretation,research proposal data interpretation,https://www.auraideasuae.com/مقالات-احترافية/كتابة-خطة-البحث-الجامعي.html,خطة البحث الجامعي,supporting
293,en,proposal,research instrument design,research proposal research instrument design,https://www.auraideasuae.com/مقالات-احترافية/كتابة-خطة-البحث-الجامعي.html,خطة البحث الجامعي,supporting
294,en,proposal,survey review,research proposal survey review,https://www.auraideasuae.com/مقالات-احترافية/كتابة-خطة-البحث-الجامعي.html,خطة البحث الجامعي,supporting
295,en,proposal,results interpretation,research proposal results interpretation,https://www.auraideasuae.com/مقالات-احترافية/كتابة-خطة-البحث-الجامعي.html,خطة البحث الجامعي,supporting
296,en,proposal,table preparation,research proposal table preparation,https://www.auraideasuae.com/مقالات-احترافية/كتابة-خطة-البحث-الجامعي.html,خطة البحث الجامعي,supporting
297,en,proposal,chart preparation,research proposal chart preparation,https://www.auraideasuae.com/مقالات-احترافية/كتابة-خطة-البحث-الجامعي.html,خطة البحث الجامعي,supporting
298,en,proposal,discussion preparation,research proposal discussion preparation,https://www.auraideasuae.com/مقالات-احترافية/كتابة-خطة-البحث-الجامعي.html,خطة البحث الجامعي,supporting
299,en,proposal,with academic integrity,research proposal with academic integrity,https://www.auraideasuae.com/مقالات-احترافية/كتابة-خطة-البحث-الجامعي.html,خطة البحث الجامعي,supporting
300,en,proposal,according to university requirements,research proposal according to university requirements,https://www.auraideasuae.com/مقالات-احترافية/كتابة-خطة-البحث-الجامعي.html,خطة البحث الجامعي,supporting
301,ar,methodology,شرح مبسط,منهجية البحث شرح مبسط,https://www.auraideasuae.com/مقالات-احترافية/كتابة-خطة-البحث-الجامعي.html,منهجية البحث,supporting
302,ar,methodology,دليل عملي,منهجية البحث دليل عملي,https://www.auraideasuae.com/مقالات-احترافية/كتابة-خطة-البحث-الجامعي.html,منهجية البحث,supporting
303,ar,methodology,خطوات التنفيذ,منهجية البحث خطوات التنفيذ,https://www.auraideasuae.com/مقالات-احترافية/كتابة-خطة-البحث-الجامعي.html,منهجية البحث,supporting
304,ar,methodology,نموذج قابل للتعديل,منهجية البحث نموذج قابل للتعديل,https://www.auraideasuae.com/مقالات-احترافية/كتابة-خطة-البحث-الجامعي.html,منهجية البحث,supporting
305,ar,methodology,مثال تطبيقي,منهجية البحث مثال تطبيقي,https://www.auraideasuae.com/مقالات-احترافية/كتابة-خطة-البحث-الجامعي.html,منهجية البحث,supporting
306,ar,methodology,خطة عمل,منهجية البحث خطة عمل,https://www.auraideasuae.com/مقالات-احترافية/كتابة-خطة-البحث-الجامعي.html,منهجية البحث,supporting
307,ar,methodology,نصائح للطلاب,منهجية البحث نصائح للطلاب,https://www.auraideasuae.com/مقالات-احترافية/كتابة-خطة-البحث-الجامعي.html,منهجية البحث,supporting
308,ar,methodology,أخطاء شائعة,منهجية البحث أخطاء شائعة,https://www.auraideasuae.com/مقالات-احترافية/كتابة-خطة-البحث-الجامعي.html,منهجية البحث,supporting
309,ar,methodology,معايير الجودة,منهجية البحث معايير الجودة,https://www.auraideasuae.com/مقالات-احترافية/كتابة-خطة-البحث-الجامعي.html,منهجية البحث,supporting
310,ar,methodology,طريقة الإعداد,منهجية البحث طريقة الإعداد,https://www.auraideasuae.com/مقالات-احترافية/كتابة-خطة-البحث-الجامعي.html,منهجية البحث,supporting
311,ar,methodology,كيفية الكتابة,منهجية البحث كيفية الكتابة,https://www.auraideasuae.com/مقالات-احترافية/كتابة-خطة-البحث-الجامعي.html,منهجية البحث,supporting
312,ar,methodology,كيفية التنسيق,منهجية البحث كيفية التنسيق,https://www.auraideasuae.com/مقالات-احترافية/كتابة-خطة-البحث-الجامعي.html,منهجية البحث,supporting
313,ar,methodology,كيفية التوثيق,منهجية البحث كيفية التوثيق,https://www.auraideasuae.com/مقالات-احترافية/كتابة-خطة-البحث-الجامعي.html,منهجية البحث,supporting
314,ar,methodology,كيفية المراجعة,منهجية البحث كيفية المراجعة,https://www.auraideasuae.com/مقالات-احترافية/كتابة-خطة-البحث-الجامعي.html,منهجية البحث,supporting
315,ar,methodology,كيفية التحليل,منهجية البحث كيفية التحليل,https://www.auraideasuae.com/مقالات-احترافية/كتابة-خطة-البحث-الجامعي.html,منهجية البحث,supporting
316,ar,methodology,كيفية العرض,منهجية البحث كيفية العرض,https://www.auraideasuae.com/مقالات-احترافية/كتابة-خطة-البحث-الجامعي.html,منهجية البحث,supporting
317,ar,methodology,قبل التسليم,منهجية البحث قبل التسليم,https://www.auraideasuae.com/مقالات-احترافية/كتابة-خطة-البحث-الجامعي.html,منهجية البحث,supporting
318,ar,methodology,لطلاب البكالوريوس,منهجية البحث لطلاب البكالوريوس,https://www.auraideasuae.com/مقالات-احترافية/كتابة-خطة-البحث-الجامعي.html,منهجية البحث,supporting
319,ar,methodology,لطلاب الماجستير,منهجية البحث لطلاب الماجستير,https://www.auraideasuae.com/مقالات-احترافية/كتابة-خطة-البحث-الجامعي.html,منهجية البحث,supporting
320,ar,methodology,لطلاب الدكتوراه,منهجية البحث لطلاب الدكتوراه,https://www.auraideasuae.com/مقالات-احترافية/كتابة-خطة-البحث-الجامعي.html,منهجية البحث,supporting
321,ar,methodology,باللغة العربية,منهجية البحث باللغة العربية,https://www.auraideasuae.com/مقالات-احترافية/كتابة-خطة-البحث-الجامعي.html,منهجية البحث,supporting
322,ar,methodology,باللغة الإنجليزية,منهجية البحث باللغة الإنجليزية,https://www.auraideasuae.com/مقالات-احترافية/كتابة-خطة-البحث-الجامعي.html,منهجية البحث,supporting
323,ar,methodology,عربي وإنجليزي,منهجية البحث عربي وإنجليزي,https://www.auraideasuae.com/مقالات-احترافية/كتابة-خطة-البحث-الجامعي.html,منهجية البحث,supporting
324,ar,methodology,في الجامعات الإماراتية,منهجية البحث في الجامعات الإماراتية,https://www.auraideasuae.com/مقالات-احترافية/كتابة-خطة-البحث-الجامعي.html,منهجية البحث,supporting
325,ar,methodology,في دبي,منهجية البحث في دبي,https://www.auraideasuae.com/مقالات-احترافية/كتابة-خطة-البحث-الجامعي.html,منهجية البحث,supporting
326,ar,methodology,في أبوظبي,منهجية البحث في أبوظبي,https://www.auraideasuae.com/مقالات-احترافية/كتابة-خطة-البحث-الجامعي.html,منهجية البحث,supporting
327,ar,methodology,في الشارقة,منهجية البحث في الشارقة,https://www.auraideasuae.com/مقالات-احترافية/كتابة-خطة-البحث-الجامعي.html,منهجية البحث,supporting
328,ar,methodology,للجامعات الخاصة,منهجية البحث للجامعات الخاصة,https://www.auraideasuae.com/مقالات-احترافية/كتابة-خطة-البحث-الجامعي.html,منهجية البحث,supporting
329,ar,methodology,للجامعات الحكومية,منهجية البحث للجامعات الحكومية,https://www.auraideasuae.com/مقالات-احترافية/كتابة-خطة-البحث-الجامعي.html,منهجية البحث,supporting
330,ar,methodology,عن بُعد,منهجية البحث عن بُعد,https://www.auraideasuae.com/مقالات-احترافية/كتابة-خطة-البحث-الجامعي.html,منهجية البحث,supporting
331,ar,methodology,خدمة احترافية,منهجية البحث خدمة احترافية,https://www.auraideasuae.com/مقالات-احترافية/كتابة-خطة-البحث-الجامعي.html,منهجية البحث,supporting
332,ar,methodology,مساعدة أكاديمية,منهجية البحث مساعدة أكاديمية,https://www.auraideasuae.com/مقالات-احترافية/كتابة-خطة-البحث-الجامعي.html,منهجية البحث,supporting
333,ar,methodology,استشارة بحثية,منهجية البحث استشارة بحثية,https://www.auraideasuae.com/مقالات-احترافية/كتابة-خطة-البحث-الجامعي.html,منهجية البحث,supporting
334,ar,methodology,مراجعة أكاديمية,منهجية البحث مراجعة أكاديمية,https://www.auraideasuae.com/مقالات-احترافية/كتابة-خطة-البحث-الجامعي.html,منهجية البحث,supporting
335,ar,methodology,تدقيق علمي,منهجية البحث تدقيق علمي,https://www.auraideasuae.com/مقالات-احترافية/كتابة-خطة-البحث-الجامعي.html,منهجية البحث,supporting
336,ar,methodology,تنسيق APA,منهجية البحث تنسيق APA,https://www.auraideasuae.com/مقالات-احترافية/كتابة-خطة-البحث-الجامعي.html,منهجية البحث,supporting
337,ar,methodology,تنسيق MLA,منهجية البحث تنسيق MLA,https://www.auraideasuae.com/مقالات-احترافية/كتابة-خطة-البحث-الجامعي.html,منهجية البحث,supporting
338,ar,methodology,تنسيق Chicago,منهجية البحث تنسيق Chicago,https://www.auraideasuae.com/مقالات-احترافية/كتابة-خطة-البحث-الجامعي.html,منهجية البحث,supporting
339,ar,methodology,توثيق المصادر,منهجية البحث توثيق المصادر,https://www.auraideasuae.com/مقالات-احترافية/كتابة-خطة-البحث-الجامعي.html,منهجية البحث,supporting
340,ar,methodology,تحسين الصياغة,منهجية البحث تحسين الصياغة,https://www.auraideasuae.com/مقالات-احترافية/كتابة-خطة-البحث-الجامعي.html,منهجية البحث,supporting
341,ar,methodology,تحسين المنهجية,منهجية البحث تحسين المنهجية,https://www.auraideasuae.com/مقالات-احترافية/كتابة-خطة-البحث-الجامعي.html,منهجية البحث,supporting
342,ar,methodology,قراءة وتحليل البيانات,منهجية البحث قراءة وتحليل البيانات,https://www.auraideasuae.com/مقالات-احترافية/كتابة-خطة-البحث-الجامعي.html,منهجية البحث,supporting
343,ar,methodology,تصميم أداة البحث,منهجية البحث تصميم أداة البحث,https://www.auraideasuae.com/مقالات-احترافية/كتابة-خطة-البحث-الجامعي.html,منهجية البحث,supporting
344,ar,methodology,مراجعة الاستبيان,منهجية البحث مراجعة الاستبيان,https://www.auraideasuae.com/مقالات-احترافية/كتابة-خطة-البحث-الجامعي.html,منهجية البحث,supporting
345,ar,methodology,تفسير النتائج,منهجية البحث تفسير النتائج,https://www.auraideasuae.com/مقالات-احترافية/كتابة-خطة-البحث-الجامعي.html,منهجية البحث,supporting
346,ar,methodology,إعداد الجداول,منهجية البحث إعداد الجداول,https://www.auraideasuae.com/مقالات-احترافية/كتابة-خطة-البحث-الجامعي.html,منهجية البحث,supporting
347,ar,methodology,إعداد الرسوم البيانية,منهجية البحث إعداد الرسوم البيانية,https://www.auraideasuae.com/مقالات-احترافية/كتابة-خطة-البحث-الجامعي.html,منهجية البحث,supporting
348,ar,methodology,تجهيز المناقشة,منهجية البحث تجهيز المناقشة,https://www.auraideasuae.com/مقالات-احترافية/كتابة-خطة-البحث-الجامعي.html,منهجية البحث,supporting
349,ar,methodology,مع الحفاظ على الأمانة العلمية,منهجية البحث مع الحفاظ على الأمانة العلمية,https://www.auraideasuae.com/مقالات-احترافية/كتابة-خطة-البحث-الجامعي.html,منهجية البحث,supporting
350,ar,methodology,وفق متطلبات الجامعة,منهجية البحث وفق متطلبات الجامعة,https://www.auraideasuae.com/مقالات-احترافية/كتابة-خطة-البحث-الجامعي.html,منهجية البحث,supporting
351,en,methodology,simple explanation,research methodology simple explanation,https://www.auraideasuae.com/مقالات-احترافية/كتابة-خطة-البحث-الجامعي.html,منهجية البحث,supporting
352,en,methodology,practical guide,research methodology practical guide,https://www.auraideasuae.com/مقالات-احترافية/كتابة-خطة-البحث-الجامعي.html,منهجية البحث,supporting
353,en,methodology,step-by-step process,research methodology step-by-step process,https://www.auraideasuae.com/مقالات-احترافية/كتابة-خطة-البحث-الجامعي.html,منهجية البحث,supporting
354,en,methodology,editable template,research methodology editable template,https://www.auraideasuae.com/مقالات-احترافية/كتابة-خطة-البحث-الجامعي.html,منهجية البحث,supporting
355,en,methodology,worked example,research methodology worked example,https://www.auraideasuae.com/مقالات-احترافية/كتابة-خطة-البحث-الجامعي.html,منهجية البحث,supporting
356,en,methodology,action plan,research methodology action plan,https://www.auraideasuae.com/مقالات-احترافية/كتابة-خطة-البحث-الجامعي.html,منهجية البحث,supporting
357,en,methodology,student tips,research methodology student tips,https://www.auraideasuae.com/مقالات-احترافية/كتابة-خطة-البحث-الجامعي.html,منهجية البحث,supporting
358,en,methodology,common mistakes,research methodology common mistakes,https://www.auraideasuae.com/مقالات-احترافية/كتابة-خطة-البحث-الجامعي.html,منهجية البحث,supporting
359,en,methodology,quality standards,research methodology quality standards,https://www.auraideasuae.com/مقالات-احترافية/كتابة-خطة-البحث-الجامعي.html,منهجية البحث,supporting
360,en,methodology,how to prepare,research methodology how to prepare,https://www.auraideasuae.com/مقالات-احترافية/كتابة-خطة-البحث-الجامعي.html,منهجية البحث,supporting
361,en,methodology,how to write,research methodology how to write,https://www.auraideasuae.com/مقالات-احترافية/كتابة-خطة-البحث-الجامعي.html,منهجية البحث,supporting
362,en,methodology,how to format,research methodology how to format,https://www.auraideasuae.com/مقالات-احترافية/كتابة-خطة-البحث-الجامعي.html,منهجية البحث,supporting
363,en,methodology,how to cite sources,research methodology how to cite sources,https://www.auraideasuae.com/مقالات-احترافية/كتابة-خطة-البحث-الجامعي.html,منهجية البحث,supporting
364,en,methodology,how to proofread,research methodology how to proofread,https://www.auraideasuae.com/مقالات-احترافية/كتابة-خطة-البحث-الجامعي.html,منهجية البحث,supporting
365,en,methodology,how to analyze,research methodology how to analyze,https://www.auraideasuae.com/مقالات-احترافية/كتابة-خطة-البحث-الجامعي.html,منهجية البحث,supporting
366,en,methodology,how to present,research methodology how to present,https://www.auraideasuae.com/مقالات-احترافية/كتابة-خطة-البحث-الجامعي.html,منهجية البحث,supporting
367,en,methodology,before submission,research methodology before submission,https://www.auraideasuae.com/مقالات-احترافية/كتابة-خطة-البحث-الجامعي.html,منهجية البحث,supporting
368,en,methodology,for undergraduate students,research methodology for undergraduate students,https://www.auraideasuae.com/مقالات-احترافية/كتابة-خطة-البحث-الجامعي.html,منهجية البحث,supporting
369,en,methodology,for master's students,research methodology for master's students,https://www.auraideasuae.com/مقالات-احترافية/كتابة-خطة-البحث-الجامعي.html,منهجية البحث,supporting
370,en,methodology,for doctoral students,research methodology for doctoral students,https://www.auraideasuae.com/مقالات-احترافية/كتابة-خطة-البحث-الجامعي.html,منهجية البحث,supporting
371,en,methodology,in Arabic,research methodology in Arabic,https://www.auraideasuae.com/مقالات-احترافية/كتابة-خطة-البحث-الجامعي.html,منهجية البحث,supporting
372,en,methodology,in English,research methodology in English,https://www.auraideasuae.com/مقالات-احترافية/كتابة-خطة-البحث-الجامعي.html,منهجية البحث,supporting
373,en,methodology,Arabic and English,research methodology Arabic and English,https://www.auraideasuae.com/مقالات-احترافية/كتابة-خطة-البحث-الجامعي.html,منهجية البحث,supporting
374,en,methodology,for UAE universities,research methodology for UAE universities,https://www.auraideasuae.com/مقالات-احترافية/كتابة-خطة-البحث-الجامعي.html,منهجية البحث,supporting
375,en,methodology,in Dubai,research methodology in Dubai,https://www.auraideasuae.com/مقالات-احترافية/كتابة-خطة-البحث-الجامعي.html,منهجية البحث,supporting
376,en,methodology,in Abu Dhabi,research methodology in Abu Dhabi,https://www.auraideasuae.com/مقالات-احترافية/كتابة-خطة-البحث-الجامعي.html,منهجية البحث,supporting
377,en,methodology,in Sharjah,research methodology in Sharjah,https://www.auraideasuae.com/مقالات-احترافية/كتابة-خطة-البحث-الجامعي.html,منهجية البحث,supporting
378,en,methodology,for private universities,research methodology for private universities,https://www.auraideasuae.com/مقالات-احترافية/كتابة-خطة-البحث-الجامعي.html,منهجية البحث,supporting
379,en,methodology,for public universities,research methodology for public universities,https://www.auraideasuae.com/مقالات-احترافية/كتابة-خطة-البحث-الجامعي.html,منهجية البحث,supporting
380,en,methodology,online support,research methodology online support,https://www.auraideasuae.com/مقالات-احترافية/كتابة-خطة-البحث-الجامعي.html,منهجية البحث,supporting
381,en,methodology,professional service,research methodology professional service,https://www.auraideasuae.com/مقالات-احترافية/كتابة-خطة-البحث-الجامعي.html,منهجية البحث,supporting
382,en,methodology,academic assistance,research methodology academic assistance,https://www.auraideasuae.com/مقالات-احترافية/كتابة-خطة-البحث-الجامعي.html,منهجية البحث,supporting
383,en,methodology,research consultation,research methodology research consultation,https://www.auraideasuae.com/مقالات-احترافية/كتابة-خطة-البحث-الجامعي.html,منهجية البحث,supporting
384,en,methodology,academic review,research methodology academic review,https://www.auraideasuae.com/مقالات-احترافية/كتابة-خطة-البحث-الجامعي.html,منهجية البحث,supporting
385,en,methodology,scholarly proofreading,research methodology scholarly proofreading,https://www.auraideasuae.com/مقالات-احترافية/كتابة-خطة-البحث-الجامعي.html,منهجية البحث,supporting
386,en,methodology,APA formatting,research methodology APA formatting,https://www.auraideasuae.com/مقالات-احترافية/كتابة-خطة-البحث-الجامعي.html,منهجية البحث,supporting
387,en,methodology,MLA formatting,research methodology MLA formatting,https://www.auraideasuae.com/مقالات-احترافية/كتابة-خطة-البحث-الجامعي.html,منهجية البحث,supporting
388,en,methodology,Chicago formatting,research methodology Chicago formatting,https://www.auraideasuae.com/مقالات-احترافية/كتابة-خطة-البحث-الجامعي.html,منهجية البحث,supporting
389,en,methodology,source citation,research methodology source citation,https://www.auraideasuae.com/مقالات-احترافية/كتابة-خطة-البحث-الجامعي.html,منهجية البحث,supporting
390,en,methodology,academic rewriting,research methodology academic rewriting,https://www.auraideasuae.com/مقالات-احترافية/كتابة-خطة-البحث-الجامعي.html,منهجية البحث,supporting
391,en,methodology,methodology improvement,research methodology methodology improvement,https://www.auraideasuae.com/مقالات-احترافية/كتابة-خطة-البحث-الجامعي.html,منهجية البحث,supporting
392,en,methodology,data interpretation,research methodology data interpretation,https://www.auraideasuae.com/مقالات-احترافية/كتابة-خطة-البحث-الجامعي.html,منهجية البحث,supporting
393,en,methodology,research instrument design,research methodology research instrument design,https://www.auraideasuae.com/مقالات-احترافية/كتابة-خطة-البحث-الجامعي.html,منهجية البحث,supporting
394,en,methodology,survey review,research methodology survey review,https://www.auraideasuae.com/مقالات-احترافية/كتابة-خطة-البحث-الجامعي.html,منهجية البحث,supporting
395,en,methodology,results interpretation,research methodology results interpretation,https://www.auraideasuae.com/مقالات-احترافية/كتابة-خطة-البحث-الجامعي.html,منهجية البحث,supporting
396,en,methodology,table preparation,research methodology table preparation,https://www.auraideasuae.com/مقالات-احترافية/كتابة-خطة-البحث-الجامعي.html,منهجية البحث,supporting
397,en,methodology,chart preparation,research methodology chart preparation,https://www.auraideasuae.com/مقالات-احترافية/كتابة-خطة-البحث-الجامعي.html,منهجية البحث,supporting
398,en,methodology,discussion preparation,research methodology discussion preparation,https://www.auraideasuae.com/مقالات-احترافية/كتابة-خطة-البحث-الجامعي.html,منهجية البحث,supporting
399,en,methodology,with academic integrity,research methodology with academic integrity,https://www.auraideasuae.com/مقالات-احترافية/كتابة-خطة-البحث-الجامعي.html,منهجية البحث,supporting
400,en,methodology,according to university requirements,research methodology according to university requirements,https://www.auraideasuae.com/مقالات-احترافية/كتابة-خطة-البحث-الجامعي.html,منهجية البحث,supporting
401,ar,literature,شرح مبسط,الإطار النظري والدراسات السابقة شرح مبسط,https://www.auraideasuae.com/مقالات-احترافية/,مراجعة الأدبيات,supporting
402,ar,literature,دليل عملي,الإطار النظري والدراسات السابقة دليل عملي,https://www.auraideasuae.com/مقالات-احترافية/,مراجعة الأدبيات,supporting
403,ar,literature,خطوات التنفيذ,الإطار النظري والدراسات السابقة خطوات التنفيذ,https://www.auraideasuae.com/مقالات-احترافية/,مراجعة الأدبيات,supporting
404,ar,literature,نموذج قابل للتعديل,الإطار النظري والدراسات السابقة نموذج قابل للتعديل,https://www.auraideasuae.com/مقالات-احترافية/,مراجعة الأدبيات,supporting
405,ar,literature,مثال تطبيقي,الإطار النظري والدراسات السابقة مثال تطبيقي,https://www.auraideasuae.com/مقالات-احترافية/,مراجعة الأدبيات,supporting
406,ar,literature,خطة عمل,الإطار النظري والدراسات السابقة خطة عمل,https://www.auraideasuae.com/مقالات-احترافية/,مراجعة الأدبيات,supporting
407,ar,literature,نصائح للطلاب,الإطار النظري والدراسات السابقة نصائح للطلاب,https://www.auraideasuae.com/مقالات-احترافية/,مراجعة الأدبيات,supporting
408,ar,literature,أخطاء شائعة,الإطار النظري والدراسات السابقة أخطاء شائعة,https://www.auraideasuae.com/مقالات-احترافية/,مراجعة الأدبيات,supporting
409,ar,literature,معايير الجودة,الإطار النظري والدراسات السابقة معايير الجودة,https://www.auraideasuae.com/مقالات-احترافية/,مراجعة الأدبيات,supporting
410,ar,literature,طريقة الإعداد,الإطار النظري والدراسات السابقة طريقة الإعداد,https://www.auraideasuae.com/مقالات-احترافية/,مراجعة الأدبيات,supporting
411,ar,literature,كيفية الكتابة,الإطار النظري والدراسات السابقة كيفية الكتابة,https://www.auraideasuae.com/مقالات-احترافية/,مراجعة الأدبيات,supporting
412,ar,literature,كيفية التنسيق,الإطار النظري والدراسات السابقة كيفية التنسيق,https://www.auraideasuae.com/مقالات-احترافية/,مراجعة الأدبيات,supporting
413,ar,literature,كيفية التوثيق,الإطار النظري والدراسات السابقة كيفية التوثيق,https://www.auraideasuae.com/مقالات-احترافية/,مراجعة الأدبيات,supporting
414,ar,literature,كيفية المراجعة,الإطار النظري والدراسات السابقة كيفية المراجعة,https://www.auraideasuae.com/مقالات-احترافية/,مراجعة الأدبيات,supporting
415,ar,literature,كيفية التحليل,الإطار النظري والدراسات السابقة كيفية التحليل,https://www.auraideasuae.com/مقالات-احترافية/,مراجعة الأدبيات,supporting
416,ar,literature,كيفية العرض,الإطار النظري والدراسات السابقة كيفية العرض,https://www.auraideasuae.com/مقالات-احترافية/,مراجعة الأدبيات,supporting
417,ar,literature,قبل التسليم,الإطار النظري والدراسات السابقة قبل التسليم,https://www.auraideasuae.com/مقالات-احترافية/,مراجعة الأدبيات,supporting
418,ar,literature,لطلاب البكالوريوس,الإطار النظري والدراسات السابقة لطلاب البكالوريوس,https://www.auraideasuae.com/مقالات-احترافية/,مراجعة الأدبيات,supporting
419,ar,literature,لطلاب الماجستير,الإطار النظري والدراسات السابقة لطلاب الماجستير,https://www.auraideasuae.com/مقالات-احترافية/,مراجعة الأدبيات,supporting
420,ar,literature,لطلاب الدكتوراه,الإطار النظري والدراسات السابقة لطلاب الدكتوراه,https://www.auraideasuae.com/مقالات-احترافية/,مراجعة الأدبيات,supporting
421,ar,literature,باللغة العربية,الإطار النظري والدراسات السابقة باللغة العربية,https://www.auraideasuae.com/مقالات-احترافية/,مراجعة الأدبيات,supporting
422,ar,literature,باللغة الإنجليزية,الإطار النظري والدراسات السابقة باللغة الإنجليزية,https://www.auraideasuae.com/مقالات-احترافية/,مراجعة الأدبيات,supporting
423,ar,literature,عربي وإنجليزي,الإطار النظري والدراسات السابقة عربي وإنجليزي,https://www.auraideasuae.com/مقالات-احترافية/,مراجعة الأدبيات,supporting
424,ar,literature,في الجامعات الإماراتية,الإطار النظري والدراسات السابقة في الجامعات الإماراتية,https://www.auraideasuae.com/مقالات-احترافية/,مراجعة الأدبيات,supporting
425,ar,literature,في دبي,الإطار النظري والدراسات السابقة في دبي,https://www.auraideasuae.com/مقالات-احترافية/,مراجعة الأدبيات,supporting
426,ar,literature,في أبوظبي,الإطار النظري والدراسات السابقة في أبوظبي,https://www.auraideasuae.com/مقالات-احترافية/,مراجعة الأدبيات,supporting
427,ar,literature,في الشارقة,الإطار النظري والدراسات السابقة في الشارقة,https://www.auraideasuae.com/مقالات-احترافية/,مراجعة الأدبيات,supporting
428,ar,literature,للجامعات الخاصة,الإطار النظري والدراسات السابقة للجامعات الخاصة,https://www.auraideasuae.com/مقالات-احترافية/,مراجعة الأدبيات,supporting
429,ar,literature,للجامعات الحكومية,الإطار النظري والدراسات السابقة للجامعات الحكومية,https://www.auraideasuae.com/مقالات-احترافية/,مراجعة الأدبيات,supporting
430,ar,literature,عن بُعد,الإطار النظري والدراسات السابقة عن بُعد,https://www.auraideasuae.com/مقالات-احترافية/,مراجعة الأدبيات,supporting
431,ar,literature,خدمة احترافية,الإطار النظري والدراسات السابقة خدمة احترافية,https://www.auraideasuae.com/مقالات-احترافية/,مراجعة الأدبيات,supporting
432,ar,literature,مساعدة أكاديمية,الإطار النظري والدراسات السابقة مساعدة أكاديمية,https://www.auraideasuae.com/مقالات-احترافية/,مراجعة الأدبيات,supporting
433,ar,literature,استشارة بحثية,الإطار النظري والدراسات السابقة استشارة بحثية,https://www.auraideasuae.com/مقالات-احترافية/,مراجعة الأدبيات,supporting
434,ar,literature,مراجعة أكاديمية,الإطار النظري والدراسات السابقة مراجعة أكاديمية,https://www.auraideasuae.com/مقالات-احترافية/,مراجعة الأدبيات,supporting
435,ar,literature,تدقيق علمي,الإطار النظري والدراسات السابقة تدقيق علمي,https://www.auraideasuae.com/مقالات-احترافية/,مراجعة الأدبيات,supporting
436,ar,literature,تنسيق APA,الإطار النظري والدراسات السابقة تنسيق APA,https://www.auraideasuae.com/مقالات-احترافية/,مراجعة الأدبيات,supporting
437,ar,literature,تنسيق MLA,الإطار النظري والدراسات السابقة تنسيق MLA,https://www.auraideasuae.com/مقالات-احترافية/,مراجعة الأدبيات,supporting
438,ar,literature,تنسيق Chicago,الإطار النظري والدراسات السابقة تنسيق Chicago,https://www.auraideasuae.com/مقالات-احترافية/,مراجعة الأدبيات,supporting
439,ar,literature,توثيق المصادر,الإطار النظري والدراسات السابقة توثيق المصادر,https://www.auraideasuae.com/مقالات-احترافية/,مراجعة الأدبيات,supporting
440,ar,literature,تحسين الصياغة,الإطار النظري والدراسات السابقة تحسين الصياغة,https://www.auraideasuae.com/مقالات-احترافية/,مراجعة الأدبيات,supporting
441,ar,literature,تحسين المنهجية,الإطار النظري والدراسات السابقة تحسين المنهجية,https://www.auraideasuae.com/مقالات-احترافية/,مراجعة الأدبيات,supporting
442,ar,literature,قراءة وتحليل البيانات,الإطار النظري والدراسات السابقة قراءة وتحليل البيانات,https://www.auraideasuae.com/مقالات-احترافية/,مراجعة الأدبيات,supporting
443,ar,literature,تصميم أداة البحث,الإطار النظري والدراسات السابقة تصميم أداة البحث,https://www.auraideasuae.com/مقالات-احترافية/,مراجعة الأدبيات,supporting
444,ar,literature,مراجعة الاستبيان,الإطار النظري والدراسات السابقة مراجعة الاستبيان,https://www.auraideasuae.com/مقالات-احترافية/,مراجعة الأدبيات,supporting
445,ar,literature,تفسير النتائج,الإطار النظري والدراسات السابقة تفسير النتائج,https://www.auraideasuae.com/مقالات-احترافية/,مراجعة الأدبيات,supporting
446,ar,literature,إعداد الجداول,الإطار النظري والدراسات السابقة إعداد الجداول,https://www.auraideasuae.com/مقالات-احترافية/,مراجعة الأدبيات,supporting
447,ar,literature,إعداد الرسوم البيانية,الإطار النظري والدراسات السابقة إعداد الرسوم البيانية,https://www.auraideasuae.com/مقالات-احترافية/,مراجعة الأدبيات,supporting
448,ar,literature,تجهيز المناقشة,الإطار النظري والدراسات السابقة تجهيز المناقشة,https://www.auraideasuae.com/مقالات-احترافية/,مراجعة الأدبيات,supporting
449,ar,literature,مع الحفاظ على الأمانة العلمية,الإطار النظري والدراسات السابقة مع الحفاظ على الأمانة العلمية,https://www.auraideasuae.com/مقالات-احترافية/,مراجعة الأدبيات,supporting
450,ar,literature,وفق متطلبات الجامعة,الإطار النظري والدراسات السابقة وفق متطلبات الجامعة,https://www.auraideasuae.com/مقالات-احترافية/,مراجعة الأدبيات,supporting
451,en,literature,simple explanation,theoretical framework and literature review simple explanation,https://www.auraideasuae.com/مقالات-احترافية/,مراجعة الأدبيات,supporting
452,en,literature,practical guide,theoretical framework and literature review practical guide,https://www.auraideasuae.com/مقالات-احترافية/,مراجعة الأدبيات,supporting
453,en,literature,step-by-step process,theoretical framework and literature review step-by-step process,https://www.auraideasuae.com/مقالات-احترافية/,مراجعة الأدبيات,supporting
454,en,literature,editable template,theoretical framework and literature review editable template,https://www.auraideasuae.com/مقالات-احترافية/,مراجعة الأدبيات,supporting
455,en,literature,worked example,theoretical framework and literature review worked example,https://www.auraideasuae.com/مقالات-احترافية/,مراجعة الأدبيات,supporting
456,en,literature,action plan,theoretical framework and literature review action plan,https://www.auraideasuae.com/مقالات-احترافية/,مراجعة الأدبيات,supporting
457,en,literature,student tips,theoretical framework and literature review student tips,https://www.auraideasuae.com/مقالات-احترافية/,مراجعة الأدبيات,supporting
458,en,literature,common mistakes,theoretical framework and literature review common mistakes,https://www.auraideasuae.com/مقالات-احترافية/,مراجعة الأدبيات,supporting
459,en,literature,quality standards,theoretical framework and literature review quality standards,https://www.auraideasuae.com/مقالات-احترافية/,مراجعة الأدبيات,supporting
460,en,literature,how to prepare,theoretical framework and literature review how to prepare,https://www.auraideasuae.com/مقالات-احترافية/,مراجعة الأدبيات,supporting
461,en,literature,how to write,theoretical framework and literature review how to write,https://www.auraideasuae.com/مقالات-احترافية/,مراجعة الأدبيات,supporting
462,en,literature,how to format,theoretical framework and literature review how to format,https://www.auraideasuae.com/مقالات-احترافية/,مراجعة الأدبيات,supporting
463,en,literature,how to cite sources,theoretical framework and literature review how to cite sources,https://www.auraideasuae.com/مقالات-احترافية/,مراجعة الأدبيات,supporting
464,en,literature,how to proofread,theoretical framework and literature review how to proofread,https://www.auraideasuae.com/مقالات-احترافية/,مراجعة الأدبيات,supporting
465,en,literature,how to analyze,theoretical framework and literature review how to analyze,https://www.auraideasuae.com/مقالات-احترافية/,مراجعة الأدبيات,supporting
466,en,literature,how to present,theoretical framework and literature review how to present,https://www.auraideasuae.com/مقالات-احترافية/,مراجعة الأدبيات,supporting
467,en,literature,before submission,theoretical framework and literature review before submission,https://www.auraideasuae.com/مقالات-احترافية/,مراجعة الأدبيات,supporting
468,en,literature,for undergraduate students,theoretical framework and literature review for undergraduate students,https://www.auraideasuae.com/مقالات-احترافية/,مراجعة الأدبيات,supporting
469,en,literature,for master's students,theoretical framework and literature review for master's students,https://www.auraideasuae.com/مقالات-احترافية/,مراجعة الأدبيات,supporting
470,en,literature,for doctoral students,theoretical framework and literature review for doctoral students,https://www.auraideasuae.com/مقالات-احترافية/,مراجعة الأدبيات,supporting
471,en,literature,in Arabic,theoretical framework and literature review in Arabic,https://www.auraideasuae.com/مقالات-احترافية/,مراجعة الأدبيات,supporting
472,en,literature,in English,theoretical framework and literature review in English,https://www.auraideasuae.com/مقالات-احترافية/,مراجعة الأدبيات,supporting
473,en,literature,Arabic and English,theoretical framework and literature review Arabic and English,https://www.auraideasuae.com/مقالات-احترافية/,مراجعة الأدبيات,supporting
474,en,literature,for UAE universities,theoretical framework and literature review for UAE universities,https://www.auraideasuae.com/مقالات-احترافية/,مراجعة الأدبيات,supporting
475,en,literature,in Dubai,theoretical framework and literature review in Dubai,https://www.auraideasuae.com/مقالات-احترافية/,مراجعة الأدبيات,supporting
476,en,literature,in Abu Dhabi,theoretical framework and literature review in Abu Dhabi,https://www.auraideasuae.com/مقالات-احترافية/,مراجعة الأدبيات,supporting
477,en,literature,in Sharjah,theoretical framework and literature review in Sharjah,https://www.auraideasuae.com/مقالات-احترافية/,مراجعة الأدبيات,supporting
478,en,literature,for private universities,theoretical framework and literature review for private universities,https://www.auraideasuae.com/مقالات-احترافية/,مراجعة الأدبيات,supporting
479,en,literature,for public universities,theoretical framework and literature review for public universities,https://www.auraideasuae.com/مقالات-احترافية/,مراجعة الأدبيات,supporting
480,en,literature,online support,theoretical framework and literature review online support,https://www.auraideasuae.com/مقالات-احترافية/,مراجعة الأدبيات,supporting
481,en,literature,professional service,theoretical framework and literature review professional service,https://www.auraideasuae.com/مقالات-احترافية/,مراجعة الأدبيات,supporting
482,en,literature,academic assistance,theoretical framework and literature review academic assistance,https://www.auraideasuae.com/مقالات-احترافية/,مراجعة الأدبيات,supporting
483,en,literature,research consultation,theoretical framework and literature review research consultation,https://www.auraideasuae.com/مقالات-احترافية/,مراجعة الأدبيات,supporting
484,en,literature,academic review,theoretical framework and literature review academic review,https://www.auraideasuae.com/مقالات-احترافية/,مراجعة الأدبيات,supporting
485,en,literature,scholarly proofreading,theoretical framework and literature review scholarly proofreading,https://www.auraideasuae.com/مقالات-احترافية/,مراجعة الأدبيات,supporting
486,en,literature,APA formatting,theoretical framework and literature review APA formatting,https://www.auraideasuae.com/مقالات-احترافية/,مراجعة الأدبيات,supporting
487,en,literature,MLA formatting,theoretical framework and literature review MLA formatting,https://www.auraideasuae.com/مقالات-احترافية/,مراجعة الأدبيات,supporting
488,en,literature,Chicago formatting,theoretical framework and literature review Chicago formatting,https://www.auraideasuae.com/مقالات-احترافية/,مراجعة الأدبيات,supporting
489,en,literature,source citation,theoretical framework and literature review source citation,https://www.auraideasuae.com/مقالات-احترافية/,مراجعة الأدبيات,supporting
490,en,literature,academic rewriting,theoretical framework and literature review academic rewriting,https://www.auraideasuae.com/مقالات-احترافية/,مراجعة الأدبيات,supporting
491,en,literature,methodology improvement,theoretical framework and literature review methodology improvement,https://www.auraideasuae.com/مقالات-احترافية/,مراجعة الأدبيات,supporting
492,en,literature,data interpretation,theoretical framework and literature review data interpretation,https://www.auraideasuae.com/مقالات-احترافية/,مراجعة الأدبيات,supporting
493,en,literature,research instrument design,theoretical framework and literature review research instrument design,https://www.auraideasuae.com/مقالات-احترافية/,مراجعة الأدبيات,supporting
494,en,literature,survey review,theoretical framework and literature review survey review,https://www.auraideasuae.com/مقالات-احترافية/,مراجعة الأدبيات,supporting
495,en,literature,results interpretation,theoretical framework and literature review results interpretation,https://www.auraideasuae.com/مقالات-احترافية/,مراجعة الأدبيات,supporting
496,en,literature,table preparation,theoretical framework and literature review table preparation,https://www.auraideasuae.com/مقالات-احترافية/,مراجعة الأدبيات,supporting
497,en,literature,chart preparation,theoretical framework and literature review chart preparation,https://www.auraideasuae.com/مقالات-احترافية/,مراجعة الأدبيات,supporting
498,en,literature,discussion preparation,theoretical framework and literature review discussion preparation,https://www.auraideasuae.com/مقالات-احترافية/,مراجعة الأدبيات,supporting
499,en,literature,with academic integrity,theoretical framework and literature review with academic integrity,https://www.auraideasuae.com/مقالات-احترافية/,مراجعة الأدبيات,supporting
500,en,literature,according to university requirements,theoretical framework and literature review according to university requirements,https://www.auraideasuae.com/مقالات-احترافية/,مراجعة الأدبيات,supporting
501,ar,references,شرح مبسط,المراجع وتوثيق المصادر شرح مبسط,https://www.auraideasuae.com/مقالات-احترافية/,المراجع والتوثيق,supporting
502,ar,references,دليل عملي,المراجع وتوثيق المصادر دليل عملي,https://www.auraideasuae.com/مقالات-احترافية/,المراجع والتوثيق,supporting
503,ar,references,خطوات التنفيذ,المراجع وتوثيق المصادر خطوات التنفيذ,https://www.auraideasuae.com/مقالات-احترافية/,المراجع والتوثيق,supporting
504,ar,references,نموذج قابل للتعديل,المراجع وتوثيق المصادر نموذج قابل للتعديل,https://www.auraideasuae.com/مقالات-احترافية/,المراجع والتوثيق,supporting
505,ar,references,مثال تطبيقي,المراجع وتوثيق المصادر مثال تطبيقي,https://www.auraideasuae.com/مقالات-احترافية/,المراجع والتوثيق,supporting
506,ar,references,خطة عمل,المراجع وتوثيق المصادر خطة عمل,https://www.auraideasuae.com/مقالات-احترافية/,المراجع والتوثيق,supporting
507,ar,references,نصائح للطلاب,المراجع وتوثيق المصادر نصائح للطلاب,https://www.auraideasuae.com/مقالات-احترافية/,المراجع والتوثيق,supporting
508,ar,references,أخطاء شائعة,المراجع وتوثيق المصادر أخطاء شائعة,https://www.auraideasuae.com/مقالات-احترافية/,المراجع والتوثيق,supporting
509,ar,references,معايير الجودة,المراجع وتوثيق المصادر معايير الجودة,https://www.auraideasuae.com/مقالات-احترافية/,المراجع والتوثيق,supporting
510,ar,references,طريقة الإعداد,المراجع وتوثيق المصادر طريقة الإعداد,https://www.auraideasuae.com/مقالات-احترافية/,المراجع والتوثيق,supporting
511,ar,references,كيفية الكتابة,المراجع وتوثيق المصادر كيفية الكتابة,https://www.auraideasuae.com/مقالات-احترافية/,المراجع والتوثيق,supporting
512,ar,references,كيفية التنسيق,المراجع وتوثيق المصادر كيفية التنسيق,https://www.auraideasuae.com/مقالات-احترافية/,المراجع والتوثيق,supporting
513,ar,references,كيفية التوثيق,المراجع وتوثيق المصادر كيفية التوثيق,https://www.auraideasuae.com/مقالات-احترافية/,المراجع والتوثيق,supporting
514,ar,references,كيفية المراجعة,المراجع وتوثيق المصادر كيفية المراجعة,https://www.auraideasuae.com/مقالات-احترافية/,المراجع والتوثيق,supporting
515,ar,references,كيفية التحليل,المراجع وتوثيق المصادر كيفية التحليل,https://www.auraideasuae.com/مقالات-احترافية/,المراجع والتوثيق,supporting
516,ar,references,كيفية العرض,المراجع وتوثيق المصادر كيفية العرض,https://www.auraideasuae.com/مقالات-احترافية/,المراجع والتوثيق,supporting
517,ar,references,قبل التسليم,المراجع وتوثيق المصادر قبل التسليم,https://www.auraideasuae.com/مقالات-احترافية/,المراجع والتوثيق,supporting
518,ar,references,لطلاب البكالوريوس,المراجع وتوثيق المصادر لطلاب البكالوريوس,https://www.auraideasuae.com/مقالات-احترافية/,المراجع والتوثيق,supporting
519,ar,references,لطلاب الماجستير,المراجع وتوثيق المصادر لطلاب الماجستير,https://www.auraideasuae.com/مقالات-احترافية/,المراجع والتوثيق,supporting
520,ar,references,لطلاب الدكتوراه,المراجع وتوثيق المصادر لطلاب الدكتوراه,https://www.auraideasuae.com/مقالات-احترافية/,المراجع والتوثيق,supporting
521,ar,references,باللغة العربية,المراجع وتوثيق المصادر باللغة العربية,https://www.auraideasuae.com/مقالات-احترافية/,المراجع والتوثيق,supporting
522,ar,references,باللغة الإنجليزية,المراجع وتوثيق المصادر باللغة الإنجليزية,https://www.auraideasuae.com/مقالات-احترافية/,المراجع والتوثيق,supporting
523,ar,references,عربي وإنجليزي,المراجع وتوثيق المصادر عربي وإنجليزي,https://www.auraideasuae.com/مقالات-احترافية/,المراجع والتوثيق,supporting
524,ar,references,في الجامعات الإماراتية,المراجع وتوثيق المصادر في الجامعات الإماراتية,https://www.auraideasuae.com/مقالات-احترافية/,المراجع والتوثيق,supporting
525,ar,references,في دبي,المراجع وتوثيق المصادر في دبي,https://www.auraideasuae.com/مقالات-احترافية/,المراجع والتوثيق,supporting
526,ar,references,في أبوظبي,المراجع وتوثيق المصادر في أبوظبي,https://www.auraideasuae.com/مقالات-احترافية/,المراجع والتوثيق,supporting
527,ar,references,في الشارقة,المراجع وتوثيق المصادر في الشارقة,https://www.auraideasuae.com/مقالات-احترافية/,المراجع والتوثيق,supporting
528,ar,references,للجامعات الخاصة,المراجع وتوثيق المصادر للجامعات الخاصة,https://www.auraideasuae.com/مقالات-احترافية/,المراجع والتوثيق,supporting
529,ar,references,للجامعات الحكومية,المراجع وتوثيق المصادر للجامعات الحكومية,https://www.auraideasuae.com/مقالات-احترافية/,المراجع والتوثيق,supporting
530,ar,references,عن بُعد,المراجع وتوثيق المصادر عن بُعد,https://www.auraideasuae.com/مقالات-احترافية/,المراجع والتوثيق,supporting
531,ar,references,خدمة احترافية,المراجع وتوثيق المصادر خدمة احترافية,https://www.auraideasuae.com/مقالات-احترافية/,المراجع والتوثيق,supporting
532,ar,references,مساعدة أكاديمية,المراجع وتوثيق المصادر مساعدة أكاديمية,https://www.auraideasuae.com/مقالات-احترافية/,المراجع والتوثيق,supporting
533,ar,references,استشارة بحثية,المراجع وتوثيق المصادر استشارة بحثية,https://www.auraideasuae.com/مقالات-احترافية/,المراجع والتوثيق,supporting
534,ar,references,مراجعة أكاديمية,المراجع وتوثيق المصادر مراجعة أكاديمية,https://www.auraideasuae.com/مقالات-احترافية/,المراجع والتوثيق,supporting
535,ar,references,تدقيق علمي,المراجع وتوثيق المصادر تدقيق علمي,https://www.auraideasuae.com/مقالات-احترافية/,المراجع والتوثيق,supporting
536,ar,references,تنسيق APA,المراجع وتوثيق المصادر تنسيق APA,https://www.auraideasuae.com/مقالات-احترافية/,المراجع والتوثيق,supporting
537,ar,references,تنسيق MLA,المراجع وتوثيق المصادر تنسيق MLA,https://www.auraideasuae.com/مقالات-احترافية/,المراجع والتوثيق,supporting
538,ar,references,تنسيق Chicago,المراجع وتوثيق المصادر تنسيق Chicago,https://www.auraideasuae.com/مقالات-احترافية/,المراجع والتوثيق,supporting
539,ar,references,توثيق المصادر,المراجع وتوثيق المصادر توثيق المصادر,https://www.auraideasuae.com/مقالات-احترافية/,المراجع والتوثيق,supporting
540,ar,references,تحسين الصياغة,المراجع وتوثيق المصادر تحسين الصياغة,https://www.auraideasuae.com/مقالات-احترافية/,المراجع والتوثيق,supporting
541,ar,references,تحسين المنهجية,المراجع وتوثيق المصادر تحسين المنهجية,https://www.auraideasuae.com/مقالات-احترافية/,المراجع والتوثيق,supporting
542,ar,references,قراءة وتحليل البيانات,المراجع وتوثيق المصادر قراءة وتحليل البيانات,https://www.auraideasuae.com/مقالات-احترافية/,المراجع والتوثيق,supporting
543,ar,references,تصميم أداة البحث,المراجع وتوثيق المصادر تصميم أداة البحث,https://www.auraideasuae.com/مقالات-احترافية/,المراجع والتوثيق,supporting
544,ar,references,مراجعة الاستبيان,المراجع وتوثيق المصادر مراجعة الاستبيان,https://www.auraideasuae.com/مقالات-احترافية/,المراجع والتوثيق,supporting
545,ar,references,تفسير النتائج,المراجع وتوثيق المصادر تفسير النتائج,https://www.auraideasuae.com/مقالات-احترافية/,المراجع والتوثيق,supporting
546,ar,references,إعداد الجداول,المراجع وتوثيق المصادر إعداد الجداول,https://www.auraideasuae.com/مقالات-احترافية/,المراجع والتوثيق,supporting
547,ar,references,إعداد الرسوم البيانية,المراجع وتوثيق المصادر إعداد الرسوم البيانية,https://www.auraideasuae.com/مقالات-احترافية/,المراجع والتوثيق,supporting
548,ar,references,تجهيز المناقشة,المراجع وتوثيق المصادر تجهيز المناقشة,https://www.auraideasuae.com/مقالات-احترافية/,المراجع والتوثيق,supporting
549,ar,references,مع الحفاظ على الأمانة العلمية,المراجع وتوثيق المصادر مع الحفاظ على الأمانة العلمية,https://www.auraideasuae.com/مقالات-احترافية/,المراجع والتوثيق,supporting
550,ar,references,وفق متطلبات الجامعة,المراجع وتوثيق المصادر وفق متطلبات الجامعة,https://www.auraideasuae.com/مقالات-احترافية/,المراجع والتوثيق,supporting
551,en,references,simple explanation,references and source citation simple explanation,https://www.auraideasuae.com/مقالات-احترافية/,المراجع والتوثيق,supporting
552,en,references,practical guide,references and source citation practical guide,https://www.auraideasuae.com/مقالات-احترافية/,المراجع والتوثيق,supporting
553,en,references,step-by-step process,references and source citation step-by-step process,https://www.auraideasuae.com/مقالات-احترافية/,المراجع والتوثيق,supporting
554,en,references,editable template,references and source citation editable template,https://www.auraideasuae.com/مقالات-احترافية/,المراجع والتوثيق,supporting
555,en,references,worked example,references and source citation worked example,https://www.auraideasuae.com/مقالات-احترافية/,المراجع والتوثيق,supporting
556,en,references,action plan,references and source citation action plan,https://www.auraideasuae.com/مقالات-احترافية/,المراجع والتوثيق,supporting
557,en,references,student tips,references and source citation student tips,https://www.auraideasuae.com/مقالات-احترافية/,المراجع والتوثيق,supporting
558,en,references,common mistakes,references and source citation common mistakes,https://www.auraideasuae.com/مقالات-احترافية/,المراجع والتوثيق,supporting
559,en,references,quality standards,references and source citation quality standards,https://www.auraideasuae.com/مقالات-احترافية/,المراجع والتوثيق,supporting
560,en,references,how to prepare,references and source citation how to prepare,https://www.auraideasuae.com/مقالات-احترافية/,المراجع والتوثيق,supporting
561,en,references,how to write,references and source citation how to write,https://www.auraideasuae.com/مقالات-احترافية/,المراجع والتوثيق,supporting
562,en,references,how to format,references and source citation how to format,https://www.auraideasuae.com/مقالات-احترافية/,المراجع والتوثيق,supporting
563,en,references,how to cite sources,references and source citation how to cite sources,https://www.auraideasuae.com/مقالات-احترافية/,المراجع والتوثيق,supporting
564,en,references,how to proofread,references and source citation how to proofread,https://www.auraideasuae.com/مقالات-احترافية/,المراجع والتوثيق,supporting
565,en,references,how to analyze,references and source citation how to analyze,https://www.auraideasuae.com/مقالات-احترافية/,المراجع والتوثيق,supporting
566,en,references,how to present,references and source citation how to present,https://www.auraideasuae.com/مقالات-احترافية/,المراجع والتوثيق,supporting
567,en,references,before submission,references and source citation before submission,https://www.auraideasuae.com/مقالات-احترافية/,المراجع والتوثيق,supporting
568,en,references,for undergraduate students,references and source citation for undergraduate students,https://www.auraideasuae.com/مقالات-احترافية/,المراجع والتوثيق,supporting
569,en,references,for master's students,references and source citation for master's students,https://www.auraideasuae.com/مقالات-احترافية/,المراجع والتوثيق,supporting
570,en,references,for doctoral students,references and source citation for doctoral students,https://www.auraideasuae.com/مقالات-احترافية/,المراجع والتوثيق,supporting
571,en,references,in Arabic,references and source citation in Arabic,https://www.auraideasuae.com/مقالات-احترافية/,المراجع والتوثيق,supporting
572,en,references,in English,references and source citation in English,https://www.auraideasuae.com/مقالات-احترافية/,المراجع والتوثيق,supporting
573,en,references,Arabic and English,references and source citation Arabic and English,https://www.auraideasuae.com/مقالات-احترافية/,المراجع والتوثيق,supporting
574,en,references,for UAE universities,references and source citation for UAE universities,https://www.auraideasuae.com/مقالات-احترافية/,المراجع والتوثيق,supporting
575,en,references,in Dubai,references and source citation in Dubai,https://www.auraideasuae.com/مقالات-احترافية/,المراجع والتوثيق,supporting
576,en,references,in Abu Dhabi,references and source citation in Abu Dhabi,https://www.auraideasuae.com/مقالات-احترافية/,المراجع والتوثيق,supporting
577,en,references,in Sharjah,references and source citation in Sharjah,https://www.auraideasuae.com/مقالات-احترافية/,المراجع والتوثيق,supporting
578,en,references,for private universities,references and source citation for private universities,https://www.auraideasuae.com/مقالات-احترافية/,المراجع والتوثيق,supporting
579,en,references,for public universities,references and source citation for public universities,https://www.auraideasuae.com/مقالات-احترافية/,المراجع والتوثيق,supporting
580,en,references,online support,references and source citation online support,https://www.auraideasuae.com/مقالات-احترافية/,المراجع والتوثيق,supporting
581,en,references,professional service,references and source citation professional service,https://www.auraideasuae.com/مقالات-احترافية/,المراجع والتوثيق,supporting
582,en,references,academic assistance,references and source citation academic assistance,https://www.auraideasuae.com/مقالات-احترافية/,المراجع والتوثيق,supporting
583,en,references,research consultation,references and source citation research consultation,https://www.auraideasuae.com/مقالات-احترافية/,المراجع والتوثيق,supporting
584,en,references,academic review,references and source citation academic review,https://www.auraideasuae.com/مقالات-احترافية/,المراجع والتوثيق,supporting
585,en,references,scholarly proofreading,references and source citation scholarly proofreading,https://www.auraideasuae.com/مقالات-احترافية/,المراجع والتوثيق,supporting
586,en,references,APA formatting,references and source citation APA formatting,https://www.auraideasuae.com/مقالات-احترافية/,المراجع والتوثيق,supporting
587,en,references,MLA formatting,references and source citation MLA formatting,https://www.auraideasuae.com/مقالات-احترافية/,المراجع والتوثيق,supporting
588,en,references,Chicago formatting,references and source citation Chicago formatting,https://www.auraideasuae.com/مقالات-احترافية/,المراجع والتوثيق,supporting
589,en,references,source citation,references and source citation source citation,https://www.auraideasuae.com/مقالات-احترافية/,المراجع والتوثيق,supporting
590,en,references,academic rewriting,references and source citation academic rewriting,https://www.auraideasuae.com/مقالات-احترافية/,المراجع والتوثيق,supporting
591,en,references,methodology improvement,references and source citation methodology improvement,https://www.auraideasuae.com/مقالات-احترافية/,المراجع والتوثيق,supporting
592,en,references,data interpretation,references and source citation data interpretation,https://www.auraideasuae.com/مقالات-احترافية/,المراجع والتوثيق,supporting
593,en,references,research instrument design,references and source citation research instrument design,https://www.auraideasuae.com/مقالات-احترافية/,المراجع والتوثيق,supporting
594,en,references,survey review,references and source citation survey review,https://www.auraideasuae.com/مقالات-احترافية/,المراجع والتوثيق,supporting
595,en,references,results interpretation,references and source citation results interpretation,https://www.auraideasuae.com/مقالات-احترافية/,المراجع والتوثيق,supporting
596,en,references,table preparation,references and source citation table preparation,https://www.auraideasuae.com/مقالات-احترافية/,المراجع والتوثيق,supporting
597,en,references,chart preparation,references and source citation chart preparation,https://www.auraideasuae.com/مقالات-احترافية/,المراجع والتوثيق,supporting
598,en,references,discussion preparation,references and source citation discussion preparation,https://www.auraideasuae.com/مقالات-احترافية/,المراجع والتوثيق,supporting
599,en,references,with academic integrity,references and source citation with academic integrity,https://www.auraideasuae.com/مقالات-احترافية/,المراجع والتوثيق,supporting
600,en,references,according to university requirements,references and source citation according to university requirements,https://www.auraideasuae.com/مقالات-احترافية/,المراجع والتوثيق,supporting
601,ar,masters,شرح مبسط,رسائل الماجستير شرح مبسط,https://www.auraideasuae.com/مقالات-احترافية/,رسائل الماجستير,supporting
602,ar,masters,دليل عملي,رسائل الماجستير دليل عملي,https://www.auraideasuae.com/مقالات-احترافية/,رسائل الماجستير,supporting
603,ar,masters,خطوات التنفيذ,رسائل الماجستير خطوات التنفيذ,https://www.auraideasuae.com/مقالات-احترافية/,رسائل الماجستير,supporting
604,ar,masters,نموذج قابل للتعديل,رسائل الماجستير نموذج قابل للتعديل,https://www.auraideasuae.com/مقالات-احترافية/,رسائل الماجستير,supporting
605,ar,masters,مثال تطبيقي,رسائل الماجستير مثال تطبيقي,https://www.auraideasuae.com/مقالات-احترافية/,رسائل الماجستير,supporting
606,ar,masters,خطة عمل,رسائل الماجستير خطة عمل,https://www.auraideasuae.com/مقالات-احترافية/,رسائل الماجستير,supporting
607,ar,masters,نصائح للطلاب,رسائل الماجستير نصائح للطلاب,https://www.auraideasuae.com/مقالات-احترافية/,رسائل الماجستير,supporting
608,ar,masters,أخطاء شائعة,رسائل الماجستير أخطاء شائعة,https://www.auraideasuae.com/مقالات-احترافية/,رسائل الماجستير,supporting
609,ar,masters,معايير الجودة,رسائل الماجستير معايير الجودة,https://www.auraideasuae.com/مقالات-احترافية/,رسائل الماجستير,supporting
610,ar,masters,طريقة الإعداد,رسائل الماجستير طريقة الإعداد,https://www.auraideasuae.com/مقالات-احترافية/,رسائل الماجستير,supporting
611,ar,masters,كيفية الكتابة,رسائل الماجستير كيفية الكتابة,https://www.auraideasuae.com/مقالات-احترافية/,رسائل الماجستير,supporting
612,ar,masters,كيفية التنسيق,رسائل الماجستير كيفية التنسيق,https://www.auraideasuae.com/مقالات-احترافية/,رسائل الماجستير,supporting
613,ar,masters,كيفية التوثيق,رسائل الماجستير كيفية التوثيق,https://www.auraideasuae.com/مقالات-احترافية/,رسائل الماجستير,supporting
614,ar,masters,كيفية المراجعة,رسائل الماجستير كيفية المراجعة,https://www.auraideasuae.com/مقالات-احترافية/,رسائل الماجستير,supporting
615,ar,masters,كيفية التحليل,رسائل الماجستير كيفية التحليل,https://www.auraideasuae.com/مقالات-احترافية/,رسائل الماجستير,supporting
616,ar,masters,كيفية العرض,رسائل الماجستير كيفية العرض,https://www.auraideasuae.com/مقالات-احترافية/,رسائل الماجستير,supporting
617,ar,masters,قبل التسليم,رسائل الماجستير قبل التسليم,https://www.auraideasuae.com/مقالات-احترافية/,رسائل الماجستير,supporting
618,ar,masters,لطلاب البكالوريوس,رسائل الماجستير لطلاب البكالوريوس,https://www.auraideasuae.com/مقالات-احترافية/,رسائل الماجستير,supporting
619,ar,masters,لطلاب الماجستير,رسائل الماجستير لطلاب الماجستير,https://www.auraideasuae.com/مقالات-احترافية/,رسائل الماجستير,supporting
620,ar,masters,لطلاب الدكتوراه,رسائل الماجستير لطلاب الدكتوراه,https://www.auraideasuae.com/مقالات-احترافية/,رسائل الماجستير,supporting
621,ar,masters,باللغة العربية,رسائل الماجستير باللغة العربية,https://www.auraideasuae.com/مقالات-احترافية/,رسائل الماجستير,supporting
622,ar,masters,باللغة الإنجليزية,رسائل الماجستير باللغة الإنجليزية,https://www.auraideasuae.com/مقالات-احترافية/,رسائل الماجستير,supporting
623,ar,masters,عربي وإنجليزي,رسائل الماجستير عربي وإنجليزي,https://www.auraideasuae.com/مقالات-احترافية/,رسائل الماجستير,supporting
624,ar,masters,في الجامعات الإماراتية,رسائل الماجستير في الجامعات الإماراتية,https://www.auraideasuae.com/مقالات-احترافية/,رسائل الماجستير,supporting
625,ar,masters,في دبي,رسائل الماجستير في دبي,https://www.auraideasuae.com/مقالات-احترافية/,رسائل الماجستير,supporting
626,ar,masters,في أبوظبي,رسائل الماجستير في أبوظبي,https://www.auraideasuae.com/مقالات-احترافية/,رسائل الماجستير,supporting
627,ar,masters,في الشارقة,رسائل الماجستير في الشارقة,https://www.auraideasuae.com/مقالات-احترافية/,رسائل الماجستير,supporting
628,ar,masters,للجامعات الخاصة,رسائل الماجستير للجامعات الخاصة,https://www.auraideasuae.com/مقالات-احترافية/,رسائل الماجستير,supporting
629,ar,masters,للجامعات الحكومية,رسائل الماجستير للجامعات الحكومية,https://www.auraideasuae.com/مقالات-احترافية/,رسائل الماجستير,supporting
630,ar,masters,عن بُعد,رسائل الماجستير عن بُعد,https://www.auraideasuae.com/مقالات-احترافية/,رسائل الماجستير,supporting
631,ar,masters,خدمة احترافية,رسائل الماجستير خدمة احترافية,https://www.auraideasuae.com/مقالات-احترافية/,رسائل الماجستير,supporting
632,ar,masters,مساعدة أكاديمية,رسائل الماجستير مساعدة أكاديمية,https://www.auraideasuae.com/مقالات-احترافية/,رسائل الماجستير,supporting
633,ar,masters,استشارة بحثية,رسائل الماجستير استشارة بحثية,https://www.auraideasuae.com/مقالات-احترافية/,رسائل الماجستير,supporting
634,ar,masters,مراجعة أكاديمية,رسائل الماجستير مراجعة أكاديمية,https://www.auraideasuae.com/مقالات-احترافية/,رسائل الماجستير,supporting
635,ar,masters,تدقيق علمي,رسائل الماجستير تدقيق علمي,https://www.auraideasuae.com/مقالات-احترافية/,رسائل الماجستير,supporting
636,ar,masters,تنسيق APA,رسائل الماجستير تنسيق APA,https://www.auraideasuae.com/مقالات-احترافية/,رسائل الماجستير,supporting
637,ar,masters,تنسيق MLA,رسائل الماجستير تنسيق MLA,https://www.auraideasuae.com/مقالات-احترافية/,رسائل الماجستير,supporting
638,ar,masters,تنسيق Chicago,رسائل الماجستير تنسيق Chicago,https://www.auraideasuae.com/مقالات-احترافية/,رسائل الماجستير,supporting
639,ar,masters,توثيق المصادر,رسائل الماجستير توثيق المصادر,https://www.auraideasuae.com/مقالات-احترافية/,رسائل الماجستير,supporting
640,ar,masters,تحسين الصياغة,رسائل الماجستير تحسين الصياغة,https://www.auraideasuae.com/مقالات-احترافية/,رسائل الماجستير,supporting
641,ar,masters,تحسين المنهجية,رسائل الماجستير تحسين المنهجية,https://www.auraideasuae.com/مقالات-احترافية/,رسائل الماجستير,supporting
642,ar,masters,قراءة وتحليل البيانات,رسائل الماجستير قراءة وتحليل البيانات,https://www.auraideasuae.com/مقالات-احترافية/,رسائل الماجستير,supporting
643,ar,masters,تصميم أداة البحث,رسائل الماجستير تصميم أداة البحث,https://www.auraideasuae.com/مقالات-احترافية/,رسائل الماجستير,supporting
644,ar,masters,مراجعة الاستبيان,رسائل الماجستير مراجعة الاستبيان,https://www.auraideasuae.com/مقالات-احترافية/,رسائل الماجستير,supporting
645,ar,masters,تفسير النتائج,رسائل الماجستير تفسير النتائج,https://www.auraideasuae.com/مقالات-احترافية/,رسائل الماجستير,supporting
646,ar,masters,إعداد الجداول,رسائل الماجستير إعداد الجداول,https://www.auraideasuae.com/مقالات-احترافية/,رسائل الماجستير,supporting
647,ar,masters,إعداد الرسوم البيانية,رسائل الماجستير إعداد الرسوم البيانية,https://www.auraideasuae.com/مقالات-احترافية/,رسائل الماجستير,supporting
648,ar,masters,تجهيز المناقشة,رسائل الماجستير تجهيز المناقشة,https://www.auraideasuae.com/مقالات-احترافية/,رسائل الماجستير,supporting
649,ar,masters,مع الحفاظ على الأمانة العلمية,رسائل الماجستير مع الحفاظ على الأمانة العلمية,https://www.auraideasuae.com/مقالات-احترافية/,رسائل الماجستير,supporting
650,ar,masters,وفق متطلبات الجامعة,رسائل الماجستير وفق متطلبات الجامعة,https://www.auraideasuae.com/مقالات-احترافية/,رسائل الماجستير,supporting
651,en,masters,simple explanation,master's thesis simple explanation,https://www.auraideasuae.com/مقالات-احترافية/,رسائل الماجستير,supporting
652,en,masters,practical guide,master's thesis practical guide,https://www.auraideasuae.com/مقالات-احترافية/,رسائل الماجستير,supporting
653,en,masters,step-by-step process,master's thesis step-by-step process,https://www.auraideasuae.com/مقالات-احترافية/,رسائل الماجستير,supporting
654,en,masters,editable template,master's thesis editable template,https://www.auraideasuae.com/مقالات-احترافية/,رسائل الماجستير,supporting
655,en,masters,worked example,master's thesis worked example,https://www.auraideasuae.com/مقالات-احترافية/,رسائل الماجستير,supporting
656,en,masters,action plan,master's thesis action plan,https://www.auraideasuae.com/مقالات-احترافية/,رسائل الماجستير,supporting
657,en,masters,student tips,master's thesis student tips,https://www.auraideasuae.com/مقالات-احترافية/,رسائل الماجستير,supporting
658,en,masters,common mistakes,master's thesis common mistakes,https://www.auraideasuae.com/مقالات-احترافية/,رسائل الماجستير,supporting
659,en,masters,quality standards,master's thesis quality standards,https://www.auraideasuae.com/مقالات-احترافية/,رسائل الماجستير,supporting
660,en,masters,how to prepare,master's thesis how to prepare,https://www.auraideasuae.com/مقالات-احترافية/,رسائل الماجستير,supporting
661,en,masters,how to write,master's thesis how to write,https://www.auraideasuae.com/مقالات-احترافية/,رسائل الماجستير,supporting
662,en,masters,how to format,master's thesis how to format,https://www.auraideasuae.com/مقالات-احترافية/,رسائل الماجستير,supporting
663,en,masters,how to cite sources,master's thesis how to cite sources,https://www.auraideasuae.com/مقالات-احترافية/,رسائل الماجستير,supporting
664,en,masters,how to proofread,master's thesis how to proofread,https://www.auraideasuae.com/مقالات-احترافية/,رسائل الماجستير,supporting
665,en,masters,how to analyze,master's thesis how to analyze,https://www.auraideasuae.com/مقالات-احترافية/,رسائل الماجستير,supporting
666,en,masters,how to present,master's thesis how to present,https://www.auraideasuae.com/مقالات-احترافية/,رسائل الماجستير,supporting
667,en,masters,before submission,master's thesis before submission,https://www.auraideasuae.com/مقالات-احترافية/,رسائل الماجستير,supporting
668,en,masters,for undergraduate students,master's thesis for undergraduate students,https://www.auraideasuae.com/مقالات-احترافية/,رسائل الماجستير,supporting
669,en,masters,for master's students,master's thesis for master's students,https://www.auraideasuae.com/مقالات-احترافية/,رسائل الماجستير,supporting
670,en,masters,for doctoral students,master's thesis for doctoral students,https://www.auraideasuae.com/مقالات-احترافية/,رسائل الماجستير,supporting
671,en,masters,in Arabic,master's thesis in Arabic,https://www.auraideasuae.com/مقالات-احترافية/,رسائل الماجستير,supporting
672,en,masters,in English,master's thesis in English,https://www.auraideasuae.com/مقالات-احترافية/,رسائل الماجستير,supporting
673,en,masters,Arabic and English,master's thesis Arabic and English,https://www.auraideasuae.com/مقالات-احترافية/,رسائل الماجستير,supporting
674,en,masters,for UAE universities,master's thesis for UAE universities,https://www.auraideasuae.com/مقالات-احترافية/,رسائل الماجستير,supporting
675,en,masters,in Dubai,master's thesis in Dubai,https://www.auraideasuae.com/مقالات-احترافية/,رسائل الماجستير,supporting
676,en,masters,in Abu Dhabi,master's thesis in Abu Dhabi,https://www.auraideasuae.com/مقالات-احترافية/,رسائل الماجستير,supporting
677,en,masters,in Sharjah,master's thesis in Sharjah,https://www.auraideasuae.com/مقالات-احترافية/,رسائل الماجستير,supporting
678,en,masters,for private universities,master's thesis for private universities,https://www.auraideasuae.com/مقالات-احترافية/,رسائل الماجستير,supporting
679,en,masters,for public universities,master's thesis for public universities,https://www.auraideasuae.com/مقالات-احترافية/,رسائل الماجستير,supporting
680,en,masters,online support,master's thesis online support,https://www.auraideasuae.com/مقالات-احترافية/,رسائل الماجستير,supporting
681,en,masters,professional service,master's thesis professional service,https://www.auraideasuae.com/مقالات-احترافية/,رسائل الماجستير,supporting
682,en,masters,academic assistance,master's thesis academic assistance,https://www.auraideasuae.com/مقالات-احترافية/,رسائل الماجستير,supporting
683,en,masters,research consultation,master's thesis research consultation,https://www.auraideasuae.com/مقالات-احترافية/,رسائل الماجستير,supporting
684,en,masters,academic review,master's thesis academic review,https://www.auraideasuae.com/مقالات-احترافية/,رسائل الماجستير,supporting
685,en,masters,scholarly proofreading,master's thesis scholarly proofreading,https://www.auraideasuae.com/مقالات-احترافية/,رسائل الماجستير,supporting
686,en,masters,APA formatting,master's thesis APA formatting,https://www.auraideasuae.com/مقالات-احترافية/,رسائل الماجستير,supporting
687,en,masters,MLA formatting,master's thesis MLA formatting,https://www.auraideasuae.com/مقالات-احترافية/,رسائل الماجستير,supporting
688,en,masters,Chicago formatting,master's thesis Chicago formatting,https://www.auraideasuae.com/مقالات-احترافية/,رسائل الماجستير,supporting
689,en,masters,source citation,master's thesis source citation,https://www.auraideasuae.com/مقالات-احترافية/,رسائل الماجستير,supporting
690,en,masters,academic rewriting,master's thesis academic rewriting,https://www.auraideasuae.com/مقالات-احترافية/,رسائل الماجستير,supporting
691,en,masters,methodology improvement,master's thesis methodology improvement,https://www.auraideasuae.com/مقالات-احترافية/,رسائل الماجستير,supporting
692,en,masters,data interpretation,master's thesis data interpretation,https://www.auraideasuae.com/مقالات-احترافية/,رسائل الماجستير,supporting
693,en,masters,research instrument design,master's thesis research instrument design,https://www.auraideasuae.com/مقالات-احترافية/,رسائل الماجستير,supporting
694,en,masters,survey review,master's thesis survey review,https://www.auraideasuae.com/مقالات-احترافية/,رسائل الماجستير,supporting
695,en,masters,results interpretation,master's thesis results interpretation,https://www.auraideasuae.com/مقالات-احترافية/,رسائل الماجستير,supporting
696,en,masters,table preparation,master's thesis table preparation,https://www.auraideasuae.com/مقالات-احترافية/,رسائل الماجستير,supporting
697,en,masters,chart preparation,master's thesis chart preparation,https://www.auraideasuae.com/مقالات-احترافية/,رسائل الماجستير,supporting
698,en,masters,discussion preparation,master's thesis discussion preparation,https://www.auraideasuae.com/مقالات-احترافية/,رسائل الماجستير,supporting
699,en,masters,with academic integrity,master's thesis with academic integrity,https://www.auraideasuae.com/مقالات-احترافية/,رسائل الماجستير,supporting
700,en,masters,according to university requirements,master's thesis according to university requirements,https://www.auraideasuae.com/مقالات-احترافية/,رسائل الماجستير,supporting
701,ar,doctoral,شرح مبسط,رسائل الدكتوراه شرح مبسط,https://www.auraideasuae.com/مقالات-احترافية/,رسائل الدكتوراه,supporting
702,ar,doctoral,دليل عملي,رسائل الدكتوراه دليل عملي,https://www.auraideasuae.com/مقالات-احترافية/,رسائل الدكتوراه,supporting
703,ar,doctoral,خطوات التنفيذ,رسائل الدكتوراه خطوات التنفيذ,https://www.auraideasuae.com/مقالات-احترافية/,رسائل الدكتوراه,supporting
704,ar,doctoral,نموذج قابل للتعديل,رسائل الدكتوراه نموذج قابل للتعديل,https://www.auraideasuae.com/مقالات-احترافية/,رسائل الدكتوراه,supporting
705,ar,doctoral,مثال تطبيقي,رسائل الدكتوراه مثال تطبيقي,https://www.auraideasuae.com/مقالات-احترافية/,رسائل الدكتوراه,supporting
706,ar,doctoral,خطة عمل,رسائل الدكتوراه خطة عمل,https://www.auraideasuae.com/مقالات-احترافية/,رسائل الدكتوراه,supporting
707,ar,doctoral,نصائح للطلاب,رسائل الدكتوراه نصائح للطلاب,https://www.auraideasuae.com/مقالات-احترافية/,رسائل الدكتوراه,supporting
708,ar,doctoral,أخطاء شائعة,رسائل الدكتوراه أخطاء شائعة,https://www.auraideasuae.com/مقالات-احترافية/,رسائل الدكتوراه,supporting
709,ar,doctoral,معايير الجودة,رسائل الدكتوراه معايير الجودة,https://www.auraideasuae.com/مقالات-احترافية/,رسائل الدكتوراه,supporting
710,ar,doctoral,طريقة الإعداد,رسائل الدكتوراه طريقة الإعداد,https://www.auraideasuae.com/مقالات-احترافية/,رسائل الدكتوراه,supporting
711,ar,doctoral,كيفية الكتابة,رسائل الدكتوراه كيفية الكتابة,https://www.auraideasuae.com/مقالات-احترافية/,رسائل الدكتوراه,supporting
712,ar,doctoral,كيفية التنسيق,رسائل الدكتوراه كيفية التنسيق,https://www.auraideasuae.com/مقالات-احترافية/,رسائل الدكتوراه,supporting
713,ar,doctoral,كيفية التوثيق,رسائل الدكتوراه كيفية التوثيق,https://www.auraideasuae.com/مقالات-احترافية/,رسائل الدكتوراه,supporting
714,ar,doctoral,كيفية المراجعة,رسائل الدكتوراه كيفية المراجعة,https://www.auraideasuae.com/مقالات-احترافية/,رسائل الدكتوراه,supporting
715,ar,doctoral,كيفية التحليل,رسائل الدكتوراه كيفية التحليل,https://www.auraideasuae.com/مقالات-احترافية/,رسائل الدكتوراه,supporting
716,ar,doctoral,كيفية العرض,رسائل الدكتوراه كيفية العرض,https://www.auraideasuae.com/مقالات-احترافية/,رسائل الدكتوراه,supporting
717,ar,doctoral,قبل التسليم,رسائل الدكتوراه قبل التسليم,https://www.auraideasuae.com/مقالات-احترافية/,رسائل الدكتوراه,supporting
718,ar,doctoral,لطلاب البكالوريوس,رسائل الدكتوراه لطلاب البكالوريوس,https://www.auraideasuae.com/مقالات-احترافية/,رسائل الدكتوراه,supporting
719,ar,doctoral,لطلاب الماجستير,رسائل الدكتوراه لطلاب الماجستير,https://www.auraideasuae.com/مقالات-احترافية/,رسائل الدكتوراه,supporting
720,ar,doctoral,لطلاب الدكتوراه,رسائل الدكتوراه لطلاب الدكتوراه,https://www.auraideasuae.com/مقالات-احترافية/,رسائل الدكتوراه,supporting
721,ar,doctoral,باللغة العربية,رسائل الدكتوراه باللغة العربية,https://www.auraideasuae.com/مقالات-احترافية/,رسائل الدكتوراه,supporting
722,ar,doctoral,باللغة الإنجليزية,رسائل الدكتوراه باللغة الإنجليزية,https://www.auraideasuae.com/مقالات-احترافية/,رسائل الدكتوراه,supporting
723,ar,doctoral,عربي وإنجليزي,رسائل الدكتوراه عربي وإنجليزي,https://www.auraideasuae.com/مقالات-احترافية/,رسائل الدكتوراه,supporting
724,ar,doctoral,في الجامعات الإماراتية,رسائل الدكتوراه في الجامعات الإماراتية,https://www.auraideasuae.com/مقالات-احترافية/,رسائل الدكتوراه,supporting
725,ar,doctoral,في دبي,رسائل الدكتوراه في دبي,https://www.auraideasuae.com/مقالات-احترافية/,رسائل الدكتوراه,supporting
726,ar,doctoral,في أبوظبي,رسائل الدكتوراه في أبوظبي,https://www.auraideasuae.com/مقالات-احترافية/,رسائل الدكتوراه,supporting
727,ar,doctoral,في الشارقة,رسائل الدكتوراه في الشارقة,https://www.auraideasuae.com/مقالات-احترافية/,رسائل الدكتوراه,supporting
728,ar,doctoral,للجامعات الخاصة,رسائل الدكتوراه للجامعات الخاصة,https://www.auraideasuae.com/مقالات-احترافية/,رسائل الدكتوراه,supporting
729,ar,doctoral,للجامعات الحكومية,رسائل الدكتوراه للجامعات الحكومية,https://www.auraideasuae.com/مقالات-احترافية/,رسائل الدكتوراه,supporting
730,ar,doctoral,عن بُعد,رسائل الدكتوراه عن بُعد,https://www.auraideasuae.com/مقالات-احترافية/,رسائل الدكتوراه,supporting
731,ar,doctoral,خدمة احترافية,رسائل الدكتوراه خدمة احترافية,https://www.auraideasuae.com/مقالات-احترافية/,رسائل الدكتوراه,supporting
732,ar,doctoral,مساعدة أكاديمية,رسائل الدكتوراه مساعدة أكاديمية,https://www.auraideasuae.com/مقالات-احترافية/,رسائل الدكتوراه,supporting
733,ar,doctoral,استشارة بحثية,رسائل الدكتوراه استشارة بحثية,https://www.auraideasuae.com/مقالات-احترافية/,رسائل الدكتوراه,supporting
734,ar,doctoral,مراجعة أكاديمية,رسائل الدكتوراه مراجعة أكاديمية,https://www.auraideasuae.com/مقالات-احترافية/,رسائل الدكتوراه,supporting
735,ar,doctoral,تدقيق علمي,رسائل الدكتوراه تدقيق علمي,https://www.auraideasuae.com/مقالات-احترافية/,رسائل الدكتوراه,supporting
736,ar,doctoral,تنسيق APA,رسائل الدكتوراه تنسيق APA,https://www.auraideasuae.com/مقالات-احترافية/,رسائل الدكتوراه,supporting
737,ar,doctoral,تنسيق MLA,رسائل الدكتوراه تنسيق MLA,https://www.auraideasuae.com/مقالات-احترافية/,رسائل الدكتوراه,supporting
738,ar,doctoral,تنسيق Chicago,رسائل الدكتوراه تنسيق Chicago,https://www.auraideasuae.com/مقالات-احترافية/,رسائل الدكتوراه,supporting
739,ar,doctoral,توثيق المصادر,رسائل الدكتوراه توثيق المصادر,https://www.auraideasuae.com/مقالات-احترافية/,رسائل الدكتوراه,supporting
740,ar,doctoral,تحسين الصياغة,رسائل الدكتوراه تحسين الصياغة,https://www.auraideasuae.com/مقالات-احترافية/,رسائل الدكتوراه,supporting
741,ar,doctoral,تحسين المنهجية,رسائل الدكتوراه تحسين المنهجية,https://www.auraideasuae.com/مقالات-احترافية/,رسائل الدكتوراه,supporting
742,ar,doctoral,قراءة وتحليل البيانات,رسائل الدكتوراه قراءة وتحليل البيانات,https://www.auraideasuae.com/مقالات-احترافية/,رسائل الدكتوراه,supporting
743,ar,doctoral,تصميم أداة البحث,رسائل الدكتوراه تصميم أداة البحث,https://www.auraideasuae.com/مقالات-احترافية/,رسائل الدكتوراه,supporting
744,ar,doctoral,مراجعة الاستبيان,رسائل الدكتوراه مراجعة الاستبيان,https://www.auraideasuae.com/مقالات-احترافية/,رسائل الدكتوراه,supporting
745,ar,doctoral,تفسير النتائج,رسائل الدكتوراه تفسير النتائج,https://www.auraideasuae.com/مقالات-احترافية/,رسائل الدكتوراه,supporting
746,ar,doctoral,إعداد الجداول,رسائل الدكتوراه إعداد الجداول,https://www.auraideasuae.com/مقالات-احترافية/,رسائل الدكتوراه,supporting
747,ar,doctoral,إعداد الرسوم البيانية,رسائل الدكتوراه إعداد الرسوم البيانية,https://www.auraideasuae.com/مقالات-احترافية/,رسائل الدكتوراه,supporting
748,ar,doctoral,تجهيز المناقشة,رسائل الدكتوراه تجهيز المناقشة,https://www.auraideasuae.com/مقالات-احترافية/,رسائل الدكتوراه,supporting
749,ar,doctoral,مع الحفاظ على الأمانة العلمية,رسائل الدكتوراه مع الحفاظ على الأمانة العلمية,https://www.auraideasuae.com/مقالات-احترافية/,رسائل الدكتوراه,supporting
750,ar,doctoral,وفق متطلبات الجامعة,رسائل الدكتوراه وفق متطلبات الجامعة,https://www.auraideasuae.com/مقالات-احترافية/,رسائل الدكتوراه,supporting
751,en,doctoral,simple explanation,doctoral dissertation simple explanation,https://www.auraideasuae.com/مقالات-احترافية/,رسائل الدكتوراه,supporting
752,en,doctoral,practical guide,doctoral dissertation practical guide,https://www.auraideasuae.com/مقالات-احترافية/,رسائل الدكتوراه,supporting
753,en,doctoral,step-by-step process,doctoral dissertation step-by-step process,https://www.auraideasuae.com/مقالات-احترافية/,رسائل الدكتوراه,supporting
754,en,doctoral,editable template,doctoral dissertation editable template,https://www.auraideasuae.com/مقالات-احترافية/,رسائل الدكتوراه,supporting
755,en,doctoral,worked example,doctoral dissertation worked example,https://www.auraideasuae.com/مقالات-احترافية/,رسائل الدكتوراه,supporting
756,en,doctoral,action plan,doctoral dissertation action plan,https://www.auraideasuae.com/مقالات-احترافية/,رسائل الدكتوراه,supporting
757,en,doctoral,student tips,doctoral dissertation student tips,https://www.auraideasuae.com/مقالات-احترافية/,رسائل الدكتوراه,supporting
758,en,doctoral,common mistakes,doctoral dissertation common mistakes,https://www.auraideasuae.com/مقالات-احترافية/,رسائل الدكتوراه,supporting
759,en,doctoral,quality standards,doctoral dissertation quality standards,https://www.auraideasuae.com/مقالات-احترافية/,رسائل الدكتوراه,supporting
760,en,doctoral,how to prepare,doctoral dissertation how to prepare,https://www.auraideasuae.com/مقالات-احترافية/,رسائل الدكتوراه,supporting
761,en,doctoral,how to write,doctoral dissertation how to write,https://www.auraideasuae.com/مقالات-احترافية/,رسائل الدكتوراه,supporting
762,en,doctoral,how to format,doctoral dissertation how to format,https://www.auraideasuae.com/مقالات-احترافية/,رسائل الدكتوراه,supporting
763,en,doctoral,how to cite sources,doctoral dissertation how to cite sources,https://www.auraideasuae.com/مقالات-احترافية/,رسائل الدكتوراه,supporting
764,en,doctoral,how to proofread,doctoral dissertation how to proofread,https://www.auraideasuae.com/مقالات-احترافية/,رسائل الدكتوراه,supporting
765,en,doctoral,how to analyze,doctoral dissertation how to analyze,https://www.auraideasuae.com/مقالات-احترافية/,رسائل الدكتوراه,supporting
766,en,doctoral,how to present,doctoral dissertation how to present,https://www.auraideasuae.com/مقالات-احترافية/,رسائل الدكتوراه,supporting
767,en,doctoral,before submission,doctoral dissertation before submission,https://www.auraideasuae.com/مقالات-احترافية/,رسائل الدكتوراه,supporting
768,en,doctoral,for undergraduate students,doctoral dissertation for undergraduate students,https://www.auraideasuae.com/مقالات-احترافية/,رسائل الدكتوراه,supporting
769,en,doctoral,for master's students,doctoral dissertation for master's students,https://www.auraideasuae.com/مقالات-احترافية/,رسائل الدكتوراه,supporting
770,en,doctoral,for doctoral students,doctoral dissertation for doctoral students,https://www.auraideasuae.com/مقالات-احترافية/,رسائل الدكتوراه,supporting
771,en,doctoral,in Arabic,doctoral dissertation in Arabic,https://www.auraideasuae.com/مقالات-احترافية/,رسائل الدكتوراه,supporting
772,en,doctoral,in English,doctoral dissertation in English,https://www.auraideasuae.com/مقالات-احترافية/,رسائل الدكتوراه,supporting
773,en,doctoral,Arabic and English,doctoral dissertation Arabic and English,https://www.auraideasuae.com/مقالات-احترافية/,رسائل الدكتوراه,supporting
774,en,doctoral,for UAE universities,doctoral dissertation for UAE universities,https://www.auraideasuae.com/مقالات-احترافية/,رسائل الدكتوراه,supporting
775,en,doctoral,in Dubai,doctoral dissertation in Dubai,https://www.auraideasuae.com/مقالات-احترافية/,رسائل الدكتوراه,supporting
776,en,doctoral,in Abu Dhabi,doctoral dissertation in Abu Dhabi,https://www.auraideasuae.com/مقالات-احترافية/,رسائل الدكتوراه,supporting
777,en,doctoral,in Sharjah,doctoral dissertation in Sharjah,https://www.auraideasuae.com/مقالات-احترافية/,رسائل الدكتوراه,supporting
778,en,doctoral,for private universities,doctoral dissertation for private universities,https://www.auraideasuae.com/مقالات-احترافية/,رسائل الدكتوراه,supporting
779,en,doctoral,for public universities,doctoral dissertation for public universities,https://www.auraideasuae.com/مقالات-احترافية/,رسائل الدكتوراه,supporting
780,en,doctoral,online support,doctoral dissertation online support,https://www.auraideasuae.com/مقالات-احترافية/,رسائل الدكتوراه,supporting
781,en,doctoral,professional service,doctoral dissertation professional service,https://www.auraideasuae.com/مقالات-احترافية/,رسائل الدكتوراه,supporting
782,en,doctoral,academic assistance,doctoral dissertation academic assistance,https://www.auraideasuae.com/مقالات-احترافية/,رسائل الدكتوراه,supporting
783,en,doctoral,research consultation,doctoral dissertation research consultation,https://www.auraideasuae.com/مقالات-احترافية/,رسائل الدكتوراه,supporting
784,en,doctoral,academic review,doctoral dissertation academic review,https://www.auraideasuae.com/مقالات-احترافية/,رسائل الدكتوراه,supporting
785,en,doctoral,scholarly proofreading,doctoral dissertation scholarly proofreading,https://www.auraideasuae.com/مقالات-احترافية/,رسائل الدكتوراه,supporting
786,en,doctoral,APA formatting,doctoral dissertation APA formatting,https://www.auraideasuae.com/مقالات-احترافية/,رسائل الدكتوراه,supporting
787,en,doctoral,MLA formatting,doctoral dissertation MLA formatting,https://www.auraideasuae.com/مقالات-احترافية/,رسائل الدكتوراه,supporting
788,en,doctoral,Chicago formatting,doctoral dissertation Chicago formatting,https://www.auraideasuae.com/مقالات-احترافية/,رسائل الدكتوراه,supporting
789,en,doctoral,source citation,doctoral dissertation source citation,https://www.auraideasuae.com/مقالات-احترافية/,رسائل الدكتوراه,supporting
790,en,doctoral,academic rewriting,doctoral dissertation academic rewriting,https://www.auraideasuae.com/مقالات-احترافية/,رسائل الدكتوراه,supporting
791,en,doctoral,methodology improvement,doctoral dissertation methodology improvement,https://www.auraideasuae.com/مقالات-احترافية/,رسائل الدكتوراه,supporting
792,en,doctoral,data interpretation,doctoral dissertation data interpretation,https://www.auraideasuae.com/مقالات-احترافية/,رسائل الدكتوراه,supporting
793,en,doctoral,research instrument design,doctoral dissertation research instrument design,https://www.auraideasuae.com/مقالات-احترافية/,رسائل الدكتوراه,supporting
794,en,doctoral,survey review,doctoral dissertation survey review,https://www.auraideasuae.com/مقالات-احترافية/,رسائل الدكتوراه,supporting
795,en,doctoral,results interpretation,doctoral dissertation results interpretation,https://www.auraideasuae.com/مقالات-احترافية/,رسائل الدكتوراه,supporting
796,en,doctoral,table preparation,doctoral dissertation table preparation,https://www.auraideasuae.com/مقالات-احترافية/,رسائل الدكتوراه,supporting
797,en,doctoral,chart preparation,doctoral dissertation chart preparation,https://www.auraideasuae.com/مقالات-احترافية/,رسائل الدكتوراه,supporting
798,en,doctoral,discussion preparation,doctoral dissertation discussion preparation,https://www.auraideasuae.com/مقالات-احترافية/,رسائل الدكتوراه,supporting
799,en,doctoral,with academic integrity,doctoral dissertation with academic integrity,https://www.auraideasuae.com/مقالات-احترافية/,رسائل الدكتوراه,supporting
800,en,doctoral,according to university requirements,doctoral dissertation according to university requirements,https://www.auraideasuae.com/مقالات-احترافية/,رسائل الدكتوراه,supporting
801,ar,business,شرح مبسط,أبحاث إدارة الأعمال شرح مبسط,https://www.auraideasuae.com/مقالات-احترافية/,بحوث الأعمال,supporting
802,ar,business,دليل عملي,أبحاث إدارة الأعمال دليل عملي,https://www.auraideasuae.com/مقالات-احترافية/,بحوث الأعمال,supporting
803,ar,business,خطوات التنفيذ,أبحاث إدارة الأعمال خطوات التنفيذ,https://www.auraideasuae.com/مقالات-احترافية/,بحوث الأعمال,supporting
804,ar,business,نموذج قابل للتعديل,أبحاث إدارة الأعمال نموذج قابل للتعديل,https://www.auraideasuae.com/مقالات-احترافية/,بحوث الأعمال,supporting
805,ar,business,مثال تطبيقي,أبحاث إدارة الأعمال مثال تطبيقي,https://www.auraideasuae.com/مقالات-احترافية/,بحوث الأعمال,supporting
806,ar,business,خطة عمل,أبحاث إدارة الأعمال خطة عمل,https://www.auraideasuae.com/مقالات-احترافية/,بحوث الأعمال,supporting
807,ar,business,نصائح للطلاب,أبحاث إدارة الأعمال نصائح للطلاب,https://www.auraideasuae.com/مقالات-احترافية/,بحوث الأعمال,supporting
808,ar,business,أخطاء شائعة,أبحاث إدارة الأعمال أخطاء شائعة,https://www.auraideasuae.com/مقالات-احترافية/,بحوث الأعمال,supporting
809,ar,business,معايير الجودة,أبحاث إدارة الأعمال معايير الجودة,https://www.auraideasuae.com/مقالات-احترافية/,بحوث الأعمال,supporting
810,ar,business,طريقة الإعداد,أبحاث إدارة الأعمال طريقة الإعداد,https://www.auraideasuae.com/مقالات-احترافية/,بحوث الأعمال,supporting
811,ar,business,كيفية الكتابة,أبحاث إدارة الأعمال كيفية الكتابة,https://www.auraideasuae.com/مقالات-احترافية/,بحوث الأعمال,supporting
812,ar,business,كيفية التنسيق,أبحاث إدارة الأعمال كيفية التنسيق,https://www.auraideasuae.com/مقالات-احترافية/,بحوث الأعمال,supporting
813,ar,business,كيفية التوثيق,أبحاث إدارة الأعمال كيفية التوثيق,https://www.auraideasuae.com/مقالات-احترافية/,بحوث الأعمال,supporting
814,ar,business,كيفية المراجعة,أبحاث إدارة الأعمال كيفية المراجعة,https://www.auraideasuae.com/مقالات-احترافية/,بحوث الأعمال,supporting
815,ar,business,كيفية التحليل,أبحاث إدارة الأعمال كيفية التحليل,https://www.auraideasuae.com/مقالات-احترافية/,بحوث الأعمال,supporting
816,ar,business,كيفية العرض,أبحاث إدارة الأعمال كيفية العرض,https://www.auraideasuae.com/مقالات-احترافية/,بحوث الأعمال,supporting
817,ar,business,قبل التسليم,أبحاث إدارة الأعمال قبل التسليم,https://www.auraideasuae.com/مقالات-احترافية/,بحوث الأعمال,supporting
818,ar,business,لطلاب البكالوريوس,أبحاث إدارة الأعمال لطلاب البكالوريوس,https://www.auraideasuae.com/مقالات-احترافية/,بحوث الأعمال,supporting
819,ar,business,لطلاب الماجستير,أبحاث إدارة الأعمال لطلاب الماجستير,https://www.auraideasuae.com/مقالات-احترافية/,بحوث الأعمال,supporting
820,ar,business,لطلاب الدكتوراه,أبحاث إدارة الأعمال لطلاب الدكتوراه,https://www.auraideasuae.com/مقالات-احترافية/,بحوث الأعمال,supporting
821,ar,business,باللغة العربية,أبحاث إدارة الأعمال باللغة العربية,https://www.auraideasuae.com/مقالات-احترافية/,بحوث الأعمال,supporting
822,ar,business,باللغة الإنجليزية,أبحاث إدارة الأعمال باللغة الإنجليزية,https://www.auraideasuae.com/مقالات-احترافية/,بحوث الأعمال,supporting
823,ar,business,عربي وإنجليزي,أبحاث إدارة الأعمال عربي وإنجليزي,https://www.auraideasuae.com/مقالات-احترافية/,بحوث الأعمال,supporting
824,ar,business,في الجامعات الإماراتية,أبحاث إدارة الأعمال في الجامعات الإماراتية,https://www.auraideasuae.com/مقالات-احترافية/,بحوث الأعمال,supporting
825,ar,business,في دبي,أبحاث إدارة الأعمال في دبي,https://www.auraideasuae.com/مقالات-احترافية/,بحوث الأعمال,supporting
826,ar,business,في أبوظبي,أبحاث إدارة الأعمال في أبوظبي,https://www.auraideasuae.com/مقالات-احترافية/,بحوث الأعمال,supporting
827,ar,business,في الشارقة,أبحاث إدارة الأعمال في الشارقة,https://www.auraideasuae.com/مقالات-احترافية/,بحوث الأعمال,supporting
828,ar,business,للجامعات الخاصة,أبحاث إدارة الأعمال للجامعات الخاصة,https://www.auraideasuae.com/مقالات-احترافية/,بحوث الأعمال,supporting
829,ar,business,للجامعات الحكومية,أبحاث إدارة الأعمال للجامعات الحكومية,https://www.auraideasuae.com/مقالات-احترافية/,بحوث الأعمال,supporting
830,ar,business,عن بُعد,أبحاث إدارة الأعمال عن بُعد,https://www.auraideasuae.com/مقالات-احترافية/,بحوث الأعمال,supporting
831,ar,business,خدمة احترافية,أبحاث إدارة الأعمال خدمة احترافية,https://www.auraideasuae.com/مقالات-احترافية/,بحوث الأعمال,supporting
832,ar,business,مساعدة أكاديمية,أبحاث إدارة الأعمال مساعدة أكاديمية,https://www.auraideasuae.com/مقالات-احترافية/,بحوث الأعمال,supporting
833,ar,business,استشارة بحثية,أبحاث إدارة الأعمال استشارة بحثية,https://www.auraideasuae.com/مقالات-احترافية/,بحوث الأعمال,supporting
834,ar,business,مراجعة أكاديمية,أبحاث إدارة الأعمال مراجعة أكاديمية,https://www.auraideasuae.com/مقالات-احترافية/,بحوث الأعمال,supporting
835,ar,business,تدقيق علمي,أبحاث إدارة الأعمال تدقيق علمي,https://www.auraideasuae.com/مقالات-احترافية/,بحوث الأعمال,supporting
836,ar,business,تنسيق APA,أبحاث إدارة الأعمال تنسيق APA,https://www.auraideasuae.com/مقالات-احترافية/,بحوث الأعمال,supporting
837,ar,business,تنسيق MLA,أبحاث إدارة الأعمال تنسيق MLA,https://www.auraideasuae.com/مقالات-احترافية/,بحوث الأعمال,supporting
838,ar,business,تنسيق Chicago,أبحاث إدارة الأعمال تنسيق Chicago,https://www.auraideasuae.com/مقالات-احترافية/,بحوث الأعمال,supporting
839,ar,business,توثيق المصادر,أبحاث إدارة الأعمال توثيق المصادر,https://www.auraideasuae.com/مقالات-احترافية/,بحوث الأعمال,supporting
840,ar,business,تحسين الصياغة,أبحاث إدارة الأعمال تحسين الصياغة,https://www.auraideasuae.com/مقالات-احترافية/,بحوث الأعمال,supporting
841,ar,business,تحسين المنهجية,أبحاث إدارة الأعمال تحسين المنهجية,https://www.auraideasuae.com/مقالات-احترافية/,بحوث الأعمال,supporting
842,ar,business,قراءة وتحليل البيانات,أبحاث إدارة الأعمال قراءة وتحليل البيانات,https://www.auraideasuae.com/مقالات-احترافية/,بحوث الأعمال,supporting
843,ar,business,تصميم أداة البحث,أبحاث إدارة الأعمال تصميم أداة البحث,https://www.auraideasuae.com/مقالات-احترافية/,بحوث الأعمال,supporting
844,ar,business,مراجعة الاستبيان,أبحاث إدارة الأعمال مراجعة الاستبيان,https://www.auraideasuae.com/مقالات-احترافية/,بحوث الأعمال,supporting
845,ar,business,تفسير النتائج,أبحاث إدارة الأعمال تفسير النتائج,https://www.auraideasuae.com/مقالات-احترافية/,بحوث الأعمال,supporting
846,ar,business,إعداد الجداول,أبحاث إدارة الأعمال إعداد الجداول,https://www.auraideasuae.com/مقالات-احترافية/,بحوث الأعمال,supporting
847,ar,business,إعداد الرسوم البيانية,أبحاث إدارة الأعمال إعداد الرسوم البيانية,https://www.auraideasuae.com/مقالات-احترافية/,بحوث الأعمال,supporting
848,ar,business,تجهيز المناقشة,أبحاث إدارة الأعمال تجهيز المناقشة,https://www.auraideasuae.com/مقالات-احترافية/,بحوث الأعمال,supporting
849,ar,business,مع الحفاظ على الأمانة العلمية,أبحاث إدارة الأعمال مع الحفاظ على الأمانة العلمية,https://www.auraideasuae.com/مقالات-احترافية/,بحوث الأعمال,supporting
850,ar,business,وفق متطلبات الجامعة,أبحاث إدارة الأعمال وفق متطلبات الجامعة,https://www.auraideasuae.com/مقالات-احترافية/,بحوث الأعمال,supporting
851,en,business,simple explanation,business administration research simple explanation,https://www.auraideasuae.com/مقالات-احترافية/,بحوث الأعمال,supporting
852,en,business,practical guide,business administration research practical guide,https://www.auraideasuae.com/مقالات-احترافية/,بحوث الأعمال,supporting
853,en,business,step-by-step process,business administration research step-by-step process,https://www.auraideasuae.com/مقالات-احترافية/,بحوث الأعمال,supporting
854,en,business,editable template,business administration research editable template,https://www.auraideasuae.com/مقالات-احترافية/,بحوث الأعمال,supporting
855,en,business,worked example,business administration research worked example,https://www.auraideasuae.com/مقالات-احترافية/,بحوث الأعمال,supporting
856,en,business,action plan,business administration research action plan,https://www.auraideasuae.com/مقالات-احترافية/,بحوث الأعمال,supporting
857,en,business,student tips,business administration research student tips,https://www.auraideasuae.com/مقالات-احترافية/,بحوث الأعمال,supporting
858,en,business,common mistakes,business administration research common mistakes,https://www.auraideasuae.com/مقالات-احترافية/,بحوث الأعمال,supporting
859,en,business,quality standards,business administration research quality standards,https://www.auraideasuae.com/مقالات-احترافية/,بحوث الأعمال,supporting
860,en,business,how to prepare,business administration research how to prepare,https://www.auraideasuae.com/مقالات-احترافية/,بحوث الأعمال,supporting
861,en,business,how to write,business administration research how to write,https://www.auraideasuae.com/مقالات-احترافية/,بحوث الأعمال,supporting
862,en,business,how to format,business administration research how to format,https://www.auraideasuae.com/مقالات-احترافية/,بحوث الأعمال,supporting
863,en,business,how to cite sources,business administration research how to cite sources,https://www.auraideasuae.com/مقالات-احترافية/,بحوث الأعمال,supporting
864,en,business,how to proofread,business administration research how to proofread,https://www.auraideasuae.com/مقالات-احترافية/,بحوث الأعمال,supporting
865,en,business,how to analyze,business administration research how to analyze,https://www.auraideasuae.com/مقالات-احترافية/,بحوث الأعمال,supporting
866,en,business,how to present,business administration research how to present,https://www.auraideasuae.com/مقالات-احترافية/,بحوث الأعمال,supporting
867,en,business,before submission,business administration research before submission,https://www.auraideasuae.com/مقالات-احترافية/,بحوث الأعمال,supporting
868,en,business,for undergraduate students,business administration research for undergraduate students,https://www.auraideasuae.com/مقالات-احترافية/,بحوث الأعمال,supporting
869,en,business,for master's students,business administration research for master's students,https://www.auraideasuae.com/مقالات-احترافية/,بحوث الأعمال,supporting
870,en,business,for doctoral students,business administration research for doctoral students,https://www.auraideasuae.com/مقالات-احترافية/,بحوث الأعمال,supporting
871,en,business,in Arabic,business administration research in Arabic,https://www.auraideasuae.com/مقالات-احترافية/,بحوث الأعمال,supporting
872,en,business,in English,business administration research in English,https://www.auraideasuae.com/مقالات-احترافية/,بحوث الأعمال,supporting
873,en,business,Arabic and English,business administration research Arabic and English,https://www.auraideasuae.com/مقالات-احترافية/,بحوث الأعمال,supporting
874,en,business,for UAE universities,business administration research for UAE universities,https://www.auraideasuae.com/مقالات-احترافية/,بحوث الأعمال,supporting
875,en,business,in Dubai,business administration research in Dubai,https://www.auraideasuae.com/مقالات-احترافية/,بحوث الأعمال,supporting
876,en,business,in Abu Dhabi,business administration research in Abu Dhabi,https://www.auraideasuae.com/مقالات-احترافية/,بحوث الأعمال,supporting
877,en,business,in Sharjah,business administration research in Sharjah,https://www.auraideasuae.com/مقالات-احترافية/,بحوث الأعمال,supporting
878,en,business,for private universities,business administration research for private universities,https://www.auraideasuae.com/مقالات-احترافية/,بحوث الأعمال,supporting
879,en,business,for public universities,business administration research for public universities,https://www.auraideasuae.com/مقالات-احترافية/,بحوث الأعمال,supporting
880,en,business,online support,business administration research online support,https://www.auraideasuae.com/مقالات-احترافية/,بحوث الأعمال,supporting
881,en,business,professional service,business administration research professional service,https://www.auraideasuae.com/مقالات-احترافية/,بحوث الأعمال,supporting
882,en,business,academic assistance,business administration research academic assistance,https://www.auraideasuae.com/مقالات-احترافية/,بحوث الأعمال,supporting
883,en,business,research consultation,business administration research research consultation,https://www.auraideasuae.com/مقالات-احترافية/,بحوث الأعمال,supporting
884,en,business,academic review,business administration research academic review,https://www.auraideasuae.com/مقالات-احترافية/,بحوث الأعمال,supporting
885,en,business,scholarly proofreading,business administration research scholarly proofreading,https://www.auraideasuae.com/مقالات-احترافية/,بحوث الأعمال,supporting
886,en,business,APA formatting,business administration research APA formatting,https://www.auraideasuae.com/مقالات-احترافية/,بحوث الأعمال,supporting
887,en,business,MLA formatting,business administration research MLA formatting,https://www.auraideasuae.com/مقالات-احترافية/,بحوث الأعمال,supporting
888,en,business,Chicago formatting,business administration research Chicago formatting,https://www.auraideasuae.com/مقالات-احترافية/,بحوث الأعمال,supporting
889,en,business,source citation,business administration research source citation,https://www.auraideasuae.com/مقالات-احترافية/,بحوث الأعمال,supporting
890,en,business,academic rewriting,business administration research academic rewriting,https://www.auraideasuae.com/مقالات-احترافية/,بحوث الأعمال,supporting
891,en,business,methodology improvement,business administration research methodology improvement,https://www.auraideasuae.com/مقالات-احترافية/,بحوث الأعمال,supporting
892,en,business,data interpretation,business administration research data interpretation,https://www.auraideasuae.com/مقالات-احترافية/,بحوث الأعمال,supporting
893,en,business,research instrument design,business administration research research instrument design,https://www.auraideasuae.com/مقالات-احترافية/,بحوث الأعمال,supporting
894,en,business,survey review,business administration research survey review,https://www.auraideasuae.com/مقالات-احترافية/,بحوث الأعمال,supporting
895,en,business,results interpretation,business administration research results interpretation,https://www.auraideasuae.com/مقالات-احترافية/,بحوث الأعمال,supporting
896,en,business,table preparation,business administration research table preparation,https://www.auraideasuae.com/مقالات-احترافية/,بحوث الأعمال,supporting
897,en,business,chart preparation,business administration research chart preparation,https://www.auraideasuae.com/مقالات-احترافية/,بحوث الأعمال,supporting
898,en,business,discussion preparation,business administration research discussion preparation,https://www.auraideasuae.com/مقالات-احترافية/,بحوث الأعمال,supporting
899,en,business,with academic integrity,business administration research with academic integrity,https://www.auraideasuae.com/مقالات-احترافية/,بحوث الأعمال,supporting
900,en,business,according to university requirements,business administration research according to university requirements,https://www.auraideasuae.com/مقالات-احترافية/,بحوث الأعمال,supporting
901,ar,education,شرح مبسط,أبحاث التربية والتعليم شرح مبسط,https://www.auraideasuae.com/مقالات-احترافية/,البحوث التربوية,supporting
902,ar,education,دليل عملي,أبحاث التربية والتعليم دليل عملي,https://www.auraideasuae.com/مقالات-احترافية/,البحوث التربوية,supporting
903,ar,education,خطوات التنفيذ,أبحاث التربية والتعليم خطوات التنفيذ,https://www.auraideasuae.com/مقالات-احترافية/,البحوث التربوية,supporting
904,ar,education,نموذج قابل للتعديل,أبحاث التربية والتعليم نموذج قابل للتعديل,https://www.auraideasuae.com/مقالات-احترافية/,البحوث التربوية,supporting
905,ar,education,مثال تطبيقي,أبحاث التربية والتعليم مثال تطبيقي,https://www.auraideasuae.com/مقالات-احترافية/,البحوث التربوية,supporting
906,ar,education,خطة عمل,أبحاث التربية والتعليم خطة عمل,https://www.auraideasuae.com/مقالات-احترافية/,البحوث التربوية,supporting
907,ar,education,نصائح للطلاب,أبحاث التربية والتعليم نصائح للطلاب,https://www.auraideasuae.com/مقالات-احترافية/,البحوث التربوية,supporting
908,ar,education,أخطاء شائعة,أبحاث التربية والتعليم أخطاء شائعة,https://www.auraideasuae.com/مقالات-احترافية/,البحوث التربوية,supporting
909,ar,education,معايير الجودة,أبحاث التربية والتعليم معايير الجودة,https://www.auraideasuae.com/مقالات-احترافية/,البحوث التربوية,supporting
910,ar,education,طريقة الإعداد,أبحاث التربية والتعليم طريقة الإعداد,https://www.auraideasuae.com/مقالات-احترافية/,البحوث التربوية,supporting
911,ar,education,كيفية الكتابة,أبحاث التربية والتعليم كيفية الكتابة,https://www.auraideasuae.com/مقالات-احترافية/,البحوث التربوية,supporting
912,ar,education,كيفية التنسيق,أبحاث التربية والتعليم كيفية التنسيق,https://www.auraideasuae.com/مقالات-احترافية/,البحوث التربوية,supporting
913,ar,education,كيفية التوثيق,أبحاث التربية والتعليم كيفية التوثيق,https://www.auraideasuae.com/مقالات-احترافية/,البحوث التربوية,supporting
914,ar,education,كيفية المراجعة,أبحاث التربية والتعليم كيفية المراجعة,https://www.auraideasuae.com/مقالات-احترافية/,البحوث التربوية,supporting
915,ar,education,كيفية التحليل,أبحاث التربية والتعليم كيفية التحليل,https://www.auraideasuae.com/مقالات-احترافية/,البحوث التربوية,supporting
916,ar,education,كيفية العرض,أبحاث التربية والتعليم كيفية العرض,https://www.auraideasuae.com/مقالات-احترافية/,البحوث التربوية,supporting
917,ar,education,قبل التسليم,أبحاث التربية والتعليم قبل التسليم,https://www.auraideasuae.com/مقالات-احترافية/,البحوث التربوية,supporting
918,ar,education,لطلاب البكالوريوس,أبحاث التربية والتعليم لطلاب البكالوريوس,https://www.auraideasuae.com/مقالات-احترافية/,البحوث التربوية,supporting
919,ar,education,لطلاب الماجستير,أبحاث التربية والتعليم لطلاب الماجستير,https://www.auraideasuae.com/مقالات-احترافية/,البحوث التربوية,supporting
920,ar,education,لطلاب الدكتوراه,أبحاث التربية والتعليم لطلاب الدكتوراه,https://www.auraideasuae.com/مقالات-احترافية/,البحوث التربوية,supporting
921,ar,education,باللغة العربية,أبحاث التربية والتعليم باللغة العربية,https://www.auraideasuae.com/مقالات-احترافية/,البحوث التربوية,supporting
922,ar,education,باللغة الإنجليزية,أبحاث التربية والتعليم باللغة الإنجليزية,https://www.auraideasuae.com/مقالات-احترافية/,البحوث التربوية,supporting
923,ar,education,عربي وإنجليزي,أبحاث التربية والتعليم عربي وإنجليزي,https://www.auraideasuae.com/مقالات-احترافية/,البحوث التربوية,supporting
924,ar,education,في الجامعات الإماراتية,أبحاث التربية والتعليم في الجامعات الإماراتية,https://www.auraideasuae.com/مقالات-احترافية/,البحوث التربوية,supporting
925,ar,education,في دبي,أبحاث التربية والتعليم في دبي,https://www.auraideasuae.com/مقالات-احترافية/,البحوث التربوية,supporting
926,ar,education,في أبوظبي,أبحاث التربية والتعليم في أبوظبي,https://www.auraideasuae.com/مقالات-احترافية/,البحوث التربوية,supporting
927,ar,education,في الشارقة,أبحاث التربية والتعليم في الشارقة,https://www.auraideasuae.com/مقالات-احترافية/,البحوث التربوية,supporting
928,ar,education,للجامعات الخاصة,أبحاث التربية والتعليم للجامعات الخاصة,https://www.auraideasuae.com/مقالات-احترافية/,البحوث التربوية,supporting
929,ar,education,للجامعات الحكومية,أبحاث التربية والتعليم للجامعات الحكومية,https://www.auraideasuae.com/مقالات-احترافية/,البحوث التربوية,supporting
930,ar,education,عن بُعد,أبحاث التربية والتعليم عن بُعد,https://www.auraideasuae.com/مقالات-احترافية/,البحوث التربوية,supporting
931,ar,education,خدمة احترافية,أبحاث التربية والتعليم خدمة احترافية,https://www.auraideasuae.com/مقالات-احترافية/,البحوث التربوية,supporting
932,ar,education,مساعدة أكاديمية,أبحاث التربية والتعليم مساعدة أكاديمية,https://www.auraideasuae.com/مقالات-احترافية/,البحوث التربوية,supporting
933,ar,education,استشارة بحثية,أبحاث التربية والتعليم استشارة بحثية,https://www.auraideasuae.com/مقالات-احترافية/,البحوث التربوية,supporting
934,ar,education,مراجعة أكاديمية,أبحاث التربية والتعليم مراجعة أكاديمية,https://www.auraideasuae.com/مقالات-احترافية/,البحوث التربوية,supporting
935,ar,education,تدقيق علمي,أبحاث التربية والتعليم تدقيق علمي,https://www.auraideasuae.com/مقالات-احترافية/,البحوث التربوية,supporting
936,ar,education,تنسيق APA,أبحاث التربية والتعليم تنسيق APA,https://www.auraideasuae.com/مقالات-احترافية/,البحوث التربوية,supporting
937,ar,education,تنسيق MLA,أبحاث التربية والتعليم تنسيق MLA,https://www.auraideasuae.com/مقالات-احترافية/,البحوث التربوية,supporting
938,ar,education,تنسيق Chicago,أبحاث التربية والتعليم تنسيق Chicago,https://www.auraideasuae.com/مقالات-احترافية/,البحوث التربوية,supporting
939,ar,education,توثيق المصادر,أبحاث التربية والتعليم توثيق المصادر,https://www.auraideasuae.com/مقالات-احترافية/,البحوث التربوية,supporting
940,ar,education,تحسين الصياغة,أبحاث التربية والتعليم تحسين الصياغة,https://www.auraideasuae.com/مقالات-احترافية/,البحوث التربوية,supporting
941,ar,education,تحسين المنهجية,أبحاث التربية والتعليم تحسين المنهجية,https://www.auraideasuae.com/مقالات-احترافية/,البحوث التربوية,supporting
942,ar,education,قراءة وتحليل البيانات,أبحاث التربية والتعليم قراءة وتحليل البيانات,https://www.auraideasuae.com/مقالات-احترافية/,البحوث التربوية,supporting
943,ar,education,تصميم أداة البحث,أبحاث التربية والتعليم تصميم أداة البحث,https://www.auraideasuae.com/مقالات-احترافية/,البحوث التربوية,supporting
944,ar,education,مراجعة الاستبيان,أبحاث التربية والتعليم مراجعة الاستبيان,https://www.auraideasuae.com/مقالات-احترافية/,البحوث التربوية,supporting
945,ar,education,تفسير النتائج,أبحاث التربية والتعليم تفسير النتائج,https://www.auraideasuae.com/مقالات-احترافية/,البحوث التربوية,supporting
946,ar,education,إعداد الجداول,أبحاث التربية والتعليم إعداد الجداول,https://www.auraideasuae.com/مقالات-احترافية/,البحوث التربوية,supporting
947,ar,education,إعداد الرسوم البيانية,أبحاث التربية والتعليم إعداد الرسوم البيانية,https://www.auraideasuae.com/مقالات-احترافية/,البحوث التربوية,supporting
948,ar,education,تجهيز المناقشة,أبحاث التربية والتعليم تجهيز المناقشة,https://www.auraideasuae.com/مقالات-احترافية/,البحوث التربوية,supporting
949,ar,education,مع الحفاظ على الأمانة العلمية,أبحاث التربية والتعليم مع الحفاظ على الأمانة العلمية,https://www.auraideasuae.com/مقالات-احترافية/,البحوث التربوية,supporting
950,ar,education,وفق متطلبات الجامعة,أبحاث التربية والتعليم وفق متطلبات الجامعة,https://www.auraideasuae.com/مقالات-احترافية/,البحوث التربوية,supporting
951,en,education,simple explanation,education research simple explanation,https://www.auraideasuae.com/مقالات-احترافية/,البحوث التربوية,supporting
952,en,education,practical guide,education research practical guide,https://www.auraideasuae.com/مقالات-احترافية/,البحوث التربوية,supporting
953,en,education,step-by-step process,education research step-by-step process,https://www.auraideasuae.com/مقالات-احترافية/,البحوث التربوية,supporting
954,en,education,editable template,education research editable template,https://www.auraideasuae.com/مقالات-احترافية/,البحوث التربوية,supporting
955,en,education,worked example,education research worked example,https://www.auraideasuae.com/مقالات-احترافية/,البحوث التربوية,supporting
956,en,education,action plan,education research action plan,https://www.auraideasuae.com/مقالات-احترافية/,البحوث التربوية,supporting
957,en,education,student tips,education research student tips,https://www.auraideasuae.com/مقالات-احترافية/,البحوث التربوية,supporting
958,en,education,common mistakes,education research common mistakes,https://www.auraideasuae.com/مقالات-احترافية/,البحوث التربوية,supporting
959,en,education,quality standards,education research quality standards,https://www.auraideasuae.com/مقالات-احترافية/,البحوث التربوية,supporting
960,en,education,how to prepare,education research how to prepare,https://www.auraideasuae.com/مقالات-احترافية/,البحوث التربوية,supporting
961,en,education,how to write,education research how to write,https://www.auraideasuae.com/مقالات-احترافية/,البحوث التربوية,supporting
962,en,education,how to format,education research how to format,https://www.auraideasuae.com/مقالات-احترافية/,البحوث التربوية,supporting
963,en,education,how to cite sources,education research how to cite sources,https://www.auraideasuae.com/مقالات-احترافية/,البحوث التربوية,supporting
964,en,education,how to proofread,education research how to proofread,https://www.auraideasuae.com/مقالات-احترافية/,البحوث التربوية,supporting
965,en,education,how to analyze,education research how to analyze,https://www.auraideasuae.com/مقالات-احترافية/,البحوث التربوية,supporting
966,en,education,how to present,education research how to present,https://www.auraideasuae.com/مقالات-احترافية/,البحوث التربوية,supporting
967,en,education,before submission,education research before submission,https://www.auraideasuae.com/مقالات-احترافية/,البحوث التربوية,supporting
968,en,education,for undergraduate students,education research for undergraduate students,https://www.auraideasuae.com/مقالات-احترافية/,البحوث التربوية,supporting
969,en,education,for master's students,education research for master's students,https://www.auraideasuae.com/مقالات-احترافية/,البحوث التربوية,supporting
970,en,education,for doctoral students,education research for doctoral students,https://www.auraideasuae.com/مقالات-احترافية/,البحوث التربوية,supporting
971,en,education,in Arabic,education research in Arabic,https://www.auraideasuae.com/مقالات-احترافية/,البحوث التربوية,supporting
972,en,education,in English,education research in English,https://www.auraideasuae.com/مقالات-احترافية/,البحوث التربوية,supporting
973,en,education,Arabic and English,education research Arabic and English,https://www.auraideasuae.com/مقالات-احترافية/,البحوث التربوية,supporting
974,en,education,for UAE universities,education research for UAE universities,https://www.auraideasuae.com/مقالات-احترافية/,البحوث التربوية,supporting
975,en,education,in Dubai,education research in Dubai,https://www.auraideasuae.com/مقالات-احترافية/,البحوث التربوية,supporting
976,en,education,in Abu Dhabi,education research in Abu Dhabi,https://www.auraideasuae.com/مقالات-احترافية/,البحوث التربوية,supporting
977,en,education,in Sharjah,education research in Sharjah,https://www.auraideasuae.com/مقالات-احترافية/,البحوث التربوية,supporting
978,en,education,for private universities,education research for private universities,https://www.auraideasuae.com/مقالات-احترافية/,البحوث التربوية,supporting
979,en,education,for public universities,education research for public universities,https://www.auraideasuae.com/مقالات-احترافية/,البحوث التربوية,supporting
980,en,education,online support,education research online support,https://www.auraideasuae.com/مقالات-احترافية/,البحوث التربوية,supporting
981,en,education,professional service,education research professional service,https://www.auraideasuae.com/مقالات-احترافية/,البحوث التربوية,supporting
982,en,education,academic assistance,education research academic assistance,https://www.auraideasuae.com/مقالات-احترافية/,البحوث التربوية,supporting
983,en,education,research consultation,education research research consultation,https://www.auraideasuae.com/مقالات-احترافية/,البحوث التربوية,supporting
984,en,education,academic review,education research academic review,https://www.auraideasuae.com/مقالات-احترافية/,البحوث التربوية,supporting
985,en,education,scholarly proofreading,education research scholarly proofreading,https://www.auraideasuae.com/مقالات-احترافية/,البحوث التربوية,supporting
986,en,education,APA formatting,education research APA formatting,https://www.auraideasuae.com/مقالات-احترافية/,البحوث التربوية,supporting
987,en,education,MLA formatting,education research MLA formatting,https://www.auraideasuae.com/مقالات-احترافية/,البحوث التربوية,supporting
988,en,education,Chicago formatting,education research Chicago formatting,https://www.auraideasuae.com/مقالات-احترافية/,البحوث التربوية,supporting
989,en,education,source citation,education research source citation,https://www.auraideasuae.com/مقالات-احترافية/,البحوث التربوية,supporting
990,en,education,academic rewriting,education research academic rewriting,https://www.auraideasuae.com/مقالات-احترافية/,البحوث التربوية,supporting
991,en,education,methodology improvement,education research methodology improvement,https://www.auraideasuae.com/مقالات-احترافية/,البحوث التربوية,supporting
992,en,education,data interpretation,education research data interpretation,https://www.auraideasuae.com/مقالات-احترافية/,البحوث التربوية,supporting
993,en,education,research instrument design,education research research instrument design,https://www.auraideasuae.com/مقالات-احترافية/,البحوث التربوية,supporting
994,en,education,survey review,education research survey review,https://www.auraideasuae.com/مقالات-احترافية/,البحوث التربوية,supporting
995,en,education,results interpretation,education research results interpretation,https://www.auraideasuae.com/مقالات-احترافية/,البحوث التربوية,supporting
996,en,education,table preparation,education research table preparation,https://www.auraideasuae.com/مقالات-احترافية/,البحوث التربوية,supporting
997,en,education,chart preparation,education research chart preparation,https://www.auraideasuae.com/مقالات-احترافية/,البحوث التربوية,supporting
998,en,education,discussion preparation,education research discussion preparation,https://www.auraideasuae.com/مقالات-احترافية/,البحوث التربوية,supporting
999,en,education,with academic integrity,education research with academic integrity,https://www.auraideasuae.com/مقالات-احترافية/,البحوث التربوية,supporting
1000,en,education,according to university requirements,education research according to university requirements,https://www.auraideasuae.com/مقالات-احترافية/,البحوث التربوية,supporting
1001,ar,law,شرح مبسط,أبحاث القانون شرح مبسط,https://www.auraideasuae.com/مقالات-احترافية/,البحوث القانونية,supporting
1002,ar,law,دليل عملي,أبحاث القانون دليل عملي,https://www.auraideasuae.com/مقالات-احترافية/,البحوث القانونية,supporting
1003,ar,law,خطوات التنفيذ,أبحاث القانون خطوات التنفيذ,https://www.auraideasuae.com/مقالات-احترافية/,البحوث القانونية,supporting
1004,ar,law,نموذج قابل للتعديل,أبحاث القانون نموذج قابل للتعديل,https://www.auraideasuae.com/مقالات-احترافية/,البحوث القانونية,supporting
1005,ar,law,مثال تطبيقي,أبحاث القانون مثال تطبيقي,https://www.auraideasuae.com/مقالات-احترافية/,البحوث القانونية,supporting
1006,ar,law,خطة عمل,أبحاث القانون خطة عمل,https://www.auraideasuae.com/مقالات-احترافية/,البحوث القانونية,supporting
1007,ar,law,نصائح للطلاب,أبحاث القانون نصائح للطلاب,https://www.auraideasuae.com/مقالات-احترافية/,البحوث القانونية,supporting
1008,ar,law,أخطاء شائعة,أبحاث القانون أخطاء شائعة,https://www.auraideasuae.com/مقالات-احترافية/,البحوث القانونية,supporting
1009,ar,law,معايير الجودة,أبحاث القانون معايير الجودة,https://www.auraideasuae.com/مقالات-احترافية/,البحوث القانونية,supporting
1010,ar,law,طريقة الإعداد,أبحاث القانون طريقة الإعداد,https://www.auraideasuae.com/مقالات-احترافية/,البحوث القانونية,supporting
1011,ar,law,كيفية الكتابة,أبحاث القانون كيفية الكتابة,https://www.auraideasuae.com/مقالات-احترافية/,البحوث القانونية,supporting
1012,ar,law,كيفية التنسيق,أبحاث القانون كيفية التنسيق,https://www.auraideasuae.com/مقالات-احترافية/,البحوث القانونية,supporting
1013,ar,law,كيفية التوثيق,أبحاث القانون كيفية التوثيق,https://www.auraideasuae.com/مقالات-احترافية/,البحوث القانونية,supporting
1014,ar,law,كيفية المراجعة,أبحاث القانون كيفية المراجعة,https://www.auraideasuae.com/مقالات-احترافية/,البحوث القانونية,supporting
1015,ar,law,كيفية التحليل,أبحاث القانون كيفية التحليل,https://www.auraideasuae.com/مقالات-احترافية/,البحوث القانونية,supporting
1016,ar,law,كيفية العرض,أبحاث القانون كيفية العرض,https://www.auraideasuae.com/مقالات-احترافية/,البحوث القانونية,supporting
1017,ar,law,قبل التسليم,أبحاث القانون قبل التسليم,https://www.auraideasuae.com/مقالات-احترافية/,البحوث القانونية,supporting
1018,ar,law,لطلاب البكالوريوس,أبحاث القانون لطلاب البكالوريوس,https://www.auraideasuae.com/مقالات-احترافية/,البحوث القانونية,supporting
1019,ar,law,لطلاب الماجستير,أبحاث القانون لطلاب الماجستير,https://www.auraideasuae.com/مقالات-احترافية/,البحوث القانونية,supporting
1020,ar,law,لطلاب الدكتوراه,أبحاث القانون لطلاب الدكتوراه,https://www.auraideasuae.com/مقالات-احترافية/,البحوث القانونية,supporting
1021,ar,law,باللغة العربية,أبحاث القانون باللغة العربية,https://www.auraideasuae.com/مقالات-احترافية/,البحوث القانونية,supporting
1022,ar,law,باللغة الإنجليزية,أبحاث القانون باللغة الإنجليزية,https://www.auraideasuae.com/مقالات-احترافية/,البحوث القانونية,supporting
1023,ar,law,عربي وإنجليزي,أبحاث القانون عربي وإنجليزي,https://www.auraideasuae.com/مقالات-احترافية/,البحوث القانونية,supporting
1024,ar,law,في الجامعات الإماراتية,أبحاث القانون في الجامعات الإماراتية,https://www.auraideasuae.com/مقالات-احترافية/,البحوث القانونية,supporting
1025,ar,law,في دبي,أبحاث القانون في دبي,https://www.auraideasuae.com/مقالات-احترافية/,البحوث القانونية,supporting
1026,ar,law,في أبوظبي,أبحاث القانون في أبوظبي,https://www.auraideasuae.com/مقالات-احترافية/,البحوث القانونية,supporting
1027,ar,law,في الشارقة,أبحاث القانون في الشارقة,https://www.auraideasuae.com/مقالات-احترافية/,البحوث القانونية,supporting
1028,ar,law,للجامعات الخاصة,أبحاث القانون للجامعات الخاصة,https://www.auraideasuae.com/مقالات-احترافية/,البحوث القانونية,supporting
1029,ar,law,للجامعات الحكومية,أبحاث القانون للجامعات الحكومية,https://www.auraideasuae.com/مقالات-احترافية/,البحوث القانونية,supporting
1030,ar,law,عن بُعد,أبحاث القانون عن بُعد,https://www.auraideasuae.com/مقالات-احترافية/,البحوث القانونية,supporting
1031,ar,law,خدمة احترافية,أبحاث القانون خدمة احترافية,https://www.auraideasuae.com/مقالات-احترافية/,البحوث القانونية,supporting
1032,ar,law,مساعدة أكاديمية,أبحاث القانون مساعدة أكاديمية,https://www.auraideasuae.com/مقالات-احترافية/,البحوث القانونية,supporting
1033,ar,law,استشارة بحثية,أبحاث القانون استشارة بحثية,https://www.auraideasuae.com/مقالات-احترافية/,البحوث القانونية,supporting
1034,ar,law,مراجعة أكاديمية,أبحاث القانون مراجعة أكاديمية,https://www.auraideasuae.com/مقالات-احترافية/,البحوث القانونية,supporting
1035,ar,law,تدقيق علمي,أبحاث القانون تدقيق علمي,https://www.auraideasuae.com/مقالات-احترافية/,البحوث القانونية,supporting
1036,ar,law,تنسيق APA,أبحاث القانون تنسيق APA,https://www.auraideasuae.com/مقالات-احترافية/,البحوث القانونية,supporting
1037,ar,law,تنسيق MLA,أبحاث القانون تنسيق MLA,https://www.auraideasuae.com/مقالات-احترافية/,البحوث القانونية,supporting
1038,ar,law,تنسيق Chicago,أبحاث القانون تنسيق Chicago,https://www.auraideasuae.com/مقالات-احترافية/,البحوث القانونية,supporting
1039,ar,law,توثيق المصادر,أبحاث القانون توثيق المصادر,https://www.auraideasuae.com/مقالات-احترافية/,البحوث القانونية,supporting
1040,ar,law,تحسين الصياغة,أبحاث القانون تحسين الصياغة,https://www.auraideasuae.com/مقالات-احترافية/,البحوث القانونية,supporting
1041,ar,law,تحسين المنهجية,أبحاث القانون تحسين المنهجية,https://www.auraideasuae.com/مقالات-احترافية/,البحوث القانونية,supporting
1042,ar,law,قراءة وتحليل البيانات,أبحاث القانون قراءة وتحليل البيانات,https://www.auraideasuae.com/مقالات-احترافية/,البحوث القانونية,supporting
1043,ar,law,تصميم أداة البحث,أبحاث القانون تصميم أداة البحث,https://www.auraideasuae.com/مقالات-احترافية/,البحوث القانونية,supporting
1044,ar,law,مراجعة الاستبيان,أبحاث القانون مراجعة الاستبيان,https://www.auraideasuae.com/مقالات-احترافية/,البحوث القانونية,supporting
1045,ar,law,تفسير النتائج,أبحاث القانون تفسير النتائج,https://www.auraideasuae.com/مقالات-احترافية/,البحوث القانونية,supporting
1046,ar,law,إعداد الجداول,أبحاث القانون إعداد الجداول,https://www.auraideasuae.com/مقالات-احترافية/,البحوث القانونية,supporting
1047,ar,law,إعداد الرسوم البيانية,أبحاث القانون إعداد الرسوم البيانية,https://www.auraideasuae.com/مقالات-احترافية/,البحوث القانونية,supporting
1048,ar,law,تجهيز المناقشة,أبحاث القانون تجهيز المناقشة,https://www.auraideasuae.com/مقالات-احترافية/,البحوث القانونية,supporting
1049,ar,law,مع الحفاظ على الأمانة العلمية,أبحاث القانون مع الحفاظ على الأمانة العلمية,https://www.auraideasuae.com/مقالات-احترافية/,البحوث القانونية,supporting
1050,ar,law,وفق متطلبات الجامعة,أبحاث القانون وفق متطلبات الجامعة,https://www.auraideasuae.com/مقالات-احترافية/,البحوث القانونية,supporting
1051,en,law,simple explanation,legal research simple explanation,https://www.auraideasuae.com/مقالات-احترافية/,البحوث القانونية,supporting
1052,en,law,practical guide,legal research practical guide,https://www.auraideasuae.com/مقالات-احترافية/,البحوث القانونية,supporting
1053,en,law,step-by-step process,legal research step-by-step process,https://www.auraideasuae.com/مقالات-احترافية/,البحوث القانونية,supporting
1054,en,law,editable template,legal research editable template,https://www.auraideasuae.com/مقالات-احترافية/,البحوث القانونية,supporting
1055,en,law,worked example,legal research worked example,https://www.auraideasuae.com/مقالات-احترافية/,البحوث القانونية,supporting
1056,en,law,action plan,legal research action plan,https://www.auraideasuae.com/مقالات-احترافية/,البحوث القانونية,supporting
1057,en,law,student tips,legal research student tips,https://www.auraideasuae.com/مقالات-احترافية/,البحوث القانونية,supporting
1058,en,law,common mistakes,legal research common mistakes,https://www.auraideasuae.com/مقالات-احترافية/,البحوث القانونية,supporting
1059,en,law,quality standards,legal research quality standards,https://www.auraideasuae.com/مقالات-احترافية/,البحوث القانونية,supporting
1060,en,law,how to prepare,legal research how to prepare,https://www.auraideasuae.com/مقالات-احترافية/,البحوث القانونية,supporting
1061,en,law,how to write,legal research how to write,https://www.auraideasuae.com/مقالات-احترافية/,البحوث القانونية,supporting
1062,en,law,how to format,legal research how to format,https://www.auraideasuae.com/مقالات-احترافية/,البحوث القانونية,supporting
1063,en,law,how to cite sources,legal research how to cite sources,https://www.auraideasuae.com/مقالات-احترافية/,البحوث القانونية,supporting
1064,en,law,how to proofread,legal research how to proofread,https://www.auraideasuae.com/مقالات-احترافية/,البحوث القانونية,supporting
1065,en,law,how to analyze,legal research how to analyze,https://www.auraideasuae.com/مقالات-احترافية/,البحوث القانونية,supporting
1066,en,law,how to present,legal research how to present,https://www.auraideasuae.com/مقالات-احترافية/,البحوث القانونية,supporting
1067,en,law,before submission,legal research before submission,https://www.auraideasuae.com/مقالات-احترافية/,البحوث القانونية,supporting
1068,en,law,for undergraduate students,legal research for undergraduate students,https://www.auraideasuae.com/مقالات-احترافية/,البحوث القانونية,supporting
1069,en,law,for master's students,legal research for master's students,https://www.auraideasuae.com/مقالات-احترافية/,البحوث القانونية,supporting
1070,en,law,for doctoral students,legal research for doctoral students,https://www.auraideasuae.com/مقالات-احترافية/,البحوث القانونية,supporting
1071,en,law,in Arabic,legal research in Arabic,https://www.auraideasuae.com/مقالات-احترافية/,البحوث القانونية,supporting
1072,en,law,in English,legal research in English,https://www.auraideasuae.com/مقالات-احترافية/,البحوث القانونية,supporting
1073,en,law,Arabic and English,legal research Arabic and English,https://www.auraideasuae.com/مقالات-احترافية/,البحوث القانونية,supporting
1074,en,law,for UAE universities,legal research for UAE universities,https://www.auraideasuae.com/مقالات-احترافية/,البحوث القانونية,supporting
1075,en,law,in Dubai,legal research in Dubai,https://www.auraideasuae.com/مقالات-احترافية/,البحوث القانونية,supporting
1076,en,law,in Abu Dhabi,legal research in Abu Dhabi,https://www.auraideasuae.com/مقالات-احترافية/,البحوث القانونية,supporting
1077,en,law,in Sharjah,legal research in Sharjah,https://www.auraideasuae.com/مقالات-احترافية/,البحوث القانونية,supporting
1078,en,law,for private universities,legal research for private universities,https://www.auraideasuae.com/مقالات-احترافية/,البحوث القانونية,supporting
1079,en,law,for public universities,legal research for public universities,https://www.auraideasuae.com/مقالات-احترافية/,البحوث القانونية,supporting
1080,en,law,online support,legal research online support,https://www.auraideasuae.com/مقالات-احترافية/,البحوث القانونية,supporting
1081,en,law,professional service,legal research professional service,https://www.auraideasuae.com/مقالات-احترافية/,البحوث القانونية,supporting
1082,en,law,academic assistance,legal research academic assistance,https://www.auraideasuae.com/مقالات-احترافية/,البحوث القانونية,supporting
1083,en,law,research consultation,legal research research consultation,https://www.auraideasuae.com/مقالات-احترافية/,البحوث القانونية,supporting
1084,en,law,academic review,legal research academic review,https://www.auraideasuae.com/مقالات-احترافية/,البحوث القانونية,supporting
1085,en,law,scholarly proofreading,legal research scholarly proofreading,https://www.auraideasuae.com/مقالات-احترافية/,البحوث القانونية,supporting
1086,en,law,APA formatting,legal research APA formatting,https://www.auraideasuae.com/مقالات-احترافية/,البحوث القانونية,supporting
1087,en,law,MLA formatting,legal research MLA formatting,https://www.auraideasuae.com/مقالات-احترافية/,البحوث القانونية,supporting
1088,en,law,Chicago formatting,legal research Chicago formatting,https://www.auraideasuae.com/مقالات-احترافية/,البحوث القانونية,supporting
1089,en,law,source citation,legal research source citation,https://www.auraideasuae.com/مقالات-احترافية/,البحوث القانونية,supporting
1090,en,law,academic rewriting,legal research academic rewriting,https://www.auraideasuae.com/مقالات-احترافية/,البحوث القانونية,supporting
1091,en,law,methodology improvement,legal research methodology improvement,https://www.auraideasuae.com/مقالات-احترافية/,البحوث القانونية,supporting
1092,en,law,data interpretation,legal research data interpretation,https://www.auraideasuae.com/مقالات-احترافية/,البحوث القانونية,supporting
1093,en,law,research instrument design,legal research research instrument design,https://www.auraideasuae.com/مقالات-احترافية/,البحوث القانونية,supporting
1094,en,law,survey review,legal research survey review,https://www.auraideasuae.com/مقالات-احترافية/,البحوث القانونية,supporting
1095,en,law,results interpretation,legal research results interpretation,https://www.auraideasuae.com/مقالات-احترافية/,البحوث القانونية,supporting
1096,en,law,table preparation,legal research table preparation,https://www.auraideasuae.com/مقالات-احترافية/,البحوث القانونية,supporting
1097,en,law,chart preparation,legal research chart preparation,https://www.auraideasuae.com/مقالات-احترافية/,البحوث القانونية,supporting
1098,en,law,discussion preparation,legal research discussion preparation,https://www.auraideasuae.com/مقالات-احترافية/,البحوث القانونية,supporting
1099,en,law,with academic integrity,legal research with academic integrity,https://www.auraideasuae.com/مقالات-احترافية/,البحوث القانونية,supporting
1100,en,law,according to university requirements,legal research according to university requirements,https://www.auraideasuae.com/مقالات-احترافية/,البحوث القانونية,supporting
1101,ar,engineering,شرح مبسط,أبحاث الهندسة شرح مبسط,https://www.auraideasuae.com/مقالات-احترافية/,البحوث الهندسية,supporting
1102,ar,engineering,دليل عملي,أبحاث الهندسة دليل عملي,https://www.auraideasuae.com/مقالات-احترافية/,البحوث الهندسية,supporting
1103,ar,engineering,خطوات التنفيذ,أبحاث الهندسة خطوات التنفيذ,https://www.auraideasuae.com/مقالات-احترافية/,البحوث الهندسية,supporting
1104,ar,engineering,نموذج قابل للتعديل,أبحاث الهندسة نموذج قابل للتعديل,https://www.auraideasuae.com/مقالات-احترافية/,البحوث الهندسية,supporting
1105,ar,engineering,مثال تطبيقي,أبحاث الهندسة مثال تطبيقي,https://www.auraideasuae.com/مقالات-احترافية/,البحوث الهندسية,supporting
1106,ar,engineering,خطة عمل,أبحاث الهندسة خطة عمل,https://www.auraideasuae.com/مقالات-احترافية/,البحوث الهندسية,supporting
1107,ar,engineering,نصائح للطلاب,أبحاث الهندسة نصائح للطلاب,https://www.auraideasuae.com/مقالات-احترافية/,البحوث الهندسية,supporting
1108,ar,engineering,أخطاء شائعة,أبحاث الهندسة أخطاء شائعة,https://www.auraideasuae.com/مقالات-احترافية/,البحوث الهندسية,supporting
1109,ar,engineering,معايير الجودة,أبحاث الهندسة معايير الجودة,https://www.auraideasuae.com/مقالات-احترافية/,البحوث الهندسية,supporting
1110,ar,engineering,طريقة الإعداد,أبحاث الهندسة طريقة الإعداد,https://www.auraideasuae.com/مقالات-احترافية/,البحوث الهندسية,supporting
1111,ar,engineering,كيفية الكتابة,أبحاث الهندسة كيفية الكتابة,https://www.auraideasuae.com/مقالات-احترافية/,البحوث الهندسية,supporting
1112,ar,engineering,كيفية التنسيق,أبحاث الهندسة كيفية التنسيق,https://www.auraideasuae.com/مقالات-احترافية/,البحوث الهندسية,supporting
1113,ar,engineering,كيفية التوثيق,أبحاث الهندسة كيفية التوثيق,https://www.auraideasuae.com/مقالات-احترافية/,البحوث الهندسية,supporting
1114,ar,engineering,كيفية المراجعة,أبحاث الهندسة كيفية المراجعة,https://www.auraideasuae.com/مقالات-احترافية/,البحوث الهندسية,supporting
1115,ar,engineering,كيفية التحليل,أبحاث الهندسة كيفية التحليل,https://www.auraideasuae.com/مقالات-احترافية/,البحوث الهندسية,supporting
1116,ar,engineering,كيفية العرض,أبحاث الهندسة كيفية العرض,https://www.auraideasuae.com/مقالات-احترافية/,البحوث الهندسية,supporting
1117,ar,engineering,قبل التسليم,أبحاث الهندسة قبل التسليم,https://www.auraideasuae.com/مقالات-احترافية/,البحوث الهندسية,supporting
1118,ar,engineering,لطلاب البكالوريوس,أبحاث الهندسة لطلاب البكالوريوس,https://www.auraideasuae.com/مقالات-احترافية/,البحوث الهندسية,supporting
1119,ar,engineering,لطلاب الماجستير,أبحاث الهندسة لطلاب الماجستير,https://www.auraideasuae.com/مقالات-احترافية/,البحوث الهندسية,supporting
1120,ar,engineering,لطلاب الدكتوراه,أبحاث الهندسة لطلاب الدكتوراه,https://www.auraideasuae.com/مقالات-احترافية/,البحوث الهندسية,supporting
1121,ar,engineering,باللغة العربية,أبحاث الهندسة باللغة العربية,https://www.auraideasuae.com/مقالات-احترافية/,البحوث الهندسية,supporting
1122,ar,engineering,باللغة الإنجليزية,أبحاث الهندسة باللغة الإنجليزية,https://www.auraideasuae.com/مقالات-احترافية/,البحوث الهندسية,supporting
1123,ar,engineering,عربي وإنجليزي,أبحاث الهندسة عربي وإنجليزي,https://www.auraideasuae.com/مقالات-احترافية/,البحوث الهندسية,supporting
1124,ar,engineering,في الجامعات الإماراتية,أبحاث الهندسة في الجامعات الإماراتية,https://www.auraideasuae.com/مقالات-احترافية/,البحوث الهندسية,supporting
1125,ar,engineering,في دبي,أبحاث الهندسة في دبي,https://www.auraideasuae.com/مقالات-احترافية/,البحوث الهندسية,supporting
1126,ar,engineering,في أبوظبي,أبحاث الهندسة في أبوظبي,https://www.auraideasuae.com/مقالات-احترافية/,البحوث الهندسية,supporting
1127,ar,engineering,في الشارقة,أبحاث الهندسة في الشارقة,https://www.auraideasuae.com/مقالات-احترافية/,البحوث الهندسية,supporting
1128,ar,engineering,للجامعات الخاصة,أبحاث الهندسة للجامعات الخاصة,https://www.auraideasuae.com/مقالات-احترافية/,البحوث الهندسية,supporting
1129,ar,engineering,للجامعات الحكومية,أبحاث الهندسة للجامعات الحكومية,https://www.auraideasuae.com/مقالات-احترافية/,البحوث الهندسية,supporting
1130,ar,engineering,عن بُعد,أبحاث الهندسة عن بُعد,https://www.auraideasuae.com/مقالات-احترافية/,البحوث الهندسية,supporting
1131,ar,engineering,خدمة احترافية,أبحاث الهندسة خدمة احترافية,https://www.auraideasuae.com/مقالات-احترافية/,البحوث الهندسية,supporting
1132,ar,engineering,مساعدة أكاديمية,أبحاث الهندسة مساعدة أكاديمية,https://www.auraideasuae.com/مقالات-احترافية/,البحوث الهندسية,supporting
1133,ar,engineering,استشارة بحثية,أبحاث الهندسة استشارة بحثية,https://www.auraideasuae.com/مقالات-احترافية/,البحوث الهندسية,supporting
1134,ar,engineering,مراجعة أكاديمية,أبحاث الهندسة مراجعة أكاديمية,https://www.auraideasuae.com/مقالات-احترافية/,البحوث الهندسية,supporting
1135,ar,engineering,تدقيق علمي,أبحاث الهندسة تدقيق علمي,https://www.auraideasuae.com/مقالات-احترافية/,البحوث الهندسية,supporting
1136,ar,engineering,تنسيق APA,أبحاث الهندسة تنسيق APA,https://www.auraideasuae.com/مقالات-احترافية/,البحوث الهندسية,supporting
1137,ar,engineering,تنسيق MLA,أبحاث الهندسة تنسيق MLA,https://www.auraideasuae.com/مقالات-احترافية/,البحوث الهندسية,supporting
1138,ar,engineering,تنسيق Chicago,أبحاث الهندسة تنسيق Chicago,https://www.auraideasuae.com/مقالات-احترافية/,البحوث الهندسية,supporting
1139,ar,engineering,توثيق المصادر,أبحاث الهندسة توثيق المصادر,https://www.auraideasuae.com/مقالات-احترافية/,البحوث الهندسية,supporting
1140,ar,engineering,تحسين الصياغة,أبحاث الهندسة تحسين الصياغة,https://www.auraideasuae.com/مقالات-احترافية/,البحوث الهندسية,supporting
1141,ar,engineering,تحسين المنهجية,أبحاث الهندسة تحسين المنهجية,https://www.auraideasuae.com/مقالات-احترافية/,البحوث الهندسية,supporting
1142,ar,engineering,قراءة وتحليل البيانات,أبحاث الهندسة قراءة وتحليل البيانات,https://www.auraideasuae.com/مقالات-احترافية/,البحوث الهندسية,supporting
1143,ar,engineering,تصميم أداة البحث,أبحاث الهندسة تصميم أداة البحث,https://www.auraideasuae.com/مقالات-احترافية/,البحوث الهندسية,supporting
1144,ar,engineering,مراجعة الاستبيان,أبحاث الهندسة مراجعة الاستبيان,https://www.auraideasuae.com/مقالات-احترافية/,البحوث الهندسية,supporting
1145,ar,engineering,تفسير النتائج,أبحاث الهندسة تفسير النتائج,https://www.auraideasuae.com/مقالات-احترافية/,البحوث الهندسية,supporting
1146,ar,engineering,إعداد الجداول,أبحاث الهندسة إعداد الجداول,https://www.auraideasuae.com/مقالات-احترافية/,البحوث الهندسية,supporting
1147,ar,engineering,إعداد الرسوم البيانية,أبحاث الهندسة إعداد الرسوم البيانية,https://www.auraideasuae.com/مقالات-احترافية/,البحوث الهندسية,supporting
1148,ar,engineering,تجهيز المناقشة,أبحاث الهندسة تجهيز المناقشة,https://www.auraideasuae.com/مقالات-احترافية/,البحوث الهندسية,supporting
1149,ar,engineering,مع الحفاظ على الأمانة العلمية,أبحاث الهندسة مع الحفاظ على الأمانة العلمية,https://www.auraideasuae.com/مقالات-احترافية/,البحوث الهندسية,supporting
1150,ar,engineering,وفق متطلبات الجامعة,أبحاث الهندسة وفق متطلبات الجامعة,https://www.auraideasuae.com/مقالات-احترافية/,البحوث الهندسية,supporting
1151,en,engineering,simple explanation,engineering research simple explanation,https://www.auraideasuae.com/مقالات-احترافية/,البحوث الهندسية,supporting
1152,en,engineering,practical guide,engineering research practical guide,https://www.auraideasuae.com/مقالات-احترافية/,البحوث الهندسية,supporting
1153,en,engineering,step-by-step process,engineering research step-by-step process,https://www.auraideasuae.com/مقالات-احترافية/,البحوث الهندسية,supporting
1154,en,engineering,editable template,engineering research editable template,https://www.auraideasuae.com/مقالات-احترافية/,البحوث الهندسية,supporting
1155,en,engineering,worked example,engineering research worked example,https://www.auraideasuae.com/مقالات-احترافية/,البحوث الهندسية,supporting
1156,en,engineering,action plan,engineering research action plan,https://www.auraideasuae.com/مقالات-احترافية/,البحوث الهندسية,supporting
1157,en,engineering,student tips,engineering research student tips,https://www.auraideasuae.com/مقالات-احترافية/,البحوث الهندسية,supporting
1158,en,engineering,common mistakes,engineering research common mistakes,https://www.auraideasuae.com/مقالات-احترافية/,البحوث الهندسية,supporting
1159,en,engineering,quality standards,engineering research quality standards,https://www.auraideasuae.com/مقالات-احترافية/,البحوث الهندسية,supporting
1160,en,engineering,how to prepare,engineering research how to prepare,https://www.auraideasuae.com/مقالات-احترافية/,البحوث الهندسية,supporting
1161,en,engineering,how to write,engineering research how to write,https://www.auraideasuae.com/مقالات-احترافية/,البحوث الهندسية,supporting
1162,en,engineering,how to format,engineering research how to format,https://www.auraideasuae.com/مقالات-احترافية/,البحوث الهندسية,supporting
1163,en,engineering,how to cite sources,engineering research how to cite sources,https://www.auraideasuae.com/مقالات-احترافية/,البحوث الهندسية,supporting
1164,en,engineering,how to proofread,engineering research how to proofread,https://www.auraideasuae.com/مقالات-احترافية/,البحوث الهندسية,supporting
1165,en,engineering,how to analyze,engineering research how to analyze,https://www.auraideasuae.com/مقالات-احترافية/,البحوث الهندسية,supporting
1166,en,engineering,how to present,engineering research how to present,https://www.auraideasuae.com/مقالات-احترافية/,البحوث الهندسية,supporting
1167,en,engineering,before submission,engineering research before submission,https://www.auraideasuae.com/مقالات-احترافية/,البحوث الهندسية,supporting
1168,en,engineering,for undergraduate students,engineering research for undergraduate students,https://www.auraideasuae.com/مقالات-احترافية/,البحوث الهندسية,supporting
1169,en,engineering,for master's students,engineering research for master's students,https://www.auraideasuae.com/مقالات-احترافية/,البحوث الهندسية,supporting
1170,en,engineering,for doctoral students,engineering research for doctoral students,https://www.auraideasuae.com/مقالات-احترافية/,البحوث الهندسية,supporting
1171,en,engineering,in Arabic,engineering research in Arabic,https://www.auraideasuae.com/مقالات-احترافية/,البحوث الهندسية,supporting
1172,en,engineering,in English,engineering research in English,https://www.auraideasuae.com/مقالات-احترافية/,البحوث الهندسية,supporting
1173,en,engineering,Arabic and English,engineering research Arabic and English,https://www.auraideasuae.com/مقالات-احترافية/,البحوث الهندسية,supporting
1174,en,engineering,for UAE universities,engineering research for UAE universities,https://www.auraideasuae.com/مقالات-احترافية/,البحوث الهندسية,supporting
1175,en,engineering,in Dubai,engineering research in Dubai,https://www.auraideasuae.com/مقالات-احترافية/,البحوث الهندسية,supporting
1176,en,engineering,in Abu Dhabi,engineering research in Abu Dhabi,https://www.auraideasuae.com/مقالات-احترافية/,البحوث الهندسية,supporting
1177,en,engineering,in Sharjah,engineering research in Sharjah,https://www.auraideasuae.com/مقالات-احترافية/,البحوث الهندسية,supporting
1178,en,engineering,for private universities,engineering research for private universities,https://www.auraideasuae.com/مقالات-احترافية/,البحوث الهندسية,supporting
1179,en,engineering,for public universities,engineering research for public universities,https://www.auraideasuae.com/مقالات-احترافية/,البحوث الهندسية,supporting
1180,en,engineering,online support,engineering research online support,https://www.auraideasuae.com/مقالات-احترافية/,البحوث الهندسية,supporting
1181,en,engineering,professional service,engineering research professional service,https://www.auraideasuae.com/مقالات-احترافية/,البحوث الهندسية,supporting
1182,en,engineering,academic assistance,engineering research academic assistance,https://www.auraideasuae.com/مقالات-احترافية/,البحوث الهندسية,supporting
1183,en,engineering,research consultation,engineering research research consultation,https://www.auraideasuae.com/مقالات-احترافية/,البحوث الهندسية,supporting
1184,en,engineering,academic review,engineering research academic review,https://www.auraideasuae.com/مقالات-احترافية/,البحوث الهندسية,supporting
1185,en,engineering,scholarly proofreading,engineering research scholarly proofreading,https://www.auraideasuae.com/مقالات-احترافية/,البحوث الهندسية,supporting
1186,en,engineering,APA formatting,engineering research APA formatting,https://www.auraideasuae.com/مقالات-احترافية/,البحوث الهندسية,supporting
1187,en,engineering,MLA formatting,engineering research MLA formatting,https://www.auraideasuae.com/مقالات-احترافية/,البحوث الهندسية,supporting
1188,en,engineering,Chicago formatting,engineering research Chicago formatting,https://www.auraideasuae.com/مقالات-احترافية/,البحوث الهندسية,supporting
1189,en,engineering,source citation,engineering research source citation,https://www.auraideasuae.com/مقالات-احترافية/,البحوث الهندسية,supporting
1190,en,engineering,academic rewriting,engineering research academic rewriting,https://www.auraideasuae.com/مقالات-احترافية/,البحوث الهندسية,supporting
1191,en,engineering,methodology improvement,engineering research methodology improvement,https://www.auraideasuae.com/مقالات-احترافية/,البحوث الهندسية,supporting
1192,en,engineering,data interpretation,engineering research data interpretation,https://www.auraideasuae.com/مقالات-احترافية/,البحوث الهندسية,supporting
1193,en,engineering,research instrument design,engineering research research instrument design,https://www.auraideasuae.com/مقالات-احترافية/,البحوث الهندسية,supporting
1194,en,engineering,survey review,engineering research survey review,https://www.auraideasuae.com/مقالات-احترافية/,البحوث الهندسية,supporting
1195,en,engineering,results interpretation,engineering research results interpretation,https://www.auraideasuae.com/مقالات-احترافية/,البحوث الهندسية,supporting
1196,en,engineering,table preparation,engineering research table preparation,https://www.auraideasuae.com/مقالات-احترافية/,البحوث الهندسية,supporting
1197,en,engineering,chart preparation,engineering research chart preparation,https://www.auraideasuae.com/مقالات-احترافية/,البحوث الهندسية,supporting
1198,en,engineering,discussion preparation,engineering research discussion preparation,https://www.auraideasuae.com/مقالات-احترافية/,البحوث الهندسية,supporting
1199,en,engineering,with academic integrity,engineering research with academic integrity,https://www.auraideasuae.com/مقالات-احترافية/,البحوث الهندسية,supporting
1200,en,engineering,according to university requirements,engineering research according to university requirements,https://www.auraideasuae.com/مقالات-احترافية/,البحوث الهندسية,supporting
1201,ar,health,شرح مبسط,أبحاث الصحة والعلوم الطبية شرح مبسط,https://www.auraideasuae.com/مقالات-احترافية/,البحوث الصحية,supporting
1202,ar,health,دليل عملي,أبحاث الصحة والعلوم الطبية دليل عملي,https://www.auraideasuae.com/مقالات-احترافية/,البحوث الصحية,supporting
1203,ar,health,خطوات التنفيذ,أبحاث الصحة والعلوم الطبية خطوات التنفيذ,https://www.auraideasuae.com/مقالات-احترافية/,البحوث الصحية,supporting
1204,ar,health,نموذج قابل للتعديل,أبحاث الصحة والعلوم الطبية نموذج قابل للتعديل,https://www.auraideasuae.com/مقالات-احترافية/,البحوث الصحية,supporting
1205,ar,health,مثال تطبيقي,أبحاث الصحة والعلوم الطبية مثال تطبيقي,https://www.auraideasuae.com/مقالات-احترافية/,البحوث الصحية,supporting
1206,ar,health,خطة عمل,أبحاث الصحة والعلوم الطبية خطة عمل,https://www.auraideasuae.com/مقالات-احترافية/,البحوث الصحية,supporting
1207,ar,health,نصائح للطلاب,أبحاث الصحة والعلوم الطبية نصائح للطلاب,https://www.auraideasuae.com/مقالات-احترافية/,البحوث الصحية,supporting
1208,ar,health,أخطاء شائعة,أبحاث الصحة والعلوم الطبية أخطاء شائعة,https://www.auraideasuae.com/مقالات-احترافية/,البحوث الصحية,supporting
1209,ar,health,معايير الجودة,أبحاث الصحة والعلوم الطبية معايير الجودة,https://www.auraideasuae.com/مقالات-احترافية/,البحوث الصحية,supporting
1210,ar,health,طريقة الإعداد,أبحاث الصحة والعلوم الطبية طريقة الإعداد,https://www.auraideasuae.com/مقالات-احترافية/,البحوث الصحية,supporting
1211,ar,health,كيفية الكتابة,أبحاث الصحة والعلوم الطبية كيفية الكتابة,https://www.auraideasuae.com/مقالات-احترافية/,البحوث الصحية,supporting
1212,ar,health,كيفية التنسيق,أبحاث الصحة والعلوم الطبية كيفية التنسيق,https://www.auraideasuae.com/مقالات-احترافية/,البحوث الصحية,supporting
1213,ar,health,كيفية التوثيق,أبحاث الصحة والعلوم الطبية كيفية التوثيق,https://www.auraideasuae.com/مقالات-احترافية/,البحوث الصحية,supporting
1214,ar,health,كيفية المراجعة,أبحاث الصحة والعلوم الطبية كيفية المراجعة,https://www.auraideasuae.com/مقالات-احترافية/,البحوث الصحية,supporting
1215,ar,health,كيفية التحليل,أبحاث الصحة والعلوم الطبية كيفية التحليل,https://www.auraideasuae.com/مقالات-احترافية/,البحوث الصحية,supporting
1216,ar,health,كيفية العرض,أبحاث الصحة والعلوم الطبية كيفية العرض,https://www.auraideasuae.com/مقالات-احترافية/,البحوث الصحية,supporting
1217,ar,health,قبل التسليم,أبحاث الصحة والعلوم الطبية قبل التسليم,https://www.auraideasuae.com/مقالات-احترافية/,البحوث الصحية,supporting
1218,ar,health,لطلاب البكالوريوس,أبحاث الصحة والعلوم الطبية لطلاب البكالوريوس,https://www.auraideasuae.com/مقالات-احترافية/,البحوث الصحية,supporting
1219,ar,health,لطلاب الماجستير,أبحاث الصحة والعلوم الطبية لطلاب الماجستير,https://www.auraideasuae.com/مقالات-احترافية/,البحوث الصحية,supporting
1220,ar,health,لطلاب الدكتوراه,أبحاث الصحة والعلوم الطبية لطلاب الدكتوراه,https://www.auraideasuae.com/مقالات-احترافية/,البحوث الصحية,supporting
1221,ar,health,باللغة العربية,أبحاث الصحة والعلوم الطبية باللغة العربية,https://www.auraideasuae.com/مقالات-احترافية/,البحوث الصحية,supporting
1222,ar,health,باللغة الإنجليزية,أبحاث الصحة والعلوم الطبية باللغة الإنجليزية,https://www.auraideasuae.com/مقالات-احترافية/,البحوث الصحية,supporting
1223,ar,health,عربي وإنجليزي,أبحاث الصحة والعلوم الطبية عربي وإنجليزي,https://www.auraideasuae.com/مقالات-احترافية/,البحوث الصحية,supporting
1224,ar,health,في الجامعات الإماراتية,أبحاث الصحة والعلوم الطبية في الجامعات الإماراتية,https://www.auraideasuae.com/مقالات-احترافية/,البحوث الصحية,supporting
1225,ar,health,في دبي,أبحاث الصحة والعلوم الطبية في دبي,https://www.auraideasuae.com/مقالات-احترافية/,البحوث الصحية,supporting
1226,ar,health,في أبوظبي,أبحاث الصحة والعلوم الطبية في أبوظبي,https://www.auraideasuae.com/مقالات-احترافية/,البحوث الصحية,supporting
1227,ar,health,في الشارقة,أبحاث الصحة والعلوم الطبية في الشارقة,https://www.auraideasuae.com/مقالات-احترافية/,البحوث الصحية,supporting
1228,ar,health,للجامعات الخاصة,أبحاث الصحة والعلوم الطبية للجامعات الخاصة,https://www.auraideasuae.com/مقالات-احترافية/,البحوث الصحية,supporting
1229,ar,health,للجامعات الحكومية,أبحاث الصحة والعلوم الطبية للجامعات الحكومية,https://www.auraideasuae.com/مقالات-احترافية/,البحوث الصحية,supporting
1230,ar,health,عن بُعد,أبحاث الصحة والعلوم الطبية عن بُعد,https://www.auraideasuae.com/مقالات-احترافية/,البحوث الصحية,supporting
1231,ar,health,خدمة احترافية,أبحاث الصحة والعلوم الطبية خدمة احترافية,https://www.auraideasuae.com/مقالات-احترافية/,البحوث الصحية,supporting
1232,ar,health,مساعدة أكاديمية,أبحاث الصحة والعلوم الطبية مساعدة أكاديمية,https://www.auraideasuae.com/مقالات-احترافية/,البحوث الصحية,supporting
1233,ar,health,استشارة بحثية,أبحاث الصحة والعلوم الطبية استشارة بحثية,https://www.auraideasuae.com/مقالات-احترافية/,البحوث الصحية,supporting
1234,ar,health,مراجعة أكاديمية,أبحاث الصحة والعلوم الطبية مراجعة أكاديمية,https://www.auraideasuae.com/مقالات-احترافية/,البحوث الصحية,supporting
1235,ar,health,تدقيق علمي,أبحاث الصحة والعلوم الطبية تدقيق علمي,https://www.auraideasuae.com/مقالات-احترافية/,البحوث الصحية,supporting
1236,ar,health,تنسيق APA,أبحاث الصحة والعلوم الطبية تنسيق APA,https://www.auraideasuae.com/مقالات-احترافية/,البحوث الصحية,supporting
1237,ar,health,تنسيق MLA,أبحاث الصحة والعلوم الطبية تنسيق MLA,https://www.auraideasuae.com/مقالات-احترافية/,البحوث الصحية,supporting
1238,ar,health,تنسيق Chicago,أبحاث الصحة والعلوم الطبية تنسيق Chicago,https://www.auraideasuae.com/مقالات-احترافية/,البحوث الصحية,supporting
1239,ar,health,توثيق المصادر,أبحاث الصحة والعلوم الطبية توثيق المصادر,https://www.auraideasuae.com/مقالات-احترافية/,البحوث الصحية,supporting
1240,ar,health,تحسين الصياغة,أبحاث الصحة والعلوم الطبية تحسين الصياغة,https://www.auraideasuae.com/مقالات-احترافية/,البحوث الصحية,supporting
1241,ar,health,تحسين المنهجية,أبحاث الصحة والعلوم الطبية تحسين المنهجية,https://www.auraideasuae.com/مقالات-احترافية/,البحوث الصحية,supporting
1242,ar,health,قراءة وتحليل البيانات,أبحاث الصحة والعلوم الطبية قراءة وتحليل البيانات,https://www.auraideasuae.com/مقالات-احترافية/,البحوث الصحية,supporting
1243,ar,health,تصميم أداة البحث,أبحاث الصحة والعلوم الطبية تصميم أداة البحث,https://www.auraideasuae.com/مقالات-احترافية/,البحوث الصحية,supporting
1244,ar,health,مراجعة الاستبيان,أبحاث الصحة والعلوم الطبية مراجعة الاستبيان,https://www.auraideasuae.com/مقالات-احترافية/,البحوث الصحية,supporting
1245,ar,health,تفسير النتائج,أبحاث الصحة والعلوم الطبية تفسير النتائج,https://www.auraideasuae.com/مقالات-احترافية/,البحوث الصحية,supporting
1246,ar,health,إعداد الجداول,أبحاث الصحة والعلوم الطبية إعداد الجداول,https://www.auraideasuae.com/مقالات-احترافية/,البحوث الصحية,supporting
1247,ar,health,إعداد الرسوم البيانية,أبحاث الصحة والعلوم الطبية إعداد الرسوم البيانية,https://www.auraideasuae.com/مقالات-احترافية/,البحوث الصحية,supporting
1248,ar,health,تجهيز المناقشة,أبحاث الصحة والعلوم الطبية تجهيز المناقشة,https://www.auraideasuae.com/مقالات-احترافية/,البحوث الصحية,supporting
1249,ar,health,مع الحفاظ على الأمانة العلمية,أبحاث الصحة والعلوم الطبية مع الحفاظ على الأمانة العلمية,https://www.auraideasuae.com/مقالات-احترافية/,البحوث الصحية,supporting
1250,ar,health,وفق متطلبات الجامعة,أبحاث الصحة والعلوم الطبية وفق متطلبات الجامعة,https://www.auraideasuae.com/مقالات-احترافية/,البحوث الصحية,supporting
1251,en,health,simple explanation,health and medical research simple explanation,https://www.auraideasuae.com/مقالات-احترافية/,البحوث الصحية,supporting
1252,en,health,practical guide,health and medical research practical guide,https://www.auraideasuae.com/مقالات-احترافية/,البحوث الصحية,supporting
1253,en,health,step-by-step process,health and medical research step-by-step process,https://www.auraideasuae.com/مقالات-احترافية/,البحوث الصحية,supporting
1254,en,health,editable template,health and medical research editable template,https://www.auraideasuae.com/مقالات-احترافية/,البحوث الصحية,supporting
1255,en,health,worked example,health and medical research worked example,https://www.auraideasuae.com/مقالات-احترافية/,البحوث الصحية,supporting
1256,en,health,action plan,health and medical research action plan,https://www.auraideasuae.com/مقالات-احترافية/,البحوث الصحية,supporting
1257,en,health,student tips,health and medical research student tips,https://www.auraideasuae.com/مقالات-احترافية/,البحوث الصحية,supporting
1258,en,health,common mistakes,health and medical research common mistakes,https://www.auraideasuae.com/مقالات-احترافية/,البحوث الصحية,supporting
1259,en,health,quality standards,health and medical research quality standards,https://www.auraideasuae.com/مقالات-احترافية/,البحوث الصحية,supporting
1260,en,health,how to prepare,health and medical research how to prepare,https://www.auraideasuae.com/مقالات-احترافية/,البحوث الصحية,supporting
1261,en,health,how to write,health and medical research how to write,https://www.auraideasuae.com/مقالات-احترافية/,البحوث الصحية,supporting
1262,en,health,how to format,health and medical research how to format,https://www.auraideasuae.com/مقالات-احترافية/,البحوث الصحية,supporting
1263,en,health,how to cite sources,health and medical research how to cite sources,https://www.auraideasuae.com/مقالات-احترافية/,البحوث الصحية,supporting
1264,en,health,how to proofread,health and medical research how to proofread,https://www.auraideasuae.com/مقالات-احترافية/,البحوث الصحية,supporting
1265,en,health,how to analyze,health and medical research how to analyze,https://www.auraideasuae.com/مقالات-احترافية/,البحوث الصحية,supporting
1266,en,health,how to present,health and medical research how to present,https://www.auraideasuae.com/مقالات-احترافية/,البحوث الصحية,supporting
1267,en,health,before submission,health and medical research before submission,https://www.auraideasuae.com/مقالات-احترافية/,البحوث الصحية,supporting
1268,en,health,for undergraduate students,health and medical research for undergraduate students,https://www.auraideasuae.com/مقالات-احترافية/,البحوث الصحية,supporting
1269,en,health,for master's students,health and medical research for master's students,https://www.auraideasuae.com/مقالات-احترافية/,البحوث الصحية,supporting
1270,en,health,for doctoral students,health and medical research for doctoral students,https://www.auraideasuae.com/مقالات-احترافية/,البحوث الصحية,supporting
1271,en,health,in Arabic,health and medical research in Arabic,https://www.auraideasuae.com/مقالات-احترافية/,البحوث الصحية,supporting
1272,en,health,in English,health and medical research in English,https://www.auraideasuae.com/مقالات-احترافية/,البحوث الصحية,supporting
1273,en,health,Arabic and English,health and medical research Arabic and English,https://www.auraideasuae.com/مقالات-احترافية/,البحوث الصحية,supporting
1274,en,health,for UAE universities,health and medical research for UAE universities,https://www.auraideasuae.com/مقالات-احترافية/,البحوث الصحية,supporting
1275,en,health,in Dubai,health and medical research in Dubai,https://www.auraideasuae.com/مقالات-احترافية/,البحوث الصحية,supporting
1276,en,health,in Abu Dhabi,health and medical research in Abu Dhabi,https://www.auraideasuae.com/مقالات-احترافية/,البحوث الصحية,supporting
1277,en,health,in Sharjah,health and medical research in Sharjah,https://www.auraideasuae.com/مقالات-احترافية/,البحوث الصحية,supporting
1278,en,health,for private universities,health and medical research for private universities,https://www.auraideasuae.com/مقالات-احترافية/,البحوث الصحية,supporting
1279,en,health,for public universities,health and medical research for public universities,https://www.auraideasuae.com/مقالات-احترافية/,البحوث الصحية,supporting
1280,en,health,online support,health and medical research online support,https://www.auraideasuae.com/مقالات-احترافية/,البحوث الصحية,supporting
1281,en,health,professional service,health and medical research professional service,https://www.auraideasuae.com/مقالات-احترافية/,البحوث الصحية,supporting
1282,en,health,academic assistance,health and medical research academic assistance,https://www.auraideasuae.com/مقالات-احترافية/,البحوث الصحية,supporting
1283,en,health,research consultation,health and medical research research consultation,https://www.auraideasuae.com/مقالات-احترافية/,البحوث الصحية,supporting
1284,en,health,academic review,health and medical research academic review,https://www.auraideasuae.com/مقالات-احترافية/,البحوث الصحية,supporting
1285,en,health,scholarly proofreading,health and medical research scholarly proofreading,https://www.auraideasuae.com/مقالات-احترافية/,البحوث الصحية,supporting
1286,en,health,APA formatting,health and medical research APA formatting,https://www.auraideasuae.com/مقالات-احترافية/,البحوث الصحية,supporting
1287,en,health,MLA formatting,health and medical research MLA formatting,https://www.auraideasuae.com/مقالات-احترافية/,البحوث الصحية,supporting
1288,en,health,Chicago formatting,health and medical research Chicago formatting,https://www.auraideasuae.com/مقالات-احترافية/,البحوث الصحية,supporting
1289,en,health,source citation,health and medical research source citation,https://www.auraideasuae.com/مقالات-احترافية/,البحوث الصحية,supporting
1290,en,health,academic rewriting,health and medical research academic rewriting,https://www.auraideasuae.com/مقالات-احترافية/,البحوث الصحية,supporting
1291,en,health,methodology improvement,health and medical research methodology improvement,https://www.auraideasuae.com/مقالات-احترافية/,البحوث الصحية,supporting
1292,en,health,data interpretation,health and medical research data interpretation,https://www.auraideasuae.com/مقالات-احترافية/,البحوث الصحية,supporting
1293,en,health,research instrument design,health and medical research research instrument design,https://www.auraideasuae.com/مقالات-احترافية/,البحوث الصحية,supporting
1294,en,health,survey review,health and medical research survey review,https://www.auraideasuae.com/مقالات-احترافية/,البحوث الصحية,supporting
1295,en,health,results interpretation,health and medical research results interpretation,https://www.auraideasuae.com/مقالات-احترافية/,البحوث الصحية,supporting
1296,en,health,table preparation,health and medical research table preparation,https://www.auraideasuae.com/مقالات-احترافية/,البحوث الصحية,supporting
1297,en,health,chart preparation,health and medical research chart preparation,https://www.auraideasuae.com/مقالات-احترافية/,البحوث الصحية,supporting
1298,en,health,discussion preparation,health and medical research discussion preparation,https://www.auraideasuae.com/مقالات-احترافية/,البحوث الصحية,supporting
1299,en,health,with academic integrity,health and medical research with academic integrity,https://www.auraideasuae.com/مقالات-احترافية/,البحوث الصحية,supporting
1300,en,health,according to university requirements,health and medical research according to university requirements,https://www.auraideasuae.com/مقالات-احترافية/,البحوث الصحية,supporting
1301,ar,it,شرح مبسط,أبحاث تقنية المعلومات شرح مبسط,https://www.auraideasuae.com/مقالات-احترافية/,بحوث تقنية المعلومات,supporting
1302,ar,it,دليل عملي,أبحاث تقنية المعلومات دليل عملي,https://www.auraideasuae.com/مقالات-احترافية/,بحوث تقنية المعلومات,supporting
1303,ar,it,خطوات التنفيذ,أبحاث تقنية المعلومات خطوات التنفيذ,https://www.auraideasuae.com/مقالات-احترافية/,بحوث تقنية المعلومات,supporting
1304,ar,it,نموذج قابل للتعديل,أبحاث تقنية المعلومات نموذج قابل للتعديل,https://www.auraideasuae.com/مقالات-احترافية/,بحوث تقنية المعلومات,supporting
1305,ar,it,مثال تطبيقي,أبحاث تقنية المعلومات مثال تطبيقي,https://www.auraideasuae.com/مقالات-احترافية/,بحوث تقنية المعلومات,supporting
1306,ar,it,خطة عمل,أبحاث تقنية المعلومات خطة عمل,https://www.auraideasuae.com/مقالات-احترافية/,بحوث تقنية المعلومات,supporting
1307,ar,it,نصائح للطلاب,أبحاث تقنية المعلومات نصائح للطلاب,https://www.auraideasuae.com/مقالات-احترافية/,بحوث تقنية المعلومات,supporting
1308,ar,it,أخطاء شائعة,أبحاث تقنية المعلومات أخطاء شائعة,https://www.auraideasuae.com/مقالات-احترافية/,بحوث تقنية المعلومات,supporting
1309,ar,it,معايير الجودة,أبحاث تقنية المعلومات معايير الجودة,https://www.auraideasuae.com/مقالات-احترافية/,بحوث تقنية المعلومات,supporting
1310,ar,it,طريقة الإعداد,أبحاث تقنية المعلومات طريقة الإعداد,https://www.auraideasuae.com/مقالات-احترافية/,بحوث تقنية المعلومات,supporting
1311,ar,it,كيفية الكتابة,أبحاث تقنية المعلومات كيفية الكتابة,https://www.auraideasuae.com/مقالات-احترافية/,بحوث تقنية المعلومات,supporting
1312,ar,it,كيفية التنسيق,أبحاث تقنية المعلومات كيفية التنسيق,https://www.auraideasuae.com/مقالات-احترافية/,بحوث تقنية المعلومات,supporting
1313,ar,it,كيفية التوثيق,أبحاث تقنية المعلومات كيفية التوثيق,https://www.auraideasuae.com/مقالات-احترافية/,بحوث تقنية المعلومات,supporting
1314,ar,it,كيفية المراجعة,أبحاث تقنية المعلومات كيفية المراجعة,https://www.auraideasuae.com/مقالات-احترافية/,بحوث تقنية المعلومات,supporting
1315,ar,it,كيفية التحليل,أبحاث تقنية المعلومات كيفية التحليل,https://www.auraideasuae.com/مقالات-احترافية/,بحوث تقنية المعلومات,supporting
1316,ar,it,كيفية العرض,أبحاث تقنية المعلومات كيفية العرض,https://www.auraideasuae.com/مقالات-احترافية/,بحوث تقنية المعلومات,supporting
1317,ar,it,قبل التسليم,أبحاث تقنية المعلومات قبل التسليم,https://www.auraideasuae.com/مقالات-احترافية/,بحوث تقنية المعلومات,supporting
1318,ar,it,لطلاب البكالوريوس,أبحاث تقنية المعلومات لطلاب البكالوريوس,https://www.auraideasuae.com/مقالات-احترافية/,بحوث تقنية المعلومات,supporting
1319,ar,it,لطلاب الماجستير,أبحاث تقنية المعلومات لطلاب الماجستير,https://www.auraideasuae.com/مقالات-احترافية/,بحوث تقنية المعلومات,supporting
1320,ar,it,لطلاب الدكتوراه,أبحاث تقنية المعلومات لطلاب الدكتوراه,https://www.auraideasuae.com/مقالات-احترافية/,بحوث تقنية المعلومات,supporting
1321,ar,it,باللغة العربية,أبحاث تقنية المعلومات باللغة العربية,https://www.auraideasuae.com/مقالات-احترافية/,بحوث تقنية المعلومات,supporting
1322,ar,it,باللغة الإنجليزية,أبحاث تقنية المعلومات باللغة الإنجليزية,https://www.auraideasuae.com/مقالات-احترافية/,بحوث تقنية المعلومات,supporting
1323,ar,it,عربي وإنجليزي,أبحاث تقنية المعلومات عربي وإنجليزي,https://www.auraideasuae.com/مقالات-احترافية/,بحوث تقنية المعلومات,supporting
1324,ar,it,في الجامعات الإماراتية,أبحاث تقنية المعلومات في الجامعات الإماراتية,https://www.auraideasuae.com/مقالات-احترافية/,بحوث تقنية المعلومات,supporting
1325,ar,it,في دبي,أبحاث تقنية المعلومات في دبي,https://www.auraideasuae.com/مقالات-احترافية/,بحوث تقنية المعلومات,supporting
1326,ar,it,في أبوظبي,أبحاث تقنية المعلومات في أبوظبي,https://www.auraideasuae.com/مقالات-احترافية/,بحوث تقنية المعلومات,supporting
1327,ar,it,في الشارقة,أبحاث تقنية المعلومات في الشارقة,https://www.auraideasuae.com/مقالات-احترافية/,بحوث تقنية المعلومات,supporting
1328,ar,it,للجامعات الخاصة,أبحاث تقنية المعلومات للجامعات الخاصة,https://www.auraideasuae.com/مقالات-احترافية/,بحوث تقنية المعلومات,supporting
1329,ar,it,للجامعات الحكومية,أبحاث تقنية المعلومات للجامعات الحكومية,https://www.auraideasuae.com/مقالات-احترافية/,بحوث تقنية المعلومات,supporting
1330,ar,it,عن بُعد,أبحاث تقنية المعلومات عن بُعد,https://www.auraideasuae.com/مقالات-احترافية/,بحوث تقنية المعلومات,supporting
1331,ar,it,خدمة احترافية,أبحاث تقنية المعلومات خدمة احترافية,https://www.auraideasuae.com/مقالات-احترافية/,بحوث تقنية المعلومات,supporting
1332,ar,it,مساعدة أكاديمية,أبحاث تقنية المعلومات مساعدة أكاديمية,https://www.auraideasuae.com/مقالات-احترافية/,بحوث تقنية المعلومات,supporting
1333,ar,it,استشارة بحثية,أبحاث تقنية المعلومات استشارة بحثية,https://www.auraideasuae.com/مقالات-احترافية/,بحوث تقنية المعلومات,supporting
1334,ar,it,مراجعة أكاديمية,أبحاث تقنية المعلومات مراجعة أكاديمية,https://www.auraideasuae.com/مقالات-احترافية/,بحوث تقنية المعلومات,supporting
1335,ar,it,تدقيق علمي,أبحاث تقنية المعلومات تدقيق علمي,https://www.auraideasuae.com/مقالات-احترافية/,بحوث تقنية المعلومات,supporting
1336,ar,it,تنسيق APA,أبحاث تقنية المعلومات تنسيق APA,https://www.auraideasuae.com/مقالات-احترافية/,بحوث تقنية المعلومات,supporting
1337,ar,it,تنسيق MLA,أبحاث تقنية المعلومات تنسيق MLA,https://www.auraideasuae.com/مقالات-احترافية/,بحوث تقنية المعلومات,supporting
1338,ar,it,تنسيق Chicago,أبحاث تقنية المعلومات تنسيق Chicago,https://www.auraideasuae.com/مقالات-احترافية/,بحوث تقنية المعلومات,supporting
1339,ar,it,توثيق المصادر,أبحاث تقنية المعلومات توثيق المصادر,https://www.auraideasuae.com/مقالات-احترافية/,بحوث تقنية المعلومات,supporting
1340,ar,it,تحسين الصياغة,أبحاث تقنية المعلومات تحسين الصياغة,https://www.auraideasuae.com/مقالات-احترافية/,بحوث تقنية المعلومات,supporting
1341,ar,it,تحسين المنهجية,أبحاث تقنية المعلومات تحسين المنهجية,https://www.auraideasuae.com/مقالات-احترافية/,بحوث تقنية المعلومات,supporting
1342,ar,it,قراءة وتحليل البيانات,أبحاث تقنية المعلومات قراءة وتحليل البيانات,https://www.auraideasuae.com/مقالات-احترافية/,بحوث تقنية المعلومات,supporting
1343,ar,it,تصميم أداة البحث,أبحاث تقنية المعلومات تصميم أداة البحث,https://www.auraideasuae.com/مقالات-احترافية/,بحوث تقنية المعلومات,supporting
1344,ar,it,مراجعة الاستبيان,أبحاث تقنية المعلومات مراجعة الاستبيان,https://www.auraideasuae.com/مقالات-احترافية/,بحوث تقنية المعلومات,supporting
1345,ar,it,تفسير النتائج,أبحاث تقنية المعلومات تفسير النتائج,https://www.auraideasuae.com/مقالات-احترافية/,بحوث تقنية المعلومات,supporting
1346,ar,it,إعداد الجداول,أبحاث تقنية المعلومات إعداد الجداول,https://www.auraideasuae.com/مقالات-احترافية/,بحوث تقنية المعلومات,supporting
1347,ar,it,إعداد الرسوم البيانية,أبحاث تقنية المعلومات إعداد الرسوم البيانية,https://www.auraideasuae.com/مقالات-احترافية/,بحوث تقنية المعلومات,supporting
1348,ar,it,تجهيز المناقشة,أبحاث تقنية المعلومات تجهيز المناقشة,https://www.auraideasuae.com/مقالات-احترافية/,بحوث تقنية المعلومات,supporting
1349,ar,it,مع الحفاظ على الأمانة العلمية,أبحاث تقنية المعلومات مع الحفاظ على الأمانة العلمية,https://www.auraideasuae.com/مقالات-احترافية/,بحوث تقنية المعلومات,supporting
1350,ar,it,وفق متطلبات الجامعة,أبحاث تقنية المعلومات وفق متطلبات الجامعة,https://www.auraideasuae.com/مقالات-احترافية/,بحوث تقنية المعلومات,supporting
1351,en,it,simple explanation,information technology research simple explanation,https://www.auraideasuae.com/مقالات-احترافية/,بحوث تقنية المعلومات,supporting
1352,en,it,practical guide,information technology research practical guide,https://www.auraideasuae.com/مقالات-احترافية/,بحوث تقنية المعلومات,supporting
1353,en,it,step-by-step process,information technology research step-by-step process,https://www.auraideasuae.com/مقالات-احترافية/,بحوث تقنية المعلومات,supporting
1354,en,it,editable template,information technology research editable template,https://www.auraideasuae.com/مقالات-احترافية/,بحوث تقنية المعلومات,supporting
1355,en,it,worked example,information technology research worked example,https://www.auraideasuae.com/مقالات-احترافية/,بحوث تقنية المعلومات,supporting
1356,en,it,action plan,information technology research action plan,https://www.auraideasuae.com/مقالات-احترافية/,بحوث تقنية المعلومات,supporting
1357,en,it,student tips,information technology research student tips,https://www.auraideasuae.com/مقالات-احترافية/,بحوث تقنية المعلومات,supporting
1358,en,it,common mistakes,information technology research common mistakes,https://www.auraideasuae.com/مقالات-احترافية/,بحوث تقنية المعلومات,supporting
1359,en,it,quality standards,information technology research quality standards,https://www.auraideasuae.com/مقالات-احترافية/,بحوث تقنية المعلومات,supporting
1360,en,it,how to prepare,information technology research how to prepare,https://www.auraideasuae.com/مقالات-احترافية/,بحوث تقنية المعلومات,supporting
1361,en,it,how to write,information technology research how to write,https://www.auraideasuae.com/مقالات-احترافية/,بحوث تقنية المعلومات,supporting
1362,en,it,how to format,information technology research how to format,https://www.auraideasuae.com/مقالات-احترافية/,بحوث تقنية المعلومات,supporting
1363,en,it,how to cite sources,information technology research how to cite sources,https://www.auraideasuae.com/مقالات-احترافية/,بحوث تقنية المعلومات,supporting
1364,en,it,how to proofread,information technology research how to proofread,https://www.auraideasuae.com/مقالات-احترافية/,بحوث تقنية المعلومات,supporting
1365,en,it,how to analyze,information technology research how to analyze,https://www.auraideasuae.com/مقالات-احترافية/,بحوث تقنية المعلومات,supporting
1366,en,it,how to present,information technology research how to present,https://www.auraideasuae.com/مقالات-احترافية/,بحوث تقنية المعلومات,supporting
1367,en,it,before submission,information technology research before submission,https://www.auraideasuae.com/مقالات-احترافية/,بحوث تقنية المعلومات,supporting
1368,en,it,for undergraduate students,information technology research for undergraduate students,https://www.auraideasuae.com/مقالات-احترافية/,بحوث تقنية المعلومات,supporting
1369,en,it,for master's students,information technology research for master's students,https://www.auraideasuae.com/مقالات-احترافية/,بحوث تقنية المعلومات,supporting
1370,en,it,for doctoral students,information technology research for doctoral students,https://www.auraideasuae.com/مقالات-احترافية/,بحوث تقنية المعلومات,supporting
1371,en,it,in Arabic,information technology research in Arabic,https://www.auraideasuae.com/مقالات-احترافية/,بحوث تقنية المعلومات,supporting
1372,en,it,in English,information technology research in English,https://www.auraideasuae.com/مقالات-احترافية/,بحوث تقنية المعلومات,supporting
1373,en,it,Arabic and English,information technology research Arabic and English,https://www.auraideasuae.com/مقالات-احترافية/,بحوث تقنية المعلومات,supporting
1374,en,it,for UAE universities,information technology research for UAE universities,https://www.auraideasuae.com/مقالات-احترافية/,بحوث تقنية المعلومات,supporting
1375,en,it,in Dubai,information technology research in Dubai,https://www.auraideasuae.com/مقالات-احترافية/,بحوث تقنية المعلومات,supporting
1376,en,it,in Abu Dhabi,information technology research in Abu Dhabi,https://www.auraideasuae.com/مقالات-احترافية/,بحوث تقنية المعلومات,supporting
1377,en,it,in Sharjah,information technology research in Sharjah,https://www.auraideasuae.com/مقالات-احترافية/,بحوث تقنية المعلومات,supporting
1378,en,it,for private universities,information technology research for private universities,https://www.auraideasuae.com/مقالات-احترافية/,بحوث تقنية المعلومات,supporting
1379,en,it,for public universities,information technology research for public universities,https://www.auraideasuae.com/مقالات-احترافية/,بحوث تقنية المعلومات,supporting
1380,en,it,online support,information technology research online support,https://www.auraideasuae.com/مقالات-احترافية/,بحوث تقنية المعلومات,supporting
1381,en,it,professional service,information technology research professional service,https://www.auraideasuae.com/مقالات-احترافية/,بحوث تقنية المعلومات,supporting
1382,en,it,academic assistance,information technology research academic assistance,https://www.auraideasuae.com/مقالات-احترافية/,بحوث تقنية المعلومات,supporting
1383,en,it,research consultation,information technology research research consultation,https://www.auraideasuae.com/مقالات-احترافية/,بحوث تقنية المعلومات,supporting
1384,en,it,academic review,information technology research academic review,https://www.auraideasuae.com/مقالات-احترافية/,بحوث تقنية المعلومات,supporting
1385,en,it,scholarly proofreading,information technology research scholarly proofreading,https://www.auraideasuae.com/مقالات-احترافية/,بحوث تقنية المعلومات,supporting
1386,en,it,APA formatting,information technology research APA formatting,https://www.auraideasuae.com/مقالات-احترافية/,بحوث تقنية المعلومات,supporting
1387,en,it,MLA formatting,information technology research MLA formatting,https://www.auraideasuae.com/مقالات-احترافية/,بحوث تقنية المعلومات,supporting
1388,en,it,Chicago formatting,information technology research Chicago formatting,https://www.auraideasuae.com/مقالات-احترافية/,بحوث تقنية المعلومات,supporting
1389,en,it,source citation,information technology research source citation,https://www.auraideasuae.com/مقالات-احترافية/,بحوث تقنية المعلومات,supporting
1390,en,it,academic rewriting,information technology research academic rewriting,https://www.auraideasuae.com/مقالات-احترافية/,بحوث تقنية المعلومات,supporting
1391,en,it,methodology improvement,information technology research methodology improvement,https://www.auraideasuae.com/مقالات-احترافية/,بحوث تقنية المعلومات,supporting
1392,en,it,data interpretation,information technology research data interpretation,https://www.auraideasuae.com/مقالات-احترافية/,بحوث تقنية المعلومات,supporting
1393,en,it,research instrument design,information technology research research instrument design,https://www.auraideasuae.com/مقالات-احترافية/,بحوث تقنية المعلومات,supporting
1394,en,it,survey review,information technology research survey review,https://www.auraideasuae.com/مقالات-احترافية/,بحوث تقنية المعلومات,supporting
1395,en,it,results interpretation,information technology research results interpretation,https://www.auraideasuae.com/مقالات-احترافية/,بحوث تقنية المعلومات,supporting
1396,en,it,table preparation,information technology research table preparation,https://www.auraideasuae.com/مقالات-احترافية/,بحوث تقنية المعلومات,supporting
1397,en,it,chart preparation,information technology research chart preparation,https://www.auraideasuae.com/مقالات-احترافية/,بحوث تقنية المعلومات,supporting
1398,en,it,discussion preparation,information technology research discussion preparation,https://www.auraideasuae.com/مقالات-احترافية/,بحوث تقنية المعلومات,supporting
1399,en,it,with academic integrity,information technology research with academic integrity,https://www.auraideasuae.com/مقالات-احترافية/,بحوث تقنية المعلومات,supporting
1400,en,it,according to university requirements,information technology research according to university requirements,https://www.auraideasuae.com/مقالات-احترافية/,بحوث تقنية المعلومات,supporting
1401,ar,economics,شرح مبسط,أبحاث الاقتصاد شرح مبسط,https://www.auraideasuae.com/مقالات-احترافية/,البحوث الاقتصادية,supporting
1402,ar,economics,دليل عملي,أبحاث الاقتصاد دليل عملي,https://www.auraideasuae.com/مقالات-احترافية/,البحوث الاقتصادية,supporting
1403,ar,economics,خطوات التنفيذ,أبحاث الاقتصاد خطوات التنفيذ,https://www.auraideasuae.com/مقالات-احترافية/,البحوث الاقتصادية,supporting
1404,ar,economics,نموذج قابل للتعديل,أبحاث الاقتصاد نموذج قابل للتعديل,https://www.auraideasuae.com/مقالات-احترافية/,البحوث الاقتصادية,supporting
1405,ar,economics,مثال تطبيقي,أبحاث الاقتصاد مثال تطبيقي,https://www.auraideasuae.com/مقالات-احترافية/,البحوث الاقتصادية,supporting
1406,ar,economics,خطة عمل,أبحاث الاقتصاد خطة عمل,https://www.auraideasuae.com/مقالات-احترافية/,البحوث الاقتصادية,supporting
1407,ar,economics,نصائح للطلاب,أبحاث الاقتصاد نصائح للطلاب,https://www.auraideasuae.com/مقالات-احترافية/,البحوث الاقتصادية,supporting
1408,ar,economics,أخطاء شائعة,أبحاث الاقتصاد أخطاء شائعة,https://www.auraideasuae.com/مقالات-احترافية/,البحوث الاقتصادية,supporting
1409,ar,economics,معايير الجودة,أبحاث الاقتصاد معايير الجودة,https://www.auraideasuae.com/مقالات-احترافية/,البحوث الاقتصادية,supporting
1410,ar,economics,طريقة الإعداد,أبحاث الاقتصاد طريقة الإعداد,https://www.auraideasuae.com/مقالات-احترافية/,البحوث الاقتصادية,supporting
1411,ar,economics,كيفية الكتابة,أبحاث الاقتصاد كيفية الكتابة,https://www.auraideasuae.com/مقالات-احترافية/,البحوث الاقتصادية,supporting
1412,ar,economics,كيفية التنسيق,أبحاث الاقتصاد كيفية التنسيق,https://www.auraideasuae.com/مقالات-احترافية/,البحوث الاقتصادية,supporting
1413,ar,economics,كيفية التوثيق,أبحاث الاقتصاد كيفية التوثيق,https://www.auraideasuae.com/مقالات-احترافية/,البحوث الاقتصادية,supporting
1414,ar,economics,كيفية المراجعة,أبحاث الاقتصاد كيفية المراجعة,https://www.auraideasuae.com/مقالات-احترافية/,البحوث الاقتصادية,supporting
1415,ar,economics,كيفية التحليل,أبحاث الاقتصاد كيفية التحليل,https://www.auraideasuae.com/مقالات-احترافية/,البحوث الاقتصادية,supporting
1416,ar,economics,كيفية العرض,أبحاث الاقتصاد كيفية العرض,https://www.auraideasuae.com/مقالات-احترافية/,البحوث الاقتصادية,supporting
1417,ar,economics,قبل التسليم,أبحاث الاقتصاد قبل التسليم,https://www.auraideasuae.com/مقالات-احترافية/,البحوث الاقتصادية,supporting
1418,ar,economics,لطلاب البكالوريوس,أبحاث الاقتصاد لطلاب البكالوريوس,https://www.auraideasuae.com/مقالات-احترافية/,البحوث الاقتصادية,supporting
1419,ar,economics,لطلاب الماجستير,أبحاث الاقتصاد لطلاب الماجستير,https://www.auraideasuae.com/مقالات-احترافية/,البحوث الاقتصادية,supporting
1420,ar,economics,لطلاب الدكتوراه,أبحاث الاقتصاد لطلاب الدكتوراه,https://www.auraideasuae.com/مقالات-احترافية/,البحوث الاقتصادية,supporting
1421,ar,economics,باللغة العربية,أبحاث الاقتصاد باللغة العربية,https://www.auraideasuae.com/مقالات-احترافية/,البحوث الاقتصادية,supporting
1422,ar,economics,باللغة الإنجليزية,أبحاث الاقتصاد باللغة الإنجليزية,https://www.auraideasuae.com/مقالات-احترافية/,البحوث الاقتصادية,supporting
1423,ar,economics,عربي وإنجليزي,أبحاث الاقتصاد عربي وإنجليزي,https://www.auraideasuae.com/مقالات-احترافية/,البحوث الاقتصادية,supporting
1424,ar,economics,في الجامعات الإماراتية,أبحاث الاقتصاد في الجامعات الإماراتية,https://www.auraideasuae.com/مقالات-احترافية/,البحوث الاقتصادية,supporting
1425,ar,economics,في دبي,أبحاث الاقتصاد في دبي,https://www.auraideasuae.com/مقالات-احترافية/,البحوث الاقتصادية,supporting
1426,ar,economics,في أبوظبي,أبحاث الاقتصاد في أبوظبي,https://www.auraideasuae.com/مقالات-احترافية/,البحوث الاقتصادية,supporting
1427,ar,economics,في الشارقة,أبحاث الاقتصاد في الشارقة,https://www.auraideasuae.com/مقالات-احترافية/,البحوث الاقتصادية,supporting
1428,ar,economics,للجامعات الخاصة,أبحاث الاقتصاد للجامعات الخاصة,https://www.auraideasuae.com/مقالات-احترافية/,البحوث الاقتصادية,supporting
1429,ar,economics,للجامعات الحكومية,أبحاث الاقتصاد للجامعات الحكومية,https://www.auraideasuae.com/مقالات-احترافية/,البحوث الاقتصادية,supporting
1430,ar,economics,عن بُعد,أبحاث الاقتصاد عن بُعد,https://www.auraideasuae.com/مقالات-احترافية/,البحوث الاقتصادية,supporting
1431,ar,economics,خدمة احترافية,أبحاث الاقتصاد خدمة احترافية,https://www.auraideasuae.com/مقالات-احترافية/,البحوث الاقتصادية,supporting
1432,ar,economics,مساعدة أكاديمية,أبحاث الاقتصاد مساعدة أكاديمية,https://www.auraideasuae.com/مقالات-احترافية/,البحوث الاقتصادية,supporting
1433,ar,economics,استشارة بحثية,أبحاث الاقتصاد استشارة بحثية,https://www.auraideasuae.com/مقالات-احترافية/,البحوث الاقتصادية,supporting
1434,ar,economics,مراجعة أكاديمية,أبحاث الاقتصاد مراجعة أكاديمية,https://www.auraideasuae.com/مقالات-احترافية/,البحوث الاقتصادية,supporting
1435,ar,economics,تدقيق علمي,أبحاث الاقتصاد تدقيق علمي,https://www.auraideasuae.com/مقالات-احترافية/,البحوث الاقتصادية,supporting
1436,ar,economics,تنسيق APA,أبحاث الاقتصاد تنسيق APA,https://www.auraideasuae.com/مقالات-احترافية/,البحوث الاقتصادية,supporting
1437,ar,economics,تنسيق MLA,أبحاث الاقتصاد تنسيق MLA,https://www.auraideasuae.com/مقالات-احترافية/,البحوث الاقتصادية,supporting
1438,ar,economics,تنسيق Chicago,أبحاث الاقتصاد تنسيق Chicago,https://www.auraideasuae.com/مقالات-احترافية/,البحوث الاقتصادية,supporting
1439,ar,economics,توثيق المصادر,أبحاث الاقتصاد توثيق المصادر,https://www.auraideasuae.com/مقالات-احترافية/,البحوث الاقتصادية,supporting
1440,ar,economics,تحسين الصياغة,أبحاث الاقتصاد تحسين الصياغة,https://www.auraideasuae.com/مقالات-احترافية/,البحوث الاقتصادية,supporting
1441,ar,economics,تحسين المنهجية,أبحاث الاقتصاد تحسين المنهجية,https://www.auraideasuae.com/مقالات-احترافية/,البحوث الاقتصادية,supporting
1442,ar,economics,قراءة وتحليل البيانات,أبحاث الاقتصاد قراءة وتحليل البيانات,https://www.auraideasuae.com/مقالات-احترافية/,البحوث الاقتصادية,supporting
1443,ar,economics,تصميم أداة البحث,أبحاث الاقتصاد تصميم أداة البحث,https://www.auraideasuae.com/مقالات-احترافية/,البحوث الاقتصادية,supporting
1444,ar,economics,مراجعة الاستبيان,أبحاث الاقتصاد مراجعة الاستبيان,https://www.auraideasuae.com/مقالات-احترافية/,البحوث الاقتصادية,supporting
1445,ar,economics,تفسير النتائج,أبحاث الاقتصاد تفسير النتائج,https://www.auraideasuae.com/مقالات-احترافية/,البحوث الاقتصادية,supporting
1446,ar,economics,إعداد الجداول,أبحاث الاقتصاد إعداد الجداول,https://www.auraideasuae.com/مقالات-احترافية/,البحوث الاقتصادية,supporting
1447,ar,economics,إعداد الرسوم البيانية,أبحاث الاقتصاد إعداد الرسوم البيانية,https://www.auraideasuae.com/مقالات-احترافية/,البحوث الاقتصادية,supporting
1448,ar,economics,تجهيز المناقشة,أبحاث الاقتصاد تجهيز المناقشة,https://www.auraideasuae.com/مقالات-احترافية/,البحوث الاقتصادية,supporting
1449,ar,economics,مع الحفاظ على الأمانة العلمية,أبحاث الاقتصاد مع الحفاظ على الأمانة العلمية,https://www.auraideasuae.com/مقالات-احترافية/,البحوث الاقتصادية,supporting
1450,ar,economics,وفق متطلبات الجامعة,أبحاث الاقتصاد وفق متطلبات الجامعة,https://www.auraideasuae.com/مقالات-احترافية/,البحوث الاقتصادية,supporting
1451,en,economics,simple explanation,economics research simple explanation,https://www.auraideasuae.com/مقالات-احترافية/,البحوث الاقتصادية,supporting
1452,en,economics,practical guide,economics research practical guide,https://www.auraideasuae.com/مقالات-احترافية/,البحوث الاقتصادية,supporting
1453,en,economics,step-by-step process,economics research step-by-step process,https://www.auraideasuae.com/مقالات-احترافية/,البحوث الاقتصادية,supporting
1454,en,economics,editable template,economics research editable template,https://www.auraideasuae.com/مقالات-احترافية/,البحوث الاقتصادية,supporting
1455,en,economics,worked example,economics research worked example,https://www.auraideasuae.com/مقالات-احترافية/,البحوث الاقتصادية,supporting
1456,en,economics,action plan,economics research action plan,https://www.auraideasuae.com/مقالات-احترافية/,البحوث الاقتصادية,supporting
1457,en,economics,student tips,economics research student tips,https://www.auraideasuae.com/مقالات-احترافية/,البحوث الاقتصادية,supporting
1458,en,economics,common mistakes,economics research common mistakes,https://www.auraideasuae.com/مقالات-احترافية/,البحوث الاقتصادية,supporting
1459,en,economics,quality standards,economics research quality standards,https://www.auraideasuae.com/مقالات-احترافية/,البحوث الاقتصادية,supporting
1460,en,economics,how to prepare,economics research how to prepare,https://www.auraideasuae.com/مقالات-احترافية/,البحوث الاقتصادية,supporting
1461,en,economics,how to write,economics research how to write,https://www.auraideasuae.com/مقالات-احترافية/,البحوث الاقتصادية,supporting
1462,en,economics,how to format,economics research how to format,https://www.auraideasuae.com/مقالات-احترافية/,البحوث الاقتصادية,supporting
1463,en,economics,how to cite sources,economics research how to cite sources,https://www.auraideasuae.com/مقالات-احترافية/,البحوث الاقتصادية,supporting
1464,en,economics,how to proofread,economics research how to proofread,https://www.auraideasuae.com/مقالات-احترافية/,البحوث الاقتصادية,supporting
1465,en,economics,how to analyze,economics research how to analyze,https://www.auraideasuae.com/مقالات-احترافية/,البحوث الاقتصادية,supporting
1466,en,economics,how to present,economics research how to present,https://www.auraideasuae.com/مقالات-احترافية/,البحوث الاقتصادية,supporting
1467,en,economics,before submission,economics research before submission,https://www.auraideasuae.com/مقالات-احترافية/,البحوث الاقتصادية,supporting
1468,en,economics,for undergraduate students,economics research for undergraduate students,https://www.auraideasuae.com/مقالات-احترافية/,البحوث الاقتصادية,supporting
1469,en,economics,for master's students,economics research for master's students,https://www.auraideasuae.com/مقالات-احترافية/,البحوث الاقتصادية,supporting
1470,en,economics,for doctoral students,economics research for doctoral students,https://www.auraideasuae.com/مقالات-احترافية/,البحوث الاقتصادية,supporting
1471,en,economics,in Arabic,economics research in Arabic,https://www.auraideasuae.com/مقالات-احترافية/,البحوث الاقتصادية,supporting
1472,en,economics,in English,economics research in English,https://www.auraideasuae.com/مقالات-احترافية/,البحوث الاقتصادية,supporting
1473,en,economics,Arabic and English,economics research Arabic and English,https://www.auraideasuae.com/مقالات-احترافية/,البحوث الاقتصادية,supporting
1474,en,economics,for UAE universities,economics research for UAE universities,https://www.auraideasuae.com/مقالات-احترافية/,البحوث الاقتصادية,supporting
1475,en,economics,in Dubai,economics research in Dubai,https://www.auraideasuae.com/مقالات-احترافية/,البحوث الاقتصادية,supporting
1476,en,economics,in Abu Dhabi,economics research in Abu Dhabi,https://www.auraideasuae.com/مقالات-احترافية/,البحوث الاقتصادية,supporting
1477,en,economics,in Sharjah,economics research in Sharjah,https://www.auraideasuae.com/مقالات-احترافية/,البحوث الاقتصادية,supporting
1478,en,economics,for private universities,economics research for private universities,https://www.auraideasuae.com/مقالات-احترافية/,البحوث الاقتصادية,supporting
1479,en,economics,for public universities,economics research for public universities,https://www.auraideasuae.com/مقالات-احترافية/,البحوث الاقتصادية,supporting
1480,en,economics,online support,economics research online support,https://www.auraideasuae.com/مقالات-احترافية/,البحوث الاقتصادية,supporting
1481,en,economics,professional service,economics research professional service,https://www.auraideasuae.com/مقالات-احترافية/,البحوث الاقتصادية,supporting
1482,en,economics,academic assistance,economics research academic assistance,https://www.auraideasuae.com/مقالات-احترافية/,البحوث الاقتصادية,supporting
1483,en,economics,research consultation,economics research research consultation,https://www.auraideasuae.com/مقالات-احترافية/,البحوث الاقتصادية,supporting
1484,en,economics,academic review,economics research academic review,https://www.auraideasuae.com/مقالات-احترافية/,البحوث الاقتصادية,supporting
1485,en,economics,scholarly proofreading,economics research scholarly proofreading,https://www.auraideasuae.com/مقالات-احترافية/,البحوث الاقتصادية,supporting
1486,en,economics,APA formatting,economics research APA formatting,https://www.auraideasuae.com/مقالات-احترافية/,البحوث الاقتصادية,supporting
1487,en,economics,MLA formatting,economics research MLA formatting,https://www.auraideasuae.com/مقالات-احترافية/,البحوث الاقتصادية,supporting
1488,en,economics,Chicago formatting,economics research Chicago formatting,https://www.auraideasuae.com/مقالات-احترافية/,البحوث الاقتصادية,supporting
1489,en,economics,source citation,economics research source citation,https://www.auraideasuae.com/مقالات-احترافية/,البحوث الاقتصادية,supporting
1490,en,economics,academic rewriting,economics research academic rewriting,https://www.auraideasuae.com/مقالات-احترافية/,البحوث الاقتصادية,supporting
1491,en,economics,methodology improvement,economics research methodology improvement,https://www.auraideasuae.com/مقالات-احترافية/,البحوث الاقتصادية,supporting
1492,en,economics,data interpretation,economics research data interpretation,https://www.auraideasuae.com/مقالات-احترافية/,البحوث الاقتصادية,supporting
1493,en,economics,research instrument design,economics research research instrument design,https://www.auraideasuae.com/مقالات-احترافية/,البحوث الاقتصادية,supporting
1494,en,economics,survey review,economics research survey review,https://www.auraideasuae.com/مقالات-احترافية/,البحوث الاقتصادية,supporting
1495,en,economics,results interpretation,economics research results interpretation,https://www.auraideasuae.com/مقالات-احترافية/,البحوث الاقتصادية,supporting
1496,en,economics,table preparation,economics research table preparation,https://www.auraideasuae.com/مقالات-احترافية/,البحوث الاقتصادية,supporting
1497,en,economics,chart preparation,economics research chart preparation,https://www.auraideasuae.com/مقالات-احترافية/,البحوث الاقتصادية,supporting
1498,en,economics,discussion preparation,economics research discussion preparation,https://www.auraideasuae.com/مقالات-احترافية/,البحوث الاقتصادية,supporting
1499,en,economics,with academic integrity,economics research with academic integrity,https://www.auraideasuae.com/مقالات-احترافية/,البحوث الاقتصادية,supporting
1500,en,economics,according to university requirements,economics research according to university requirements,https://www.auraideasuae.com/مقالات-احترافية/,البحوث الاقتصادية,supporting
1501,ar,translation,شرح مبسط,ترجمة أكاديمية شرح مبسط,https://www.auraideasuae.com/مقالات-احترافية/,الترجمة الأكاديمية,supporting
1502,ar,translation,دليل عملي,ترجمة أكاديمية دليل عملي,https://www.auraideasuae.com/مقالات-احترافية/,الترجمة الأكاديمية,supporting
1503,ar,translation,خطوات التنفيذ,ترجمة أكاديمية خطوات التنفيذ,https://www.auraideasuae.com/مقالات-احترافية/,الترجمة الأكاديمية,supporting
1504,ar,translation,نموذج قابل للتعديل,ترجمة أكاديمية نموذج قابل للتعديل,https://www.auraideasuae.com/مقالات-احترافية/,الترجمة الأكاديمية,supporting
1505,ar,translation,مثال تطبيقي,ترجمة أكاديمية مثال تطبيقي,https://www.auraideasuae.com/مقالات-احترافية/,الترجمة الأكاديمية,supporting
1506,ar,translation,خطة عمل,ترجمة أكاديمية خطة عمل,https://www.auraideasuae.com/مقالات-احترافية/,الترجمة الأكاديمية,supporting
1507,ar,translation,نصائح للطلاب,ترجمة أكاديمية نصائح للطلاب,https://www.auraideasuae.com/مقالات-احترافية/,الترجمة الأكاديمية,supporting
1508,ar,translation,أخطاء شائعة,ترجمة أكاديمية أخطاء شائعة,https://www.auraideasuae.com/مقالات-احترافية/,الترجمة الأكاديمية,supporting
1509,ar,translation,معايير الجودة,ترجمة أكاديمية معايير الجودة,https://www.auraideasuae.com/مقالات-احترافية/,الترجمة الأكاديمية,supporting
1510,ar,translation,طريقة الإعداد,ترجمة أكاديمية طريقة الإعداد,https://www.auraideasuae.com/مقالات-احترافية/,الترجمة الأكاديمية,supporting
1511,ar,translation,كيفية الكتابة,ترجمة أكاديمية كيفية الكتابة,https://www.auraideasuae.com/مقالات-احترافية/,الترجمة الأكاديمية,supporting
1512,ar,translation,كيفية التنسيق,ترجمة أكاديمية كيفية التنسيق,https://www.auraideasuae.com/مقالات-احترافية/,الترجمة الأكاديمية,supporting
1513,ar,translation,كيفية التوثيق,ترجمة أكاديمية كيفية التوثيق,https://www.auraideasuae.com/مقالات-احترافية/,الترجمة الأكاديمية,supporting
1514,ar,translation,كيفية المراجعة,ترجمة أكاديمية كيفية المراجعة,https://www.auraideasuae.com/مقالات-احترافية/,الترجمة الأكاديمية,supporting
1515,ar,translation,كيفية التحليل,ترجمة أكاديمية كيفية التحليل,https://www.auraideasuae.com/مقالات-احترافية/,الترجمة الأكاديمية,supporting
1516,ar,translation,كيفية العرض,ترجمة أكاديمية كيفية العرض,https://www.auraideasuae.com/مقالات-احترافية/,الترجمة الأكاديمية,supporting
1517,ar,translation,قبل التسليم,ترجمة أكاديمية قبل التسليم,https://www.auraideasuae.com/مقالات-احترافية/,الترجمة الأكاديمية,supporting
1518,ar,translation,لطلاب البكالوريوس,ترجمة أكاديمية لطلاب البكالوريوس,https://www.auraideasuae.com/مقالات-احترافية/,الترجمة الأكاديمية,supporting
1519,ar,translation,لطلاب الماجستير,ترجمة أكاديمية لطلاب الماجستير,https://www.auraideasuae.com/مقالات-احترافية/,الترجمة الأكاديمية,supporting
1520,ar,translation,لطلاب الدكتوراه,ترجمة أكاديمية لطلاب الدكتوراه,https://www.auraideasuae.com/مقالات-احترافية/,الترجمة الأكاديمية,supporting
1521,ar,translation,باللغة العربية,ترجمة أكاديمية باللغة العربية,https://www.auraideasuae.com/مقالات-احترافية/,الترجمة الأكاديمية,supporting
1522,ar,translation,باللغة الإنجليزية,ترجمة أكاديمية باللغة الإنجليزية,https://www.auraideasuae.com/مقالات-احترافية/,الترجمة الأكاديمية,supporting
1523,ar,translation,عربي وإنجليزي,ترجمة أكاديمية عربي وإنجليزي,https://www.auraideasuae.com/مقالات-احترافية/,الترجمة الأكاديمية,supporting
1524,ar,translation,في الجامعات الإماراتية,ترجمة أكاديمية في الجامعات الإماراتية,https://www.auraideasuae.com/مقالات-احترافية/,الترجمة الأكاديمية,supporting
1525,ar,translation,في دبي,ترجمة أكاديمية في دبي,https://www.auraideasuae.com/مقالات-احترافية/,الترجمة الأكاديمية,supporting
1526,ar,translation,في أبوظبي,ترجمة أكاديمية في أبوظبي,https://www.auraideasuae.com/مقالات-احترافية/,الترجمة الأكاديمية,supporting
1527,ar,translation,في الشارقة,ترجمة أكاديمية في الشارقة,https://www.auraideasuae.com/مقالات-احترافية/,الترجمة الأكاديمية,supporting
1528,ar,translation,للجامعات الخاصة,ترجمة أكاديمية للجامعات الخاصة,https://www.auraideasuae.com/مقالات-احترافية/,الترجمة الأكاديمية,supporting
1529,ar,translation,للجامعات الحكومية,ترجمة أكاديمية للجامعات الحكومية,https://www.auraideasuae.com/مقالات-احترافية/,الترجمة الأكاديمية,supporting
1530,ar,translation,عن بُعد,ترجمة أكاديمية عن بُعد,https://www.auraideasuae.com/مقالات-احترافية/,الترجمة الأكاديمية,supporting
1531,ar,translation,خدمة احترافية,ترجمة أكاديمية خدمة احترافية,https://www.auraideasuae.com/مقالات-احترافية/,الترجمة الأكاديمية,supporting
1532,ar,translation,مساعدة أكاديمية,ترجمة أكاديمية مساعدة أكاديمية,https://www.auraideasuae.com/مقالات-احترافية/,الترجمة الأكاديمية,supporting
1533,ar,translation,استشارة بحثية,ترجمة أكاديمية استشارة بحثية,https://www.auraideasuae.com/مقالات-احترافية/,الترجمة الأكاديمية,supporting
1534,ar,translation,مراجعة أكاديمية,ترجمة أكاديمية مراجعة أكاديمية,https://www.auraideasuae.com/مقالات-احترافية/,الترجمة الأكاديمية,supporting
1535,ar,translation,تدقيق علمي,ترجمة أكاديمية تدقيق علمي,https://www.auraideasuae.com/مقالات-احترافية/,الترجمة الأكاديمية,supporting
1536,ar,translation,تنسيق APA,ترجمة أكاديمية تنسيق APA,https://www.auraideasuae.com/مقالات-احترافية/,الترجمة الأكاديمية,supporting
1537,ar,translation,تنسيق MLA,ترجمة أكاديمية تنسيق MLA,https://www.auraideasuae.com/مقالات-احترافية/,الترجمة الأكاديمية,supporting
1538,ar,translation,تنسيق Chicago,ترجمة أكاديمية تنسيق Chicago,https://www.auraideasuae.com/مقالات-احترافية/,الترجمة الأكاديمية,supporting
1539,ar,translation,توثيق المصادر,ترجمة أكاديمية توثيق المصادر,https://www.auraideasuae.com/مقالات-احترافية/,الترجمة الأكاديمية,supporting
1540,ar,translation,تحسين الصياغة,ترجمة أكاديمية تحسين الصياغة,https://www.auraideasuae.com/مقالات-احترافية/,الترجمة الأكاديمية,supporting
1541,ar,translation,تحسين المنهجية,ترجمة أكاديمية تحسين المنهجية,https://www.auraideasuae.com/مقالات-احترافية/,الترجمة الأكاديمية,supporting
1542,ar,translation,قراءة وتحليل البيانات,ترجمة أكاديمية قراءة وتحليل البيانات,https://www.auraideasuae.com/مقالات-احترافية/,الترجمة الأكاديمية,supporting
1543,ar,translation,تصميم أداة البحث,ترجمة أكاديمية تصميم أداة البحث,https://www.auraideasuae.com/مقالات-احترافية/,الترجمة الأكاديمية,supporting
1544,ar,translation,مراجعة الاستبيان,ترجمة أكاديمية مراجعة الاستبيان,https://www.auraideasuae.com/مقالات-احترافية/,الترجمة الأكاديمية,supporting
1545,ar,translation,تفسير النتائج,ترجمة أكاديمية تفسير النتائج,https://www.auraideasuae.com/مقالات-احترافية/,الترجمة الأكاديمية,supporting
1546,ar,translation,إعداد الجداول,ترجمة أكاديمية إعداد الجداول,https://www.auraideasuae.com/مقالات-احترافية/,الترجمة الأكاديمية,supporting
1547,ar,translation,إعداد الرسوم البيانية,ترجمة أكاديمية إعداد الرسوم البيانية,https://www.auraideasuae.com/مقالات-احترافية/,الترجمة الأكاديمية,supporting
1548,ar,translation,تجهيز المناقشة,ترجمة أكاديمية تجهيز المناقشة,https://www.auraideasuae.com/مقالات-احترافية/,الترجمة الأكاديمية,supporting
1549,ar,translation,مع الحفاظ على الأمانة العلمية,ترجمة أكاديمية مع الحفاظ على الأمانة العلمية,https://www.auraideasuae.com/مقالات-احترافية/,الترجمة الأكاديمية,supporting
1550,ar,translation,وفق متطلبات الجامعة,ترجمة أكاديمية وفق متطلبات الجامعة,https://www.auraideasuae.com/مقالات-احترافية/,الترجمة الأكاديمية,supporting
1551,en,translation,simple explanation,academic translation simple explanation,https://www.auraideasuae.com/مقالات-احترافية/,الترجمة الأكاديمية,supporting
1552,en,translation,practical guide,academic translation practical guide,https://www.auraideasuae.com/مقالات-احترافية/,الترجمة الأكاديمية,supporting
1553,en,translation,step-by-step process,academic translation step-by-step process,https://www.auraideasuae.com/مقالات-احترافية/,الترجمة الأكاديمية,supporting
1554,en,translation,editable template,academic translation editable template,https://www.auraideasuae.com/مقالات-احترافية/,الترجمة الأكاديمية,supporting
1555,en,translation,worked example,academic translation worked example,https://www.auraideasuae.com/مقالات-احترافية/,الترجمة الأكاديمية,supporting
1556,en,translation,action plan,academic translation action plan,https://www.auraideasuae.com/مقالات-احترافية/,الترجمة الأكاديمية,supporting
1557,en,translation,student tips,academic translation student tips,https://www.auraideasuae.com/مقالات-احترافية/,الترجمة الأكاديمية,supporting
1558,en,translation,common mistakes,academic translation common mistakes,https://www.auraideasuae.com/مقالات-احترافية/,الترجمة الأكاديمية,supporting
1559,en,translation,quality standards,academic translation quality standards,https://www.auraideasuae.com/مقالات-احترافية/,الترجمة الأكاديمية,supporting
1560,en,translation,how to prepare,academic translation how to prepare,https://www.auraideasuae.com/مقالات-احترافية/,الترجمة الأكاديمية,supporting
1561,en,translation,how to write,academic translation how to write,https://www.auraideasuae.com/مقالات-احترافية/,الترجمة الأكاديمية,supporting
1562,en,translation,how to format,academic translation how to format,https://www.auraideasuae.com/مقالات-احترافية/,الترجمة الأكاديمية,supporting
1563,en,translation,how to cite sources,academic translation how to cite sources,https://www.auraideasuae.com/مقالات-احترافية/,الترجمة الأكاديمية,supporting
1564,en,translation,how to proofread,academic translation how to proofread,https://www.auraideasuae.com/مقالات-احترافية/,الترجمة الأكاديمية,supporting
1565,en,translation,how to analyze,academic translation how to analyze,https://www.auraideasuae.com/مقالات-احترافية/,الترجمة الأكاديمية,supporting
1566,en,translation,how to present,academic translation how to present,https://www.auraideasuae.com/مقالات-احترافية/,الترجمة الأكاديمية,supporting
1567,en,translation,before submission,academic translation before submission,https://www.auraideasuae.com/مقالات-احترافية/,الترجمة الأكاديمية,supporting
1568,en,translation,for undergraduate students,academic translation for undergraduate students,https://www.auraideasuae.com/مقالات-احترافية/,الترجمة الأكاديمية,supporting
1569,en,translation,for master's students,academic translation for master's students,https://www.auraideasuae.com/مقالات-احترافية/,الترجمة الأكاديمية,supporting
1570,en,translation,for doctoral students,academic translation for doctoral students,https://www.auraideasuae.com/مقالات-احترافية/,الترجمة الأكاديمية,supporting
1571,en,translation,in Arabic,academic translation in Arabic,https://www.auraideasuae.com/مقالات-احترافية/,الترجمة الأكاديمية,supporting
1572,en,translation,in English,academic translation in English,https://www.auraideasuae.com/مقالات-احترافية/,الترجمة الأكاديمية,supporting
1573,en,translation,Arabic and English,academic translation Arabic and English,https://www.auraideasuae.com/مقالات-احترافية/,الترجمة الأكاديمية,supporting
1574,en,translation,for UAE universities,academic translation for UAE universities,https://www.auraideasuae.com/مقالات-احترافية/,الترجمة الأكاديمية,supporting
1575,en,translation,in Dubai,academic translation in Dubai,https://www.auraideasuae.com/مقالات-احترافية/,الترجمة الأكاديمية,supporting
1576,en,translation,in Abu Dhabi,academic translation in Abu Dhabi,https://www.auraideasuae.com/مقالات-احترافية/,الترجمة الأكاديمية,supporting
1577,en,translation,in Sharjah,academic translation in Sharjah,https://www.auraideasuae.com/مقالات-احترافية/,الترجمة الأكاديمية,supporting
1578,en,translation,for private universities,academic translation for private universities,https://www.auraideasuae.com/مقالات-احترافية/,الترجمة الأكاديمية,supporting
1579,en,translation,for public universities,academic translation for public universities,https://www.auraideasuae.com/مقالات-احترافية/,الترجمة الأكاديمية,supporting
1580,en,translation,online support,academic translation online support,https://www.auraideasuae.com/مقالات-احترافية/,الترجمة الأكاديمية,supporting
1581,en,translation,professional service,academic translation professional service,https://www.auraideasuae.com/مقالات-احترافية/,الترجمة الأكاديمية,supporting
1582,en,translation,academic assistance,academic translation academic assistance,https://www.auraideasuae.com/مقالات-احترافية/,الترجمة الأكاديمية,supporting
1583,en,translation,research consultation,academic translation research consultation,https://www.auraideasuae.com/مقالات-احترافية/,الترجمة الأكاديمية,supporting
1584,en,translation,academic review,academic translation academic review,https://www.auraideasuae.com/مقالات-احترافية/,الترجمة الأكاديمية,supporting
1585,en,translation,scholarly proofreading,academic translation scholarly proofreading,https://www.auraideasuae.com/مقالات-احترافية/,الترجمة الأكاديمية,supporting
1586,en,translation,APA formatting,academic translation APA formatting,https://www.auraideasuae.com/مقالات-احترافية/,الترجمة الأكاديمية,supporting
1587,en,translation,MLA formatting,academic translation MLA formatting,https://www.auraideasuae.com/مقالات-احترافية/,الترجمة الأكاديمية,supporting
1588,en,translation,Chicago formatting,academic translation Chicago formatting,https://www.auraideasuae.com/مقالات-احترافية/,الترجمة الأكاديمية,supporting
1589,en,translation,source citation,academic translation source citation,https://www.auraideasuae.com/مقالات-احترافية/,الترجمة الأكاديمية,supporting
1590,en,translation,academic rewriting,academic translation academic rewriting,https://www.auraideasuae.com/مقالات-احترافية/,الترجمة الأكاديمية,supporting
1591,en,translation,methodology improvement,academic translation methodology improvement,https://www.auraideasuae.com/مقالات-احترافية/,الترجمة الأكاديمية,supporting
1592,en,translation,data interpretation,academic translation data interpretation,https://www.auraideasuae.com/مقالات-احترافية/,الترجمة الأكاديمية,supporting
1593,en,translation,research instrument design,academic translation research instrument design,https://www.auraideasuae.com/مقالات-احترافية/,الترجمة الأكاديمية,supporting
1594,en,translation,survey review,academic translation survey review,https://www.auraideasuae.com/مقالات-احترافية/,الترجمة الأكاديمية,supporting
1595,en,translation,results interpretation,academic translation results interpretation,https://www.auraideasuae.com/مقالات-احترافية/,الترجمة الأكاديمية,supporting
1596,en,translation,table preparation,academic translation table preparation,https://www.auraideasuae.com/مقالات-احترافية/,الترجمة الأكاديمية,supporting
1597,en,translation,chart preparation,academic translation chart preparation,https://www.auraideasuae.com/مقالات-احترافية/,الترجمة الأكاديمية,supporting
1598,en,translation,discussion preparation,academic translation discussion preparation,https://www.auraideasuae.com/مقالات-احترافية/,الترجمة الأكاديمية,supporting
1599,en,translation,with academic integrity,academic translation with academic integrity,https://www.auraideasuae.com/مقالات-احترافية/,الترجمة الأكاديمية,supporting
1600,en,translation,according to university requirements,academic translation according to university requirements,https://www.auraideasuae.com/مقالات-احترافية/,الترجمة الأكاديمية,supporting
1601,ar,editing,شرح مبسط,تدقيق لغوي وتنسيق أكاديمي شرح مبسط,https://www.auraideasuae.com/مقالات-احترافية/,المراجعة الأكاديمية,supporting
1602,ar,editing,دليل عملي,تدقيق لغوي وتنسيق أكاديمي دليل عملي,https://www.auraideasuae.com/مقالات-احترافية/,المراجعة الأكاديمية,supporting
1603,ar,editing,خطوات التنفيذ,تدقيق لغوي وتنسيق أكاديمي خطوات التنفيذ,https://www.auraideasuae.com/مقالات-احترافية/,المراجعة الأكاديمية,supporting
1604,ar,editing,نموذج قابل للتعديل,تدقيق لغوي وتنسيق أكاديمي نموذج قابل للتعديل,https://www.auraideasuae.com/مقالات-احترافية/,المراجعة الأكاديمية,supporting
1605,ar,editing,مثال تطبيقي,تدقيق لغوي وتنسيق أكاديمي مثال تطبيقي,https://www.auraideasuae.com/مقالات-احترافية/,المراجعة الأكاديمية,supporting
1606,ar,editing,خطة عمل,تدقيق لغوي وتنسيق أكاديمي خطة عمل,https://www.auraideasuae.com/مقالات-احترافية/,المراجعة الأكاديمية,supporting
1607,ar,editing,نصائح للطلاب,تدقيق لغوي وتنسيق أكاديمي نصائح للطلاب,https://www.auraideasuae.com/مقالات-احترافية/,المراجعة الأكاديمية,supporting
1608,ar,editing,أخطاء شائعة,تدقيق لغوي وتنسيق أكاديمي أخطاء شائعة,https://www.auraideasuae.com/مقالات-احترافية/,المراجعة الأكاديمية,supporting
1609,ar,editing,معايير الجودة,تدقيق لغوي وتنسيق أكاديمي معايير الجودة,https://www.auraideasuae.com/مقالات-احترافية/,المراجعة الأكاديمية,supporting
1610,ar,editing,طريقة الإعداد,تدقيق لغوي وتنسيق أكاديمي طريقة الإعداد,https://www.auraideasuae.com/مقالات-احترافية/,المراجعة الأكاديمية,supporting
1611,ar,editing,كيفية الكتابة,تدقيق لغوي وتنسيق أكاديمي كيفية الكتابة,https://www.auraideasuae.com/مقالات-احترافية/,المراجعة الأكاديمية,supporting
1612,ar,editing,كيفية التنسيق,تدقيق لغوي وتنسيق أكاديمي كيفية التنسيق,https://www.auraideasuae.com/مقالات-احترافية/,المراجعة الأكاديمية,supporting
1613,ar,editing,كيفية التوثيق,تدقيق لغوي وتنسيق أكاديمي كيفية التوثيق,https://www.auraideasuae.com/مقالات-احترافية/,المراجعة الأكاديمية,supporting
1614,ar,editing,كيفية المراجعة,تدقيق لغوي وتنسيق أكاديمي كيفية المراجعة,https://www.auraideasuae.com/مقالات-احترافية/,المراجعة الأكاديمية,supporting
1615,ar,editing,كيفية التحليل,تدقيق لغوي وتنسيق أكاديمي كيفية التحليل,https://www.auraideasuae.com/مقالات-احترافية/,المراجعة الأكاديمية,supporting
1616,ar,editing,كيفية العرض,تدقيق لغوي وتنسيق أكاديمي كيفية العرض,https://www.auraideasuae.com/مقالات-احترافية/,المراجعة الأكاديمية,supporting
1617,ar,editing,قبل التسليم,تدقيق لغوي وتنسيق أكاديمي قبل التسليم,https://www.auraideasuae.com/مقالات-احترافية/,المراجعة الأكاديمية,supporting
1618,ar,editing,لطلاب البكالوريوس,تدقيق لغوي وتنسيق أكاديمي لطلاب البكالوريوس,https://www.auraideasuae.com/مقالات-احترافية/,المراجعة الأكاديمية,supporting
1619,ar,editing,لطلاب الماجستير,تدقيق لغوي وتنسيق أكاديمي لطلاب الماجستير,https://www.auraideasuae.com/مقالات-احترافية/,المراجعة الأكاديمية,supporting
1620,ar,editing,لطلاب الدكتوراه,تدقيق لغوي وتنسيق أكاديمي لطلاب الدكتوراه,https://www.auraideasuae.com/مقالات-احترافية/,المراجعة الأكاديمية,supporting
1621,ar,editing,باللغة العربية,تدقيق لغوي وتنسيق أكاديمي باللغة العربية,https://www.auraideasuae.com/مقالات-احترافية/,المراجعة الأكاديمية,supporting
1622,ar,editing,باللغة الإنجليزية,تدقيق لغوي وتنسيق أكاديمي باللغة الإنجليزية,https://www.auraideasuae.com/مقالات-احترافية/,المراجعة الأكاديمية,supporting
1623,ar,editing,عربي وإنجليزي,تدقيق لغوي وتنسيق أكاديمي عربي وإنجليزي,https://www.auraideasuae.com/مقالات-احترافية/,المراجعة الأكاديمية,supporting
1624,ar,editing,في الجامعات الإماراتية,تدقيق لغوي وتنسيق أكاديمي في الجامعات الإماراتية,https://www.auraideasuae.com/مقالات-احترافية/,المراجعة الأكاديمية,supporting
1625,ar,editing,في دبي,تدقيق لغوي وتنسيق أكاديمي في دبي,https://www.auraideasuae.com/مقالات-احترافية/,المراجعة الأكاديمية,supporting
1626,ar,editing,في أبوظبي,تدقيق لغوي وتنسيق أكاديمي في أبوظبي,https://www.auraideasuae.com/مقالات-احترافية/,المراجعة الأكاديمية,supporting
1627,ar,editing,في الشارقة,تدقيق لغوي وتنسيق أكاديمي في الشارقة,https://www.auraideasuae.com/مقالات-احترافية/,المراجعة الأكاديمية,supporting
1628,ar,editing,للجامعات الخاصة,تدقيق لغوي وتنسيق أكاديمي للجامعات الخاصة,https://www.auraideasuae.com/مقالات-احترافية/,المراجعة الأكاديمية,supporting
1629,ar,editing,للجامعات الحكومية,تدقيق لغوي وتنسيق أكاديمي للجامعات الحكومية,https://www.auraideasuae.com/مقالات-احترافية/,المراجعة الأكاديمية,supporting
1630,ar,editing,عن بُعد,تدقيق لغوي وتنسيق أكاديمي عن بُعد,https://www.auraideasuae.com/مقالات-احترافية/,المراجعة الأكاديمية,supporting
1631,ar,editing,خدمة احترافية,تدقيق لغوي وتنسيق أكاديمي خدمة احترافية,https://www.auraideasuae.com/مقالات-احترافية/,المراجعة الأكاديمية,supporting
1632,ar,editing,مساعدة أكاديمية,تدقيق لغوي وتنسيق أكاديمي مساعدة أكاديمية,https://www.auraideasuae.com/مقالات-احترافية/,المراجعة الأكاديمية,supporting
1633,ar,editing,استشارة بحثية,تدقيق لغوي وتنسيق أكاديمي استشارة بحثية,https://www.auraideasuae.com/مقالات-احترافية/,المراجعة الأكاديمية,supporting
1634,ar,editing,مراجعة أكاديمية,تدقيق لغوي وتنسيق أكاديمي مراجعة أكاديمية,https://www.auraideasuae.com/مقالات-احترافية/,المراجعة الأكاديمية,supporting
1635,ar,editing,تدقيق علمي,تدقيق لغوي وتنسيق أكاديمي تدقيق علمي,https://www.auraideasuae.com/مقالات-احترافية/,المراجعة الأكاديمية,supporting
1636,ar,editing,تنسيق APA,تدقيق لغوي وتنسيق أكاديمي تنسيق APA,https://www.auraideasuae.com/مقالات-احترافية/,المراجعة الأكاديمية,supporting
1637,ar,editing,تنسيق MLA,تدقيق لغوي وتنسيق أكاديمي تنسيق MLA,https://www.auraideasuae.com/مقالات-احترافية/,المراجعة الأكاديمية,supporting
1638,ar,editing,تنسيق Chicago,تدقيق لغوي وتنسيق أكاديمي تنسيق Chicago,https://www.auraideasuae.com/مقالات-احترافية/,المراجعة الأكاديمية,supporting
1639,ar,editing,توثيق المصادر,تدقيق لغوي وتنسيق أكاديمي توثيق المصادر,https://www.auraideasuae.com/مقالات-احترافية/,المراجعة الأكاديمية,supporting
1640,ar,editing,تحسين الصياغة,تدقيق لغوي وتنسيق أكاديمي تحسين الصياغة,https://www.auraideasuae.com/مقالات-احترافية/,المراجعة الأكاديمية,supporting
1641,ar,editing,تحسين المنهجية,تدقيق لغوي وتنسيق أكاديمي تحسين المنهجية,https://www.auraideasuae.com/مقالات-احترافية/,المراجعة الأكاديمية,supporting
1642,ar,editing,قراءة وتحليل البيانات,تدقيق لغوي وتنسيق أكاديمي قراءة وتحليل البيانات,https://www.auraideasuae.com/مقالات-احترافية/,المراجعة الأكاديمية,supporting
1643,ar,editing,تصميم أداة البحث,تدقيق لغوي وتنسيق أكاديمي تصميم أداة البحث,https://www.auraideasuae.com/مقالات-احترافية/,المراجعة الأكاديمية,supporting
1644,ar,editing,مراجعة الاستبيان,تدقيق لغوي وتنسيق أكاديمي مراجعة الاستبيان,https://www.auraideasuae.com/مقالات-احترافية/,المراجعة الأكاديمية,supporting
1645,ar,editing,تفسير النتائج,تدقيق لغوي وتنسيق أكاديمي تفسير النتائج,https://www.auraideasuae.com/مقالات-احترافية/,المراجعة الأكاديمية,supporting
1646,ar,editing,إعداد الجداول,تدقيق لغوي وتنسيق أكاديمي إعداد الجداول,https://www.auraideasuae.com/مقالات-احترافية/,المراجعة الأكاديمية,supporting
1647,ar,editing,إعداد الرسوم البيانية,تدقيق لغوي وتنسيق أكاديمي إعداد الرسوم البيانية,https://www.auraideasuae.com/مقالات-احترافية/,المراجعة الأكاديمية,supporting
1648,ar,editing,تجهيز المناقشة,تدقيق لغوي وتنسيق أكاديمي تجهيز المناقشة,https://www.auraideasuae.com/مقالات-احترافية/,المراجعة الأكاديمية,supporting
1649,ar,editing,مع الحفاظ على الأمانة العلمية,تدقيق لغوي وتنسيق أكاديمي مع الحفاظ على الأمانة العلمية,https://www.auraideasuae.com/مقالات-احترافية/,المراجعة الأكاديمية,supporting
1650,ar,editing,وفق متطلبات الجامعة,تدقيق لغوي وتنسيق أكاديمي وفق متطلبات الجامعة,https://www.auraideasuae.com/مقالات-احترافية/,المراجعة الأكاديمية,supporting
1651,en,editing,simple explanation,academic proofreading and formatting simple explanation,https://www.auraideasuae.com/مقالات-احترافية/,المراجعة الأكاديمية,supporting
1652,en,editing,practical guide,academic proofreading and formatting practical guide,https://www.auraideasuae.com/مقالات-احترافية/,المراجعة الأكاديمية,supporting
1653,en,editing,step-by-step process,academic proofreading and formatting step-by-step process,https://www.auraideasuae.com/مقالات-احترافية/,المراجعة الأكاديمية,supporting
1654,en,editing,editable template,academic proofreading and formatting editable template,https://www.auraideasuae.com/مقالات-احترافية/,المراجعة الأكاديمية,supporting
1655,en,editing,worked example,academic proofreading and formatting worked example,https://www.auraideasuae.com/مقالات-احترافية/,المراجعة الأكاديمية,supporting
1656,en,editing,action plan,academic proofreading and formatting action plan,https://www.auraideasuae.com/مقالات-احترافية/,المراجعة الأكاديمية,supporting
1657,en,editing,student tips,academic proofreading and formatting student tips,https://www.auraideasuae.com/مقالات-احترافية/,المراجعة الأكاديمية,supporting
1658,en,editing,common mistakes,academic proofreading and formatting common mistakes,https://www.auraideasuae.com/مقالات-احترافية/,المراجعة الأكاديمية,supporting
1659,en,editing,quality standards,academic proofreading and formatting quality standards,https://www.auraideasuae.com/مقالات-احترافية/,المراجعة الأكاديمية,supporting
1660,en,editing,how to prepare,academic proofreading and formatting how to prepare,https://www.auraideasuae.com/مقالات-احترافية/,المراجعة الأكاديمية,supporting
1661,en,editing,how to write,academic proofreading and formatting how to write,https://www.auraideasuae.com/مقالات-احترافية/,المراجعة الأكاديمية,supporting
1662,en,editing,how to format,academic proofreading and formatting how to format,https://www.auraideasuae.com/مقالات-احترافية/,المراجعة الأكاديمية,supporting
1663,en,editing,how to cite sources,academic proofreading and formatting how to cite sources,https://www.auraideasuae.com/مقالات-احترافية/,المراجعة الأكاديمية,supporting
1664,en,editing,how to proofread,academic proofreading and formatting how to proofread,https://www.auraideasuae.com/مقالات-احترافية/,المراجعة الأكاديمية,supporting
1665,en,editing,how to analyze,academic proofreading and formatting how to analyze,https://www.auraideasuae.com/مقالات-احترافية/,المراجعة الأكاديمية,supporting
1666,en,editing,how to present,academic proofreading and formatting how to present,https://www.auraideasuae.com/مقالات-احترافية/,المراجعة الأكاديمية,supporting
1667,en,editing,before submission,academic proofreading and formatting before submission,https://www.auraideasuae.com/مقالات-احترافية/,المراجعة الأكاديمية,supporting
1668,en,editing,for undergraduate students,academic proofreading and formatting for undergraduate students,https://www.auraideasuae.com/مقالات-احترافية/,المراجعة الأكاديمية,supporting
1669,en,editing,for master's students,academic proofreading and formatting for master's students,https://www.auraideasuae.com/مقالات-احترافية/,المراجعة الأكاديمية,supporting
1670,en,editing,for doctoral students,academic proofreading and formatting for doctoral students,https://www.auraideasuae.com/مقالات-احترافية/,المراجعة الأكاديمية,supporting
1671,en,editing,in Arabic,academic proofreading and formatting in Arabic,https://www.auraideasuae.com/مقالات-احترافية/,المراجعة الأكاديمية,supporting
1672,en,editing,in English,academic proofreading and formatting in English,https://www.auraideasuae.com/مقالات-احترافية/,المراجعة الأكاديمية,supporting
1673,en,editing,Arabic and English,academic proofreading and formatting Arabic and English,https://www.auraideasuae.com/مقالات-احترافية/,المراجعة الأكاديمية,supporting
1674,en,editing,for UAE universities,academic proofreading and formatting for UAE universities,https://www.auraideasuae.com/مقالات-احترافية/,المراجعة الأكاديمية,supporting
1675,en,editing,in Dubai,academic proofreading and formatting in Dubai,https://www.auraideasuae.com/مقالات-احترافية/,المراجعة الأكاديمية,supporting
1676,en,editing,in Abu Dhabi,academic proofreading and formatting in Abu Dhabi,https://www.auraideasuae.com/مقالات-احترافية/,المراجعة الأكاديمية,supporting
1677,en,editing,in Sharjah,academic proofreading and formatting in Sharjah,https://www.auraideasuae.com/مقالات-احترافية/,المراجعة الأكاديمية,supporting
1678,en,editing,for private universities,academic proofreading and formatting for private universities,https://www.auraideasuae.com/مقالات-احترافية/,المراجعة الأكاديمية,supporting
1679,en,editing,for public universities,academic proofreading and formatting for public universities,https://www.auraideasuae.com/مقالات-احترافية/,المراجعة الأكاديمية,supporting
1680,en,editing,online support,academic proofreading and formatting online support,https://www.auraideasuae.com/مقالات-احترافية/,المراجعة الأكاديمية,supporting
1681,en,editing,professional service,academic proofreading and formatting professional service,https://www.auraideasuae.com/مقالات-احترافية/,المراجعة الأكاديمية,supporting
1682,en,editing,academic assistance,academic proofreading and formatting academic assistance,https://www.auraideasuae.com/مقالات-احترافية/,المراجعة الأكاديمية,supporting
1683,en,editing,research consultation,academic proofreading and formatting research consultation,https://www.auraideasuae.com/مقالات-احترافية/,المراجعة الأكاديمية,supporting
1684,en,editing,academic review,academic proofreading and formatting academic review,https://www.auraideasuae.com/مقالات-احترافية/,المراجعة الأكاديمية,supporting
1685,en,editing,scholarly proofreading,academic proofreading and formatting scholarly proofreading,https://www.auraideasuae.com/مقالات-احترافية/,المراجعة الأكاديمية,supporting
1686,en,editing,APA formatting,academic proofreading and formatting APA formatting,https://www.auraideasuae.com/مقالات-احترافية/,المراجعة الأكاديمية,supporting
1687,en,editing,MLA formatting,academic proofreading and formatting MLA formatting,https://www.auraideasuae.com/مقالات-احترافية/,المراجعة الأكاديمية,supporting
1688,en,editing,Chicago formatting,academic proofreading and formatting Chicago formatting,https://www.auraideasuae.com/مقالات-احترافية/,المراجعة الأكاديمية,supporting
1689,en,editing,source citation,academic proofreading and formatting source citation,https://www.auraideasuae.com/مقالات-احترافية/,المراجعة الأكاديمية,supporting
1690,en,editing,academic rewriting,academic proofreading and formatting academic rewriting,https://www.auraideasuae.com/مقالات-احترافية/,المراجعة الأكاديمية,supporting
1691,en,editing,methodology improvement,academic proofreading and formatting methodology improvement,https://www.auraideasuae.com/مقالات-احترافية/,المراجعة الأكاديمية,supporting
1692,en,editing,data interpretation,academic proofreading and formatting data interpretation,https://www.auraideasuae.com/مقالات-احترافية/,المراجعة الأكاديمية,supporting
1693,en,editing,research instrument design,academic proofreading and formatting research instrument design,https://www.auraideasuae.com/مقالات-احترافية/,المراجعة الأكاديمية,supporting
1694,en,editing,survey review,academic proofreading and formatting survey review,https://www.auraideasuae.com/مقالات-احترافية/,المراجعة الأكاديمية,supporting
1695,en,editing,results interpretation,academic proofreading and formatting results interpretation,https://www.auraideasuae.com/مقالات-احترافية/,المراجعة الأكاديمية,supporting
1696,en,editing,table preparation,academic proofreading and formatting table preparation,https://www.auraideasuae.com/مقالات-احترافية/,المراجعة الأكاديمية,supporting
1697,en,editing,chart preparation,academic proofreading and formatting chart preparation,https://www.auraideasuae.com/مقالات-احترافية/,المراجعة الأكاديمية,supporting
1698,en,editing,discussion preparation,academic proofreading and formatting discussion preparation,https://www.auraideasuae.com/مقالات-احترافية/,المراجعة الأكاديمية,supporting
1699,en,editing,with academic integrity,academic proofreading and formatting with academic integrity,https://www.auraideasuae.com/مقالات-احترافية/,المراجعة الأكاديمية,supporting
1700,en,editing,according to university requirements,academic proofreading and formatting according to university requirements,https://www.auraideasuae.com/مقالات-احترافية/,المراجعة الأكاديمية,supporting
1701,ar,statistics,شرح مبسط,تحليل إحصائي شرح مبسط,https://www.auraideasuae.com/مقالات-احترافية/قراءة-نتائج-التحليل-الإحصائي.html,التحليل الإحصائي,supporting
1702,ar,statistics,دليل عملي,تحليل إحصائي دليل عملي,https://www.auraideasuae.com/مقالات-احترافية/قراءة-نتائج-التحليل-الإحصائي.html,التحليل الإحصائي,supporting
1703,ar,statistics,خطوات التنفيذ,تحليل إحصائي خطوات التنفيذ,https://www.auraideasuae.com/مقالات-احترافية/قراءة-نتائج-التحليل-الإحصائي.html,التحليل الإحصائي,supporting
1704,ar,statistics,نموذج قابل للتعديل,تحليل إحصائي نموذج قابل للتعديل,https://www.auraideasuae.com/مقالات-احترافية/قراءة-نتائج-التحليل-الإحصائي.html,التحليل الإحصائي,supporting
1705,ar,statistics,مثال تطبيقي,تحليل إحصائي مثال تطبيقي,https://www.auraideasuae.com/مقالات-احترافية/قراءة-نتائج-التحليل-الإحصائي.html,التحليل الإحصائي,supporting
1706,ar,statistics,خطة عمل,تحليل إحصائي خطة عمل,https://www.auraideasuae.com/مقالات-احترافية/قراءة-نتائج-التحليل-الإحصائي.html,التحليل الإحصائي,supporting
1707,ar,statistics,نصائح للطلاب,تحليل إحصائي نصائح للطلاب,https://www.auraideasuae.com/مقالات-احترافية/قراءة-نتائج-التحليل-الإحصائي.html,التحليل الإحصائي,supporting
1708,ar,statistics,أخطاء شائعة,تحليل إحصائي أخطاء شائعة,https://www.auraideasuae.com/مقالات-احترافية/قراءة-نتائج-التحليل-الإحصائي.html,التحليل الإحصائي,supporting
1709,ar,statistics,معايير الجودة,تحليل إحصائي معايير الجودة,https://www.auraideasuae.com/مقالات-احترافية/قراءة-نتائج-التحليل-الإحصائي.html,التحليل الإحصائي,supporting
1710,ar,statistics,طريقة الإعداد,تحليل إحصائي طريقة الإعداد,https://www.auraideasuae.com/مقالات-احترافية/قراءة-نتائج-التحليل-الإحصائي.html,التحليل الإحصائي,supporting
1711,ar,statistics,كيفية الكتابة,تحليل إحصائي كيفية الكتابة,https://www.auraideasuae.com/مقالات-احترافية/قراءة-نتائج-التحليل-الإحصائي.html,التحليل الإحصائي,supporting
1712,ar,statistics,كيفية التنسيق,تحليل إحصائي كيفية التنسيق,https://www.auraideasuae.com/مقالات-احترافية/قراءة-نتائج-التحليل-الإحصائي.html,التحليل الإحصائي,supporting
1713,ar,statistics,كيفية التوثيق,تحليل إحصائي كيفية التوثيق,https://www.auraideasuae.com/مقالات-احترافية/قراءة-نتائج-التحليل-الإحصائي.html,التحليل الإحصائي,supporting
1714,ar,statistics,كيفية المراجعة,تحليل إحصائي كيفية المراجعة,https://www.auraideasuae.com/مقالات-احترافية/قراءة-نتائج-التحليل-الإحصائي.html,التحليل الإحصائي,supporting
1715,ar,statistics,كيفية التحليل,تحليل إحصائي كيفية التحليل,https://www.auraideasuae.com/مقالات-احترافية/قراءة-نتائج-التحليل-الإحصائي.html,التحليل الإحصائي,supporting
1716,ar,statistics,كيفية العرض,تحليل إحصائي كيفية العرض,https://www.auraideasuae.com/مقالات-احترافية/قراءة-نتائج-التحليل-الإحصائي.html,التحليل الإحصائي,supporting
1717,ar,statistics,قبل التسليم,تحليل إحصائي قبل التسليم,https://www.auraideasuae.com/مقالات-احترافية/قراءة-نتائج-التحليل-الإحصائي.html,التحليل الإحصائي,supporting
1718,ar,statistics,لطلاب البكالوريوس,تحليل إحصائي لطلاب البكالوريوس,https://www.auraideasuae.com/مقالات-احترافية/قراءة-نتائج-التحليل-الإحصائي.html,التحليل الإحصائي,supporting
1719,ar,statistics,لطلاب الماجستير,تحليل إحصائي لطلاب الماجستير,https://www.auraideasuae.com/مقالات-احترافية/قراءة-نتائج-التحليل-الإحصائي.html,التحليل الإحصائي,supporting
1720,ar,statistics,لطلاب الدكتوراه,تحليل إحصائي لطلاب الدكتوراه,https://www.auraideasuae.com/مقالات-احترافية/قراءة-نتائج-التحليل-الإحصائي.html,التحليل الإحصائي,supporting
1721,ar,statistics,باللغة العربية,تحليل إحصائي باللغة العربية,https://www.auraideasuae.com/مقالات-احترافية/قراءة-نتائج-التحليل-الإحصائي.html,التحليل الإحصائي,supporting
1722,ar,statistics,باللغة الإنجليزية,تحليل إحصائي باللغة الإنجليزية,https://www.auraideasuae.com/مقالات-احترافية/قراءة-نتائج-التحليل-الإحصائي.html,التحليل الإحصائي,supporting
1723,ar,statistics,عربي وإنجليزي,تحليل إحصائي عربي وإنجليزي,https://www.auraideasuae.com/مقالات-احترافية/قراءة-نتائج-التحليل-الإحصائي.html,التحليل الإحصائي,supporting
1724,ar,statistics,في الجامعات الإماراتية,تحليل إحصائي في الجامعات الإماراتية,https://www.auraideasuae.com/مقالات-احترافية/قراءة-نتائج-التحليل-الإحصائي.html,التحليل الإحصائي,supporting
1725,ar,statistics,في دبي,تحليل إحصائي في دبي,https://www.auraideasuae.com/مقالات-احترافية/قراءة-نتائج-التحليل-الإحصائي.html,التحليل الإحصائي,supporting
1726,ar,statistics,في أبوظبي,تحليل إحصائي في أبوظبي,https://www.auraideasuae.com/مقالات-احترافية/قراءة-نتائج-التحليل-الإحصائي.html,التحليل الإحصائي,supporting
1727,ar,statistics,في الشارقة,تحليل إحصائي في الشارقة,https://www.auraideasuae.com/مقالات-احترافية/قراءة-نتائج-التحليل-الإحصائي.html,التحليل الإحصائي,supporting
1728,ar,statistics,للجامعات الخاصة,تحليل إحصائي للجامعات الخاصة,https://www.auraideasuae.com/مقالات-احترافية/قراءة-نتائج-التحليل-الإحصائي.html,التحليل الإحصائي,supporting
1729,ar,statistics,للجامعات الحكومية,تحليل إحصائي للجامعات الحكومية,https://www.auraideasuae.com/مقالات-احترافية/قراءة-نتائج-التحليل-الإحصائي.html,التحليل الإحصائي,supporting
1730,ar,statistics,عن بُعد,تحليل إحصائي عن بُعد,https://www.auraideasuae.com/مقالات-احترافية/قراءة-نتائج-التحليل-الإحصائي.html,التحليل الإحصائي,supporting
1731,ar,statistics,خدمة احترافية,تحليل إحصائي خدمة احترافية,https://www.auraideasuae.com/مقالات-احترافية/قراءة-نتائج-التحليل-الإحصائي.html,التحليل الإحصائي,supporting
1732,ar,statistics,مساعدة أكاديمية,تحليل إحصائي مساعدة أكاديمية,https://www.auraideasuae.com/مقالات-احترافية/قراءة-نتائج-التحليل-الإحصائي.html,التحليل الإحصائي,supporting
1733,ar,statistics,استشارة بحثية,تحليل إحصائي استشارة بحثية,https://www.auraideasuae.com/مقالات-احترافية/قراءة-نتائج-التحليل-الإحصائي.html,التحليل الإحصائي,supporting
1734,ar,statistics,مراجعة أكاديمية,تحليل إحصائي مراجعة أكاديمية,https://www.auraideasuae.com/مقالات-احترافية/قراءة-نتائج-التحليل-الإحصائي.html,التحليل الإحصائي,supporting
1735,ar,statistics,تدقيق علمي,تحليل إحصائي تدقيق علمي,https://www.auraideasuae.com/مقالات-احترافية/قراءة-نتائج-التحليل-الإحصائي.html,التحليل الإحصائي,supporting
1736,ar,statistics,تنسيق APA,تحليل إحصائي تنسيق APA,https://www.auraideasuae.com/مقالات-احترافية/قراءة-نتائج-التحليل-الإحصائي.html,التحليل الإحصائي,supporting
1737,ar,statistics,تنسيق MLA,تحليل إحصائي تنسيق MLA,https://www.auraideasuae.com/مقالات-احترافية/قراءة-نتائج-التحليل-الإحصائي.html,التحليل الإحصائي,supporting
1738,ar,statistics,تنسيق Chicago,تحليل إحصائي تنسيق Chicago,https://www.auraideasuae.com/مقالات-احترافية/قراءة-نتائج-التحليل-الإحصائي.html,التحليل الإحصائي,supporting
1739,ar,statistics,توثيق المصادر,تحليل إحصائي توثيق المصادر,https://www.auraideasuae.com/مقالات-احترافية/قراءة-نتائج-التحليل-الإحصائي.html,التحليل الإحصائي,supporting
1740,ar,statistics,تحسين الصياغة,تحليل إحصائي تحسين الصياغة,https://www.auraideasuae.com/مقالات-احترافية/قراءة-نتائج-التحليل-الإحصائي.html,التحليل الإحصائي,supporting
1741,ar,statistics,تحسين المنهجية,تحليل إحصائي تحسين المنهجية,https://www.auraideasuae.com/مقالات-احترافية/قراءة-نتائج-التحليل-الإحصائي.html,التحليل الإحصائي,supporting
1742,ar,statistics,قراءة وتحليل البيانات,تحليل إحصائي قراءة وتحليل البيانات,https://www.auraideasuae.com/مقالات-احترافية/قراءة-نتائج-التحليل-الإحصائي.html,التحليل الإحصائي,supporting
1743,ar,statistics,تصميم أداة البحث,تحليل إحصائي تصميم أداة البحث,https://www.auraideasuae.com/مقالات-احترافية/قراءة-نتائج-التحليل-الإحصائي.html,التحليل الإحصائي,supporting
1744,ar,statistics,مراجعة الاستبيان,تحليل إحصائي مراجعة الاستبيان,https://www.auraideasuae.com/مقالات-احترافية/قراءة-نتائج-التحليل-الإحصائي.html,التحليل الإحصائي,supporting
1745,ar,statistics,تفسير النتائج,تحليل إحصائي تفسير النتائج,https://www.auraideasuae.com/مقالات-احترافية/قراءة-نتائج-التحليل-الإحصائي.html,التحليل الإحصائي,supporting
1746,ar,statistics,إعداد الجداول,تحليل إحصائي إعداد الجداول,https://www.auraideasuae.com/مقالات-احترافية/قراءة-نتائج-التحليل-الإحصائي.html,التحليل الإحصائي,supporting
1747,ar,statistics,إعداد الرسوم البيانية,تحليل إحصائي إعداد الرسوم البيانية,https://www.auraideasuae.com/مقالات-احترافية/قراءة-نتائج-التحليل-الإحصائي.html,التحليل الإحصائي,supporting
1748,ar,statistics,تجهيز المناقشة,تحليل إحصائي تجهيز المناقشة,https://www.auraideasuae.com/مقالات-احترافية/قراءة-نتائج-التحليل-الإحصائي.html,التحليل الإحصائي,supporting
1749,ar,statistics,مع الحفاظ على الأمانة العلمية,تحليل إحصائي مع الحفاظ على الأمانة العلمية,https://www.auraideasuae.com/مقالات-احترافية/قراءة-نتائج-التحليل-الإحصائي.html,التحليل الإحصائي,supporting
1750,ar,statistics,وفق متطلبات الجامعة,تحليل إحصائي وفق متطلبات الجامعة,https://www.auraideasuae.com/مقالات-احترافية/قراءة-نتائج-التحليل-الإحصائي.html,التحليل الإحصائي,supporting
1751,en,statistics,simple explanation,statistical analysis simple explanation,https://www.auraideasuae.com/مقالات-احترافية/قراءة-نتائج-التحليل-الإحصائي.html,التحليل الإحصائي,supporting
1752,en,statistics,practical guide,statistical analysis practical guide,https://www.auraideasuae.com/مقالات-احترافية/قراءة-نتائج-التحليل-الإحصائي.html,التحليل الإحصائي,supporting
1753,en,statistics,step-by-step process,statistical analysis step-by-step process,https://www.auraideasuae.com/مقالات-احترافية/قراءة-نتائج-التحليل-الإحصائي.html,التحليل الإحصائي,supporting
1754,en,statistics,editable template,statistical analysis editable template,https://www.auraideasuae.com/مقالات-احترافية/قراءة-نتائج-التحليل-الإحصائي.html,التحليل الإحصائي,supporting
1755,en,statistics,worked example,statistical analysis worked example,https://www.auraideasuae.com/مقالات-احترافية/قراءة-نتائج-التحليل-الإحصائي.html,التحليل الإحصائي,supporting
1756,en,statistics,action plan,statistical analysis action plan,https://www.auraideasuae.com/مقالات-احترافية/قراءة-نتائج-التحليل-الإحصائي.html,التحليل الإحصائي,supporting
1757,en,statistics,student tips,statistical analysis student tips,https://www.auraideasuae.com/مقالات-احترافية/قراءة-نتائج-التحليل-الإحصائي.html,التحليل الإحصائي,supporting
1758,en,statistics,common mistakes,statistical analysis common mistakes,https://www.auraideasuae.com/مقالات-احترافية/قراءة-نتائج-التحليل-الإحصائي.html,التحليل الإحصائي,supporting
1759,en,statistics,quality standards,statistical analysis quality standards,https://www.auraideasuae.com/مقالات-احترافية/قراءة-نتائج-التحليل-الإحصائي.html,التحليل الإحصائي,supporting
1760,en,statistics,how to prepare,statistical analysis how to prepare,https://www.auraideasuae.com/مقالات-احترافية/قراءة-نتائج-التحليل-الإحصائي.html,التحليل الإحصائي,supporting
1761,en,statistics,how to write,statistical analysis how to write,https://www.auraideasuae.com/مقالات-احترافية/قراءة-نتائج-التحليل-الإحصائي.html,التحليل الإحصائي,supporting
1762,en,statistics,how to format,statistical analysis how to format,https://www.auraideasuae.com/مقالات-احترافية/قراءة-نتائج-التحليل-الإحصائي.html,التحليل الإحصائي,supporting
1763,en,statistics,how to cite sources,statistical analysis how to cite sources,https://www.auraideasuae.com/مقالات-احترافية/قراءة-نتائج-التحليل-الإحصائي.html,التحليل الإحصائي,supporting
1764,en,statistics,how to proofread,statistical analysis how to proofread,https://www.auraideasuae.com/مقالات-احترافية/قراءة-نتائج-التحليل-الإحصائي.html,التحليل الإحصائي,supporting
1765,en,statistics,how to analyze,statistical analysis how to analyze,https://www.auraideasuae.com/مقالات-احترافية/قراءة-نتائج-التحليل-الإحصائي.html,التحليل الإحصائي,supporting
1766,en,statistics,how to present,statistical analysis how to present,https://www.auraideasuae.com/مقالات-احترافية/قراءة-نتائج-التحليل-الإحصائي.html,التحليل الإحصائي,supporting
1767,en,statistics,before submission,statistical analysis before submission,https://www.auraideasuae.com/مقالات-احترافية/قراءة-نتائج-التحليل-الإحصائي.html,التحليل الإحصائي,supporting
1768,en,statistics,for undergraduate students,statistical analysis for undergraduate students,https://www.auraideasuae.com/مقالات-احترافية/قراءة-نتائج-التحليل-الإحصائي.html,التحليل الإحصائي,supporting
1769,en,statistics,for master's students,statistical analysis for master's students,https://www.auraideasuae.com/مقالات-احترافية/قراءة-نتائج-التحليل-الإحصائي.html,التحليل الإحصائي,supporting
1770,en,statistics,for doctoral students,statistical analysis for doctoral students,https://www.auraideasuae.com/مقالات-احترافية/قراءة-نتائج-التحليل-الإحصائي.html,التحليل الإحصائي,supporting
1771,en,statistics,in Arabic,statistical analysis in Arabic,https://www.auraideasuae.com/مقالات-احترافية/قراءة-نتائج-التحليل-الإحصائي.html,التحليل الإحصائي,supporting
1772,en,statistics,in English,statistical analysis in English,https://www.auraideasuae.com/مقالات-احترافية/قراءة-نتائج-التحليل-الإحصائي.html,التحليل الإحصائي,supporting
1773,en,statistics,Arabic and English,statistical analysis Arabic and English,https://www.auraideasuae.com/مقالات-احترافية/قراءة-نتائج-التحليل-الإحصائي.html,التحليل الإحصائي,supporting
1774,en,statistics,for UAE universities,statistical analysis for UAE universities,https://www.auraideasuae.com/مقالات-احترافية/قراءة-نتائج-التحليل-الإحصائي.html,التحليل الإحصائي,supporting
1775,en,statistics,in Dubai,statistical analysis in Dubai,https://www.auraideasuae.com/مقالات-احترافية/قراءة-نتائج-التحليل-الإحصائي.html,التحليل الإحصائي,supporting
1776,en,statistics,in Abu Dhabi,statistical analysis in Abu Dhabi,https://www.auraideasuae.com/مقالات-احترافية/قراءة-نتائج-التحليل-الإحصائي.html,التحليل الإحصائي,supporting
1777,en,statistics,in Sharjah,statistical analysis in Sharjah,https://www.auraideasuae.com/مقالات-احترافية/قراءة-نتائج-التحليل-الإحصائي.html,التحليل الإحصائي,supporting
1778,en,statistics,for private universities,statistical analysis for private universities,https://www.auraideasuae.com/مقالات-احترافية/قراءة-نتائج-التحليل-الإحصائي.html,التحليل الإحصائي,supporting
1779,en,statistics,for public universities,statistical analysis for public universities,https://www.auraideasuae.com/مقالات-احترافية/قراءة-نتائج-التحليل-الإحصائي.html,التحليل الإحصائي,supporting
1780,en,statistics,online support,statistical analysis online support,https://www.auraideasuae.com/مقالات-احترافية/قراءة-نتائج-التحليل-الإحصائي.html,التحليل الإحصائي,supporting
1781,en,statistics,professional service,statistical analysis professional service,https://www.auraideasuae.com/مقالات-احترافية/قراءة-نتائج-التحليل-الإحصائي.html,التحليل الإحصائي,supporting
1782,en,statistics,academic assistance,statistical analysis academic assistance,https://www.auraideasuae.com/مقالات-احترافية/قراءة-نتائج-التحليل-الإحصائي.html,التحليل الإحصائي,supporting
1783,en,statistics,research consultation,statistical analysis research consultation,https://www.auraideasuae.com/مقالات-احترافية/قراءة-نتائج-التحليل-الإحصائي.html,التحليل الإحصائي,supporting
1784,en,statistics,academic review,statistical analysis academic review,https://www.auraideasuae.com/مقالات-احترافية/قراءة-نتائج-التحليل-الإحصائي.html,التحليل الإحصائي,supporting
1785,en,statistics,scholarly proofreading,statistical analysis scholarly proofreading,https://www.auraideasuae.com/مقالات-احترافية/قراءة-نتائج-التحليل-الإحصائي.html,التحليل الإحصائي,supporting
1786,en,statistics,APA formatting,statistical analysis APA formatting,https://www.auraideasuae.com/مقالات-احترافية/قراءة-نتائج-التحليل-الإحصائي.html,التحليل الإحصائي,supporting
1787,en,statistics,MLA formatting,statistical analysis MLA formatting,https://www.auraideasuae.com/مقالات-احترافية/قراءة-نتائج-التحليل-الإحصائي.html,التحليل الإحصائي,supporting
1788,en,statistics,Chicago formatting,statistical analysis Chicago formatting,https://www.auraideasuae.com/مقالات-احترافية/قراءة-نتائج-التحليل-الإحصائي.html,التحليل الإحصائي,supporting
1789,en,statistics,source citation,statistical analysis source citation,https://www.auraideasuae.com/مقالات-احترافية/قراءة-نتائج-التحليل-الإحصائي.html,التحليل الإحصائي,supporting
1790,en,statistics,academic rewriting,statistical analysis academic rewriting,https://www.auraideasuae.com/مقالات-احترافية/قراءة-نتائج-التحليل-الإحصائي.html,التحليل الإحصائي,supporting
1791,en,statistics,methodology improvement,statistical analysis methodology improvement,https://www.auraideasuae.com/مقالات-احترافية/قراءة-نتائج-التحليل-الإحصائي.html,التحليل الإحصائي,supporting
1792,en,statistics,data interpretation,statistical analysis data interpretation,https://www.auraideasuae.com/مقالات-احترافية/قراءة-نتائج-التحليل-الإحصائي.html,التحليل الإحصائي,supporting
1793,en,statistics,research instrument design,statistical analysis research instrument design,https://www.auraideasuae.com/مقالات-احترافية/قراءة-نتائج-التحليل-الإحصائي.html,التحليل الإحصائي,supporting
1794,en,statistics,survey review,statistical analysis survey review,https://www.auraideasuae.com/مقالات-احترافية/قراءة-نتائج-التحليل-الإحصائي.html,التحليل الإحصائي,supporting
1795,en,statistics,results interpretation,statistical analysis results interpretation,https://www.auraideasuae.com/مقالات-احترافية/قراءة-نتائج-التحليل-الإحصائي.html,التحليل الإحصائي,supporting
1796,en,statistics,table preparation,statistical analysis table preparation,https://www.auraideasuae.com/مقالات-احترافية/قراءة-نتائج-التحليل-الإحصائي.html,التحليل الإحصائي,supporting
1797,en,statistics,chart preparation,statistical analysis chart preparation,https://www.auraideasuae.com/مقالات-احترافية/قراءة-نتائج-التحليل-الإحصائي.html,التحليل الإحصائي,supporting
1798,en,statistics,discussion preparation,statistical analysis discussion preparation,https://www.auraideasuae.com/مقالات-احترافية/قراءة-نتائج-التحليل-الإحصائي.html,التحليل الإحصائي,supporting
1799,en,statistics,with academic integrity,statistical analysis with academic integrity,https://www.auraideasuae.com/مقالات-احترافية/قراءة-نتائج-التحليل-الإحصائي.html,التحليل الإحصائي,supporting
1800,en,statistics,according to university requirements,statistical analysis according to university requirements,https://www.auraideasuae.com/مقالات-احترافية/قراءة-نتائج-التحليل-الإحصائي.html,التحليل الإحصائي,supporting
1801,ar,spss,شرح مبسط,تحليل بيانات SPSS شرح مبسط,https://www.auraideasuae.com/مقالات-احترافية/قراءة-نتائج-التحليل-الإحصائي.html,تحليل SPSS,supporting
1802,ar,spss,دليل عملي,تحليل بيانات SPSS دليل عملي,https://www.auraideasuae.com/مقالات-احترافية/قراءة-نتائج-التحليل-الإحصائي.html,تحليل SPSS,supporting
1803,ar,spss,خطوات التنفيذ,تحليل بيانات SPSS خطوات التنفيذ,https://www.auraideasuae.com/مقالات-احترافية/قراءة-نتائج-التحليل-الإحصائي.html,تحليل SPSS,supporting
1804,ar,spss,نموذج قابل للتعديل,تحليل بيانات SPSS نموذج قابل للتعديل,https://www.auraideasuae.com/مقالات-احترافية/قراءة-نتائج-التحليل-الإحصائي.html,تحليل SPSS,supporting
1805,ar,spss,مثال تطبيقي,تحليل بيانات SPSS مثال تطبيقي,https://www.auraideasuae.com/مقالات-احترافية/قراءة-نتائج-التحليل-الإحصائي.html,تحليل SPSS,supporting
1806,ar,spss,خطة عمل,تحليل بيانات SPSS خطة عمل,https://www.auraideasuae.com/مقالات-احترافية/قراءة-نتائج-التحليل-الإحصائي.html,تحليل SPSS,supporting
1807,ar,spss,نصائح للطلاب,تحليل بيانات SPSS نصائح للطلاب,https://www.auraideasuae.com/مقالات-احترافية/قراءة-نتائج-التحليل-الإحصائي.html,تحليل SPSS,supporting
1808,ar,spss,أخطاء شائعة,تحليل بيانات SPSS أخطاء شائعة,https://www.auraideasuae.com/مقالات-احترافية/قراءة-نتائج-التحليل-الإحصائي.html,تحليل SPSS,supporting
1809,ar,spss,معايير الجودة,تحليل بيانات SPSS معايير الجودة,https://www.auraideasuae.com/مقالات-احترافية/قراءة-نتائج-التحليل-الإحصائي.html,تحليل SPSS,supporting
1810,ar,spss,طريقة الإعداد,تحليل بيانات SPSS طريقة الإعداد,https://www.auraideasuae.com/مقالات-احترافية/قراءة-نتائج-التحليل-الإحصائي.html,تحليل SPSS,supporting
1811,ar,spss,كيفية الكتابة,تحليل بيانات SPSS كيفية الكتابة,https://www.auraideasuae.com/مقالات-احترافية/قراءة-نتائج-التحليل-الإحصائي.html,تحليل SPSS,supporting
1812,ar,spss,كيفية التنسيق,تحليل بيانات SPSS كيفية التنسيق,https://www.auraideasuae.com/مقالات-احترافية/قراءة-نتائج-التحليل-الإحصائي.html,تحليل SPSS,supporting
1813,ar,spss,كيفية التوثيق,تحليل بيانات SPSS كيفية التوثيق,https://www.auraideasuae.com/مقالات-احترافية/قراءة-نتائج-التحليل-الإحصائي.html,تحليل SPSS,supporting
1814,ar,spss,كيفية المراجعة,تحليل بيانات SPSS كيفية المراجعة,https://www.auraideasuae.com/مقالات-احترافية/قراءة-نتائج-التحليل-الإحصائي.html,تحليل SPSS,supporting
1815,ar,spss,كيفية التحليل,تحليل بيانات SPSS كيفية التحليل,https://www.auraideasuae.com/مقالات-احترافية/قراءة-نتائج-التحليل-الإحصائي.html,تحليل SPSS,supporting
1816,ar,spss,كيفية العرض,تحليل بيانات SPSS كيفية العرض,https://www.auraideasuae.com/مقالات-احترافية/قراءة-نتائج-التحليل-الإحصائي.html,تحليل SPSS,supporting
1817,ar,spss,قبل التسليم,تحليل بيانات SPSS قبل التسليم,https://www.auraideasuae.com/مقالات-احترافية/قراءة-نتائج-التحليل-الإحصائي.html,تحليل SPSS,supporting
1818,ar,spss,لطلاب البكالوريوس,تحليل بيانات SPSS لطلاب البكالوريوس,https://www.auraideasuae.com/مقالات-احترافية/قراءة-نتائج-التحليل-الإحصائي.html,تحليل SPSS,supporting
1819,ar,spss,لطلاب الماجستير,تحليل بيانات SPSS لطلاب الماجستير,https://www.auraideasuae.com/مقالات-احترافية/قراءة-نتائج-التحليل-الإحصائي.html,تحليل SPSS,supporting
1820,ar,spss,لطلاب الدكتوراه,تحليل بيانات SPSS لطلاب الدكتوراه,https://www.auraideasuae.com/مقالات-احترافية/قراءة-نتائج-التحليل-الإحصائي.html,تحليل SPSS,supporting
1821,ar,spss,باللغة العربية,تحليل بيانات SPSS باللغة العربية,https://www.auraideasuae.com/مقالات-احترافية/قراءة-نتائج-التحليل-الإحصائي.html,تحليل SPSS,supporting
1822,ar,spss,باللغة الإنجليزية,تحليل بيانات SPSS باللغة الإنجليزية,https://www.auraideasuae.com/مقالات-احترافية/قراءة-نتائج-التحليل-الإحصائي.html,تحليل SPSS,supporting
1823,ar,spss,عربي وإنجليزي,تحليل بيانات SPSS عربي وإنجليزي,https://www.auraideasuae.com/مقالات-احترافية/قراءة-نتائج-التحليل-الإحصائي.html,تحليل SPSS,supporting
1824,ar,spss,في الجامعات الإماراتية,تحليل بيانات SPSS في الجامعات الإماراتية,https://www.auraideasuae.com/مقالات-احترافية/قراءة-نتائج-التحليل-الإحصائي.html,تحليل SPSS,supporting
1825,ar,spss,في دبي,تحليل بيانات SPSS في دبي,https://www.auraideasuae.com/مقالات-احترافية/قراءة-نتائج-التحليل-الإحصائي.html,تحليل SPSS,supporting
1826,ar,spss,في أبوظبي,تحليل بيانات SPSS في أبوظبي,https://www.auraideasuae.com/مقالات-احترافية/قراءة-نتائج-التحليل-الإحصائي.html,تحليل SPSS,supporting
1827,ar,spss,في الشارقة,تحليل بيانات SPSS في الشارقة,https://www.auraideasuae.com/مقالات-احترافية/قراءة-نتائج-التحليل-الإحصائي.html,تحليل SPSS,supporting
1828,ar,spss,للجامعات الخاصة,تحليل بيانات SPSS للجامعات الخاصة,https://www.auraideasuae.com/مقالات-احترافية/قراءة-نتائج-التحليل-الإحصائي.html,تحليل SPSS,supporting
1829,ar,spss,للجامعات الحكومية,تحليل بيانات SPSS للجامعات الحكومية,https://www.auraideasuae.com/مقالات-احترافية/قراءة-نتائج-التحليل-الإحصائي.html,تحليل SPSS,supporting
1830,ar,spss,عن بُعد,تحليل بيانات SPSS عن بُعد,https://www.auraideasuae.com/مقالات-احترافية/قراءة-نتائج-التحليل-الإحصائي.html,تحليل SPSS,supporting
1831,ar,spss,خدمة احترافية,تحليل بيانات SPSS خدمة احترافية,https://www.auraideasuae.com/مقالات-احترافية/قراءة-نتائج-التحليل-الإحصائي.html,تحليل SPSS,supporting
1832,ar,spss,مساعدة أكاديمية,تحليل بيانات SPSS مساعدة أكاديمية,https://www.auraideasuae.com/مقالات-احترافية/قراءة-نتائج-التحليل-الإحصائي.html,تحليل SPSS,supporting
1833,ar,spss,استشارة بحثية,تحليل بيانات SPSS استشارة بحثية,https://www.auraideasuae.com/مقالات-احترافية/قراءة-نتائج-التحليل-الإحصائي.html,تحليل SPSS,supporting
1834,ar,spss,مراجعة أكاديمية,تحليل بيانات SPSS مراجعة أكاديمية,https://www.auraideasuae.com/مقالات-احترافية/قراءة-نتائج-التحليل-الإحصائي.html,تحليل SPSS,supporting
1835,ar,spss,تدقيق علمي,تحليل بيانات SPSS تدقيق علمي,https://www.auraideasuae.com/مقالات-احترافية/قراءة-نتائج-التحليل-الإحصائي.html,تحليل SPSS,supporting
1836,ar,spss,تنسيق APA,تحليل بيانات SPSS تنسيق APA,https://www.auraideasuae.com/مقالات-احترافية/قراءة-نتائج-التحليل-الإحصائي.html,تحليل SPSS,supporting
1837,ar,spss,تنسيق MLA,تحليل بيانات SPSS تنسيق MLA,https://www.auraideasuae.com/مقالات-احترافية/قراءة-نتائج-التحليل-الإحصائي.html,تحليل SPSS,supporting
1838,ar,spss,تنسيق Chicago,تحليل بيانات SPSS تنسيق Chicago,https://www.auraideasuae.com/مقالات-احترافية/قراءة-نتائج-التحليل-الإحصائي.html,تحليل SPSS,supporting
1839,ar,spss,توثيق المصادر,تحليل بيانات SPSS توثيق المصادر,https://www.auraideasuae.com/مقالات-احترافية/قراءة-نتائج-التحليل-الإحصائي.html,تحليل SPSS,supporting
1840,ar,spss,تحسين الصياغة,تحليل بيانات SPSS تحسين الصياغة,https://www.auraideasuae.com/مقالات-احترافية/قراءة-نتائج-التحليل-الإحصائي.html,تحليل SPSS,supporting
1841,ar,spss,تحسين المنهجية,تحليل بيانات SPSS تحسين المنهجية,https://www.auraideasuae.com/مقالات-احترافية/قراءة-نتائج-التحليل-الإحصائي.html,تحليل SPSS,supporting
1842,ar,spss,قراءة وتحليل البيانات,تحليل بيانات SPSS قراءة وتحليل البيانات,https://www.auraideasuae.com/مقالات-احترافية/قراءة-نتائج-التحليل-الإحصائي.html,تحليل SPSS,supporting
1843,ar,spss,تصميم أداة البحث,تحليل بيانات SPSS تصميم أداة البحث,https://www.auraideasuae.com/مقالات-احترافية/قراءة-نتائج-التحليل-الإحصائي.html,تحليل SPSS,supporting
1844,ar,spss,مراجعة الاستبيان,تحليل بيانات SPSS مراجعة الاستبيان,https://www.auraideasuae.com/مقالات-احترافية/قراءة-نتائج-التحليل-الإحصائي.html,تحليل SPSS,supporting
1845,ar,spss,تفسير النتائج,تحليل بيانات SPSS تفسير النتائج,https://www.auraideasuae.com/مقالات-احترافية/قراءة-نتائج-التحليل-الإحصائي.html,تحليل SPSS,supporting
1846,ar,spss,إعداد الجداول,تحليل بيانات SPSS إعداد الجداول,https://www.auraideasuae.com/مقالات-احترافية/قراءة-نتائج-التحليل-الإحصائي.html,تحليل SPSS,supporting
1847,ar,spss,إعداد الرسوم البيانية,تحليل بيانات SPSS إعداد الرسوم البيانية,https://www.auraideasuae.com/مقالات-احترافية/قراءة-نتائج-التحليل-الإحصائي.html,تحليل SPSS,supporting
1848,ar,spss,تجهيز المناقشة,تحليل بيانات SPSS تجهيز المناقشة,https://www.auraideasuae.com/مقالات-احترافية/قراءة-نتائج-التحليل-الإحصائي.html,تحليل SPSS,supporting
1849,ar,spss,مع الحفاظ على الأمانة العلمية,تحليل بيانات SPSS مع الحفاظ على الأمانة العلمية,https://www.auraideasuae.com/مقالات-احترافية/قراءة-نتائج-التحليل-الإحصائي.html,تحليل SPSS,supporting
1850,ar,spss,وفق متطلبات الجامعة,تحليل بيانات SPSS وفق متطلبات الجامعة,https://www.auraideasuae.com/مقالات-احترافية/قراءة-نتائج-التحليل-الإحصائي.html,تحليل SPSS,supporting
1851,en,spss,simple explanation,SPSS data analysis simple explanation,https://www.auraideasuae.com/مقالات-احترافية/قراءة-نتائج-التحليل-الإحصائي.html,تحليل SPSS,supporting
1852,en,spss,practical guide,SPSS data analysis practical guide,https://www.auraideasuae.com/مقالات-احترافية/قراءة-نتائج-التحليل-الإحصائي.html,تحليل SPSS,supporting
1853,en,spss,step-by-step process,SPSS data analysis step-by-step process,https://www.auraideasuae.com/مقالات-احترافية/قراءة-نتائج-التحليل-الإحصائي.html,تحليل SPSS,supporting
1854,en,spss,editable template,SPSS data analysis editable template,https://www.auraideasuae.com/مقالات-احترافية/قراءة-نتائج-التحليل-الإحصائي.html,تحليل SPSS,supporting
1855,en,spss,worked example,SPSS data analysis worked example,https://www.auraideasuae.com/مقالات-احترافية/قراءة-نتائج-التحليل-الإحصائي.html,تحليل SPSS,supporting
1856,en,spss,action plan,SPSS data analysis action plan,https://www.auraideasuae.com/مقالات-احترافية/قراءة-نتائج-التحليل-الإحصائي.html,تحليل SPSS,supporting
1857,en,spss,student tips,SPSS data analysis student tips,https://www.auraideasuae.com/مقالات-احترافية/قراءة-نتائج-التحليل-الإحصائي.html,تحليل SPSS,supporting
1858,en,spss,common mistakes,SPSS data analysis common mistakes,https://www.auraideasuae.com/مقالات-احترافية/قراءة-نتائج-التحليل-الإحصائي.html,تحليل SPSS,supporting
1859,en,spss,quality standards,SPSS data analysis quality standards,https://www.auraideasuae.com/مقالات-احترافية/قراءة-نتائج-التحليل-الإحصائي.html,تحليل SPSS,supporting
1860,en,spss,how to prepare,SPSS data analysis how to prepare,https://www.auraideasuae.com/مقالات-احترافية/قراءة-نتائج-التحليل-الإحصائي.html,تحليل SPSS,supporting
1861,en,spss,how to write,SPSS data analysis how to write,https://www.auraideasuae.com/مقالات-احترافية/قراءة-نتائج-التحليل-الإحصائي.html,تحليل SPSS,supporting
1862,en,spss,how to format,SPSS data analysis how to format,https://www.auraideasuae.com/مقالات-احترافية/قراءة-نتائج-التحليل-الإحصائي.html,تحليل SPSS,supporting
1863,en,spss,how to cite sources,SPSS data analysis how to cite sources,https://www.auraideasuae.com/مقالات-احترافية/قراءة-نتائج-التحليل-الإحصائي.html,تحليل SPSS,supporting
1864,en,spss,how to proofread,SPSS data analysis how to proofread,https://www.auraideasuae.com/مقالات-احترافية/قراءة-نتائج-التحليل-الإحصائي.html,تحليل SPSS,supporting
1865,en,spss,how to analyze,SPSS data analysis how to analyze,https://www.auraideasuae.com/مقالات-احترافية/قراءة-نتائج-التحليل-الإحصائي.html,تحليل SPSS,supporting
1866,en,spss,how to present,SPSS data analysis how to present,https://www.auraideasuae.com/مقالات-احترافية/قراءة-نتائج-التحليل-الإحصائي.html,تحليل SPSS,supporting
1867,en,spss,before submission,SPSS data analysis before submission,https://www.auraideasuae.com/مقالات-احترافية/قراءة-نتائج-التحليل-الإحصائي.html,تحليل SPSS,supporting
1868,en,spss,for undergraduate students,SPSS data analysis for undergraduate students,https://www.auraideasuae.com/مقالات-احترافية/قراءة-نتائج-التحليل-الإحصائي.html,تحليل SPSS,supporting
1869,en,spss,for master's students,SPSS data analysis for master's students,https://www.auraideasuae.com/مقالات-احترافية/قراءة-نتائج-التحليل-الإحصائي.html,تحليل SPSS,supporting
1870,en,spss,for doctoral students,SPSS data analysis for doctoral students,https://www.auraideasuae.com/مقالات-احترافية/قراءة-نتائج-التحليل-الإحصائي.html,تحليل SPSS,supporting
1871,en,spss,in Arabic,SPSS data analysis in Arabic,https://www.auraideasuae.com/مقالات-احترافية/قراءة-نتائج-التحليل-الإحصائي.html,تحليل SPSS,supporting
1872,en,spss,in English,SPSS data analysis in English,https://www.auraideasuae.com/مقالات-احترافية/قراءة-نتائج-التحليل-الإحصائي.html,تحليل SPSS,supporting
1873,en,spss,Arabic and English,SPSS data analysis Arabic and English,https://www.auraideasuae.com/مقالات-احترافية/قراءة-نتائج-التحليل-الإحصائي.html,تحليل SPSS,supporting
1874,en,spss,for UAE universities,SPSS data analysis for UAE universities,https://www.auraideasuae.com/مقالات-احترافية/قراءة-نتائج-التحليل-الإحصائي.html,تحليل SPSS,supporting
1875,en,spss,in Dubai,SPSS data analysis in Dubai,https://www.auraideasuae.com/مقالات-احترافية/قراءة-نتائج-التحليل-الإحصائي.html,تحليل SPSS,supporting
1876,en,spss,in Abu Dhabi,SPSS data analysis in Abu Dhabi,https://www.auraideasuae.com/مقالات-احترافية/قراءة-نتائج-التحليل-الإحصائي.html,تحليل SPSS,supporting
1877,en,spss,in Sharjah,SPSS data analysis in Sharjah,https://www.auraideasuae.com/مقالات-احترافية/قراءة-نتائج-التحليل-الإحصائي.html,تحليل SPSS,supporting
1878,en,spss,for private universities,SPSS data analysis for private universities,https://www.auraideasuae.com/مقالات-احترافية/قراءة-نتائج-التحليل-الإحصائي.html,تحليل SPSS,supporting
1879,en,spss,for public universities,SPSS data analysis for public universities,https://www.auraideasuae.com/مقالات-احترافية/قراءة-نتائج-التحليل-الإحصائي.html,تحليل SPSS,supporting
1880,en,spss,online support,SPSS data analysis online support,https://www.auraideasuae.com/مقالات-احترافية/قراءة-نتائج-التحليل-الإحصائي.html,تحليل SPSS,supporting
1881,en,spss,professional service,SPSS data analysis professional service,https://www.auraideasuae.com/مقالات-احترافية/قراءة-نتائج-التحليل-الإحصائي.html,تحليل SPSS,supporting
1882,en,spss,academic assistance,SPSS data analysis academic assistance,https://www.auraideasuae.com/مقالات-احترافية/قراءة-نتائج-التحليل-الإحصائي.html,تحليل SPSS,supporting
1883,en,spss,research consultation,SPSS data analysis research consultation,https://www.auraideasuae.com/مقالات-احترافية/قراءة-نتائج-التحليل-الإحصائي.html,تحليل SPSS,supporting
1884,en,spss,academic review,SPSS data analysis academic review,https://www.auraideasuae.com/مقالات-احترافية/قراءة-نتائج-التحليل-الإحصائي.html,تحليل SPSS,supporting
1885,en,spss,scholarly proofreading,SPSS data analysis scholarly proofreading,https://www.auraideasuae.com/مقالات-احترافية/قراءة-نتائج-التحليل-الإحصائي.html,تحليل SPSS,supporting
1886,en,spss,APA formatting,SPSS data analysis APA formatting,https://www.auraideasuae.com/مقالات-احترافية/قراءة-نتائج-التحليل-الإحصائي.html,تحليل SPSS,supporting
1887,en,spss,MLA formatting,SPSS data analysis MLA formatting,https://www.auraideasuae.com/مقالات-احترافية/قراءة-نتائج-التحليل-الإحصائي.html,تحليل SPSS,supporting
1888,en,spss,Chicago formatting,SPSS data analysis Chicago formatting,https://www.auraideasuae.com/مقالات-احترافية/قراءة-نتائج-التحليل-الإحصائي.html,تحليل SPSS,supporting
1889,en,spss,source citation,SPSS data analysis source citation,https://www.auraideasuae.com/مقالات-احترافية/قراءة-نتائج-التحليل-الإحصائي.html,تحليل SPSS,supporting
1890,en,spss,academic rewriting,SPSS data analysis academic rewriting,https://www.auraideasuae.com/مقالات-احترافية/قراءة-نتائج-التحليل-الإحصائي.html,تحليل SPSS,supporting
1891,en,spss,methodology improvement,SPSS data analysis methodology improvement,https://www.auraideasuae.com/مقالات-احترافية/قراءة-نتائج-التحليل-الإحصائي.html,تحليل SPSS,supporting
1892,en,spss,data interpretation,SPSS data analysis data interpretation,https://www.auraideasuae.com/مقالات-احترافية/قراءة-نتائج-التحليل-الإحصائي.html,تحليل SPSS,supporting
1893,en,spss,research instrument design,SPSS data analysis research instrument design,https://www.auraideasuae.com/مقالات-احترافية/قراءة-نتائج-التحليل-الإحصائي.html,تحليل SPSS,supporting
1894,en,spss,survey review,SPSS data analysis survey review,https://www.auraideasuae.com/مقالات-احترافية/قراءة-نتائج-التحليل-الإحصائي.html,تحليل SPSS,supporting
1895,en,spss,results interpretation,SPSS data analysis results interpretation,https://www.auraideasuae.com/مقالات-احترافية/قراءة-نتائج-التحليل-الإحصائي.html,تحليل SPSS,supporting
1896,en,spss,table preparation,SPSS data analysis table preparation,https://www.auraideasuae.com/مقالات-احترافية/قراءة-نتائج-التحليل-الإحصائي.html,تحليل SPSS,supporting
1897,en,spss,chart preparation,SPSS data analysis chart preparation,https://www.auraideasuae.com/مقالات-احترافية/قراءة-نتائج-التحليل-الإحصائي.html,تحليل SPSS,supporting
1898,en,spss,discussion preparation,SPSS data analysis discussion preparation,https://www.auraideasuae.com/مقالات-احترافية/قراءة-نتائج-التحليل-الإحصائي.html,تحليل SPSS,supporting
1899,en,spss,with academic integrity,SPSS data analysis with academic integrity,https://www.auraideasuae.com/مقالات-احترافية/قراءة-نتائج-التحليل-الإحصائي.html,تحليل SPSS,supporting
1900,en,spss,according to university requirements,SPSS data analysis according to university requirements,https://www.auraideasuae.com/مقالات-احترافية/قراءة-نتائج-التحليل-الإحصائي.html,تحليل SPSS,supporting
1901,ar,survey,شرح مبسط,تصميم استبيان شرح مبسط,https://www.auraideasuae.com/مقالات-احترافية/تصميم-استبيان-جامعي.html,الاستبيانات,supporting
1902,ar,survey,دليل عملي,تصميم استبيان دليل عملي,https://www.auraideasuae.com/مقالات-احترافية/تصميم-استبيان-جامعي.html,الاستبيانات,supporting
1903,ar,survey,خطوات التنفيذ,تصميم استبيان خطوات التنفيذ,https://www.auraideasuae.com/مقالات-احترافية/تصميم-استبيان-جامعي.html,الاستبيانات,supporting
1904,ar,survey,نموذج قابل للتعديل,تصميم استبيان نموذج قابل للتعديل,https://www.auraideasuae.com/مقالات-احترافية/تصميم-استبيان-جامعي.html,الاستبيانات,supporting
1905,ar,survey,مثال تطبيقي,تصميم استبيان مثال تطبيقي,https://www.auraideasuae.com/مقالات-احترافية/تصميم-استبيان-جامعي.html,الاستبيانات,supporting
1906,ar,survey,خطة عمل,تصميم استبيان خطة عمل,https://www.auraideasuae.com/مقالات-احترافية/تصميم-استبيان-جامعي.html,الاستبيانات,supporting
1907,ar,survey,نصائح للطلاب,تصميم استبيان نصائح للطلاب,https://www.auraideasuae.com/مقالات-احترافية/تصميم-استبيان-جامعي.html,الاستبيانات,supporting
1908,ar,survey,أخطاء شائعة,تصميم استبيان أخطاء شائعة,https://www.auraideasuae.com/مقالات-احترافية/تصميم-استبيان-جامعي.html,الاستبيانات,supporting
1909,ar,survey,معايير الجودة,تصميم استبيان معايير الجودة,https://www.auraideasuae.com/مقالات-احترافية/تصميم-استبيان-جامعي.html,الاستبيانات,supporting
1910,ar,survey,طريقة الإعداد,تصميم استبيان طريقة الإعداد,https://www.auraideasuae.com/مقالات-احترافية/تصميم-استبيان-جامعي.html,الاستبيانات,supporting
1911,ar,survey,كيفية الكتابة,تصميم استبيان كيفية الكتابة,https://www.auraideasuae.com/مقالات-احترافية/تصميم-استبيان-جامعي.html,الاستبيانات,supporting
1912,ar,survey,كيفية التنسيق,تصميم استبيان كيفية التنسيق,https://www.auraideasuae.com/مقالات-احترافية/تصميم-استبيان-جامعي.html,الاستبيانات,supporting
1913,ar,survey,كيفية التوثيق,تصميم استبيان كيفية التوثيق,https://www.auraideasuae.com/مقالات-احترافية/تصميم-استبيان-جامعي.html,الاستبيانات,supporting
1914,ar,survey,كيفية المراجعة,تصميم استبيان كيفية المراجعة,https://www.auraideasuae.com/مقالات-احترافية/تصميم-استبيان-جامعي.html,الاستبيانات,supporting
1915,ar,survey,كيفية التحليل,تصميم استبيان كيفية التحليل,https://www.auraideasuae.com/مقالات-احترافية/تصميم-استبيان-جامعي.html,الاستبيانات,supporting
1916,ar,survey,كيفية العرض,تصميم استبيان كيفية العرض,https://www.auraideasuae.com/مقالات-احترافية/تصميم-استبيان-جامعي.html,الاستبيانات,supporting
1917,ar,survey,قبل التسليم,تصميم استبيان قبل التسليم,https://www.auraideasuae.com/مقالات-احترافية/تصميم-استبيان-جامعي.html,الاستبيانات,supporting
1918,ar,survey,لطلاب البكالوريوس,تصميم استبيان لطلاب البكالوريوس,https://www.auraideasuae.com/مقالات-احترافية/تصميم-استبيان-جامعي.html,الاستبيانات,supporting
1919,ar,survey,لطلاب الماجستير,تصميم استبيان لطلاب الماجستير,https://www.auraideasuae.com/مقالات-احترافية/تصميم-استبيان-جامعي.html,الاستبيانات,supporting
1920,ar,survey,لطلاب الدكتوراه,تصميم استبيان لطلاب الدكتوراه,https://www.auraideasuae.com/مقالات-احترافية/تصميم-استبيان-جامعي.html,الاستبيانات,supporting
1921,ar,survey,باللغة العربية,تصميم استبيان باللغة العربية,https://www.auraideasuae.com/مقالات-احترافية/تصميم-استبيان-جامعي.html,الاستبيانات,supporting
1922,ar,survey,باللغة الإنجليزية,تصميم استبيان باللغة الإنجليزية,https://www.auraideasuae.com/مقالات-احترافية/تصميم-استبيان-جامعي.html,الاستبيانات,supporting
1923,ar,survey,عربي وإنجليزي,تصميم استبيان عربي وإنجليزي,https://www.auraideasuae.com/مقالات-احترافية/تصميم-استبيان-جامعي.html,الاستبيانات,supporting
1924,ar,survey,في الجامعات الإماراتية,تصميم استبيان في الجامعات الإماراتية,https://www.auraideasuae.com/مقالات-احترافية/تصميم-استبيان-جامعي.html,الاستبيانات,supporting
1925,ar,survey,في دبي,تصميم استبيان في دبي,https://www.auraideasuae.com/مقالات-احترافية/تصميم-استبيان-جامعي.html,الاستبيانات,supporting
1926,ar,survey,في أبوظبي,تصميم استبيان في أبوظبي,https://www.auraideasuae.com/مقالات-احترافية/تصميم-استبيان-جامعي.html,الاستبيانات,supporting
1927,ar,survey,في الشارقة,تصميم استبيان في الشارقة,https://www.auraideasuae.com/مقالات-احترافية/تصميم-استبيان-جامعي.html,الاستبيانات,supporting
1928,ar,survey,للجامعات الخاصة,تصميم استبيان للجامعات الخاصة,https://www.auraideasuae.com/مقالات-احترافية/تصميم-استبيان-جامعي.html,الاستبيانات,supporting
1929,ar,survey,للجامعات الحكومية,تصميم استبيان للجامعات الحكومية,https://www.auraideasuae.com/مقالات-احترافية/تصميم-استبيان-جامعي.html,الاستبيانات,supporting
1930,ar,survey,عن بُعد,تصميم استبيان عن بُعد,https://www.auraideasuae.com/مقالات-احترافية/تصميم-استبيان-جامعي.html,الاستبيانات,supporting
1931,ar,survey,خدمة احترافية,تصميم استبيان خدمة احترافية,https://www.auraideasuae.com/مقالات-احترافية/تصميم-استبيان-جامعي.html,الاستبيانات,supporting
1932,ar,survey,مساعدة أكاديمية,تصميم استبيان مساعدة أكاديمية,https://www.auraideasuae.com/مقالات-احترافية/تصميم-استبيان-جامعي.html,الاستبيانات,supporting
1933,ar,survey,استشارة بحثية,تصميم استبيان استشارة بحثية,https://www.auraideasuae.com/مقالات-احترافية/تصميم-استبيان-جامعي.html,الاستبيانات,supporting
1934,ar,survey,مراجعة أكاديمية,تصميم استبيان مراجعة أكاديمية,https://www.auraideasuae.com/مقالات-احترافية/تصميم-استبيان-جامعي.html,الاستبيانات,supporting
1935,ar,survey,تدقيق علمي,تصميم استبيان تدقيق علمي,https://www.auraideasuae.com/مقالات-احترافية/تصميم-استبيان-جامعي.html,الاستبيانات,supporting
1936,ar,survey,تنسيق APA,تصميم استبيان تنسيق APA,https://www.auraideasuae.com/مقالات-احترافية/تصميم-استبيان-جامعي.html,الاستبيانات,supporting
1937,ar,survey,تنسيق MLA,تصميم استبيان تنسيق MLA,https://www.auraideasuae.com/مقالات-احترافية/تصميم-استبيان-جامعي.html,الاستبيانات,supporting
1938,ar,survey,تنسيق Chicago,تصميم استبيان تنسيق Chicago,https://www.auraideasuae.com/مقالات-احترافية/تصميم-استبيان-جامعي.html,الاستبيانات,supporting
1939,ar,survey,توثيق المصادر,تصميم استبيان توثيق المصادر,https://www.auraideasuae.com/مقالات-احترافية/تصميم-استبيان-جامعي.html,الاستبيانات,supporting
1940,ar,survey,تحسين الصياغة,تصميم استبيان تحسين الصياغة,https://www.auraideasuae.com/مقالات-احترافية/تصميم-استبيان-جامعي.html,الاستبيانات,supporting
1941,ar,survey,تحسين المنهجية,تصميم استبيان تحسين المنهجية,https://www.auraideasuae.com/مقالات-احترافية/تصميم-استبيان-جامعي.html,الاستبيانات,supporting
1942,ar,survey,قراءة وتحليل البيانات,تصميم استبيان قراءة وتحليل البيانات,https://www.auraideasuae.com/مقالات-احترافية/تصميم-استبيان-جامعي.html,الاستبيانات,supporting
1943,ar,survey,تصميم أداة البحث,تصميم استبيان تصميم أداة البحث,https://www.auraideasuae.com/مقالات-احترافية/تصميم-استبيان-جامعي.html,الاستبيانات,supporting
1944,ar,survey,مراجعة الاستبيان,تصميم استبيان مراجعة الاستبيان,https://www.auraideasuae.com/مقالات-احترافية/تصميم-استبيان-جامعي.html,الاستبيانات,supporting
1945,ar,survey,تفسير النتائج,تصميم استبيان تفسير النتائج,https://www.auraideasuae.com/مقالات-احترافية/تصميم-استبيان-جامعي.html,الاستبيانات,supporting
1946,ar,survey,إعداد الجداول,تصميم استبيان إعداد الجداول,https://www.auraideasuae.com/مقالات-احترافية/تصميم-استبيان-جامعي.html,الاستبيانات,supporting
1947,ar,survey,إعداد الرسوم البيانية,تصميم استبيان إعداد الرسوم البيانية,https://www.auraideasuae.com/مقالات-احترافية/تصميم-استبيان-جامعي.html,الاستبيانات,supporting
1948,ar,survey,تجهيز المناقشة,تصميم استبيان تجهيز المناقشة,https://www.auraideasuae.com/مقالات-احترافية/تصميم-استبيان-جامعي.html,الاستبيانات,supporting
1949,ar,survey,مع الحفاظ على الأمانة العلمية,تصميم استبيان مع الحفاظ على الأمانة العلمية,https://www.auraideasuae.com/مقالات-احترافية/تصميم-استبيان-جامعي.html,الاستبيانات,supporting
1950,ar,survey,وفق متطلبات الجامعة,تصميم استبيان وفق متطلبات الجامعة,https://www.auraideasuae.com/مقالات-احترافية/تصميم-استبيان-جامعي.html,الاستبيانات,supporting
1951,en,survey,simple explanation,survey design simple explanation,https://www.auraideasuae.com/مقالات-احترافية/تصميم-استبيان-جامعي.html,الاستبيانات,supporting
1952,en,survey,practical guide,survey design practical guide,https://www.auraideasuae.com/مقالات-احترافية/تصميم-استبيان-جامعي.html,الاستبيانات,supporting
1953,en,survey,step-by-step process,survey design step-by-step process,https://www.auraideasuae.com/مقالات-احترافية/تصميم-استبيان-جامعي.html,الاستبيانات,supporting
1954,en,survey,editable template,survey design editable template,https://www.auraideasuae.com/مقالات-احترافية/تصميم-استبيان-جامعي.html,الاستبيانات,supporting
1955,en,survey,worked example,survey design worked example,https://www.auraideasuae.com/مقالات-احترافية/تصميم-استبيان-جامعي.html,الاستبيانات,supporting
1956,en,survey,action plan,survey design action plan,https://www.auraideasuae.com/مقالات-احترافية/تصميم-استبيان-جامعي.html,الاستبيانات,supporting
1957,en,survey,student tips,survey design student tips,https://www.auraideasuae.com/مقالات-احترافية/تصميم-استبيان-جامعي.html,الاستبيانات,supporting
1958,en,survey,common mistakes,survey design common mistakes,https://www.auraideasuae.com/مقالات-احترافية/تصميم-استبيان-جامعي.html,الاستبيانات,supporting
1959,en,survey,quality standards,survey design quality standards,https://www.auraideasuae.com/مقالات-احترافية/تصميم-استبيان-جامعي.html,الاستبيانات,supporting
1960,en,survey,how to prepare,survey design how to prepare,https://www.auraideasuae.com/مقالات-احترافية/تصميم-استبيان-جامعي.html,الاستبيانات,supporting
1961,en,survey,how to write,survey design how to write,https://www.auraideasuae.com/مقالات-احترافية/تصميم-استبيان-جامعي.html,الاستبيانات,supporting
1962,en,survey,how to format,survey design how to format,https://www.auraideasuae.com/مقالات-احترافية/تصميم-استبيان-جامعي.html,الاستبيانات,supporting
1963,en,survey,how to cite sources,survey design how to cite sources,https://www.auraideasuae.com/مقالات-احترافية/تصميم-استبيان-جامعي.html,الاستبيانات,supporting
1964,en,survey,how to proofread,survey design how to proofread,https://www.auraideasuae.com/مقالات-احترافية/تصميم-استبيان-جامعي.html,الاستبيانات,supporting
1965,en,survey,how to analyze,survey design how to analyze,https://www.auraideasuae.com/مقالات-احترافية/تصميم-استبيان-جامعي.html,الاستبيانات,supporting
1966,en,survey,how to present,survey design how to present,https://www.auraideasuae.com/مقالات-احترافية/تصميم-استبيان-جامعي.html,الاستبيانات,supporting
1967,en,survey,before submission,survey design before submission,https://www.auraideasuae.com/مقالات-احترافية/تصميم-استبيان-جامعي.html,الاستبيانات,supporting
1968,en,survey,for undergraduate students,survey design for undergraduate students,https://www.auraideasuae.com/مقالات-احترافية/تصميم-استبيان-جامعي.html,الاستبيانات,supporting
1969,en,survey,for master's students,survey design for master's students,https://www.auraideasuae.com/مقالات-احترافية/تصميم-استبيان-جامعي.html,الاستبيانات,supporting
1970,en,survey,for doctoral students,survey design for doctoral students,https://www.auraideasuae.com/مقالات-احترافية/تصميم-استبيان-جامعي.html,الاستبيانات,supporting
1971,en,survey,in Arabic,survey design in Arabic,https://www.auraideasuae.com/مقالات-احترافية/تصميم-استبيان-جامعي.html,الاستبيانات,supporting
1972,en,survey,in English,survey design in English,https://www.auraideasuae.com/مقالات-احترافية/تصميم-استبيان-جامعي.html,الاستبيانات,supporting
1973,en,survey,Arabic and English,survey design Arabic and English,https://www.auraideasuae.com/مقالات-احترافية/تصميم-استبيان-جامعي.html,الاستبيانات,supporting
1974,en,survey,for UAE universities,survey design for UAE universities,https://www.auraideasuae.com/مقالات-احترافية/تصميم-استبيان-جامعي.html,الاستبيانات,supporting
1975,en,survey,in Dubai,survey design in Dubai,https://www.auraideasuae.com/مقالات-احترافية/تصميم-استبيان-جامعي.html,الاستبيانات,supporting
1976,en,survey,in Abu Dhabi,survey design in Abu Dhabi,https://www.auraideasuae.com/مقالات-احترافية/تصميم-استبيان-جامعي.html,الاستبيانات,supporting
1977,en,survey,in Sharjah,survey design in Sharjah,https://www.auraideasuae.com/مقالات-احترافية/تصميم-استبيان-جامعي.html,الاستبيانات,supporting
1978,en,survey,for private universities,survey design for private universities,https://www.auraideasuae.com/مقالات-احترافية/تصميم-استبيان-جامعي.html,الاستبيانات,supporting
1979,en,survey,for public universities,survey design for public universities,https://www.auraideasuae.com/مقالات-احترافية/تصميم-استبيان-جامعي.html,الاستبيانات,supporting
1980,en,survey,online support,survey design online support,https://www.auraideasuae.com/مقالات-احترافية/تصميم-استبيان-جامعي.html,الاستبيانات,supporting
1981,en,survey,professional service,survey design professional service,https://www.auraideasuae.com/مقالات-احترافية/تصميم-استبيان-جامعي.html,الاستبيانات,supporting
1982,en,survey,academic assistance,survey design academic assistance,https://www.auraideasuae.com/مقالات-احترافية/تصميم-استبيان-جامعي.html,الاستبيانات,supporting
1983,en,survey,research consultation,survey design research consultation,https://www.auraideasuae.com/مقالات-احترافية/تصميم-استبيان-جامعي.html,الاستبيانات,supporting
1984,en,survey,academic review,survey design academic review,https://www.auraideasuae.com/مقالات-احترافية/تصميم-استبيان-جامعي.html,الاستبيانات,supporting
1985,en,survey,scholarly proofreading,survey design scholarly proofreading,https://www.auraideasuae.com/مقالات-احترافية/تصميم-استبيان-جامعي.html,الاستبيانات,supporting
1986,en,survey,APA formatting,survey design APA formatting,https://www.auraideasuae.com/مقالات-احترافية/تصميم-استبيان-جامعي.html,الاستبيانات,supporting
1987,en,survey,MLA formatting,survey design MLA formatting,https://www.auraideasuae.com/مقالات-احترافية/تصميم-استبيان-جامعي.html,الاستبيانات,supporting
1988,en,survey,Chicago formatting,survey design Chicago formatting,https://www.auraideasuae.com/مقالات-احترافية/تصميم-استبيان-جامعي.html,الاستبيانات,supporting
1989,en,survey,source citation,survey design source citation,https://www.auraideasuae.com/مقالات-احترافية/تصميم-استبيان-جامعي.html,الاستبيانات,supporting
1990,en,survey,academic rewriting,survey design academic rewriting,https://www.auraideasuae.com/مقالات-احترافية/تصميم-استبيان-جامعي.html,الاستبيانات,supporting
1991,en,survey,methodology improvement,survey design methodology improvement,https://www.auraideasuae.com/مقالات-احترافية/تصميم-استبيان-جامعي.html,الاستبيانات,supporting
1992,en,survey,data interpretation,survey design data interpretation,https://www.auraideasuae.com/مقالات-احترافية/تصميم-استبيان-جامعي.html,الاستبيانات,supporting
1993,en,survey,research instrument design,survey design research instrument design,https://www.auraideasuae.com/مقالات-احترافية/تصميم-استبيان-جامعي.html,الاستبيانات,supporting
1994,en,survey,survey review,survey design survey review,https://www.auraideasuae.com/مقالات-احترافية/تصميم-استبيان-جامعي.html,الاستبيانات,supporting
1995,en,survey,results interpretation,survey design results interpretation,https://www.auraideasuae.com/مقالات-احترافية/تصميم-استبيان-جامعي.html,الاستبيانات,supporting
1996,en,survey,table preparation,survey design table preparation,https://www.auraideasuae.com/مقالات-احترافية/تصميم-استبيان-جامعي.html,الاستبيانات,supporting
1997,en,survey,chart preparation,survey design chart preparation,https://www.auraideasuae.com/مقالات-احترافية/تصميم-استبيان-جامعي.html,الاستبيانات,supporting
1998,en,survey,discussion preparation,survey design discussion preparation,https://www.auraideasuae.com/مقالات-احترافية/تصميم-استبيان-جامعي.html,الاستبيانات,supporting
1999,en,survey,with academic integrity,survey design with academic integrity,https://www.auraideasuae.com/مقالات-احترافية/تصميم-استبيان-جامعي.html,الاستبيانات,supporting
2000,en,survey,according to university requirements,survey design according to university requirements,https://www.auraideasuae.com/مقالات-احترافية/تصميم-استبيان-جامعي.html,الاستبيانات,supporting
2001,ar,questionnaire,شرح مبسط,تحليل الاستبيانات شرح مبسط,https://www.auraideasuae.com/مقالات-احترافية/تصميم-استبيان-جامعي.html,تصميم الاستبيان,supporting
2002,ar,questionnaire,دليل عملي,تحليل الاستبيانات دليل عملي,https://www.auraideasuae.com/مقالات-احترافية/تصميم-استبيان-جامعي.html,تصميم الاستبيان,supporting
2003,ar,questionnaire,خطوات التنفيذ,تحليل الاستبيانات خطوات التنفيذ,https://www.auraideasuae.com/مقالات-احترافية/تصميم-استبيان-جامعي.html,تصميم الاستبيان,supporting
2004,ar,questionnaire,نموذج قابل للتعديل,تحليل الاستبيانات نموذج قابل للتعديل,https://www.auraideasuae.com/مقالات-احترافية/تصميم-استبيان-جامعي.html,تصميم الاستبيان,supporting
2005,ar,questionnaire,مثال تطبيقي,تحليل الاستبيانات مثال تطبيقي,https://www.auraideasuae.com/مقالات-احترافية/تصميم-استبيان-جامعي.html,تصميم الاستبيان,supporting
2006,ar,questionnaire,خطة عمل,تحليل الاستبيانات خطة عمل,https://www.auraideasuae.com/مقالات-احترافية/تصميم-استبيان-جامعي.html,تصميم الاستبيان,supporting
2007,ar,questionnaire,نصائح للطلاب,تحليل الاستبيانات نصائح للطلاب,https://www.auraideasuae.com/مقالات-احترافية/تصميم-استبيان-جامعي.html,تصميم الاستبيان,supporting
2008,ar,questionnaire,أخطاء شائعة,تحليل الاستبيانات أخطاء شائعة,https://www.auraideasuae.com/مقالات-احترافية/تصميم-استبيان-جامعي.html,تصميم الاستبيان,supporting
2009,ar,questionnaire,معايير الجودة,تحليل الاستبيانات معايير الجودة,https://www.auraideasuae.com/مقالات-احترافية/تصميم-استبيان-جامعي.html,تصميم الاستبيان,supporting
2010,ar,questionnaire,طريقة الإعداد,تحليل الاستبيانات طريقة الإعداد,https://www.auraideasuae.com/مقالات-احترافية/تصميم-استبيان-جامعي.html,تصميم الاستبيان,supporting
2011,ar,questionnaire,كيفية الكتابة,تحليل الاستبيانات كيفية الكتابة,https://www.auraideasuae.com/مقالات-احترافية/تصميم-استبيان-جامعي.html,تصميم الاستبيان,supporting
2012,ar,questionnaire,كيفية التنسيق,تحليل الاستبيانات كيفية التنسيق,https://www.auraideasuae.com/مقالات-احترافية/تصميم-استبيان-جامعي.html,تصميم الاستبيان,supporting
2013,ar,questionnaire,كيفية التوثيق,تحليل الاستبيانات كيفية التوثيق,https://www.auraideasuae.com/مقالات-احترافية/تصميم-استبيان-جامعي.html,تصميم الاستبيان,supporting
2014,ar,questionnaire,كيفية المراجعة,تحليل الاستبيانات كيفية المراجعة,https://www.auraideasuae.com/مقالات-احترافية/تصميم-استبيان-جامعي.html,تصميم الاستبيان,supporting
2015,ar,questionnaire,كيفية التحليل,تحليل الاستبيانات كيفية التحليل,https://www.auraideasuae.com/مقالات-احترافية/تصميم-استبيان-جامعي.html,تصميم الاستبيان,supporting
2016,ar,questionnaire,كيفية العرض,تحليل الاستبيانات كيفية العرض,https://www.auraideasuae.com/مقالات-احترافية/تصميم-استبيان-جامعي.html,تصميم الاستبيان,supporting
2017,ar,questionnaire,قبل التسليم,تحليل الاستبيانات قبل التسليم,https://www.auraideasuae.com/مقالات-احترافية/تصميم-استبيان-جامعي.html,تصميم الاستبيان,supporting
2018,ar,questionnaire,لطلاب البكالوريوس,تحليل الاستبيانات لطلاب البكالوريوس,https://www.auraideasuae.com/مقالات-احترافية/تصميم-استبيان-جامعي.html,تصميم الاستبيان,supporting
2019,ar,questionnaire,لطلاب الماجستير,تحليل الاستبيانات لطلاب الماجستير,https://www.auraideasuae.com/مقالات-احترافية/تصميم-استبيان-جامعي.html,تصميم الاستبيان,supporting
2020,ar,questionnaire,لطلاب الدكتوراه,تحليل الاستبيانات لطلاب الدكتوراه,https://www.auraideasuae.com/مقالات-احترافية/تصميم-استبيان-جامعي.html,تصميم الاستبيان,supporting
2021,ar,questionnaire,باللغة العربية,تحليل الاستبيانات باللغة العربية,https://www.auraideasuae.com/مقالات-احترافية/تصميم-استبيان-جامعي.html,تصميم الاستبيان,supporting
2022,ar,questionnaire,باللغة الإنجليزية,تحليل الاستبيانات باللغة الإنجليزية,https://www.auraideasuae.com/مقالات-احترافية/تصميم-استبيان-جامعي.html,تصميم الاستبيان,supporting
2023,ar,questionnaire,عربي وإنجليزي,تحليل الاستبيانات عربي وإنجليزي,https://www.auraideasuae.com/مقالات-احترافية/تصميم-استبيان-جامعي.html,تصميم الاستبيان,supporting
2024,ar,questionnaire,في الجامعات الإماراتية,تحليل الاستبيانات في الجامعات الإماراتية,https://www.auraideasuae.com/مقالات-احترافية/تصميم-استبيان-جامعي.html,تصميم الاستبيان,supporting
2025,ar,questionnaire,في دبي,تحليل الاستبيانات في دبي,https://www.auraideasuae.com/مقالات-احترافية/تصميم-استبيان-جامعي.html,تصميم الاستبيان,supporting
2026,ar,questionnaire,في أبوظبي,تحليل الاستبيانات في أبوظبي,https://www.auraideasuae.com/مقالات-احترافية/تصميم-استبيان-جامعي.html,تصميم الاستبيان,supporting
2027,ar,questionnaire,في الشارقة,تحليل الاستبيانات في الشارقة,https://www.auraideasuae.com/مقالات-احترافية/تصميم-استبيان-جامعي.html,تصميم الاستبيان,supporting
2028,ar,questionnaire,للجامعات الخاصة,تحليل الاستبيانات للجامعات الخاصة,https://www.auraideasuae.com/مقالات-احترافية/تصميم-استبيان-جامعي.html,تصميم الاستبيان,supporting
2029,ar,questionnaire,للجامعات الحكومية,تحليل الاستبيانات للجامعات الحكومية,https://www.auraideasuae.com/مقالات-احترافية/تصميم-استبيان-جامعي.html,تصميم الاستبيان,supporting
2030,ar,questionnaire,عن بُعد,تحليل الاستبيانات عن بُعد,https://www.auraideasuae.com/مقالات-احترافية/تصميم-استبيان-جامعي.html,تصميم الاستبيان,supporting
2031,ar,questionnaire,خدمة احترافية,تحليل الاستبيانات خدمة احترافية,https://www.auraideasuae.com/مقالات-احترافية/تصميم-استبيان-جامعي.html,تصميم الاستبيان,supporting
2032,ar,questionnaire,مساعدة أكاديمية,تحليل الاستبيانات مساعدة أكاديمية,https://www.auraideasuae.com/مقالات-احترافية/تصميم-استبيان-جامعي.html,تصميم الاستبيان,supporting
2033,ar,questionnaire,استشارة بحثية,تحليل الاستبيانات استشارة بحثية,https://www.auraideasuae.com/مقالات-احترافية/تصميم-استبيان-جامعي.html,تصميم الاستبيان,supporting
2034,ar,questionnaire,مراجعة أكاديمية,تحليل الاستبيانات مراجعة أكاديمية,https://www.auraideasuae.com/مقالات-احترافية/تصميم-استبيان-جامعي.html,تصميم الاستبيان,supporting
2035,ar,questionnaire,تدقيق علمي,تحليل الاستبيانات تدقيق علمي,https://www.auraideasuae.com/مقالات-احترافية/تصميم-استبيان-جامعي.html,تصميم الاستبيان,supporting
2036,ar,questionnaire,تنسيق APA,تحليل الاستبيانات تنسيق APA,https://www.auraideasuae.com/مقالات-احترافية/تصميم-استبيان-جامعي.html,تصميم الاستبيان,supporting
2037,ar,questionnaire,تنسيق MLA,تحليل الاستبيانات تنسيق MLA,https://www.auraideasuae.com/مقالات-احترافية/تصميم-استبيان-جامعي.html,تصميم الاستبيان,supporting
2038,ar,questionnaire,تنسيق Chicago,تحليل الاستبيانات تنسيق Chicago,https://www.auraideasuae.com/مقالات-احترافية/تصميم-استبيان-جامعي.html,تصميم الاستبيان,supporting
2039,ar,questionnaire,توثيق المصادر,تحليل الاستبيانات توثيق المصادر,https://www.auraideasuae.com/مقالات-احترافية/تصميم-استبيان-جامعي.html,تصميم الاستبيان,supporting
2040,ar,questionnaire,تحسين الصياغة,تحليل الاستبيانات تحسين الصياغة,https://www.auraideasuae.com/مقالات-احترافية/تصميم-استبيان-جامعي.html,تصميم الاستبيان,supporting
2041,ar,questionnaire,تحسين المنهجية,تحليل الاستبيانات تحسين المنهجية,https://www.auraideasuae.com/مقالات-احترافية/تصميم-استبيان-جامعي.html,تصميم الاستبيان,supporting
2042,ar,questionnaire,قراءة وتحليل البيانات,تحليل الاستبيانات قراءة وتحليل البيانات,https://www.auraideasuae.com/مقالات-احترافية/تصميم-استبيان-جامعي.html,تصميم الاستبيان,supporting
2043,ar,questionnaire,تصميم أداة البحث,تحليل الاستبيانات تصميم أداة البحث,https://www.auraideasuae.com/مقالات-احترافية/تصميم-استبيان-جامعي.html,تصميم الاستبيان,supporting
2044,ar,questionnaire,مراجعة الاستبيان,تحليل الاستبيانات مراجعة الاستبيان,https://www.auraideasuae.com/مقالات-احترافية/تصميم-استبيان-جامعي.html,تصميم الاستبيان,supporting
2045,ar,questionnaire,تفسير النتائج,تحليل الاستبيانات تفسير النتائج,https://www.auraideasuae.com/مقالات-احترافية/تصميم-استبيان-جامعي.html,تصميم الاستبيان,supporting
2046,ar,questionnaire,إعداد الجداول,تحليل الاستبيانات إعداد الجداول,https://www.auraideasuae.com/مقالات-احترافية/تصميم-استبيان-جامعي.html,تصميم الاستبيان,supporting
2047,ar,questionnaire,إعداد الرسوم البيانية,تحليل الاستبيانات إعداد الرسوم البيانية,https://www.auraideasuae.com/مقالات-احترافية/تصميم-استبيان-جامعي.html,تصميم الاستبيان,supporting
2048,ar,questionnaire,تجهيز المناقشة,تحليل الاستبيانات تجهيز المناقشة,https://www.auraideasuae.com/مقالات-احترافية/تصميم-استبيان-جامعي.html,تصميم الاستبيان,supporting
2049,ar,questionnaire,مع الحفاظ على الأمانة العلمية,تحليل الاستبيانات مع الحفاظ على الأمانة العلمية,https://www.auraideasuae.com/مقالات-احترافية/تصميم-استبيان-جامعي.html,تصميم الاستبيان,supporting
2050,ar,questionnaire,وفق متطلبات الجامعة,تحليل الاستبيانات وفق متطلبات الجامعة,https://www.auraideasuae.com/مقالات-احترافية/تصميم-استبيان-جامعي.html,تصميم الاستبيان,supporting
2051,en,questionnaire,simple explanation,questionnaire analysis simple explanation,https://www.auraideasuae.com/مقالات-احترافية/تصميم-استبيان-جامعي.html,تصميم الاستبيان,supporting
2052,en,questionnaire,practical guide,questionnaire analysis practical guide,https://www.auraideasuae.com/مقالات-احترافية/تصميم-استبيان-جامعي.html,تصميم الاستبيان,supporting
2053,en,questionnaire,step-by-step process,questionnaire analysis step-by-step process,https://www.auraideasuae.com/مقالات-احترافية/تصميم-استبيان-جامعي.html,تصميم الاستبيان,supporting
2054,en,questionnaire,editable template,questionnaire analysis editable template,https://www.auraideasuae.com/مقالات-احترافية/تصميم-استبيان-جامعي.html,تصميم الاستبيان,supporting
2055,en,questionnaire,worked example,questionnaire analysis worked example,https://www.auraideasuae.com/مقالات-احترافية/تصميم-استبيان-جامعي.html,تصميم الاستبيان,supporting
2056,en,questionnaire,action plan,questionnaire analysis action plan,https://www.auraideasuae.com/مقالات-احترافية/تصميم-استبيان-جامعي.html,تصميم الاستبيان,supporting
2057,en,questionnaire,student tips,questionnaire analysis student tips,https://www.auraideasuae.com/مقالات-احترافية/تصميم-استبيان-جامعي.html,تصميم الاستبيان,supporting
2058,en,questionnaire,common mistakes,questionnaire analysis common mistakes,https://www.auraideasuae.com/مقالات-احترافية/تصميم-استبيان-جامعي.html,تصميم الاستبيان,supporting
2059,en,questionnaire,quality standards,questionnaire analysis quality standards,https://www.auraideasuae.com/مقالات-احترافية/تصميم-استبيان-جامعي.html,تصميم الاستبيان,supporting
2060,en,questionnaire,how to prepare,questionnaire analysis how to prepare,https://www.auraideasuae.com/مقالات-احترافية/تصميم-استبيان-جامعي.html,تصميم الاستبيان,supporting
2061,en,questionnaire,how to write,questionnaire analysis how to write,https://www.auraideasuae.com/مقالات-احترافية/تصميم-استبيان-جامعي.html,تصميم الاستبيان,supporting
2062,en,questionnaire,how to format,questionnaire analysis how to format,https://www.auraideasuae.com/مقالات-احترافية/تصميم-استبيان-جامعي.html,تصميم الاستبيان,supporting
2063,en,questionnaire,how to cite sources,questionnaire analysis how to cite sources,https://www.auraideasuae.com/مقالات-احترافية/تصميم-استبيان-جامعي.html,تصميم الاستبيان,supporting
2064,en,questionnaire,how to proofread,questionnaire analysis how to proofread,https://www.auraideasuae.com/مقالات-احترافية/تصميم-استبيان-جامعي.html,تصميم الاستبيان,supporting
2065,en,questionnaire,how to analyze,questionnaire analysis how to analyze,https://www.auraideasuae.com/مقالات-احترافية/تصميم-استبيان-جامعي.html,تصميم الاستبيان,supporting
2066,en,questionnaire,how to present,questionnaire analysis how to present,https://www.auraideasuae.com/مقالات-احترافية/تصميم-استبيان-جامعي.html,تصميم الاستبيان,supporting
2067,en,questionnaire,before submission,questionnaire analysis before submission,https://www.auraideasuae.com/مقالات-احترافية/تصميم-استبيان-جامعي.html,تصميم الاستبيان,supporting
2068,en,questionnaire,for undergraduate students,questionnaire analysis for undergraduate students,https://www.auraideasuae.com/مقالات-احترافية/تصميم-استبيان-جامعي.html,تصميم الاستبيان,supporting
2069,en,questionnaire,for master's students,questionnaire analysis for master's students,https://www.auraideasuae.com/مقالات-احترافية/تصميم-استبيان-جامعي.html,تصميم الاستبيان,supporting
2070,en,questionnaire,for doctoral students,questionnaire analysis for doctoral students,https://www.auraideasuae.com/مقالات-احترافية/تصميم-استبيان-جامعي.html,تصميم الاستبيان,supporting
2071,en,questionnaire,in Arabic,questionnaire analysis in Arabic,https://www.auraideasuae.com/مقالات-احترافية/تصميم-استبيان-جامعي.html,تصميم الاستبيان,supporting
2072,en,questionnaire,in English,questionnaire analysis in English,https://www.auraideasuae.com/مقالات-احترافية/تصميم-استبيان-جامعي.html,تصميم الاستبيان,supporting
2073,en,questionnaire,Arabic and English,questionnaire analysis Arabic and English,https://www.auraideasuae.com/مقالات-احترافية/تصميم-استبيان-جامعي.html,تصميم الاستبيان,supporting
2074,en,questionnaire,for UAE universities,questionnaire analysis for UAE universities,https://www.auraideasuae.com/مقالات-احترافية/تصميم-استبيان-جامعي.html,تصميم الاستبيان,supporting
2075,en,questionnaire,in Dubai,questionnaire analysis in Dubai,https://www.auraideasuae.com/مقالات-احترافية/تصميم-استبيان-جامعي.html,تصميم الاستبيان,supporting
2076,en,questionnaire,in Abu Dhabi,questionnaire analysis in Abu Dhabi,https://www.auraideasuae.com/مقالات-احترافية/تصميم-استبيان-جامعي.html,تصميم الاستبيان,supporting
2077,en,questionnaire,in Sharjah,questionnaire analysis in Sharjah,https://www.auraideasuae.com/مقالات-احترافية/تصميم-استبيان-جامعي.html,تصميم الاستبيان,supporting
2078,en,questionnaire,for private universities,questionnaire analysis for private universities,https://www.auraideasuae.com/مقالات-احترافية/تصميم-استبيان-جامعي.html,تصميم الاستبيان,supporting
2079,en,questionnaire,for public universities,questionnaire analysis for public universities,https://www.auraideasuae.com/مقالات-احترافية/تصميم-استبيان-جامعي.html,تصميم الاستبيان,supporting
2080,en,questionnaire,online support,questionnaire analysis online support,https://www.auraideasuae.com/مقالات-احترافية/تصميم-استبيان-جامعي.html,تصميم الاستبيان,supporting
2081,en,questionnaire,professional service,questionnaire analysis professional service,https://www.auraideasuae.com/مقالات-احترافية/تصميم-استبيان-جامعي.html,تصميم الاستبيان,supporting
2082,en,questionnaire,academic assistance,questionnaire analysis academic assistance,https://www.auraideasuae.com/مقالات-احترافية/تصميم-استبيان-جامعي.html,تصميم الاستبيان,supporting
2083,en,questionnaire,research consultation,questionnaire analysis research consultation,https://www.auraideasuae.com/مقالات-احترافية/تصميم-استبيان-جامعي.html,تصميم الاستبيان,supporting
2084,en,questionnaire,academic review,questionnaire analysis academic review,https://www.auraideasuae.com/مقالات-احترافية/تصميم-استبيان-جامعي.html,تصميم الاستبيان,supporting
2085,en,questionnaire,scholarly proofreading,questionnaire analysis scholarly proofreading,https://www.auraideasuae.com/مقالات-احترافية/تصميم-استبيان-جامعي.html,تصميم الاستبيان,supporting
2086,en,questionnaire,APA formatting,questionnaire analysis APA formatting,https://www.auraideasuae.com/مقالات-احترافية/تصميم-استبيان-جامعي.html,تصميم الاستبيان,supporting
2087,en,questionnaire,MLA formatting,questionnaire analysis MLA formatting,https://www.auraideasuae.com/مقالات-احترافية/تصميم-استبيان-جامعي.html,تصميم الاستبيان,supporting
2088,en,questionnaire,Chicago formatting,questionnaire analysis Chicago formatting,https://www.auraideasuae.com/مقالات-احترافية/تصميم-استبيان-جامعي.html,تصميم الاستبيان,supporting
2089,en,questionnaire,source citation,questionnaire analysis source citation,https://www.auraideasuae.com/مقالات-احترافية/تصميم-استبيان-جامعي.html,تصميم الاستبيان,supporting
2090,en,questionnaire,academic rewriting,questionnaire analysis academic rewriting,https://www.auraideasuae.com/مقالات-احترافية/تصميم-استبيان-جامعي.html,تصميم الاستبيان,supporting
2091,en,questionnaire,methodology improvement,questionnaire analysis methodology improvement,https://www.auraideasuae.com/مقالات-احترافية/تصميم-استبيان-جامعي.html,تصميم الاستبيان,supporting
2092,en,questionnaire,data interpretation,questionnaire analysis data interpretation,https://www.auraideasuae.com/مقالات-احترافية/تصميم-استبيان-جامعي.html,تصميم الاستبيان,supporting
2093,en,questionnaire,research instrument design,questionnaire analysis research instrument design,https://www.auraideasuae.com/مقالات-احترافية/تصميم-استبيان-جامعي.html,تصميم الاستبيان,supporting
2094,en,questionnaire,survey review,questionnaire analysis survey review,https://www.auraideasuae.com/مقالات-احترافية/تصميم-استبيان-جامعي.html,تصميم الاستبيان,supporting
2095,en,questionnaire,results interpretation,questionnaire analysis results interpretation,https://www.auraideasuae.com/مقالات-احترافية/تصميم-استبيان-جامعي.html,تصميم الاستبيان,supporting
2096,en,questionnaire,table preparation,questionnaire analysis table preparation,https://www.auraideasuae.com/مقالات-احترافية/تصميم-استبيان-جامعي.html,تصميم الاستبيان,supporting
2097,en,questionnaire,chart preparation,questionnaire analysis chart preparation,https://www.auraideasuae.com/مقالات-احترافية/تصميم-استبيان-جامعي.html,تصميم الاستبيان,supporting
2098,en,questionnaire,discussion preparation,questionnaire analysis discussion preparation,https://www.auraideasuae.com/مقالات-احترافية/تصميم-استبيان-جامعي.html,تصميم الاستبيان,supporting
2099,en,questionnaire,with academic integrity,questionnaire analysis with academic integrity,https://www.auraideasuae.com/مقالات-احترافية/تصميم-استبيان-جامعي.html,تصميم الاستبيان,supporting
2100,en,questionnaire,according to university requirements,questionnaire analysis according to university requirements,https://www.auraideasuae.com/مقالات-احترافية/تصميم-استبيان-جامعي.html,تصميم الاستبيان,supporting
2101,ar,hypotheses,شرح مبسط,فرضيات البحث شرح مبسط,https://www.auraideasuae.com/مقالات-احترافية/,فرضيات البحث,supporting
2102,ar,hypotheses,دليل عملي,فرضيات البحث دليل عملي,https://www.auraideasuae.com/مقالات-احترافية/,فرضيات البحث,supporting
2103,ar,hypotheses,خطوات التنفيذ,فرضيات البحث خطوات التنفيذ,https://www.auraideasuae.com/مقالات-احترافية/,فرضيات البحث,supporting
2104,ar,hypotheses,نموذج قابل للتعديل,فرضيات البحث نموذج قابل للتعديل,https://www.auraideasuae.com/مقالات-احترافية/,فرضيات البحث,supporting
2105,ar,hypotheses,مثال تطبيقي,فرضيات البحث مثال تطبيقي,https://www.auraideasuae.com/مقالات-احترافية/,فرضيات البحث,supporting
2106,ar,hypotheses,خطة عمل,فرضيات البحث خطة عمل,https://www.auraideasuae.com/مقالات-احترافية/,فرضيات البحث,supporting
2107,ar,hypotheses,نصائح للطلاب,فرضيات البحث نصائح للطلاب,https://www.auraideasuae.com/مقالات-احترافية/,فرضيات البحث,supporting
2108,ar,hypotheses,أخطاء شائعة,فرضيات البحث أخطاء شائعة,https://www.auraideasuae.com/مقالات-احترافية/,فرضيات البحث,supporting
2109,ar,hypotheses,معايير الجودة,فرضيات البحث معايير الجودة,https://www.auraideasuae.com/مقالات-احترافية/,فرضيات البحث,supporting
2110,ar,hypotheses,طريقة الإعداد,فرضيات البحث طريقة الإعداد,https://www.auraideasuae.com/مقالات-احترافية/,فرضيات البحث,supporting
2111,ar,hypotheses,كيفية الكتابة,فرضيات البحث كيفية الكتابة,https://www.auraideasuae.com/مقالات-احترافية/,فرضيات البحث,supporting
2112,ar,hypotheses,كيفية التنسيق,فرضيات البحث كيفية التنسيق,https://www.auraideasuae.com/مقالات-احترافية/,فرضيات البحث,supporting
2113,ar,hypotheses,كيفية التوثيق,فرضيات البحث كيفية التوثيق,https://www.auraideasuae.com/مقالات-احترافية/,فرضيات البحث,supporting
2114,ar,hypotheses,كيفية المراجعة,فرضيات البحث كيفية المراجعة,https://www.auraideasuae.com/مقالات-احترافية/,فرضيات البحث,supporting
2115,ar,hypotheses,كيفية التحليل,فرضيات البحث كيفية التحليل,https://www.auraideasuae.com/مقالات-احترافية/,فرضيات البحث,supporting
2116,ar,hypotheses,كيفية العرض,فرضيات البحث كيفية العرض,https://www.auraideasuae.com/مقالات-احترافية/,فرضيات البحث,supporting
2117,ar,hypotheses,قبل التسليم,فرضيات البحث قبل التسليم,https://www.auraideasuae.com/مقالات-احترافية/,فرضيات البحث,supporting
2118,ar,hypotheses,لطلاب البكالوريوس,فرضيات البحث لطلاب البكالوريوس,https://www.auraideasuae.com/مقالات-احترافية/,فرضيات البحث,supporting
2119,ar,hypotheses,لطلاب الماجستير,فرضيات البحث لطلاب الماجستير,https://www.auraideasuae.com/مقالات-احترافية/,فرضيات البحث,supporting
2120,ar,hypotheses,لطلاب الدكتوراه,فرضيات البحث لطلاب الدكتوراه,https://www.auraideasuae.com/مقالات-احترافية/,فرضيات البحث,supporting
2121,ar,hypotheses,باللغة العربية,فرضيات البحث باللغة العربية,https://www.auraideasuae.com/مقالات-احترافية/,فرضيات البحث,supporting
2122,ar,hypotheses,باللغة الإنجليزية,فرضيات البحث باللغة الإنجليزية,https://www.auraideasuae.com/مقالات-احترافية/,فرضيات البحث,supporting
2123,ar,hypotheses,عربي وإنجليزي,فرضيات البحث عربي وإنجليزي,https://www.auraideasuae.com/مقالات-احترافية/,فرضيات البحث,supporting
2124,ar,hypotheses,في الجامعات الإماراتية,فرضيات البحث في الجامعات الإماراتية,https://www.auraideasuae.com/مقالات-احترافية/,فرضيات البحث,supporting
2125,ar,hypotheses,في دبي,فرضيات البحث في دبي,https://www.auraideasuae.com/مقالات-احترافية/,فرضيات البحث,supporting
2126,ar,hypotheses,في أبوظبي,فرضيات البحث في أبوظبي,https://www.auraideasuae.com/مقالات-احترافية/,فرضيات البحث,supporting
2127,ar,hypotheses,في الشارقة,فرضيات البحث في الشارقة,https://www.auraideasuae.com/مقالات-احترافية/,فرضيات البحث,supporting
2128,ar,hypotheses,للجامعات الخاصة,فرضيات البحث للجامعات الخاصة,https://www.auraideasuae.com/مقالات-احترافية/,فرضيات البحث,supporting
2129,ar,hypotheses,للجامعات الحكومية,فرضيات البحث للجامعات الحكومية,https://www.auraideasuae.com/مقالات-احترافية/,فرضيات البحث,supporting
2130,ar,hypotheses,عن بُعد,فرضيات البحث عن بُعد,https://www.auraideasuae.com/مقالات-احترافية/,فرضيات البحث,supporting
2131,ar,hypotheses,خدمة احترافية,فرضيات البحث خدمة احترافية,https://www.auraideasuae.com/مقالات-احترافية/,فرضيات البحث,supporting
2132,ar,hypotheses,مساعدة أكاديمية,فرضيات البحث مساعدة أكاديمية,https://www.auraideasuae.com/مقالات-احترافية/,فرضيات البحث,supporting
2133,ar,hypotheses,استشارة بحثية,فرضيات البحث استشارة بحثية,https://www.auraideasuae.com/مقالات-احترافية/,فرضيات البحث,supporting
2134,ar,hypotheses,مراجعة أكاديمية,فرضيات البحث مراجعة أكاديمية,https://www.auraideasuae.com/مقالات-احترافية/,فرضيات البحث,supporting
2135,ar,hypotheses,تدقيق علمي,فرضيات البحث تدقيق علمي,https://www.auraideasuae.com/مقالات-احترافية/,فرضيات البحث,supporting
2136,ar,hypotheses,تنسيق APA,فرضيات البحث تنسيق APA,https://www.auraideasuae.com/مقالات-احترافية/,فرضيات البحث,supporting
2137,ar,hypotheses,تنسيق MLA,فرضيات البحث تنسيق MLA,https://www.auraideasuae.com/مقالات-احترافية/,فرضيات البحث,supporting
2138,ar,hypotheses,تنسيق Chicago,فرضيات البحث تنسيق Chicago,https://www.auraideasuae.com/مقالات-احترافية/,فرضيات البحث,supporting
2139,ar,hypotheses,توثيق المصادر,فرضيات البحث توثيق المصادر,https://www.auraideasuae.com/مقالات-احترافية/,فرضيات البحث,supporting
2140,ar,hypotheses,تحسين الصياغة,فرضيات البحث تحسين الصياغة,https://www.auraideasuae.com/مقالات-احترافية/,فرضيات البحث,supporting
2141,ar,hypotheses,تحسين المنهجية,فرضيات البحث تحسين المنهجية,https://www.auraideasuae.com/مقالات-احترافية/,فرضيات البحث,supporting
2142,ar,hypotheses,قراءة وتحليل البيانات,فرضيات البحث قراءة وتحليل البيانات,https://www.auraideasuae.com/مقالات-احترافية/,فرضيات البحث,supporting
2143,ar,hypotheses,تصميم أداة البحث,فرضيات البحث تصميم أداة البحث,https://www.auraideasuae.com/مقالات-احترافية/,فرضيات البحث,supporting
2144,ar,hypotheses,مراجعة الاستبيان,فرضيات البحث مراجعة الاستبيان,https://www.auraideasuae.com/مقالات-احترافية/,فرضيات البحث,supporting
2145,ar,hypotheses,تفسير النتائج,فرضيات البحث تفسير النتائج,https://www.auraideasuae.com/مقالات-احترافية/,فرضيات البحث,supporting
2146,ar,hypotheses,إعداد الجداول,فرضيات البحث إعداد الجداول,https://www.auraideasuae.com/مقالات-احترافية/,فرضيات البحث,supporting
2147,ar,hypotheses,إعداد الرسوم البيانية,فرضيات البحث إعداد الرسوم البيانية,https://www.auraideasuae.com/مقالات-احترافية/,فرضيات البحث,supporting
2148,ar,hypotheses,تجهيز المناقشة,فرضيات البحث تجهيز المناقشة,https://www.auraideasuae.com/مقالات-احترافية/,فرضيات البحث,supporting
2149,ar,hypotheses,مع الحفاظ على الأمانة العلمية,فرضيات البحث مع الحفاظ على الأمانة العلمية,https://www.auraideasuae.com/مقالات-احترافية/,فرضيات البحث,supporting
2150,ar,hypotheses,وفق متطلبات الجامعة,فرضيات البحث وفق متطلبات الجامعة,https://www.auraideasuae.com/مقالات-احترافية/,فرضيات البحث,supporting
2151,en,hypotheses,simple explanation,research hypotheses simple explanation,https://www.auraideasuae.com/مقالات-احترافية/,فرضيات البحث,supporting
2152,en,hypotheses,practical guide,research hypotheses practical guide,https://www.auraideasuae.com/مقالات-احترافية/,فرضيات البحث,supporting
2153,en,hypotheses,step-by-step process,research hypotheses step-by-step process,https://www.auraideasuae.com/مقالات-احترافية/,فرضيات البحث,supporting
2154,en,hypotheses,editable template,research hypotheses editable template,https://www.auraideasuae.com/مقالات-احترافية/,فرضيات البحث,supporting
2155,en,hypotheses,worked example,research hypotheses worked example,https://www.auraideasuae.com/مقالات-احترافية/,فرضيات البحث,supporting
2156,en,hypotheses,action plan,research hypotheses action plan,https://www.auraideasuae.com/مقالات-احترافية/,فرضيات البحث,supporting
2157,en,hypotheses,student tips,research hypotheses student tips,https://www.auraideasuae.com/مقالات-احترافية/,فرضيات البحث,supporting
2158,en,hypotheses,common mistakes,research hypotheses common mistakes,https://www.auraideasuae.com/مقالات-احترافية/,فرضيات البحث,supporting
2159,en,hypotheses,quality standards,research hypotheses quality standards,https://www.auraideasuae.com/مقالات-احترافية/,فرضيات البحث,supporting
2160,en,hypotheses,how to prepare,research hypotheses how to prepare,https://www.auraideasuae.com/مقالات-احترافية/,فرضيات البحث,supporting
2161,en,hypotheses,how to write,research hypotheses how to write,https://www.auraideasuae.com/مقالات-احترافية/,فرضيات البحث,supporting
2162,en,hypotheses,how to format,research hypotheses how to format,https://www.auraideasuae.com/مقالات-احترافية/,فرضيات البحث,supporting
2163,en,hypotheses,how to cite sources,research hypotheses how to cite sources,https://www.auraideasuae.com/مقالات-احترافية/,فرضيات البحث,supporting
2164,en,hypotheses,how to proofread,research hypotheses how to proofread,https://www.auraideasuae.com/مقالات-احترافية/,فرضيات البحث,supporting
2165,en,hypotheses,how to analyze,research hypotheses how to analyze,https://www.auraideasuae.com/مقالات-احترافية/,فرضيات البحث,supporting
2166,en,hypotheses,how to present,research hypotheses how to present,https://www.auraideasuae.com/مقالات-احترافية/,فرضيات البحث,supporting
2167,en,hypotheses,before submission,research hypotheses before submission,https://www.auraideasuae.com/مقالات-احترافية/,فرضيات البحث,supporting
2168,en,hypotheses,for undergraduate students,research hypotheses for undergraduate students,https://www.auraideasuae.com/مقالات-احترافية/,فرضيات البحث,supporting
2169,en,hypotheses,for master's students,research hypotheses for master's students,https://www.auraideasuae.com/مقالات-احترافية/,فرضيات البحث,supporting
2170,en,hypotheses,for doctoral students,research hypotheses for doctoral students,https://www.auraideasuae.com/مقالات-احترافية/,فرضيات البحث,supporting
2171,en,hypotheses,in Arabic,research hypotheses in Arabic,https://www.auraideasuae.com/مقالات-احترافية/,فرضيات البحث,supporting
2172,en,hypotheses,in English,research hypotheses in English,https://www.auraideasuae.com/مقالات-احترافية/,فرضيات البحث,supporting
2173,en,hypotheses,Arabic and English,research hypotheses Arabic and English,https://www.auraideasuae.com/مقالات-احترافية/,فرضيات البحث,supporting
2174,en,hypotheses,for UAE universities,research hypotheses for UAE universities,https://www.auraideasuae.com/مقالات-احترافية/,فرضيات البحث,supporting
2175,en,hypotheses,in Dubai,research hypotheses in Dubai,https://www.auraideasuae.com/مقالات-احترافية/,فرضيات البحث,supporting
2176,en,hypotheses,in Abu Dhabi,research hypotheses in Abu Dhabi,https://www.auraideasuae.com/مقالات-احترافية/,فرضيات البحث,supporting
2177,en,hypotheses,in Sharjah,research hypotheses in Sharjah,https://www.auraideasuae.com/مقالات-احترافية/,فرضيات البحث,supporting
2178,en,hypotheses,for private universities,research hypotheses for private universities,https://www.auraideasuae.com/مقالات-احترافية/,فرضيات البحث,supporting
2179,en,hypotheses,for public universities,research hypotheses for public universities,https://www.auraideasuae.com/مقالات-احترافية/,فرضيات البحث,supporting
2180,en,hypotheses,online support,research hypotheses online support,https://www.auraideasuae.com/مقالات-احترافية/,فرضيات البحث,supporting
2181,en,hypotheses,professional service,research hypotheses professional service,https://www.auraideasuae.com/مقالات-احترافية/,فرضيات البحث,supporting
2182,en,hypotheses,academic assistance,research hypotheses academic assistance,https://www.auraideasuae.com/مقالات-احترافية/,فرضيات البحث,supporting
2183,en,hypotheses,research consultation,research hypotheses research consultation,https://www.auraideasuae.com/مقالات-احترافية/,فرضيات البحث,supporting
2184,en,hypotheses,academic review,research hypotheses academic review,https://www.auraideasuae.com/مقالات-احترافية/,فرضيات البحث,supporting
2185,en,hypotheses,scholarly proofreading,research hypotheses scholarly proofreading,https://www.auraideasuae.com/مقالات-احترافية/,فرضيات البحث,supporting
2186,en,hypotheses,APA formatting,research hypotheses APA formatting,https://www.auraideasuae.com/مقالات-احترافية/,فرضيات البحث,supporting
2187,en,hypotheses,MLA formatting,research hypotheses MLA formatting,https://www.auraideasuae.com/مقالات-احترافية/,فرضيات البحث,supporting
2188,en,hypotheses,Chicago formatting,research hypotheses Chicago formatting,https://www.auraideasuae.com/مقالات-احترافية/,فرضيات البحث,supporting
2189,en,hypotheses,source citation,research hypotheses source citation,https://www.auraideasuae.com/مقالات-احترافية/,فرضيات البحث,supporting
2190,en,hypotheses,academic rewriting,research hypotheses academic rewriting,https://www.auraideasuae.com/مقالات-احترافية/,فرضيات البحث,supporting
2191,en,hypotheses,methodology improvement,research hypotheses methodology improvement,https://www.auraideasuae.com/مقالات-احترافية/,فرضيات البحث,supporting
2192,en,hypotheses,data interpretation,research hypotheses data interpretation,https://www.auraideasuae.com/مقالات-احترافية/,فرضيات البحث,supporting
2193,en,hypotheses,research instrument design,research hypotheses research instrument design,https://www.auraideasuae.com/مقالات-احترافية/,فرضيات البحث,supporting
2194,en,hypotheses,survey review,research hypotheses survey review,https://www.auraideasuae.com/مقالات-احترافية/,فرضيات البحث,supporting
2195,en,hypotheses,results interpretation,research hypotheses results interpretation,https://www.auraideasuae.com/مقالات-احترافية/,فرضيات البحث,supporting
2196,en,hypotheses,table preparation,research hypotheses table preparation,https://www.auraideasuae.com/مقالات-احترافية/,فرضيات البحث,supporting
2197,en,hypotheses,chart preparation,research hypotheses chart preparation,https://www.auraideasuae.com/مقالات-احترافية/,فرضيات البحث,supporting
2198,en,hypotheses,discussion preparation,research hypotheses discussion preparation,https://www.auraideasuae.com/مقالات-احترافية/,فرضيات البحث,supporting
2199,en,hypotheses,with academic integrity,research hypotheses with academic integrity,https://www.auraideasuae.com/مقالات-احترافية/,فرضيات البحث,supporting
2200,en,hypotheses,according to university requirements,research hypotheses according to university requirements,https://www.auraideasuae.com/مقالات-احترافية/,فرضيات البحث,supporting
2201,ar,qualitative,شرح مبسط,البحث النوعي شرح مبسط,https://www.auraideasuae.com/مقالات-احترافية/قراءة-نتائج-التحليل-الإحصائي.html,البحث النوعي,supporting
2202,ar,qualitative,دليل عملي,البحث النوعي دليل عملي,https://www.auraideasuae.com/مقالات-احترافية/قراءة-نتائج-التحليل-الإحصائي.html,البحث النوعي,supporting
2203,ar,qualitative,خطوات التنفيذ,البحث النوعي خطوات التنفيذ,https://www.auraideasuae.com/مقالات-احترافية/قراءة-نتائج-التحليل-الإحصائي.html,البحث النوعي,supporting
2204,ar,qualitative,نموذج قابل للتعديل,البحث النوعي نموذج قابل للتعديل,https://www.auraideasuae.com/مقالات-احترافية/قراءة-نتائج-التحليل-الإحصائي.html,البحث النوعي,supporting
2205,ar,qualitative,مثال تطبيقي,البحث النوعي مثال تطبيقي,https://www.auraideasuae.com/مقالات-احترافية/قراءة-نتائج-التحليل-الإحصائي.html,البحث النوعي,supporting
2206,ar,qualitative,خطة عمل,البحث النوعي خطة عمل,https://www.auraideasuae.com/مقالات-احترافية/قراءة-نتائج-التحليل-الإحصائي.html,البحث النوعي,supporting
2207,ar,qualitative,نصائح للطلاب,البحث النوعي نصائح للطلاب,https://www.auraideasuae.com/مقالات-احترافية/قراءة-نتائج-التحليل-الإحصائي.html,البحث النوعي,supporting
2208,ar,qualitative,أخطاء شائعة,البحث النوعي أخطاء شائعة,https://www.auraideasuae.com/مقالات-احترافية/قراءة-نتائج-التحليل-الإحصائي.html,البحث النوعي,supporting
2209,ar,qualitative,معايير الجودة,البحث النوعي معايير الجودة,https://www.auraideasuae.com/مقالات-احترافية/قراءة-نتائج-التحليل-الإحصائي.html,البحث النوعي,supporting
2210,ar,qualitative,طريقة الإعداد,البحث النوعي طريقة الإعداد,https://www.auraideasuae.com/مقالات-احترافية/قراءة-نتائج-التحليل-الإحصائي.html,البحث النوعي,supporting
2211,ar,qualitative,كيفية الكتابة,البحث النوعي كيفية الكتابة,https://www.auraideasuae.com/مقالات-احترافية/قراءة-نتائج-التحليل-الإحصائي.html,البحث النوعي,supporting
2212,ar,qualitative,كيفية التنسيق,البحث النوعي كيفية التنسيق,https://www.auraideasuae.com/مقالات-احترافية/قراءة-نتائج-التحليل-الإحصائي.html,البحث النوعي,supporting
2213,ar,qualitative,كيفية التوثيق,البحث النوعي كيفية التوثيق,https://www.auraideasuae.com/مقالات-احترافية/قراءة-نتائج-التحليل-الإحصائي.html,البحث النوعي,supporting
2214,ar,qualitative,كيفية المراجعة,البحث النوعي كيفية المراجعة,https://www.auraideasuae.com/مقالات-احترافية/قراءة-نتائج-التحليل-الإحصائي.html,البحث النوعي,supporting
2215,ar,qualitative,كيفية التحليل,البحث النوعي كيفية التحليل,https://www.auraideasuae.com/مقالات-احترافية/قراءة-نتائج-التحليل-الإحصائي.html,البحث النوعي,supporting
2216,ar,qualitative,كيفية العرض,البحث النوعي كيفية العرض,https://www.auraideasuae.com/مقالات-احترافية/قراءة-نتائج-التحليل-الإحصائي.html,البحث النوعي,supporting
2217,ar,qualitative,قبل التسليم,البحث النوعي قبل التسليم,https://www.auraideasuae.com/مقالات-احترافية/قراءة-نتائج-التحليل-الإحصائي.html,البحث النوعي,supporting
2218,ar,qualitative,لطلاب البكالوريوس,البحث النوعي لطلاب البكالوريوس,https://www.auraideasuae.com/مقالات-احترافية/قراءة-نتائج-التحليل-الإحصائي.html,البحث النوعي,supporting
2219,ar,qualitative,لطلاب الماجستير,البحث النوعي لطلاب الماجستير,https://www.auraideasuae.com/مقالات-احترافية/قراءة-نتائج-التحليل-الإحصائي.html,البحث النوعي,supporting
2220,ar,qualitative,لطلاب الدكتوراه,البحث النوعي لطلاب الدكتوراه,https://www.auraideasuae.com/مقالات-احترافية/قراءة-نتائج-التحليل-الإحصائي.html,البحث النوعي,supporting
2221,ar,qualitative,باللغة العربية,البحث النوعي باللغة العربية,https://www.auraideasuae.com/مقالات-احترافية/قراءة-نتائج-التحليل-الإحصائي.html,البحث النوعي,supporting
2222,ar,qualitative,باللغة الإنجليزية,البحث النوعي باللغة الإنجليزية,https://www.auraideasuae.com/مقالات-احترافية/قراءة-نتائج-التحليل-الإحصائي.html,البحث النوعي,supporting
2223,ar,qualitative,عربي وإنجليزي,البحث النوعي عربي وإنجليزي,https://www.auraideasuae.com/مقالات-احترافية/قراءة-نتائج-التحليل-الإحصائي.html,البحث النوعي,supporting
2224,ar,qualitative,في الجامعات الإماراتية,البحث النوعي في الجامعات الإماراتية,https://www.auraideasuae.com/مقالات-احترافية/قراءة-نتائج-التحليل-الإحصائي.html,البحث النوعي,supporting
2225,ar,qualitative,في دبي,البحث النوعي في دبي,https://www.auraideasuae.com/مقالات-احترافية/قراءة-نتائج-التحليل-الإحصائي.html,البحث النوعي,supporting
2226,ar,qualitative,في أبوظبي,البحث النوعي في أبوظبي,https://www.auraideasuae.com/مقالات-احترافية/قراءة-نتائج-التحليل-الإحصائي.html,البحث النوعي,supporting
2227,ar,qualitative,في الشارقة,البحث النوعي في الشارقة,https://www.auraideasuae.com/مقالات-احترافية/قراءة-نتائج-التحليل-الإحصائي.html,البحث النوعي,supporting
2228,ar,qualitative,للجامعات الخاصة,البحث النوعي للجامعات الخاصة,https://www.auraideasuae.com/مقالات-احترافية/قراءة-نتائج-التحليل-الإحصائي.html,البحث النوعي,supporting
2229,ar,qualitative,للجامعات الحكومية,البحث النوعي للجامعات الحكومية,https://www.auraideasuae.com/مقالات-احترافية/قراءة-نتائج-التحليل-الإحصائي.html,البحث النوعي,supporting
2230,ar,qualitative,عن بُعد,البحث النوعي عن بُعد,https://www.auraideasuae.com/مقالات-احترافية/قراءة-نتائج-التحليل-الإحصائي.html,البحث النوعي,supporting
2231,ar,qualitative,خدمة احترافية,البحث النوعي خدمة احترافية,https://www.auraideasuae.com/مقالات-احترافية/قراءة-نتائج-التحليل-الإحصائي.html,البحث النوعي,supporting
2232,ar,qualitative,مساعدة أكاديمية,البحث النوعي مساعدة أكاديمية,https://www.auraideasuae.com/مقالات-احترافية/قراءة-نتائج-التحليل-الإحصائي.html,البحث النوعي,supporting
2233,ar,qualitative,استشارة بحثية,البحث النوعي استشارة بحثية,https://www.auraideasuae.com/مقالات-احترافية/قراءة-نتائج-التحليل-الإحصائي.html,البحث النوعي,supporting
2234,ar,qualitative,مراجعة أكاديمية,البحث النوعي مراجعة أكاديمية,https://www.auraideasuae.com/مقالات-احترافية/قراءة-نتائج-التحليل-الإحصائي.html,البحث النوعي,supporting
2235,ar,qualitative,تدقيق علمي,البحث النوعي تدقيق علمي,https://www.auraideasuae.com/مقالات-احترافية/قراءة-نتائج-التحليل-الإحصائي.html,البحث النوعي,supporting
2236,ar,qualitative,تنسيق APA,البحث النوعي تنسيق APA,https://www.auraideasuae.com/مقالات-احترافية/قراءة-نتائج-التحليل-الإحصائي.html,البحث النوعي,supporting
2237,ar,qualitative,تنسيق MLA,البحث النوعي تنسيق MLA,https://www.auraideasuae.com/مقالات-احترافية/قراءة-نتائج-التحليل-الإحصائي.html,البحث النوعي,supporting
2238,ar,qualitative,تنسيق Chicago,البحث النوعي تنسيق Chicago,https://www.auraideasuae.com/مقالات-احترافية/قراءة-نتائج-التحليل-الإحصائي.html,البحث النوعي,supporting
2239,ar,qualitative,توثيق المصادر,البحث النوعي توثيق المصادر,https://www.auraideasuae.com/مقالات-احترافية/قراءة-نتائج-التحليل-الإحصائي.html,البحث النوعي,supporting
2240,ar,qualitative,تحسين الصياغة,البحث النوعي تحسين الصياغة,https://www.auraideasuae.com/مقالات-احترافية/قراءة-نتائج-التحليل-الإحصائي.html,البحث النوعي,supporting
2241,ar,qualitative,تحسين المنهجية,البحث النوعي تحسين المنهجية,https://www.auraideasuae.com/مقالات-احترافية/قراءة-نتائج-التحليل-الإحصائي.html,البحث النوعي,supporting
2242,ar,qualitative,قراءة وتحليل البيانات,البحث النوعي قراءة وتحليل البيانات,https://www.auraideasuae.com/مقالات-احترافية/قراءة-نتائج-التحليل-الإحصائي.html,البحث النوعي,supporting
2243,ar,qualitative,تصميم أداة البحث,البحث النوعي تصميم أداة البحث,https://www.auraideasuae.com/مقالات-احترافية/قراءة-نتائج-التحليل-الإحصائي.html,البحث النوعي,supporting
2244,ar,qualitative,مراجعة الاستبيان,البحث النوعي مراجعة الاستبيان,https://www.auraideasuae.com/مقالات-احترافية/قراءة-نتائج-التحليل-الإحصائي.html,البحث النوعي,supporting
2245,ar,qualitative,تفسير النتائج,البحث النوعي تفسير النتائج,https://www.auraideasuae.com/مقالات-احترافية/قراءة-نتائج-التحليل-الإحصائي.html,البحث النوعي,supporting
2246,ar,qualitative,إعداد الجداول,البحث النوعي إعداد الجداول,https://www.auraideasuae.com/مقالات-احترافية/قراءة-نتائج-التحليل-الإحصائي.html,البحث النوعي,supporting
2247,ar,qualitative,إعداد الرسوم البيانية,البحث النوعي إعداد الرسوم البيانية,https://www.auraideasuae.com/مقالات-احترافية/قراءة-نتائج-التحليل-الإحصائي.html,البحث النوعي,supporting
2248,ar,qualitative,تجهيز المناقشة,البحث النوعي تجهيز المناقشة,https://www.auraideasuae.com/مقالات-احترافية/قراءة-نتائج-التحليل-الإحصائي.html,البحث النوعي,supporting
2249,ar,qualitative,مع الحفاظ على الأمانة العلمية,البحث النوعي مع الحفاظ على الأمانة العلمية,https://www.auraideasuae.com/مقالات-احترافية/قراءة-نتائج-التحليل-الإحصائي.html,البحث النوعي,supporting
2250,ar,qualitative,وفق متطلبات الجامعة,البحث النوعي وفق متطلبات الجامعة,https://www.auraideasuae.com/مقالات-احترافية/قراءة-نتائج-التحليل-الإحصائي.html,البحث النوعي,supporting
2251,en,qualitative,simple explanation,qualitative research simple explanation,https://www.auraideasuae.com/مقالات-احترافية/قراءة-نتائج-التحليل-الإحصائي.html,البحث النوعي,supporting
2252,en,qualitative,practical guide,qualitative research practical guide,https://www.auraideasuae.com/مقالات-احترافية/قراءة-نتائج-التحليل-الإحصائي.html,البحث النوعي,supporting
2253,en,qualitative,step-by-step process,qualitative research step-by-step process,https://www.auraideasuae.com/مقالات-احترافية/قراءة-نتائج-التحليل-الإحصائي.html,البحث النوعي,supporting
2254,en,qualitative,editable template,qualitative research editable template,https://www.auraideasuae.com/مقالات-احترافية/قراءة-نتائج-التحليل-الإحصائي.html,البحث النوعي,supporting
2255,en,qualitative,worked example,qualitative research worked example,https://www.auraideasuae.com/مقالات-احترافية/قراءة-نتائج-التحليل-الإحصائي.html,البحث النوعي,supporting
2256,en,qualitative,action plan,qualitative research action plan,https://www.auraideasuae.com/مقالات-احترافية/قراءة-نتائج-التحليل-الإحصائي.html,البحث النوعي,supporting
2257,en,qualitative,student tips,qualitative research student tips,https://www.auraideasuae.com/مقالات-احترافية/قراءة-نتائج-التحليل-الإحصائي.html,البحث النوعي,supporting
2258,en,qualitative,common mistakes,qualitative research common mistakes,https://www.auraideasuae.com/مقالات-احترافية/قراءة-نتائج-التحليل-الإحصائي.html,البحث النوعي,supporting
2259,en,qualitative,quality standards,qualitative research quality standards,https://www.auraideasuae.com/مقالات-احترافية/قراءة-نتائج-التحليل-الإحصائي.html,البحث النوعي,supporting
2260,en,qualitative,how to prepare,qualitative research how to prepare,https://www.auraideasuae.com/مقالات-احترافية/قراءة-نتائج-التحليل-الإحصائي.html,البحث النوعي,supporting
2261,en,qualitative,how to write,qualitative research how to write,https://www.auraideasuae.com/مقالات-احترافية/قراءة-نتائج-التحليل-الإحصائي.html,البحث النوعي,supporting
2262,en,qualitative,how to format,qualitative research how to format,https://www.auraideasuae.com/مقالات-احترافية/قراءة-نتائج-التحليل-الإحصائي.html,البحث النوعي,supporting
2263,en,qualitative,how to cite sources,qualitative research how to cite sources,https://www.auraideasuae.com/مقالات-احترافية/قراءة-نتائج-التحليل-الإحصائي.html,البحث النوعي,supporting
2264,en,qualitative,how to proofread,qualitative research how to proofread,https://www.auraideasuae.com/مقالات-احترافية/قراءة-نتائج-التحليل-الإحصائي.html,البحث النوعي,supporting
2265,en,qualitative,how to analyze,qualitative research how to analyze,https://www.auraideasuae.com/مقالات-احترافية/قراءة-نتائج-التحليل-الإحصائي.html,البحث النوعي,supporting
2266,en,qualitative,how to present,qualitative research how to present,https://www.auraideasuae.com/مقالات-احترافية/قراءة-نتائج-التحليل-الإحصائي.html,البحث النوعي,supporting
2267,en,qualitative,before submission,qualitative research before submission,https://www.auraideasuae.com/مقالات-احترافية/قراءة-نتائج-التحليل-الإحصائي.html,البحث النوعي,supporting
2268,en,qualitative,for undergraduate students,qualitative research for undergraduate students,https://www.auraideasuae.com/مقالات-احترافية/قراءة-نتائج-التحليل-الإحصائي.html,البحث النوعي,supporting
2269,en,qualitative,for master's students,qualitative research for master's students,https://www.auraideasuae.com/مقالات-احترافية/قراءة-نتائج-التحليل-الإحصائي.html,البحث النوعي,supporting
2270,en,qualitative,for doctoral students,qualitative research for doctoral students,https://www.auraideasuae.com/مقالات-احترافية/قراءة-نتائج-التحليل-الإحصائي.html,البحث النوعي,supporting
2271,en,qualitative,in Arabic,qualitative research in Arabic,https://www.auraideasuae.com/مقالات-احترافية/قراءة-نتائج-التحليل-الإحصائي.html,البحث النوعي,supporting
2272,en,qualitative,in English,qualitative research in English,https://www.auraideasuae.com/مقالات-احترافية/قراءة-نتائج-التحليل-الإحصائي.html,البحث النوعي,supporting
2273,en,qualitative,Arabic and English,qualitative research Arabic and English,https://www.auraideasuae.com/مقالات-احترافية/قراءة-نتائج-التحليل-الإحصائي.html,البحث النوعي,supporting
2274,en,qualitative,for UAE universities,qualitative research for UAE universities,https://www.auraideasuae.com/مقالات-احترافية/قراءة-نتائج-التحليل-الإحصائي.html,البحث النوعي,supporting
2275,en,qualitative,in Dubai,qualitative research in Dubai,https://www.auraideasuae.com/مقالات-احترافية/قراءة-نتائج-التحليل-الإحصائي.html,البحث النوعي,supporting
2276,en,qualitative,in Abu Dhabi,qualitative research in Abu Dhabi,https://www.auraideasuae.com/مقالات-احترافية/قراءة-نتائج-التحليل-الإحصائي.html,البحث النوعي,supporting
2277,en,qualitative,in Sharjah,qualitative research in Sharjah,https://www.auraideasuae.com/مقالات-احترافية/قراءة-نتائج-التحليل-الإحصائي.html,البحث النوعي,supporting
2278,en,qualitative,for private universities,qualitative research for private universities,https://www.auraideasuae.com/مقالات-احترافية/قراءة-نتائج-التحليل-الإحصائي.html,البحث النوعي,supporting
2279,en,qualitative,for public universities,qualitative research for public universities,https://www.auraideasuae.com/مقالات-احترافية/قراءة-نتائج-التحليل-الإحصائي.html,البحث النوعي,supporting
2280,en,qualitative,online support,qualitative research online support,https://www.auraideasuae.com/مقالات-احترافية/قراءة-نتائج-التحليل-الإحصائي.html,البحث النوعي,supporting
2281,en,qualitative,professional service,qualitative research professional service,https://www.auraideasuae.com/مقالات-احترافية/قراءة-نتائج-التحليل-الإحصائي.html,البحث النوعي,supporting
2282,en,qualitative,academic assistance,qualitative research academic assistance,https://www.auraideasuae.com/مقالات-احترافية/قراءة-نتائج-التحليل-الإحصائي.html,البحث النوعي,supporting
2283,en,qualitative,research consultation,qualitative research research consultation,https://www.auraideasuae.com/مقالات-احترافية/قراءة-نتائج-التحليل-الإحصائي.html,البحث النوعي,supporting
2284,en,qualitative,academic review,qualitative research academic review,https://www.auraideasuae.com/مقالات-احترافية/قراءة-نتائج-التحليل-الإحصائي.html,البحث النوعي,supporting
2285,en,qualitative,scholarly proofreading,qualitative research scholarly proofreading,https://www.auraideasuae.com/مقالات-احترافية/قراءة-نتائج-التحليل-الإحصائي.html,البحث النوعي,supporting
2286,en,qualitative,APA formatting,qualitative research APA formatting,https://www.auraideasuae.com/مقالات-احترافية/قراءة-نتائج-التحليل-الإحصائي.html,البحث النوعي,supporting
2287,en,qualitative,MLA formatting,qualitative research MLA formatting,https://www.auraideasuae.com/مقالات-احترافية/قراءة-نتائج-التحليل-الإحصائي.html,البحث النوعي,supporting
2288,en,qualitative,Chicago formatting,qualitative research Chicago formatting,https://www.auraideasuae.com/مقالات-احترافية/قراءة-نتائج-التحليل-الإحصائي.html,البحث النوعي,supporting
2289,en,qualitative,source citation,qualitative research source citation,https://www.auraideasuae.com/مقالات-احترافية/قراءة-نتائج-التحليل-الإحصائي.html,البحث النوعي,supporting
2290,en,qualitative,academic rewriting,qualitative research academic rewriting,https://www.auraideasuae.com/مقالات-احترافية/قراءة-نتائج-التحليل-الإحصائي.html,البحث النوعي,supporting
2291,en,qualitative,methodology improvement,qualitative research methodology improvement,https://www.auraideasuae.com/مقالات-احترافية/قراءة-نتائج-التحليل-الإحصائي.html,البحث النوعي,supporting
2292,en,qualitative,data interpretation,qualitative research data interpretation,https://www.auraideasuae.com/مقالات-احترافية/قراءة-نتائج-التحليل-الإحصائي.html,البحث النوعي,supporting
2293,en,qualitative,research instrument design,qualitative research research instrument design,https://www.auraideasuae.com/مقالات-احترافية/قراءة-نتائج-التحليل-الإحصائي.html,البحث النوعي,supporting
2294,en,qualitative,survey review,qualitative research survey review,https://www.auraideasuae.com/مقالات-احترافية/قراءة-نتائج-التحليل-الإحصائي.html,البحث النوعي,supporting
2295,en,qualitative,results interpretation,qualitative research results interpretation,https://www.auraideasuae.com/مقالات-احترافية/قراءة-نتائج-التحليل-الإحصائي.html,البحث النوعي,supporting
2296,en,qualitative,table preparation,qualitative research table preparation,https://www.auraideasuae.com/مقالات-احترافية/قراءة-نتائج-التحليل-الإحصائي.html,البحث النوعي,supporting
2297,en,qualitative,chart preparation,qualitative research chart preparation,https://www.auraideasuae.com/مقالات-احترافية/قراءة-نتائج-التحليل-الإحصائي.html,البحث النوعي,supporting
2298,en,qualitative,discussion preparation,qualitative research discussion preparation,https://www.auraideasuae.com/مقالات-احترافية/قراءة-نتائج-التحليل-الإحصائي.html,البحث النوعي,supporting
2299,en,qualitative,with academic integrity,qualitative research with academic integrity,https://www.auraideasuae.com/مقالات-احترافية/قراءة-نتائج-التحليل-الإحصائي.html,البحث النوعي,supporting
2300,en,qualitative,according to university requirements,qualitative research according to university requirements,https://www.auraideasuae.com/مقالات-احترافية/قراءة-نتائج-التحليل-الإحصائي.html,البحث النوعي,supporting
2301,ar,quantitative,شرح مبسط,البحث الكمي شرح مبسط,https://www.auraideasuae.com/مقالات-احترافية/قراءة-نتائج-التحليل-الإحصائي.html,البحث الكمي,supporting
2302,ar,quantitative,دليل عملي,البحث الكمي دليل عملي,https://www.auraideasuae.com/مقالات-احترافية/قراءة-نتائج-التحليل-الإحصائي.html,البحث الكمي,supporting
2303,ar,quantitative,خطوات التنفيذ,البحث الكمي خطوات التنفيذ,https://www.auraideasuae.com/مقالات-احترافية/قراءة-نتائج-التحليل-الإحصائي.html,البحث الكمي,supporting
2304,ar,quantitative,نموذج قابل للتعديل,البحث الكمي نموذج قابل للتعديل,https://www.auraideasuae.com/مقالات-احترافية/قراءة-نتائج-التحليل-الإحصائي.html,البحث الكمي,supporting
2305,ar,quantitative,مثال تطبيقي,البحث الكمي مثال تطبيقي,https://www.auraideasuae.com/مقالات-احترافية/قراءة-نتائج-التحليل-الإحصائي.html,البحث الكمي,supporting
2306,ar,quantitative,خطة عمل,البحث الكمي خطة عمل,https://www.auraideasuae.com/مقالات-احترافية/قراءة-نتائج-التحليل-الإحصائي.html,البحث الكمي,supporting
2307,ar,quantitative,نصائح للطلاب,البحث الكمي نصائح للطلاب,https://www.auraideasuae.com/مقالات-احترافية/قراءة-نتائج-التحليل-الإحصائي.html,البحث الكمي,supporting
2308,ar,quantitative,أخطاء شائعة,البحث الكمي أخطاء شائعة,https://www.auraideasuae.com/مقالات-احترافية/قراءة-نتائج-التحليل-الإحصائي.html,البحث الكمي,supporting
2309,ar,quantitative,معايير الجودة,البحث الكمي معايير الجودة,https://www.auraideasuae.com/مقالات-احترافية/قراءة-نتائج-التحليل-الإحصائي.html,البحث الكمي,supporting
2310,ar,quantitative,طريقة الإعداد,البحث الكمي طريقة الإعداد,https://www.auraideasuae.com/مقالات-احترافية/قراءة-نتائج-التحليل-الإحصائي.html,البحث الكمي,supporting
2311,ar,quantitative,كيفية الكتابة,البحث الكمي كيفية الكتابة,https://www.auraideasuae.com/مقالات-احترافية/قراءة-نتائج-التحليل-الإحصائي.html,البحث الكمي,supporting
2312,ar,quantitative,كيفية التنسيق,البحث الكمي كيفية التنسيق,https://www.auraideasuae.com/مقالات-احترافية/قراءة-نتائج-التحليل-الإحصائي.html,البحث الكمي,supporting
2313,ar,quantitative,كيفية التوثيق,البحث الكمي كيفية التوثيق,https://www.auraideasuae.com/مقالات-احترافية/قراءة-نتائج-التحليل-الإحصائي.html,البحث الكمي,supporting
2314,ar,quantitative,كيفية المراجعة,البحث الكمي كيفية المراجعة,https://www.auraideasuae.com/مقالات-احترافية/قراءة-نتائج-التحليل-الإحصائي.html,البحث الكمي,supporting
2315,ar,quantitative,كيفية التحليل,البحث الكمي كيفية التحليل,https://www.auraideasuae.com/مقالات-احترافية/قراءة-نتائج-التحليل-الإحصائي.html,البحث الكمي,supporting
2316,ar,quantitative,كيفية العرض,البحث الكمي كيفية العرض,https://www.auraideasuae.com/مقالات-احترافية/قراءة-نتائج-التحليل-الإحصائي.html,البحث الكمي,supporting
2317,ar,quantitative,قبل التسليم,البحث الكمي قبل التسليم,https://www.auraideasuae.com/مقالات-احترافية/قراءة-نتائج-التحليل-الإحصائي.html,البحث الكمي,supporting
2318,ar,quantitative,لطلاب البكالوريوس,البحث الكمي لطلاب البكالوريوس,https://www.auraideasuae.com/مقالات-احترافية/قراءة-نتائج-التحليل-الإحصائي.html,البحث الكمي,supporting
2319,ar,quantitative,لطلاب الماجستير,البحث الكمي لطلاب الماجستير,https://www.auraideasuae.com/مقالات-احترافية/قراءة-نتائج-التحليل-الإحصائي.html,البحث الكمي,supporting
2320,ar,quantitative,لطلاب الدكتوراه,البحث الكمي لطلاب الدكتوراه,https://www.auraideasuae.com/مقالات-احترافية/قراءة-نتائج-التحليل-الإحصائي.html,البحث الكمي,supporting
2321,ar,quantitative,باللغة العربية,البحث الكمي باللغة العربية,https://www.auraideasuae.com/مقالات-احترافية/قراءة-نتائج-التحليل-الإحصائي.html,البحث الكمي,supporting
2322,ar,quantitative,باللغة الإنجليزية,البحث الكمي باللغة الإنجليزية,https://www.auraideasuae.com/مقالات-احترافية/قراءة-نتائج-التحليل-الإحصائي.html,البحث الكمي,supporting
2323,ar,quantitative,عربي وإنجليزي,البحث الكمي عربي وإنجليزي,https://www.auraideasuae.com/مقالات-احترافية/قراءة-نتائج-التحليل-الإحصائي.html,البحث الكمي,supporting
2324,ar,quantitative,في الجامعات الإماراتية,البحث الكمي في الجامعات الإماراتية,https://www.auraideasuae.com/مقالات-احترافية/قراءة-نتائج-التحليل-الإحصائي.html,البحث الكمي,supporting
2325,ar,quantitative,في دبي,البحث الكمي في دبي,https://www.auraideasuae.com/مقالات-احترافية/قراءة-نتائج-التحليل-الإحصائي.html,البحث الكمي,supporting
2326,ar,quantitative,في أبوظبي,البحث الكمي في أبوظبي,https://www.auraideasuae.com/مقالات-احترافية/قراءة-نتائج-التحليل-الإحصائي.html,البحث الكمي,supporting
2327,ar,quantitative,في الشارقة,البحث الكمي في الشارقة,https://www.auraideasuae.com/مقالات-احترافية/قراءة-نتائج-التحليل-الإحصائي.html,البحث الكمي,supporting
2328,ar,quantitative,للجامعات الخاصة,البحث الكمي للجامعات الخاصة,https://www.auraideasuae.com/مقالات-احترافية/قراءة-نتائج-التحليل-الإحصائي.html,البحث الكمي,supporting
2329,ar,quantitative,للجامعات الحكومية,البحث الكمي للجامعات الحكومية,https://www.auraideasuae.com/مقالات-احترافية/قراءة-نتائج-التحليل-الإحصائي.html,البحث الكمي,supporting
2330,ar,quantitative,عن بُعد,البحث الكمي عن بُعد,https://www.auraideasuae.com/مقالات-احترافية/قراءة-نتائج-التحليل-الإحصائي.html,البحث الكمي,supporting
2331,ar,quantitative,خدمة احترافية,البحث الكمي خدمة احترافية,https://www.auraideasuae.com/مقالات-احترافية/قراءة-نتائج-التحليل-الإحصائي.html,البحث الكمي,supporting
2332,ar,quantitative,مساعدة أكاديمية,البحث الكمي مساعدة أكاديمية,https://www.auraideasuae.com/مقالات-احترافية/قراءة-نتائج-التحليل-الإحصائي.html,البحث الكمي,supporting
2333,ar,quantitative,استشارة بحثية,البحث الكمي استشارة بحثية,https://www.auraideasuae.com/مقالات-احترافية/قراءة-نتائج-التحليل-الإحصائي.html,البحث الكمي,supporting
2334,ar,quantitative,مراجعة أكاديمية,البحث الكمي مراجعة أكاديمية,https://www.auraideasuae.com/مقالات-احترافية/قراءة-نتائج-التحليل-الإحصائي.html,البحث الكمي,supporting
2335,ar,quantitative,تدقيق علمي,البحث الكمي تدقيق علمي,https://www.auraideasuae.com/مقالات-احترافية/قراءة-نتائج-التحليل-الإحصائي.html,البحث الكمي,supporting
2336,ar,quantitative,تنسيق APA,البحث الكمي تنسيق APA,https://www.auraideasuae.com/مقالات-احترافية/قراءة-نتائج-التحليل-الإحصائي.html,البحث الكمي,supporting
2337,ar,quantitative,تنسيق MLA,البحث الكمي تنسيق MLA,https://www.auraideasuae.com/مقالات-احترافية/قراءة-نتائج-التحليل-الإحصائي.html,البحث الكمي,supporting
2338,ar,quantitative,تنسيق Chicago,البحث الكمي تنسيق Chicago,https://www.auraideasuae.com/مقالات-احترافية/قراءة-نتائج-التحليل-الإحصائي.html,البحث الكمي,supporting
2339,ar,quantitative,توثيق المصادر,البحث الكمي توثيق المصادر,https://www.auraideasuae.com/مقالات-احترافية/قراءة-نتائج-التحليل-الإحصائي.html,البحث الكمي,supporting
2340,ar,quantitative,تحسين الصياغة,البحث الكمي تحسين الصياغة,https://www.auraideasuae.com/مقالات-احترافية/قراءة-نتائج-التحليل-الإحصائي.html,البحث الكمي,supporting
2341,ar,quantitative,تحسين المنهجية,البحث الكمي تحسين المنهجية,https://www.auraideasuae.com/مقالات-احترافية/قراءة-نتائج-التحليل-الإحصائي.html,البحث الكمي,supporting
2342,ar,quantitative,قراءة وتحليل البيانات,البحث الكمي قراءة وتحليل البيانات,https://www.auraideasuae.com/مقالات-احترافية/قراءة-نتائج-التحليل-الإحصائي.html,البحث الكمي,supporting
2343,ar,quantitative,تصميم أداة البحث,البحث الكمي تصميم أداة البحث,https://www.auraideasuae.com/مقالات-احترافية/قراءة-نتائج-التحليل-الإحصائي.html,البحث الكمي,supporting
2344,ar,quantitative,مراجعة الاستبيان,البحث الكمي مراجعة الاستبيان,https://www.auraideasuae.com/مقالات-احترافية/قراءة-نتائج-التحليل-الإحصائي.html,البحث الكمي,supporting
2345,ar,quantitative,تفسير النتائج,البحث الكمي تفسير النتائج,https://www.auraideasuae.com/مقالات-احترافية/قراءة-نتائج-التحليل-الإحصائي.html,البحث الكمي,supporting
2346,ar,quantitative,إعداد الجداول,البحث الكمي إعداد الجداول,https://www.auraideasuae.com/مقالات-احترافية/قراءة-نتائج-التحليل-الإحصائي.html,البحث الكمي,supporting
2347,ar,quantitative,إعداد الرسوم البيانية,البحث الكمي إعداد الرسوم البيانية,https://www.auraideasuae.com/مقالات-احترافية/قراءة-نتائج-التحليل-الإحصائي.html,البحث الكمي,supporting
2348,ar,quantitative,تجهيز المناقشة,البحث الكمي تجهيز المناقشة,https://www.auraideasuae.com/مقالات-احترافية/قراءة-نتائج-التحليل-الإحصائي.html,البحث الكمي,supporting
2349,ar,quantitative,مع الحفاظ على الأمانة العلمية,البحث الكمي مع الحفاظ على الأمانة العلمية,https://www.auraideasuae.com/مقالات-احترافية/قراءة-نتائج-التحليل-الإحصائي.html,البحث الكمي,supporting
2350,ar,quantitative,وفق متطلبات الجامعة,البحث الكمي وفق متطلبات الجامعة,https://www.auraideasuae.com/مقالات-احترافية/قراءة-نتائج-التحليل-الإحصائي.html,البحث الكمي,supporting
2351,en,quantitative,simple explanation,quantitative research simple explanation,https://www.auraideasuae.com/مقالات-احترافية/قراءة-نتائج-التحليل-الإحصائي.html,البحث الكمي,supporting
2352,en,quantitative,practical guide,quantitative research practical guide,https://www.auraideasuae.com/مقالات-احترافية/قراءة-نتائج-التحليل-الإحصائي.html,البحث الكمي,supporting
2353,en,quantitative,step-by-step process,quantitative research step-by-step process,https://www.auraideasuae.com/مقالات-احترافية/قراءة-نتائج-التحليل-الإحصائي.html,البحث الكمي,supporting
2354,en,quantitative,editable template,quantitative research editable template,https://www.auraideasuae.com/مقالات-احترافية/قراءة-نتائج-التحليل-الإحصائي.html,البحث الكمي,supporting
2355,en,quantitative,worked example,quantitative research worked example,https://www.auraideasuae.com/مقالات-احترافية/قراءة-نتائج-التحليل-الإحصائي.html,البحث الكمي,supporting
2356,en,quantitative,action plan,quantitative research action plan,https://www.auraideasuae.com/مقالات-احترافية/قراءة-نتائج-التحليل-الإحصائي.html,البحث الكمي,supporting
2357,en,quantitative,student tips,quantitative research student tips,https://www.auraideasuae.com/مقالات-احترافية/قراءة-نتائج-التحليل-الإحصائي.html,البحث الكمي,supporting
2358,en,quantitative,common mistakes,quantitative research common mistakes,https://www.auraideasuae.com/مقالات-احترافية/قراءة-نتائج-التحليل-الإحصائي.html,البحث الكمي,supporting
2359,en,quantitative,quality standards,quantitative research quality standards,https://www.auraideasuae.com/مقالات-احترافية/قراءة-نتائج-التحليل-الإحصائي.html,البحث الكمي,supporting
2360,en,quantitative,how to prepare,quantitative research how to prepare,https://www.auraideasuae.com/مقالات-احترافية/قراءة-نتائج-التحليل-الإحصائي.html,البحث الكمي,supporting
2361,en,quantitative,how to write,quantitative research how to write,https://www.auraideasuae.com/مقالات-احترافية/قراءة-نتائج-التحليل-الإحصائي.html,البحث الكمي,supporting
2362,en,quantitative,how to format,quantitative research how to format,https://www.auraideasuae.com/مقالات-احترافية/قراءة-نتائج-التحليل-الإحصائي.html,البحث الكمي,supporting
2363,en,quantitative,how to cite sources,quantitative research how to cite sources,https://www.auraideasuae.com/مقالات-احترافية/قراءة-نتائج-التحليل-الإحصائي.html,البحث الكمي,supporting
2364,en,quantitative,how to proofread,quantitative research how to proofread,https://www.auraideasuae.com/مقالات-احترافية/قراءة-نتائج-التحليل-الإحصائي.html,البحث الكمي,supporting
2365,en,quantitative,how to analyze,quantitative research how to analyze,https://www.auraideasuae.com/مقالات-احترافية/قراءة-نتائج-التحليل-الإحصائي.html,البحث الكمي,supporting
2366,en,quantitative,how to present,quantitative research how to present,https://www.auraideasuae.com/مقالات-احترافية/قراءة-نتائج-التحليل-الإحصائي.html,البحث الكمي,supporting
2367,en,quantitative,before submission,quantitative research before submission,https://www.auraideasuae.com/مقالات-احترافية/قراءة-نتائج-التحليل-الإحصائي.html,البحث الكمي,supporting
2368,en,quantitative,for undergraduate students,quantitative research for undergraduate students,https://www.auraideasuae.com/مقالات-احترافية/قراءة-نتائج-التحليل-الإحصائي.html,البحث الكمي,supporting
2369,en,quantitative,for master's students,quantitative research for master's students,https://www.auraideasuae.com/مقالات-احترافية/قراءة-نتائج-التحليل-الإحصائي.html,البحث الكمي,supporting
2370,en,quantitative,for doctoral students,quantitative research for doctoral students,https://www.auraideasuae.com/مقالات-احترافية/قراءة-نتائج-التحليل-الإحصائي.html,البحث الكمي,supporting
2371,en,quantitative,in Arabic,quantitative research in Arabic,https://www.auraideasuae.com/مقالات-احترافية/قراءة-نتائج-التحليل-الإحصائي.html,البحث الكمي,supporting
2372,en,quantitative,in English,quantitative research in English,https://www.auraideasuae.com/مقالات-احترافية/قراءة-نتائج-التحليل-الإحصائي.html,البحث الكمي,supporting
2373,en,quantitative,Arabic and English,quantitative research Arabic and English,https://www.auraideasuae.com/مقالات-احترافية/قراءة-نتائج-التحليل-الإحصائي.html,البحث الكمي,supporting
2374,en,quantitative,for UAE universities,quantitative research for UAE universities,https://www.auraideasuae.com/مقالات-احترافية/قراءة-نتائج-التحليل-الإحصائي.html,البحث الكمي,supporting
2375,en,quantitative,in Dubai,quantitative research in Dubai,https://www.auraideasuae.com/مقالات-احترافية/قراءة-نتائج-التحليل-الإحصائي.html,البحث الكمي,supporting
2376,en,quantitative,in Abu Dhabi,quantitative research in Abu Dhabi,https://www.auraideasuae.com/مقالات-احترافية/قراءة-نتائج-التحليل-الإحصائي.html,البحث الكمي,supporting
2377,en,quantitative,in Sharjah,quantitative research in Sharjah,https://www.auraideasuae.com/مقالات-احترافية/قراءة-نتائج-التحليل-الإحصائي.html,البحث الكمي,supporting
2378,en,quantitative,for private universities,quantitative research for private universities,https://www.auraideasuae.com/مقالات-احترافية/قراءة-نتائج-التحليل-الإحصائي.html,البحث الكمي,supporting
2379,en,quantitative,for public universities,quantitative research for public universities,https://www.auraideasuae.com/مقالات-احترافية/قراءة-نتائج-التحليل-الإحصائي.html,البحث الكمي,supporting
2380,en,quantitative,online support,quantitative research online support,https://www.auraideasuae.com/مقالات-احترافية/قراءة-نتائج-التحليل-الإحصائي.html,البحث الكمي,supporting
2381,en,quantitative,professional service,quantitative research professional service,https://www.auraideasuae.com/مقالات-احترافية/قراءة-نتائج-التحليل-الإحصائي.html,البحث الكمي,supporting
2382,en,quantitative,academic assistance,quantitative research academic assistance,https://www.auraideasuae.com/مقالات-احترافية/قراءة-نتائج-التحليل-الإحصائي.html,البحث الكمي,supporting
2383,en,quantitative,research consultation,quantitative research research consultation,https://www.auraideasuae.com/مقالات-احترافية/قراءة-نتائج-التحليل-الإحصائي.html,البحث الكمي,supporting
2384,en,quantitative,academic review,quantitative research academic review,https://www.auraideasuae.com/مقالات-احترافية/قراءة-نتائج-التحليل-الإحصائي.html,البحث الكمي,supporting
2385,en,quantitative,scholarly proofreading,quantitative research scholarly proofreading,https://www.auraideasuae.com/مقالات-احترافية/قراءة-نتائج-التحليل-الإحصائي.html,البحث الكمي,supporting
2386,en,quantitative,APA formatting,quantitative research APA formatting,https://www.auraideasuae.com/مقالات-احترافية/قراءة-نتائج-التحليل-الإحصائي.html,البحث الكمي,supporting
2387,en,quantitative,MLA formatting,quantitative research MLA formatting,https://www.auraideasuae.com/مقالات-احترافية/قراءة-نتائج-التحليل-الإحصائي.html,البحث الكمي,supporting
2388,en,quantitative,Chicago formatting,quantitative research Chicago formatting,https://www.auraideasuae.com/مقالات-احترافية/قراءة-نتائج-التحليل-الإحصائي.html,البحث الكمي,supporting
2389,en,quantitative,source citation,quantitative research source citation,https://www.auraideasuae.com/مقالات-احترافية/قراءة-نتائج-التحليل-الإحصائي.html,البحث الكمي,supporting
2390,en,quantitative,academic rewriting,quantitative research academic rewriting,https://www.auraideasuae.com/مقالات-احترافية/قراءة-نتائج-التحليل-الإحصائي.html,البحث الكمي,supporting
2391,en,quantitative,methodology improvement,quantitative research methodology improvement,https://www.auraideasuae.com/مقالات-احترافية/قراءة-نتائج-التحليل-الإحصائي.html,البحث الكمي,supporting
2392,en,quantitative,data interpretation,quantitative research data interpretation,https://www.auraideasuae.com/مقالات-احترافية/قراءة-نتائج-التحليل-الإحصائي.html,البحث الكمي,supporting
2393,en,quantitative,research instrument design,quantitative research research instrument design,https://www.auraideasuae.com/مقالات-احترافية/قراءة-نتائج-التحليل-الإحصائي.html,البحث الكمي,supporting
2394,en,quantitative,survey review,quantitative research survey review,https://www.auraideasuae.com/مقالات-احترافية/قراءة-نتائج-التحليل-الإحصائي.html,البحث الكمي,supporting
2395,en,quantitative,results interpretation,quantitative research results interpretation,https://www.auraideasuae.com/مقالات-احترافية/قراءة-نتائج-التحليل-الإحصائي.html,البحث الكمي,supporting
2396,en,quantitative,table preparation,quantitative research table preparation,https://www.auraideasuae.com/مقالات-احترافية/قراءة-نتائج-التحليل-الإحصائي.html,البحث الكمي,supporting
2397,en,quantitative,chart preparation,quantitative research chart preparation,https://www.auraideasuae.com/مقالات-احترافية/قراءة-نتائج-التحليل-الإحصائي.html,البحث الكمي,supporting
2398,en,quantitative,discussion preparation,quantitative research discussion preparation,https://www.auraideasuae.com/مقالات-احترافية/قراءة-نتائج-التحليل-الإحصائي.html,البحث الكمي,supporting
2399,en,quantitative,with academic integrity,quantitative research with academic integrity,https://www.auraideasuae.com/مقالات-احترافية/قراءة-نتائج-التحليل-الإحصائي.html,البحث الكمي,supporting
2400,en,quantitative,according to university requirements,quantitative research according to university requirements,https://www.auraideasuae.com/مقالات-احترافية/قراءة-نتائج-التحليل-الإحصائي.html,البحث الكمي,supporting
2401,ar,mixed,شرح مبسط,البحث المختلط شرح مبسط,https://www.auraideasuae.com/مقالات-احترافية/قراءة-نتائج-التحليل-الإحصائي.html,البحث المختلط,supporting
2402,ar,mixed,دليل عملي,البحث المختلط دليل عملي,https://www.auraideasuae.com/مقالات-احترافية/قراءة-نتائج-التحليل-الإحصائي.html,البحث المختلط,supporting
2403,ar,mixed,خطوات التنفيذ,البحث المختلط خطوات التنفيذ,https://www.auraideasuae.com/مقالات-احترافية/قراءة-نتائج-التحليل-الإحصائي.html,البحث المختلط,supporting
2404,ar,mixed,نموذج قابل للتعديل,البحث المختلط نموذج قابل للتعديل,https://www.auraideasuae.com/مقالات-احترافية/قراءة-نتائج-التحليل-الإحصائي.html,البحث المختلط,supporting
2405,ar,mixed,مثال تطبيقي,البحث المختلط مثال تطبيقي,https://www.auraideasuae.com/مقالات-احترافية/قراءة-نتائج-التحليل-الإحصائي.html,البحث المختلط,supporting
2406,ar,mixed,خطة عمل,البحث المختلط خطة عمل,https://www.auraideasuae.com/مقالات-احترافية/قراءة-نتائج-التحليل-الإحصائي.html,البحث المختلط,supporting
2407,ar,mixed,نصائح للطلاب,البحث المختلط نصائح للطلاب,https://www.auraideasuae.com/مقالات-احترافية/قراءة-نتائج-التحليل-الإحصائي.html,البحث المختلط,supporting
2408,ar,mixed,أخطاء شائعة,البحث المختلط أخطاء شائعة,https://www.auraideasuae.com/مقالات-احترافية/قراءة-نتائج-التحليل-الإحصائي.html,البحث المختلط,supporting
2409,ar,mixed,معايير الجودة,البحث المختلط معايير الجودة,https://www.auraideasuae.com/مقالات-احترافية/قراءة-نتائج-التحليل-الإحصائي.html,البحث المختلط,supporting
2410,ar,mixed,طريقة الإعداد,البحث المختلط طريقة الإعداد,https://www.auraideasuae.com/مقالات-احترافية/قراءة-نتائج-التحليل-الإحصائي.html,البحث المختلط,supporting
2411,ar,mixed,كيفية الكتابة,البحث المختلط كيفية الكتابة,https://www.auraideasuae.com/مقالات-احترافية/قراءة-نتائج-التحليل-الإحصائي.html,البحث المختلط,supporting
2412,ar,mixed,كيفية التنسيق,البحث المختلط كيفية التنسيق,https://www.auraideasuae.com/مقالات-احترافية/قراءة-نتائج-التحليل-الإحصائي.html,البحث المختلط,supporting
2413,ar,mixed,كيفية التوثيق,البحث المختلط كيفية التوثيق,https://www.auraideasuae.com/مقالات-احترافية/قراءة-نتائج-التحليل-الإحصائي.html,البحث المختلط,supporting
2414,ar,mixed,كيفية المراجعة,البحث المختلط كيفية المراجعة,https://www.auraideasuae.com/مقالات-احترافية/قراءة-نتائج-التحليل-الإحصائي.html,البحث المختلط,supporting
2415,ar,mixed,كيفية التحليل,البحث المختلط كيفية التحليل,https://www.auraideasuae.com/مقالات-احترافية/قراءة-نتائج-التحليل-الإحصائي.html,البحث المختلط,supporting
2416,ar,mixed,كيفية العرض,البحث المختلط كيفية العرض,https://www.auraideasuae.com/مقالات-احترافية/قراءة-نتائج-التحليل-الإحصائي.html,البحث المختلط,supporting
2417,ar,mixed,قبل التسليم,البحث المختلط قبل التسليم,https://www.auraideasuae.com/مقالات-احترافية/قراءة-نتائج-التحليل-الإحصائي.html,البحث المختلط,supporting
2418,ar,mixed,لطلاب البكالوريوس,البحث المختلط لطلاب البكالوريوس,https://www.auraideasuae.com/مقالات-احترافية/قراءة-نتائج-التحليل-الإحصائي.html,البحث المختلط,supporting
2419,ar,mixed,لطلاب الماجستير,البحث المختلط لطلاب الماجستير,https://www.auraideasuae.com/مقالات-احترافية/قراءة-نتائج-التحليل-الإحصائي.html,البحث المختلط,supporting
2420,ar,mixed,لطلاب الدكتوراه,البحث المختلط لطلاب الدكتوراه,https://www.auraideasuae.com/مقالات-احترافية/قراءة-نتائج-التحليل-الإحصائي.html,البحث المختلط,supporting
2421,ar,mixed,باللغة العربية,البحث المختلط باللغة العربية,https://www.auraideasuae.com/مقالات-احترافية/قراءة-نتائج-التحليل-الإحصائي.html,البحث المختلط,supporting
2422,ar,mixed,باللغة الإنجليزية,البحث المختلط باللغة الإنجليزية,https://www.auraideasuae.com/مقالات-احترافية/قراءة-نتائج-التحليل-الإحصائي.html,البحث المختلط,supporting
2423,ar,mixed,عربي وإنجليزي,البحث المختلط عربي وإنجليزي,https://www.auraideasuae.com/مقالات-احترافية/قراءة-نتائج-التحليل-الإحصائي.html,البحث المختلط,supporting
2424,ar,mixed,في الجامعات الإماراتية,البحث المختلط في الجامعات الإماراتية,https://www.auraideasuae.com/مقالات-احترافية/قراءة-نتائج-التحليل-الإحصائي.html,البحث المختلط,supporting
2425,ar,mixed,في دبي,البحث المختلط في دبي,https://www.auraideasuae.com/مقالات-احترافية/قراءة-نتائج-التحليل-الإحصائي.html,البحث المختلط,supporting
2426,ar,mixed,في أبوظبي,البحث المختلط في أبوظبي,https://www.auraideasuae.com/مقالات-احترافية/قراءة-نتائج-التحليل-الإحصائي.html,البحث المختلط,supporting
2427,ar,mixed,في الشارقة,البحث المختلط في الشارقة,https://www.auraideasuae.com/مقالات-احترافية/قراءة-نتائج-التحليل-الإحصائي.html,البحث المختلط,supporting
2428,ar,mixed,للجامعات الخاصة,البحث المختلط للجامعات الخاصة,https://www.auraideasuae.com/مقالات-احترافية/قراءة-نتائج-التحليل-الإحصائي.html,البحث المختلط,supporting
2429,ar,mixed,للجامعات الحكومية,البحث المختلط للجامعات الحكومية,https://www.auraideasuae.com/مقالات-احترافية/قراءة-نتائج-التحليل-الإحصائي.html,البحث المختلط,supporting
2430,ar,mixed,عن بُعد,البحث المختلط عن بُعد,https://www.auraideasuae.com/مقالات-احترافية/قراءة-نتائج-التحليل-الإحصائي.html,البحث المختلط,supporting
2431,ar,mixed,خدمة احترافية,البحث المختلط خدمة احترافية,https://www.auraideasuae.com/مقالات-احترافية/قراءة-نتائج-التحليل-الإحصائي.html,البحث المختلط,supporting
2432,ar,mixed,مساعدة أكاديمية,البحث المختلط مساعدة أكاديمية,https://www.auraideasuae.com/مقالات-احترافية/قراءة-نتائج-التحليل-الإحصائي.html,البحث المختلط,supporting
2433,ar,mixed,استشارة بحثية,البحث المختلط استشارة بحثية,https://www.auraideasuae.com/مقالات-احترافية/قراءة-نتائج-التحليل-الإحصائي.html,البحث المختلط,supporting
2434,ar,mixed,مراجعة أكاديمية,البحث المختلط مراجعة أكاديمية,https://www.auraideasuae.com/مقالات-احترافية/قراءة-نتائج-التحليل-الإحصائي.html,البحث المختلط,supporting
2435,ar,mixed,تدقيق علمي,البحث المختلط تدقيق علمي,https://www.auraideasuae.com/مقالات-احترافية/قراءة-نتائج-التحليل-الإحصائي.html,البحث المختلط,supporting
2436,ar,mixed,تنسيق APA,البحث المختلط تنسيق APA,https://www.auraideasuae.com/مقالات-احترافية/قراءة-نتائج-التحليل-الإحصائي.html,البحث المختلط,supporting
2437,ar,mixed,تنسيق MLA,البحث المختلط تنسيق MLA,https://www.auraideasuae.com/مقالات-احترافية/قراءة-نتائج-التحليل-الإحصائي.html,البحث المختلط,supporting
2438,ar,mixed,تنسيق Chicago,البحث المختلط تنسيق Chicago,https://www.auraideasuae.com/مقالات-احترافية/قراءة-نتائج-التحليل-الإحصائي.html,البحث المختلط,supporting
2439,ar,mixed,توثيق المصادر,البحث المختلط توثيق المصادر,https://www.auraideasuae.com/مقالات-احترافية/قراءة-نتائج-التحليل-الإحصائي.html,البحث المختلط,supporting
2440,ar,mixed,تحسين الصياغة,البحث المختلط تحسين الصياغة,https://www.auraideasuae.com/مقالات-احترافية/قراءة-نتائج-التحليل-الإحصائي.html,البحث المختلط,supporting
2441,ar,mixed,تحسين المنهجية,البحث المختلط تحسين المنهجية,https://www.auraideasuae.com/مقالات-احترافية/قراءة-نتائج-التحليل-الإحصائي.html,البحث المختلط,supporting
2442,ar,mixed,قراءة وتحليل البيانات,البحث المختلط قراءة وتحليل البيانات,https://www.auraideasuae.com/مقالات-احترافية/قراءة-نتائج-التحليل-الإحصائي.html,البحث المختلط,supporting
2443,ar,mixed,تصميم أداة البحث,البحث المختلط تصميم أداة البحث,https://www.auraideasuae.com/مقالات-احترافية/قراءة-نتائج-التحليل-الإحصائي.html,البحث المختلط,supporting
2444,ar,mixed,مراجعة الاستبيان,البحث المختلط مراجعة الاستبيان,https://www.auraideasuae.com/مقالات-احترافية/قراءة-نتائج-التحليل-الإحصائي.html,البحث المختلط,supporting
2445,ar,mixed,تفسير النتائج,البحث المختلط تفسير النتائج,https://www.auraideasuae.com/مقالات-احترافية/قراءة-نتائج-التحليل-الإحصائي.html,البحث المختلط,supporting
2446,ar,mixed,إعداد الجداول,البحث المختلط إعداد الجداول,https://www.auraideasuae.com/مقالات-احترافية/قراءة-نتائج-التحليل-الإحصائي.html,البحث المختلط,supporting
2447,ar,mixed,إعداد الرسوم البيانية,البحث المختلط إعداد الرسوم البيانية,https://www.auraideasuae.com/مقالات-احترافية/قراءة-نتائج-التحليل-الإحصائي.html,البحث المختلط,supporting
2448,ar,mixed,تجهيز المناقشة,البحث المختلط تجهيز المناقشة,https://www.auraideasuae.com/مقالات-احترافية/قراءة-نتائج-التحليل-الإحصائي.html,البحث المختلط,supporting
2449,ar,mixed,مع الحفاظ على الأمانة العلمية,البحث المختلط مع الحفاظ على الأمانة العلمية,https://www.auraideasuae.com/مقالات-احترافية/قراءة-نتائج-التحليل-الإحصائي.html,البحث المختلط,supporting
2450,ar,mixed,وفق متطلبات الجامعة,البحث المختلط وفق متطلبات الجامعة,https://www.auraideasuae.com/مقالات-احترافية/قراءة-نتائج-التحليل-الإحصائي.html,البحث المختلط,supporting
2451,en,mixed,simple explanation,mixed methods research simple explanation,https://www.auraideasuae.com/مقالات-احترافية/قراءة-نتائج-التحليل-الإحصائي.html,البحث المختلط,supporting
2452,en,mixed,practical guide,mixed methods research practical guide,https://www.auraideasuae.com/مقالات-احترافية/قراءة-نتائج-التحليل-الإحصائي.html,البحث المختلط,supporting
2453,en,mixed,step-by-step process,mixed methods research step-by-step process,https://www.auraideasuae.com/مقالات-احترافية/قراءة-نتائج-التحليل-الإحصائي.html,البحث المختلط,supporting
2454,en,mixed,editable template,mixed methods research editable template,https://www.auraideasuae.com/مقالات-احترافية/قراءة-نتائج-التحليل-الإحصائي.html,البحث المختلط,supporting
2455,en,mixed,worked example,mixed methods research worked example,https://www.auraideasuae.com/مقالات-احترافية/قراءة-نتائج-التحليل-الإحصائي.html,البحث المختلط,supporting
2456,en,mixed,action plan,mixed methods research action plan,https://www.auraideasuae.com/مقالات-احترافية/قراءة-نتائج-التحليل-الإحصائي.html,البحث المختلط,supporting
2457,en,mixed,student tips,mixed methods research student tips,https://www.auraideasuae.com/مقالات-احترافية/قراءة-نتائج-التحليل-الإحصائي.html,البحث المختلط,supporting
2458,en,mixed,common mistakes,mixed methods research common mistakes,https://www.auraideasuae.com/مقالات-احترافية/قراءة-نتائج-التحليل-الإحصائي.html,البحث المختلط,supporting
2459,en,mixed,quality standards,mixed methods research quality standards,https://www.auraideasuae.com/مقالات-احترافية/قراءة-نتائج-التحليل-الإحصائي.html,البحث المختلط,supporting
2460,en,mixed,how to prepare,mixed methods research how to prepare,https://www.auraideasuae.com/مقالات-احترافية/قراءة-نتائج-التحليل-الإحصائي.html,البحث المختلط,supporting
2461,en,mixed,how to write,mixed methods research how to write,https://www.auraideasuae.com/مقالات-احترافية/قراءة-نتائج-التحليل-الإحصائي.html,البحث المختلط,supporting
2462,en,mixed,how to format,mixed methods research how to format,https://www.auraideasuae.com/مقالات-احترافية/قراءة-نتائج-التحليل-الإحصائي.html,البحث المختلط,supporting
2463,en,mixed,how to cite sources,mixed methods research how to cite sources,https://www.auraideasuae.com/مقالات-احترافية/قراءة-نتائج-التحليل-الإحصائي.html,البحث المختلط,supporting
2464,en,mixed,how to proofread,mixed methods research how to proofread,https://www.auraideasuae.com/مقالات-احترافية/قراءة-نتائج-التحليل-الإحصائي.html,البحث المختلط,supporting
2465,en,mixed,how to analyze,mixed methods research how to analyze,https://www.auraideasuae.com/مقالات-احترافية/قراءة-نتائج-التحليل-الإحصائي.html,البحث المختلط,supporting
2466,en,mixed,how to present,mixed methods research how to present,https://www.auraideasuae.com/مقالات-احترافية/قراءة-نتائج-التحليل-الإحصائي.html,البحث المختلط,supporting
2467,en,mixed,before submission,mixed methods research before submission,https://www.auraideasuae.com/مقالات-احترافية/قراءة-نتائج-التحليل-الإحصائي.html,البحث المختلط,supporting
2468,en,mixed,for undergraduate students,mixed methods research for undergraduate students,https://www.auraideasuae.com/مقالات-احترافية/قراءة-نتائج-التحليل-الإحصائي.html,البحث المختلط,supporting
2469,en,mixed,for master's students,mixed methods research for master's students,https://www.auraideasuae.com/مقالات-احترافية/قراءة-نتائج-التحليل-الإحصائي.html,البحث المختلط,supporting
2470,en,mixed,for doctoral students,mixed methods research for doctoral students,https://www.auraideasuae.com/مقالات-احترافية/قراءة-نتائج-التحليل-الإحصائي.html,البحث المختلط,supporting
2471,en,mixed,in Arabic,mixed methods research in Arabic,https://www.auraideasuae.com/مقالات-احترافية/قراءة-نتائج-التحليل-الإحصائي.html,البحث المختلط,supporting
2472,en,mixed,in English,mixed methods research in English,https://www.auraideasuae.com/مقالات-احترافية/قراءة-نتائج-التحليل-الإحصائي.html,البحث المختلط,supporting
2473,en,mixed,Arabic and English,mixed methods research Arabic and English,https://www.auraideasuae.com/مقالات-احترافية/قراءة-نتائج-التحليل-الإحصائي.html,البحث المختلط,supporting
2474,en,mixed,for UAE universities,mixed methods research for UAE universities,https://www.auraideasuae.com/مقالات-احترافية/قراءة-نتائج-التحليل-الإحصائي.html,البحث المختلط,supporting
2475,en,mixed,in Dubai,mixed methods research in Dubai,https://www.auraideasuae.com/مقالات-احترافية/قراءة-نتائج-التحليل-الإحصائي.html,البحث المختلط,supporting
2476,en,mixed,in Abu Dhabi,mixed methods research in Abu Dhabi,https://www.auraideasuae.com/مقالات-احترافية/قراءة-نتائج-التحليل-الإحصائي.html,البحث المختلط,supporting
2477,en,mixed,in Sharjah,mixed methods research in Sharjah,https://www.auraideasuae.com/مقالات-احترافية/قراءة-نتائج-التحليل-الإحصائي.html,البحث المختلط,supporting
2478,en,mixed,for private universities,mixed methods research for private universities,https://www.auraideasuae.com/مقالات-احترافية/قراءة-نتائج-التحليل-الإحصائي.html,البحث المختلط,supporting
2479,en,mixed,for public universities,mixed methods research for public universities,https://www.auraideasuae.com/مقالات-احترافية/قراءة-نتائج-التحليل-الإحصائي.html,البحث المختلط,supporting
2480,en,mixed,online support,mixed methods research online support,https://www.auraideasuae.com/مقالات-احترافية/قراءة-نتائج-التحليل-الإحصائي.html,البحث المختلط,supporting
2481,en,mixed,professional service,mixed methods research professional service,https://www.auraideasuae.com/مقالات-احترافية/قراءة-نتائج-التحليل-الإحصائي.html,البحث المختلط,supporting
2482,en,mixed,academic assistance,mixed methods research academic assistance,https://www.auraideasuae.com/مقالات-احترافية/قراءة-نتائج-التحليل-الإحصائي.html,البحث المختلط,supporting
2483,en,mixed,research consultation,mixed methods research research consultation,https://www.auraideasuae.com/مقالات-احترافية/قراءة-نتائج-التحليل-الإحصائي.html,البحث المختلط,supporting
2484,en,mixed,academic review,mixed methods research academic review,https://www.auraideasuae.com/مقالات-احترافية/قراءة-نتائج-التحليل-الإحصائي.html,البحث المختلط,supporting
2485,en,mixed,scholarly proofreading,mixed methods research scholarly proofreading,https://www.auraideasuae.com/مقالات-احترافية/قراءة-نتائج-التحليل-الإحصائي.html,البحث المختلط,supporting
2486,en,mixed,APA formatting,mixed methods research APA formatting,https://www.auraideasuae.com/مقالات-احترافية/قراءة-نتائج-التحليل-الإحصائي.html,البحث المختلط,supporting
2487,en,mixed,MLA formatting,mixed methods research MLA formatting,https://www.auraideasuae.com/مقالات-احترافية/قراءة-نتائج-التحليل-الإحصائي.html,البحث المختلط,supporting
2488,en,mixed,Chicago formatting,mixed methods research Chicago formatting,https://www.auraideasuae.com/مقالات-احترافية/قراءة-نتائج-التحليل-الإحصائي.html,البحث المختلط,supporting
2489,en,mixed,source citation,mixed methods research source citation,https://www.auraideasuae.com/مقالات-احترافية/قراءة-نتائج-التحليل-الإحصائي.html,البحث المختلط,supporting
2490,en,mixed,academic rewriting,mixed methods research academic rewriting,https://www.auraideasuae.com/مقالات-احترافية/قراءة-نتائج-التحليل-الإحصائي.html,البحث المختلط,supporting
2491,en,mixed,methodology improvement,mixed methods research methodology improvement,https://www.auraideasuae.com/مقالات-احترافية/قراءة-نتائج-التحليل-الإحصائي.html,البحث المختلط,supporting
2492,en,mixed,data interpretation,mixed methods research data interpretation,https://www.auraideasuae.com/مقالات-احترافية/قراءة-نتائج-التحليل-الإحصائي.html,البحث المختلط,supporting
2493,en,mixed,research instrument design,mixed methods research research instrument design,https://www.auraideasuae.com/مقالات-احترافية/قراءة-نتائج-التحليل-الإحصائي.html,البحث المختلط,supporting
2494,en,mixed,survey review,mixed methods research survey review,https://www.auraideasuae.com/مقالات-احترافية/قراءة-نتائج-التحليل-الإحصائي.html,البحث المختلط,supporting
2495,en,mixed,results interpretation,mixed methods research results interpretation,https://www.auraideasuae.com/مقالات-احترافية/قراءة-نتائج-التحليل-الإحصائي.html,البحث المختلط,supporting
2496,en,mixed,table preparation,mixed methods research table preparation,https://www.auraideasuae.com/مقالات-احترافية/قراءة-نتائج-التحليل-الإحصائي.html,البحث المختلط,supporting
2497,en,mixed,chart preparation,mixed methods research chart preparation,https://www.auraideasuae.com/مقالات-احترافية/قراءة-نتائج-التحليل-الإحصائي.html,البحث المختلط,supporting
2498,en,mixed,discussion preparation,mixed methods research discussion preparation,https://www.auraideasuae.com/مقالات-احترافية/قراءة-نتائج-التحليل-الإحصائي.html,البحث المختلط,supporting
2499,en,mixed,with academic integrity,mixed methods research with academic integrity,https://www.auraideasuae.com/مقالات-احترافية/قراءة-نتائج-التحليل-الإحصائي.html,البحث المختلط,supporting
2500,en,mixed,according to university requirements,mixed methods research according to university requirements,https://www.auraideasuae.com/مقالات-احترافية/قراءة-نتائج-التحليل-الإحصائي.html,البحث المختلط,supporting
2501,ar,graduation,شرح مبسط,مشروع التخرج شرح مبسط,https://www.auraideasuae.com/مقالات-احترافية/,مشاريع التخرج,supporting
2502,ar,graduation,دليل عملي,مشروع التخرج دليل عملي,https://www.auraideasuae.com/مقالات-احترافية/,مشاريع التخرج,supporting
2503,ar,graduation,خطوات التنفيذ,مشروع التخرج خطوات التنفيذ,https://www.auraideasuae.com/مقالات-احترافية/,مشاريع التخرج,supporting
2504,ar,graduation,نموذج قابل للتعديل,مشروع التخرج نموذج قابل للتعديل,https://www.auraideasuae.com/مقالات-احترافية/,مشاريع التخرج,supporting
2505,ar,graduation,مثال تطبيقي,مشروع التخرج مثال تطبيقي,https://www.auraideasuae.com/مقالات-احترافية/,مشاريع التخرج,supporting
2506,ar,graduation,خطة عمل,مشروع التخرج خطة عمل,https://www.auraideasuae.com/مقالات-احترافية/,مشاريع التخرج,supporting
2507,ar,graduation,نصائح للطلاب,مشروع التخرج نصائح للطلاب,https://www.auraideasuae.com/مقالات-احترافية/,مشاريع التخرج,supporting
2508,ar,graduation,أخطاء شائعة,مشروع التخرج أخطاء شائعة,https://www.auraideasuae.com/مقالات-احترافية/,مشاريع التخرج,supporting
2509,ar,graduation,معايير الجودة,مشروع التخرج معايير الجودة,https://www.auraideasuae.com/مقالات-احترافية/,مشاريع التخرج,supporting
2510,ar,graduation,طريقة الإعداد,مشروع التخرج طريقة الإعداد,https://www.auraideasuae.com/مقالات-احترافية/,مشاريع التخرج,supporting
2511,ar,graduation,كيفية الكتابة,مشروع التخرج كيفية الكتابة,https://www.auraideasuae.com/مقالات-احترافية/,مشاريع التخرج,supporting
2512,ar,graduation,كيفية التنسيق,مشروع التخرج كيفية التنسيق,https://www.auraideasuae.com/مقالات-احترافية/,مشاريع التخرج,supporting
2513,ar,graduation,كيفية التوثيق,مشروع التخرج كيفية التوثيق,https://www.auraideasuae.com/مقالات-احترافية/,مشاريع التخرج,supporting
2514,ar,graduation,كيفية المراجعة,مشروع التخرج كيفية المراجعة,https://www.auraideasuae.com/مقالات-احترافية/,مشاريع التخرج,supporting
2515,ar,graduation,كيفية التحليل,مشروع التخرج كيفية التحليل,https://www.auraideasuae.com/مقالات-احترافية/,مشاريع التخرج,supporting
2516,ar,graduation,كيفية العرض,مشروع التخرج كيفية العرض,https://www.auraideasuae.com/مقالات-احترافية/,مشاريع التخرج,supporting
2517,ar,graduation,قبل التسليم,مشروع التخرج قبل التسليم,https://www.auraideasuae.com/مقالات-احترافية/,مشاريع التخرج,supporting
2518,ar,graduation,لطلاب البكالوريوس,مشروع التخرج لطلاب البكالوريوس,https://www.auraideasuae.com/مقالات-احترافية/,مشاريع التخرج,supporting
2519,ar,graduation,لطلاب الماجستير,مشروع التخرج لطلاب الماجستير,https://www.auraideasuae.com/مقالات-احترافية/,مشاريع التخرج,supporting
2520,ar,graduation,لطلاب الدكتوراه,مشروع التخرج لطلاب الدكتوراه,https://www.auraideasuae.com/مقالات-احترافية/,مشاريع التخرج,supporting
2521,ar,graduation,باللغة العربية,مشروع التخرج باللغة العربية,https://www.auraideasuae.com/مقالات-احترافية/,مشاريع التخرج,supporting
2522,ar,graduation,باللغة الإنجليزية,مشروع التخرج باللغة الإنجليزية,https://www.auraideasuae.com/مقالات-احترافية/,مشاريع التخرج,supporting
2523,ar,graduation,عربي وإنجليزي,مشروع التخرج عربي وإنجليزي,https://www.auraideasuae.com/مقالات-احترافية/,مشاريع التخرج,supporting
2524,ar,graduation,في الجامعات الإماراتية,مشروع التخرج في الجامعات الإماراتية,https://www.auraideasuae.com/مقالات-احترافية/,مشاريع التخرج,supporting
2525,ar,graduation,في دبي,مشروع التخرج في دبي,https://www.auraideasuae.com/مقالات-احترافية/,مشاريع التخرج,supporting
2526,ar,graduation,في أبوظبي,مشروع التخرج في أبوظبي,https://www.auraideasuae.com/مقالات-احترافية/,مشاريع التخرج,supporting
2527,ar,graduation,في الشارقة,مشروع التخرج في الشارقة,https://www.auraideasuae.com/مقالات-احترافية/,مشاريع التخرج,supporting
2528,ar,graduation,للجامعات الخاصة,مشروع التخرج للجامعات الخاصة,https://www.auraideasuae.com/مقالات-احترافية/,مشاريع التخرج,supporting
2529,ar,graduation,للجامعات الحكومية,مشروع التخرج للجامعات الحكومية,https://www.auraideasuae.com/مقالات-احترافية/,مشاريع التخرج,supporting
2530,ar,graduation,عن بُعد,مشروع التخرج عن بُعد,https://www.auraideasuae.com/مقالات-احترافية/,مشاريع التخرج,supporting
2531,ar,graduation,خدمة احترافية,مشروع التخرج خدمة احترافية,https://www.auraideasuae.com/مقالات-احترافية/,مشاريع التخرج,supporting
2532,ar,graduation,مساعدة أكاديمية,مشروع التخرج مساعدة أكاديمية,https://www.auraideasuae.com/مقالات-احترافية/,مشاريع التخرج,supporting
2533,ar,graduation,استشارة بحثية,مشروع التخرج استشارة بحثية,https://www.auraideasuae.com/مقالات-احترافية/,مشاريع التخرج,supporting
2534,ar,graduation,مراجعة أكاديمية,مشروع التخرج مراجعة أكاديمية,https://www.auraideasuae.com/مقالات-احترافية/,مشاريع التخرج,supporting
2535,ar,graduation,تدقيق علمي,مشروع التخرج تدقيق علمي,https://www.auraideasuae.com/مقالات-احترافية/,مشاريع التخرج,supporting
2536,ar,graduation,تنسيق APA,مشروع التخرج تنسيق APA,https://www.auraideasuae.com/مقالات-احترافية/,مشاريع التخرج,supporting
2537,ar,graduation,تنسيق MLA,مشروع التخرج تنسيق MLA,https://www.auraideasuae.com/مقالات-احترافية/,مشاريع التخرج,supporting
2538,ar,graduation,تنسيق Chicago,مشروع التخرج تنسيق Chicago,https://www.auraideasuae.com/مقالات-احترافية/,مشاريع التخرج,supporting
2539,ar,graduation,توثيق المصادر,مشروع التخرج توثيق المصادر,https://www.auraideasuae.com/مقالات-احترافية/,مشاريع التخرج,supporting
2540,ar,graduation,تحسين الصياغة,مشروع التخرج تحسين الصياغة,https://www.auraideasuae.com/مقالات-احترافية/,مشاريع التخرج,supporting
2541,ar,graduation,تحسين المنهجية,مشروع التخرج تحسين المنهجية,https://www.auraideasuae.com/مقالات-احترافية/,مشاريع التخرج,supporting
2542,ar,graduation,قراءة وتحليل البيانات,مشروع التخرج قراءة وتحليل البيانات,https://www.auraideasuae.com/مقالات-احترافية/,مشاريع التخرج,supporting
2543,ar,graduation,تصميم أداة البحث,مشروع التخرج تصميم أداة البحث,https://www.auraideasuae.com/مقالات-احترافية/,مشاريع التخرج,supporting
2544,ar,graduation,مراجعة الاستبيان,مشروع التخرج مراجعة الاستبيان,https://www.auraideasuae.com/مقالات-احترافية/,مشاريع التخرج,supporting
2545,ar,graduation,تفسير النتائج,مشروع التخرج تفسير النتائج,https://www.auraideasuae.com/مقالات-احترافية/,مشاريع التخرج,supporting
2546,ar,graduation,إعداد الجداول,مشروع التخرج إعداد الجداول,https://www.auraideasuae.com/مقالات-احترافية/,مشاريع التخرج,supporting
2547,ar,graduation,إعداد الرسوم البيانية,مشروع التخرج إعداد الرسوم البيانية,https://www.auraideasuae.com/مقالات-احترافية/,مشاريع التخرج,supporting
2548,ar,graduation,تجهيز المناقشة,مشروع التخرج تجهيز المناقشة,https://www.auraideasuae.com/مقالات-احترافية/,مشاريع التخرج,supporting
2549,ar,graduation,مع الحفاظ على الأمانة العلمية,مشروع التخرج مع الحفاظ على الأمانة العلمية,https://www.auraideasuae.com/مقالات-احترافية/,مشاريع التخرج,supporting
2550,ar,graduation,وفق متطلبات الجامعة,مشروع التخرج وفق متطلبات الجامعة,https://www.auraideasuae.com/مقالات-احترافية/,مشاريع التخرج,supporting
2551,en,graduation,simple explanation,graduation project simple explanation,https://www.auraideasuae.com/مقالات-احترافية/,مشاريع التخرج,supporting
2552,en,graduation,practical guide,graduation project practical guide,https://www.auraideasuae.com/مقالات-احترافية/,مشاريع التخرج,supporting
2553,en,graduation,step-by-step process,graduation project step-by-step process,https://www.auraideasuae.com/مقالات-احترافية/,مشاريع التخرج,supporting
2554,en,graduation,editable template,graduation project editable template,https://www.auraideasuae.com/مقالات-احترافية/,مشاريع التخرج,supporting
2555,en,graduation,worked example,graduation project worked example,https://www.auraideasuae.com/مقالات-احترافية/,مشاريع التخرج,supporting
2556,en,graduation,action plan,graduation project action plan,https://www.auraideasuae.com/مقالات-احترافية/,مشاريع التخرج,supporting
2557,en,graduation,student tips,graduation project student tips,https://www.auraideasuae.com/مقالات-احترافية/,مشاريع التخرج,supporting
2558,en,graduation,common mistakes,graduation project common mistakes,https://www.auraideasuae.com/مقالات-احترافية/,مشاريع التخرج,supporting
2559,en,graduation,quality standards,graduation project quality standards,https://www.auraideasuae.com/مقالات-احترافية/,مشاريع التخرج,supporting
2560,en,graduation,how to prepare,graduation project how to prepare,https://www.auraideasuae.com/مقالات-احترافية/,مشاريع التخرج,supporting
2561,en,graduation,how to write,graduation project how to write,https://www.auraideasuae.com/مقالات-احترافية/,مشاريع التخرج,supporting
2562,en,graduation,how to format,graduation project how to format,https://www.auraideasuae.com/مقالات-احترافية/,مشاريع التخرج,supporting
2563,en,graduation,how to cite sources,graduation project how to cite sources,https://www.auraideasuae.com/مقالات-احترافية/,مشاريع التخرج,supporting
2564,en,graduation,how to proofread,graduation project how to proofread,https://www.auraideasuae.com/مقالات-احترافية/,مشاريع التخرج,supporting
2565,en,graduation,how to analyze,graduation project how to analyze,https://www.auraideasuae.com/مقالات-احترافية/,مشاريع التخرج,supporting
2566,en,graduation,how to present,graduation project how to present,https://www.auraideasuae.com/مقالات-احترافية/,مشاريع التخرج,supporting
2567,en,graduation,before submission,graduation project before submission,https://www.auraideasuae.com/مقالات-احترافية/,مشاريع التخرج,supporting
2568,en,graduation,for undergraduate students,graduation project for undergraduate students,https://www.auraideasuae.com/مقالات-احترافية/,مشاريع التخرج,supporting
2569,en,graduation,for master's students,graduation project for master's students,https://www.auraideasuae.com/مقالات-احترافية/,مشاريع التخرج,supporting
2570,en,graduation,for doctoral students,graduation project for doctoral students,https://www.auraideasuae.com/مقالات-احترافية/,مشاريع التخرج,supporting
2571,en,graduation,in Arabic,graduation project in Arabic,https://www.auraideasuae.com/مقالات-احترافية/,مشاريع التخرج,supporting
2572,en,graduation,in English,graduation project in English,https://www.auraideasuae.com/مقالات-احترافية/,مشاريع التخرج,supporting
2573,en,graduation,Arabic and English,graduation project Arabic and English,https://www.auraideasuae.com/مقالات-احترافية/,مشاريع التخرج,supporting
2574,en,graduation,for UAE universities,graduation project for UAE universities,https://www.auraideasuae.com/مقالات-احترافية/,مشاريع التخرج,supporting
2575,en,graduation,in Dubai,graduation project in Dubai,https://www.auraideasuae.com/مقالات-احترافية/,مشاريع التخرج,supporting
2576,en,graduation,in Abu Dhabi,graduation project in Abu Dhabi,https://www.auraideasuae.com/مقالات-احترافية/,مشاريع التخرج,supporting
2577,en,graduation,in Sharjah,graduation project in Sharjah,https://www.auraideasuae.com/مقالات-احترافية/,مشاريع التخرج,supporting
2578,en,graduation,for private universities,graduation project for private universities,https://www.auraideasuae.com/مقالات-احترافية/,مشاريع التخرج,supporting
2579,en,graduation,for public universities,graduation project for public universities,https://www.auraideasuae.com/مقالات-احترافية/,مشاريع التخرج,supporting
2580,en,graduation,online support,graduation project online support,https://www.auraideasuae.com/مقالات-احترافية/,مشاريع التخرج,supporting
2581,en,graduation,professional service,graduation project professional service,https://www.auraideasuae.com/مقالات-احترافية/,مشاريع التخرج,supporting
2582,en,graduation,academic assistance,graduation project academic assistance,https://www.auraideasuae.com/مقالات-احترافية/,مشاريع التخرج,supporting
2583,en,graduation,research consultation,graduation project research consultation,https://www.auraideasuae.com/مقالات-احترافية/,مشاريع التخرج,supporting
2584,en,graduation,academic review,graduation project academic review,https://www.auraideasuae.com/مقالات-احترافية/,مشاريع التخرج,supporting
2585,en,graduation,scholarly proofreading,graduation project scholarly proofreading,https://www.auraideasuae.com/مقالات-احترافية/,مشاريع التخرج,supporting
2586,en,graduation,APA formatting,graduation project APA formatting,https://www.auraideasuae.com/مقالات-احترافية/,مشاريع التخرج,supporting
2587,en,graduation,MLA formatting,graduation project MLA formatting,https://www.auraideasuae.com/مقالات-احترافية/,مشاريع التخرج,supporting
2588,en,graduation,Chicago formatting,graduation project Chicago formatting,https://www.auraideasuae.com/مقالات-احترافية/,مشاريع التخرج,supporting
2589,en,graduation,source citation,graduation project source citation,https://www.auraideasuae.com/مقالات-احترافية/,مشاريع التخرج,supporting
2590,en,graduation,academic rewriting,graduation project academic rewriting,https://www.auraideasuae.com/مقالات-احترافية/,مشاريع التخرج,supporting
2591,en,graduation,methodology improvement,graduation project methodology improvement,https://www.auraideasuae.com/مقالات-احترافية/,مشاريع التخرج,supporting
2592,en,graduation,data interpretation,graduation project data interpretation,https://www.auraideasuae.com/مقالات-احترافية/,مشاريع التخرج,supporting
2593,en,graduation,research instrument design,graduation project research instrument design,https://www.auraideasuae.com/مقالات-احترافية/,مشاريع التخرج,supporting
2594,en,graduation,survey review,graduation project survey review,https://www.auraideasuae.com/مقالات-احترافية/,مشاريع التخرج,supporting
2595,en,graduation,results interpretation,graduation project results interpretation,https://www.auraideasuae.com/مقالات-احترافية/,مشاريع التخرج,supporting
2596,en,graduation,table preparation,graduation project table preparation,https://www.auraideasuae.com/مقالات-احترافية/,مشاريع التخرج,supporting
2597,en,graduation,chart preparation,graduation project chart preparation,https://www.auraideasuae.com/مقالات-احترافية/,مشاريع التخرج,supporting
2598,en,graduation,discussion preparation,graduation project discussion preparation,https://www.auraideasuae.com/مقالات-احترافية/,مشاريع التخرج,supporting
2599,en,graduation,with academic integrity,graduation project with academic integrity,https://www.auraideasuae.com/مقالات-احترافية/,مشاريع التخرج,supporting
2600,en,graduation,according to university requirements,graduation project according to university requirements,https://www.auraideasuae.com/مقالات-احترافية/,مشاريع التخرج,supporting
2601,ar,capstone,شرح مبسط,مشاريع التخرج الجامعية شرح مبسط,https://www.auraideasuae.com/مقالات-احترافية/,مشاريع التخرج التطبيقية,supporting
2602,ar,capstone,دليل عملي,مشاريع التخرج الجامعية دليل عملي,https://www.auraideasuae.com/مقالات-احترافية/,مشاريع التخرج التطبيقية,supporting
2603,ar,capstone,خطوات التنفيذ,مشاريع التخرج الجامعية خطوات التنفيذ,https://www.auraideasuae.com/مقالات-احترافية/,مشاريع التخرج التطبيقية,supporting
2604,ar,capstone,نموذج قابل للتعديل,مشاريع التخرج الجامعية نموذج قابل للتعديل,https://www.auraideasuae.com/مقالات-احترافية/,مشاريع التخرج التطبيقية,supporting
2605,ar,capstone,مثال تطبيقي,مشاريع التخرج الجامعية مثال تطبيقي,https://www.auraideasuae.com/مقالات-احترافية/,مشاريع التخرج التطبيقية,supporting
2606,ar,capstone,خطة عمل,مشاريع التخرج الجامعية خطة عمل,https://www.auraideasuae.com/مقالات-احترافية/,مشاريع التخرج التطبيقية,supporting
2607,ar,capstone,نصائح للطلاب,مشاريع التخرج الجامعية نصائح للطلاب,https://www.auraideasuae.com/مقالات-احترافية/,مشاريع التخرج التطبيقية,supporting
2608,ar,capstone,أخطاء شائعة,مشاريع التخرج الجامعية أخطاء شائعة,https://www.auraideasuae.com/مقالات-احترافية/,مشاريع التخرج التطبيقية,supporting
2609,ar,capstone,معايير الجودة,مشاريع التخرج الجامعية معايير الجودة,https://www.auraideasuae.com/مقالات-احترافية/,مشاريع التخرج التطبيقية,supporting
2610,ar,capstone,طريقة الإعداد,مشاريع التخرج الجامعية طريقة الإعداد,https://www.auraideasuae.com/مقالات-احترافية/,مشاريع التخرج التطبيقية,supporting
2611,ar,capstone,كيفية الكتابة,مشاريع التخرج الجامعية كيفية الكتابة,https://www.auraideasuae.com/مقالات-احترافية/,مشاريع التخرج التطبيقية,supporting
2612,ar,capstone,كيفية التنسيق,مشاريع التخرج الجامعية كيفية التنسيق,https://www.auraideasuae.com/مقالات-احترافية/,مشاريع التخرج التطبيقية,supporting
2613,ar,capstone,كيفية التوثيق,مشاريع التخرج الجامعية كيفية التوثيق,https://www.auraideasuae.com/مقالات-احترافية/,مشاريع التخرج التطبيقية,supporting
2614,ar,capstone,كيفية المراجعة,مشاريع التخرج الجامعية كيفية المراجعة,https://www.auraideasuae.com/مقالات-احترافية/,مشاريع التخرج التطبيقية,supporting
2615,ar,capstone,كيفية التحليل,مشاريع التخرج الجامعية كيفية التحليل,https://www.auraideasuae.com/مقالات-احترافية/,مشاريع التخرج التطبيقية,supporting
2616,ar,capstone,كيفية العرض,مشاريع التخرج الجامعية كيفية العرض,https://www.auraideasuae.com/مقالات-احترافية/,مشاريع التخرج التطبيقية,supporting
2617,ar,capstone,قبل التسليم,مشاريع التخرج الجامعية قبل التسليم,https://www.auraideasuae.com/مقالات-احترافية/,مشاريع التخرج التطبيقية,supporting
2618,ar,capstone,لطلاب البكالوريوس,مشاريع التخرج الجامعية لطلاب البكالوريوس,https://www.auraideasuae.com/مقالات-احترافية/,مشاريع التخرج التطبيقية,supporting
2619,ar,capstone,لطلاب الماجستير,مشاريع التخرج الجامعية لطلاب الماجستير,https://www.auraideasuae.com/مقالات-احترافية/,مشاريع التخرج التطبيقية,supporting
2620,ar,capstone,لطلاب الدكتوراه,مشاريع التخرج الجامعية لطلاب الدكتوراه,https://www.auraideasuae.com/مقالات-احترافية/,مشاريع التخرج التطبيقية,supporting
2621,ar,capstone,باللغة العربية,مشاريع التخرج الجامعية باللغة العربية,https://www.auraideasuae.com/مقالات-احترافية/,مشاريع التخرج التطبيقية,supporting
2622,ar,capstone,باللغة الإنجليزية,مشاريع التخرج الجامعية باللغة الإنجليزية,https://www.auraideasuae.com/مقالات-احترافية/,مشاريع التخرج التطبيقية,supporting
2623,ar,capstone,عربي وإنجليزي,مشاريع التخرج الجامعية عربي وإنجليزي,https://www.auraideasuae.com/مقالات-احترافية/,مشاريع التخرج التطبيقية,supporting
2624,ar,capstone,في الجامعات الإماراتية,مشاريع التخرج الجامعية في الجامعات الإماراتية,https://www.auraideasuae.com/مقالات-احترافية/,مشاريع التخرج التطبيقية,supporting
2625,ar,capstone,في دبي,مشاريع التخرج الجامعية في دبي,https://www.auraideasuae.com/مقالات-احترافية/,مشاريع التخرج التطبيقية,supporting
2626,ar,capstone,في أبوظبي,مشاريع التخرج الجامعية في أبوظبي,https://www.auraideasuae.com/مقالات-احترافية/,مشاريع التخرج التطبيقية,supporting
2627,ar,capstone,في الشارقة,مشاريع التخرج الجامعية في الشارقة,https://www.auraideasuae.com/مقالات-احترافية/,مشاريع التخرج التطبيقية,supporting
2628,ar,capstone,للجامعات الخاصة,مشاريع التخرج الجامعية للجامعات الخاصة,https://www.auraideasuae.com/مقالات-احترافية/,مشاريع التخرج التطبيقية,supporting
2629,ar,capstone,للجامعات الحكومية,مشاريع التخرج الجامعية للجامعات الحكومية,https://www.auraideasuae.com/مقالات-احترافية/,مشاريع التخرج التطبيقية,supporting
2630,ar,capstone,عن بُعد,مشاريع التخرج الجامعية عن بُعد,https://www.auraideasuae.com/مقالات-احترافية/,مشاريع التخرج التطبيقية,supporting
2631,ar,capstone,خدمة احترافية,مشاريع التخرج الجامعية خدمة احترافية,https://www.auraideasuae.com/مقالات-احترافية/,مشاريع التخرج التطبيقية,supporting
2632,ar,capstone,مساعدة أكاديمية,مشاريع التخرج الجامعية مساعدة أكاديمية,https://www.auraideasuae.com/مقالات-احترافية/,مشاريع التخرج التطبيقية,supporting
2633,ar,capstone,استشارة بحثية,مشاريع التخرج الجامعية استشارة بحثية,https://www.auraideasuae.com/مقالات-احترافية/,مشاريع التخرج التطبيقية,supporting
2634,ar,capstone,مراجعة أكاديمية,مشاريع التخرج الجامعية مراجعة أكاديمية,https://www.auraideasuae.com/مقالات-احترافية/,مشاريع التخرج التطبيقية,supporting
2635,ar,capstone,تدقيق علمي,مشاريع التخرج الجامعية تدقيق علمي,https://www.auraideasuae.com/مقالات-احترافية/,مشاريع التخرج التطبيقية,supporting
2636,ar,capstone,تنسيق APA,مشاريع التخرج الجامعية تنسيق APA,https://www.auraideasuae.com/مقالات-احترافية/,مشاريع التخرج التطبيقية,supporting
2637,ar,capstone,تنسيق MLA,مشاريع التخرج الجامعية تنسيق MLA,https://www.auraideasuae.com/مقالات-احترافية/,مشاريع التخرج التطبيقية,supporting
2638,ar,capstone,تنسيق Chicago,مشاريع التخرج الجامعية تنسيق Chicago,https://www.auraideasuae.com/مقالات-احترافية/,مشاريع التخرج التطبيقية,supporting
2639,ar,capstone,توثيق المصادر,مشاريع التخرج الجامعية توثيق المصادر,https://www.auraideasuae.com/مقالات-احترافية/,مشاريع التخرج التطبيقية,supporting
2640,ar,capstone,تحسين الصياغة,مشاريع التخرج الجامعية تحسين الصياغة,https://www.auraideasuae.com/مقالات-احترافية/,مشاريع التخرج التطبيقية,supporting
2641,ar,capstone,تحسين المنهجية,مشاريع التخرج الجامعية تحسين المنهجية,https://www.auraideasuae.com/مقالات-احترافية/,مشاريع التخرج التطبيقية,supporting
2642,ar,capstone,قراءة وتحليل البيانات,مشاريع التخرج الجامعية قراءة وتحليل البيانات,https://www.auraideasuae.com/مقالات-احترافية/,مشاريع التخرج التطبيقية,supporting
2643,ar,capstone,تصميم أداة البحث,مشاريع التخرج الجامعية تصميم أداة البحث,https://www.auraideasuae.com/مقالات-احترافية/,مشاريع التخرج التطبيقية,supporting
2644,ar,capstone,مراجعة الاستبيان,مشاريع التخرج الجامعية مراجعة الاستبيان,https://www.auraideasuae.com/مقالات-احترافية/,مشاريع التخرج التطبيقية,supporting
2645,ar,capstone,تفسير النتائج,مشاريع التخرج الجامعية تفسير النتائج,https://www.auraideasuae.com/مقالات-احترافية/,مشاريع التخرج التطبيقية,supporting
2646,ar,capstone,إعداد الجداول,مشاريع التخرج الجامعية إعداد الجداول,https://www.auraideasuae.com/مقالات-احترافية/,مشاريع التخرج التطبيقية,supporting
2647,ar,capstone,إعداد الرسوم البيانية,مشاريع التخرج الجامعية إعداد الرسوم البيانية,https://www.auraideasuae.com/مقالات-احترافية/,مشاريع التخرج التطبيقية,supporting
2648,ar,capstone,تجهيز المناقشة,مشاريع التخرج الجامعية تجهيز المناقشة,https://www.auraideasuae.com/مقالات-احترافية/,مشاريع التخرج التطبيقية,supporting
2649,ar,capstone,مع الحفاظ على الأمانة العلمية,مشاريع التخرج الجامعية مع الحفاظ على الأمانة العلمية,https://www.auraideasuae.com/مقالات-احترافية/,مشاريع التخرج التطبيقية,supporting
2650,ar,capstone,وفق متطلبات الجامعة,مشاريع التخرج الجامعية وفق متطلبات الجامعة,https://www.auraideasuae.com/مقالات-احترافية/,مشاريع التخرج التطبيقية,supporting
2651,en,capstone,simple explanation,university capstone project simple explanation,https://www.auraideasuae.com/مقالات-احترافية/,مشاريع التخرج التطبيقية,supporting
2652,en,capstone,practical guide,university capstone project practical guide,https://www.auraideasuae.com/مقالات-احترافية/,مشاريع التخرج التطبيقية,supporting
2653,en,capstone,step-by-step process,university capstone project step-by-step process,https://www.auraideasuae.com/مقالات-احترافية/,مشاريع التخرج التطبيقية,supporting
2654,en,capstone,editable template,university capstone project editable template,https://www.auraideasuae.com/مقالات-احترافية/,مشاريع التخرج التطبيقية,supporting
2655,en,capstone,worked example,university capstone project worked example,https://www.auraideasuae.com/مقالات-احترافية/,مشاريع التخرج التطبيقية,supporting
2656,en,capstone,action plan,university capstone project action plan,https://www.auraideasuae.com/مقالات-احترافية/,مشاريع التخرج التطبيقية,supporting
2657,en,capstone,student tips,university capstone project student tips,https://www.auraideasuae.com/مقالات-احترافية/,مشاريع التخرج التطبيقية,supporting
2658,en,capstone,common mistakes,university capstone project common mistakes,https://www.auraideasuae.com/مقالات-احترافية/,مشاريع التخرج التطبيقية,supporting
2659,en,capstone,quality standards,university capstone project quality standards,https://www.auraideasuae.com/مقالات-احترافية/,مشاريع التخرج التطبيقية,supporting
2660,en,capstone,how to prepare,university capstone project how to prepare,https://www.auraideasuae.com/مقالات-احترافية/,مشاريع التخرج التطبيقية,supporting
2661,en,capstone,how to write,university capstone project how to write,https://www.auraideasuae.com/مقالات-احترافية/,مشاريع التخرج التطبيقية,supporting
2662,en,capstone,how to format,university capstone project how to format,https://www.auraideasuae.com/مقالات-احترافية/,مشاريع التخرج التطبيقية,supporting
2663,en,capstone,how to cite sources,university capstone project how to cite sources,https://www.auraideasuae.com/مقالات-احترافية/,مشاريع التخرج التطبيقية,supporting
2664,en,capstone,how to proofread,university capstone project how to proofread,https://www.auraideasuae.com/مقالات-احترافية/,مشاريع التخرج التطبيقية,supporting
2665,en,capstone,how to analyze,university capstone project how to analyze,https://www.auraideasuae.com/مقالات-احترافية/,مشاريع التخرج التطبيقية,supporting
2666,en,capstone,how to present,university capstone project how to present,https://www.auraideasuae.com/مقالات-احترافية/,مشاريع التخرج التطبيقية,supporting
2667,en,capstone,before submission,university capstone project before submission,https://www.auraideasuae.com/مقالات-احترافية/,مشاريع التخرج التطبيقية,supporting
2668,en,capstone,for undergraduate students,university capstone project for undergraduate students,https://www.auraideasuae.com/مقالات-احترافية/,مشاريع التخرج التطبيقية,supporting
2669,en,capstone,for master's students,university capstone project for master's students,https://www.auraideasuae.com/مقالات-احترافية/,مشاريع التخرج التطبيقية,supporting
2670,en,capstone,for doctoral students,university capstone project for doctoral students,https://www.auraideasuae.com/مقالات-احترافية/,مشاريع التخرج التطبيقية,supporting
2671,en,capstone,in Arabic,university capstone project in Arabic,https://www.auraideasuae.com/مقالات-احترافية/,مشاريع التخرج التطبيقية,supporting
2672,en,capstone,in English,university capstone project in English,https://www.auraideasuae.com/مقالات-احترافية/,مشاريع التخرج التطبيقية,supporting
2673,en,capstone,Arabic and English,university capstone project Arabic and English,https://www.auraideasuae.com/مقالات-احترافية/,مشاريع التخرج التطبيقية,supporting
2674,en,capstone,for UAE universities,university capstone project for UAE universities,https://www.auraideasuae.com/مقالات-احترافية/,مشاريع التخرج التطبيقية,supporting
2675,en,capstone,in Dubai,university capstone project in Dubai,https://www.auraideasuae.com/مقالات-احترافية/,مشاريع التخرج التطبيقية,supporting
2676,en,capstone,in Abu Dhabi,university capstone project in Abu Dhabi,https://www.auraideasuae.com/مقالات-احترافية/,مشاريع التخرج التطبيقية,supporting
2677,en,capstone,in Sharjah,university capstone project in Sharjah,https://www.auraideasuae.com/مقالات-احترافية/,مشاريع التخرج التطبيقية,supporting
2678,en,capstone,for private universities,university capstone project for private universities,https://www.auraideasuae.com/مقالات-احترافية/,مشاريع التخرج التطبيقية,supporting
2679,en,capstone,for public universities,university capstone project for public universities,https://www.auraideasuae.com/مقالات-احترافية/,مشاريع التخرج التطبيقية,supporting
2680,en,capstone,online support,university capstone project online support,https://www.auraideasuae.com/مقالات-احترافية/,مشاريع التخرج التطبيقية,supporting
2681,en,capstone,professional service,university capstone project professional service,https://www.auraideasuae.com/مقالات-احترافية/,مشاريع التخرج التطبيقية,supporting
2682,en,capstone,academic assistance,university capstone project academic assistance,https://www.auraideasuae.com/مقالات-احترافية/,مشاريع التخرج التطبيقية,supporting
2683,en,capstone,research consultation,university capstone project research consultation,https://www.auraideasuae.com/مقالات-احترافية/,مشاريع التخرج التطبيقية,supporting
2684,en,capstone,academic review,university capstone project academic review,https://www.auraideasuae.com/مقالات-احترافية/,مشاريع التخرج التطبيقية,supporting
2685,en,capstone,scholarly proofreading,university capstone project scholarly proofreading,https://www.auraideasuae.com/مقالات-احترافية/,مشاريع التخرج التطبيقية,supporting
2686,en,capstone,APA formatting,university capstone project APA formatting,https://www.auraideasuae.com/مقالات-احترافية/,مشاريع التخرج التطبيقية,supporting
2687,en,capstone,MLA formatting,university capstone project MLA formatting,https://www.auraideasuae.com/مقالات-احترافية/,مشاريع التخرج التطبيقية,supporting
2688,en,capstone,Chicago formatting,university capstone project Chicago formatting,https://www.auraideasuae.com/مقالات-احترافية/,مشاريع التخرج التطبيقية,supporting
2689,en,capstone,source citation,university capstone project source citation,https://www.auraideasuae.com/مقالات-احترافية/,مشاريع التخرج التطبيقية,supporting
2690,en,capstone,academic rewriting,university capstone project academic rewriting,https://www.auraideasuae.com/مقالات-احترافية/,مشاريع التخرج التطبيقية,supporting
2691,en,capstone,methodology improvement,university capstone project methodology improvement,https://www.auraideasuae.com/مقالات-احترافية/,مشاريع التخرج التطبيقية,supporting
2692,en,capstone,data interpretation,university capstone project data interpretation,https://www.auraideasuae.com/مقالات-احترافية/,مشاريع التخرج التطبيقية,supporting
2693,en,capstone,research instrument design,university capstone project research instrument design,https://www.auraideasuae.com/مقالات-احترافية/,مشاريع التخرج التطبيقية,supporting
2694,en,capstone,survey review,university capstone project survey review,https://www.auraideasuae.com/مقالات-احترافية/,مشاريع التخرج التطبيقية,supporting
2695,en,capstone,results interpretation,university capstone project results interpretation,https://www.auraideasuae.com/مقالات-احترافية/,مشاريع التخرج التطبيقية,supporting
2696,en,capstone,table preparation,university capstone project table preparation,https://www.auraideasuae.com/مقالات-احترافية/,مشاريع التخرج التطبيقية,supporting
2697,en,capstone,chart preparation,university capstone project chart preparation,https://www.auraideasuae.com/مقالات-احترافية/,مشاريع التخرج التطبيقية,supporting
2698,en,capstone,discussion preparation,university capstone project discussion preparation,https://www.auraideasuae.com/مقالات-احترافية/,مشاريع التخرج التطبيقية,supporting
2699,en,capstone,with academic integrity,university capstone project with academic integrity,https://www.auraideasuae.com/مقالات-احترافية/,مشاريع التخرج التطبيقية,supporting
2700,en,capstone,according to university requirements,university capstone project according to university requirements,https://www.auraideasuae.com/مقالات-احترافية/,مشاريع التخرج التطبيقية,supporting
2701,ar,presentation,شرح مبسط,عرض تقديمي أكاديمي شرح مبسط,https://www.auraideasuae.com/مقالات-احترافية/,العروض التقديمية,supporting
2702,ar,presentation,دليل عملي,عرض تقديمي أكاديمي دليل عملي,https://www.auraideasuae.com/مقالات-احترافية/,العروض التقديمية,supporting
2703,ar,presentation,خطوات التنفيذ,عرض تقديمي أكاديمي خطوات التنفيذ,https://www.auraideasuae.com/مقالات-احترافية/,العروض التقديمية,supporting
2704,ar,presentation,نموذج قابل للتعديل,عرض تقديمي أكاديمي نموذج قابل للتعديل,https://www.auraideasuae.com/مقالات-احترافية/,العروض التقديمية,supporting
2705,ar,presentation,مثال تطبيقي,عرض تقديمي أكاديمي مثال تطبيقي,https://www.auraideasuae.com/مقالات-احترافية/,العروض التقديمية,supporting
2706,ar,presentation,خطة عمل,عرض تقديمي أكاديمي خطة عمل,https://www.auraideasuae.com/مقالات-احترافية/,العروض التقديمية,supporting
2707,ar,presentation,نصائح للطلاب,عرض تقديمي أكاديمي نصائح للطلاب,https://www.auraideasuae.com/مقالات-احترافية/,العروض التقديمية,supporting
2708,ar,presentation,أخطاء شائعة,عرض تقديمي أكاديمي أخطاء شائعة,https://www.auraideasuae.com/مقالات-احترافية/,العروض التقديمية,supporting
2709,ar,presentation,معايير الجودة,عرض تقديمي أكاديمي معايير الجودة,https://www.auraideasuae.com/مقالات-احترافية/,العروض التقديمية,supporting
2710,ar,presentation,طريقة الإعداد,عرض تقديمي أكاديمي طريقة الإعداد,https://www.auraideasuae.com/مقالات-احترافية/,العروض التقديمية,supporting
2711,ar,presentation,كيفية الكتابة,عرض تقديمي أكاديمي كيفية الكتابة,https://www.auraideasuae.com/مقالات-احترافية/,العروض التقديمية,supporting
2712,ar,presentation,كيفية التنسيق,عرض تقديمي أكاديمي كيفية التنسيق,https://www.auraideasuae.com/مقالات-احترافية/,العروض التقديمية,supporting
2713,ar,presentation,كيفية التوثيق,عرض تقديمي أكاديمي كيفية التوثيق,https://www.auraideasuae.com/مقالات-احترافية/,العروض التقديمية,supporting
2714,ar,presentation,كيفية المراجعة,عرض تقديمي أكاديمي كيفية المراجعة,https://www.auraideasuae.com/مقالات-احترافية/,العروض التقديمية,supporting
2715,ar,presentation,كيفية التحليل,عرض تقديمي أكاديمي كيفية التحليل,https://www.auraideasuae.com/مقالات-احترافية/,العروض التقديمية,supporting
2716,ar,presentation,كيفية العرض,عرض تقديمي أكاديمي كيفية العرض,https://www.auraideasuae.com/مقالات-احترافية/,العروض التقديمية,supporting
2717,ar,presentation,قبل التسليم,عرض تقديمي أكاديمي قبل التسليم,https://www.auraideasuae.com/مقالات-احترافية/,العروض التقديمية,supporting
2718,ar,presentation,لطلاب البكالوريوس,عرض تقديمي أكاديمي لطلاب البكالوريوس,https://www.auraideasuae.com/مقالات-احترافية/,العروض التقديمية,supporting
2719,ar,presentation,لطلاب الماجستير,عرض تقديمي أكاديمي لطلاب الماجستير,https://www.auraideasuae.com/مقالات-احترافية/,العروض التقديمية,supporting
2720,ar,presentation,لطلاب الدكتوراه,عرض تقديمي أكاديمي لطلاب الدكتوراه,https://www.auraideasuae.com/مقالات-احترافية/,العروض التقديمية,supporting
2721,ar,presentation,باللغة العربية,عرض تقديمي أكاديمي باللغة العربية,https://www.auraideasuae.com/مقالات-احترافية/,العروض التقديمية,supporting
2722,ar,presentation,باللغة الإنجليزية,عرض تقديمي أكاديمي باللغة الإنجليزية,https://www.auraideasuae.com/مقالات-احترافية/,العروض التقديمية,supporting
2723,ar,presentation,عربي وإنجليزي,عرض تقديمي أكاديمي عربي وإنجليزي,https://www.auraideasuae.com/مقالات-احترافية/,العروض التقديمية,supporting
2724,ar,presentation,في الجامعات الإماراتية,عرض تقديمي أكاديمي في الجامعات الإماراتية,https://www.auraideasuae.com/مقالات-احترافية/,العروض التقديمية,supporting
2725,ar,presentation,في دبي,عرض تقديمي أكاديمي في دبي,https://www.auraideasuae.com/مقالات-احترافية/,العروض التقديمية,supporting
2726,ar,presentation,في أبوظبي,عرض تقديمي أكاديمي في أبوظبي,https://www.auraideasuae.com/مقالات-احترافية/,العروض التقديمية,supporting
2727,ar,presentation,في الشارقة,عرض تقديمي أكاديمي في الشارقة,https://www.auraideasuae.com/مقالات-احترافية/,العروض التقديمية,supporting
2728,ar,presentation,للجامعات الخاصة,عرض تقديمي أكاديمي للجامعات الخاصة,https://www.auraideasuae.com/مقالات-احترافية/,العروض التقديمية,supporting
2729,ar,presentation,للجامعات الحكومية,عرض تقديمي أكاديمي للجامعات الحكومية,https://www.auraideasuae.com/مقالات-احترافية/,العروض التقديمية,supporting
2730,ar,presentation,عن بُعد,عرض تقديمي أكاديمي عن بُعد,https://www.auraideasuae.com/مقالات-احترافية/,العروض التقديمية,supporting
2731,ar,presentation,خدمة احترافية,عرض تقديمي أكاديمي خدمة احترافية,https://www.auraideasuae.com/مقالات-احترافية/,العروض التقديمية,supporting
2732,ar,presentation,مساعدة أكاديمية,عرض تقديمي أكاديمي مساعدة أكاديمية,https://www.auraideasuae.com/مقالات-احترافية/,العروض التقديمية,supporting
2733,ar,presentation,استشارة بحثية,عرض تقديمي أكاديمي استشارة بحثية,https://www.auraideasuae.com/مقالات-احترافية/,العروض التقديمية,supporting
2734,ar,presentation,مراجعة أكاديمية,عرض تقديمي أكاديمي مراجعة أكاديمية,https://www.auraideasuae.com/مقالات-احترافية/,العروض التقديمية,supporting
2735,ar,presentation,تدقيق علمي,عرض تقديمي أكاديمي تدقيق علمي,https://www.auraideasuae.com/مقالات-احترافية/,العروض التقديمية,supporting
2736,ar,presentation,تنسيق APA,عرض تقديمي أكاديمي تنسيق APA,https://www.auraideasuae.com/مقالات-احترافية/,العروض التقديمية,supporting
2737,ar,presentation,تنسيق MLA,عرض تقديمي أكاديمي تنسيق MLA,https://www.auraideasuae.com/مقالات-احترافية/,العروض التقديمية,supporting
2738,ar,presentation,تنسيق Chicago,عرض تقديمي أكاديمي تنسيق Chicago,https://www.auraideasuae.com/مقالات-احترافية/,العروض التقديمية,supporting
2739,ar,presentation,توثيق المصادر,عرض تقديمي أكاديمي توثيق المصادر,https://www.auraideasuae.com/مقالات-احترافية/,العروض التقديمية,supporting
2740,ar,presentation,تحسين الصياغة,عرض تقديمي أكاديمي تحسين الصياغة,https://www.auraideasuae.com/مقالات-احترافية/,العروض التقديمية,supporting
2741,ar,presentation,تحسين المنهجية,عرض تقديمي أكاديمي تحسين المنهجية,https://www.auraideasuae.com/مقالات-احترافية/,العروض التقديمية,supporting
2742,ar,presentation,قراءة وتحليل البيانات,عرض تقديمي أكاديمي قراءة وتحليل البيانات,https://www.auraideasuae.com/مقالات-احترافية/,العروض التقديمية,supporting
2743,ar,presentation,تصميم أداة البحث,عرض تقديمي أكاديمي تصميم أداة البحث,https://www.auraideasuae.com/مقالات-احترافية/,العروض التقديمية,supporting
2744,ar,presentation,مراجعة الاستبيان,عرض تقديمي أكاديمي مراجعة الاستبيان,https://www.auraideasuae.com/مقالات-احترافية/,العروض التقديمية,supporting
2745,ar,presentation,تفسير النتائج,عرض تقديمي أكاديمي تفسير النتائج,https://www.auraideasuae.com/مقالات-احترافية/,العروض التقديمية,supporting
2746,ar,presentation,إعداد الجداول,عرض تقديمي أكاديمي إعداد الجداول,https://www.auraideasuae.com/مقالات-احترافية/,العروض التقديمية,supporting
2747,ar,presentation,إعداد الرسوم البيانية,عرض تقديمي أكاديمي إعداد الرسوم البيانية,https://www.auraideasuae.com/مقالات-احترافية/,العروض التقديمية,supporting
2748,ar,presentation,تجهيز المناقشة,عرض تقديمي أكاديمي تجهيز المناقشة,https://www.auraideasuae.com/مقالات-احترافية/,العروض التقديمية,supporting
2749,ar,presentation,مع الحفاظ على الأمانة العلمية,عرض تقديمي أكاديمي مع الحفاظ على الأمانة العلمية,https://www.auraideasuae.com/مقالات-احترافية/,العروض التقديمية,supporting
2750,ar,presentation,وفق متطلبات الجامعة,عرض تقديمي أكاديمي وفق متطلبات الجامعة,https://www.auraideasuae.com/مقالات-احترافية/,العروض التقديمية,supporting
2751,en,presentation,simple explanation,academic presentation simple explanation,https://www.auraideasuae.com/مقالات-احترافية/,العروض التقديمية,supporting
2752,en,presentation,practical guide,academic presentation practical guide,https://www.auraideasuae.com/مقالات-احترافية/,العروض التقديمية,supporting
2753,en,presentation,step-by-step process,academic presentation step-by-step process,https://www.auraideasuae.com/مقالات-احترافية/,العروض التقديمية,supporting
2754,en,presentation,editable template,academic presentation editable template,https://www.auraideasuae.com/مقالات-احترافية/,العروض التقديمية,supporting
2755,en,presentation,worked example,academic presentation worked example,https://www.auraideasuae.com/مقالات-احترافية/,العروض التقديمية,supporting
2756,en,presentation,action plan,academic presentation action plan,https://www.auraideasuae.com/مقالات-احترافية/,العروض التقديمية,supporting
2757,en,presentation,student tips,academic presentation student tips,https://www.auraideasuae.com/مقالات-احترافية/,العروض التقديمية,supporting
2758,en,presentation,common mistakes,academic presentation common mistakes,https://www.auraideasuae.com/مقالات-احترافية/,العروض التقديمية,supporting
2759,en,presentation,quality standards,academic presentation quality standards,https://www.auraideasuae.com/مقالات-احترافية/,العروض التقديمية,supporting
2760,en,presentation,how to prepare,academic presentation how to prepare,https://www.auraideasuae.com/مقالات-احترافية/,العروض التقديمية,supporting
2761,en,presentation,how to write,academic presentation how to write,https://www.auraideasuae.com/مقالات-احترافية/,العروض التقديمية,supporting
2762,en,presentation,how to format,academic presentation how to format,https://www.auraideasuae.com/مقالات-احترافية/,العروض التقديمية,supporting
2763,en,presentation,how to cite sources,academic presentation how to cite sources,https://www.auraideasuae.com/مقالات-احترافية/,العروض التقديمية,supporting
2764,en,presentation,how to proofread,academic presentation how to proofread,https://www.auraideasuae.com/مقالات-احترافية/,العروض التقديمية,supporting
2765,en,presentation,how to analyze,academic presentation how to analyze,https://www.auraideasuae.com/مقالات-احترافية/,العروض التقديمية,supporting
2766,en,presentation,how to present,academic presentation how to present,https://www.auraideasuae.com/مقالات-احترافية/,العروض التقديمية,supporting
2767,en,presentation,before submission,academic presentation before submission,https://www.auraideasuae.com/مقالات-احترافية/,العروض التقديمية,supporting
2768,en,presentation,for undergraduate students,academic presentation for undergraduate students,https://www.auraideasuae.com/مقالات-احترافية/,العروض التقديمية,supporting
2769,en,presentation,for master's students,academic presentation for master's students,https://www.auraideasuae.com/مقالات-احترافية/,العروض التقديمية,supporting
2770,en,presentation,for doctoral students,academic presentation for doctoral students,https://www.auraideasuae.com/مقالات-احترافية/,العروض التقديمية,supporting
2771,en,presentation,in Arabic,academic presentation in Arabic,https://www.auraideasuae.com/مقالات-احترافية/,العروض التقديمية,supporting
2772,en,presentation,in English,academic presentation in English,https://www.auraideasuae.com/مقالات-احترافية/,العروض التقديمية,supporting
2773,en,presentation,Arabic and English,academic presentation Arabic and English,https://www.auraideasuae.com/مقالات-احترافية/,العروض التقديمية,supporting
2774,en,presentation,for UAE universities,academic presentation for UAE universities,https://www.auraideasuae.com/مقالات-احترافية/,العروض التقديمية,supporting
2775,en,presentation,in Dubai,academic presentation in Dubai,https://www.auraideasuae.com/مقالات-احترافية/,العروض التقديمية,supporting
2776,en,presentation,in Abu Dhabi,academic presentation in Abu Dhabi,https://www.auraideasuae.com/مقالات-احترافية/,العروض التقديمية,supporting
2777,en,presentation,in Sharjah,academic presentation in Sharjah,https://www.auraideasuae.com/مقالات-احترافية/,العروض التقديمية,supporting
2778,en,presentation,for private universities,academic presentation for private universities,https://www.auraideasuae.com/مقالات-احترافية/,العروض التقديمية,supporting
2779,en,presentation,for public universities,academic presentation for public universities,https://www.auraideasuae.com/مقالات-احترافية/,العروض التقديمية,supporting
2780,en,presentation,online support,academic presentation online support,https://www.auraideasuae.com/مقالات-احترافية/,العروض التقديمية,supporting
2781,en,presentation,professional service,academic presentation professional service,https://www.auraideasuae.com/مقالات-احترافية/,العروض التقديمية,supporting
2782,en,presentation,academic assistance,academic presentation academic assistance,https://www.auraideasuae.com/مقالات-احترافية/,العروض التقديمية,supporting
2783,en,presentation,research consultation,academic presentation research consultation,https://www.auraideasuae.com/مقالات-احترافية/,العروض التقديمية,supporting
2784,en,presentation,academic review,academic presentation academic review,https://www.auraideasuae.com/مقالات-احترافية/,العروض التقديمية,supporting
2785,en,presentation,scholarly proofreading,academic presentation scholarly proofreading,https://www.auraideasuae.com/مقالات-احترافية/,العروض التقديمية,supporting
2786,en,presentation,APA formatting,academic presentation APA formatting,https://www.auraideasuae.com/مقالات-احترافية/,العروض التقديمية,supporting
2787,en,presentation,MLA formatting,academic presentation MLA formatting,https://www.auraideasuae.com/مقالات-احترافية/,العروض التقديمية,supporting
2788,en,presentation,Chicago formatting,academic presentation Chicago formatting,https://www.auraideasuae.com/مقالات-احترافية/,العروض التقديمية,supporting
2789,en,presentation,source citation,academic presentation source citation,https://www.auraideasuae.com/مقالات-احترافية/,العروض التقديمية,supporting
2790,en,presentation,academic rewriting,academic presentation academic rewriting,https://www.auraideasuae.com/مقالات-احترافية/,العروض التقديمية,supporting
2791,en,presentation,methodology improvement,academic presentation methodology improvement,https://www.auraideasuae.com/مقالات-احترافية/,العروض التقديمية,supporting
2792,en,presentation,data interpretation,academic presentation data interpretation,https://www.auraideasuae.com/مقالات-احترافية/,العروض التقديمية,supporting
2793,en,presentation,research instrument design,academic presentation research instrument design,https://www.auraideasuae.com/مقالات-احترافية/,العروض التقديمية,supporting
2794,en,presentation,survey review,academic presentation survey review,https://www.auraideasuae.com/مقالات-احترافية/,العروض التقديمية,supporting
2795,en,presentation,results interpretation,academic presentation results interpretation,https://www.auraideasuae.com/مقالات-احترافية/,العروض التقديمية,supporting
2796,en,presentation,table preparation,academic presentation table preparation,https://www.auraideasuae.com/مقالات-احترافية/,العروض التقديمية,supporting
2797,en,presentation,chart preparation,academic presentation chart preparation,https://www.auraideasuae.com/مقالات-احترافية/,العروض التقديمية,supporting
2798,en,presentation,discussion preparation,academic presentation discussion preparation,https://www.auraideasuae.com/مقالات-احترافية/,العروض التقديمية,supporting
2799,en,presentation,with academic integrity,academic presentation with academic integrity,https://www.auraideasuae.com/مقالات-احترافية/,العروض التقديمية,supporting
2800,en,presentation,according to university requirements,academic presentation according to university requirements,https://www.auraideasuae.com/مقالات-احترافية/,العروض التقديمية,supporting
2801,ar,powerpoint,شرح مبسط,بوربوينت للجامعة شرح مبسط,https://www.auraideasuae.com/مقالات-احترافية/,عروض PowerPoint,supporting
2802,ar,powerpoint,دليل عملي,بوربوينت للجامعة دليل عملي,https://www.auraideasuae.com/مقالات-احترافية/,عروض PowerPoint,supporting
2803,ar,powerpoint,خطوات التنفيذ,بوربوينت للجامعة خطوات التنفيذ,https://www.auraideasuae.com/مقالات-احترافية/,عروض PowerPoint,supporting
2804,ar,powerpoint,نموذج قابل للتعديل,بوربوينت للجامعة نموذج قابل للتعديل,https://www.auraideasuae.com/مقالات-احترافية/,عروض PowerPoint,supporting
2805,ar,powerpoint,مثال تطبيقي,بوربوينت للجامعة مثال تطبيقي,https://www.auraideasuae.com/مقالات-احترافية/,عروض PowerPoint,supporting
2806,ar,powerpoint,خطة عمل,بوربوينت للجامعة خطة عمل,https://www.auraideasuae.com/مقالات-احترافية/,عروض PowerPoint,supporting
2807,ar,powerpoint,نصائح للطلاب,بوربوينت للجامعة نصائح للطلاب,https://www.auraideasuae.com/مقالات-احترافية/,عروض PowerPoint,supporting
2808,ar,powerpoint,أخطاء شائعة,بوربوينت للجامعة أخطاء شائعة,https://www.auraideasuae.com/مقالات-احترافية/,عروض PowerPoint,supporting
2809,ar,powerpoint,معايير الجودة,بوربوينت للجامعة معايير الجودة,https://www.auraideasuae.com/مقالات-احترافية/,عروض PowerPoint,supporting
2810,ar,powerpoint,طريقة الإعداد,بوربوينت للجامعة طريقة الإعداد,https://www.auraideasuae.com/مقالات-احترافية/,عروض PowerPoint,supporting
2811,ar,powerpoint,كيفية الكتابة,بوربوينت للجامعة كيفية الكتابة,https://www.auraideasuae.com/مقالات-احترافية/,عروض PowerPoint,supporting
2812,ar,powerpoint,كيفية التنسيق,بوربوينت للجامعة كيفية التنسيق,https://www.auraideasuae.com/مقالات-احترافية/,عروض PowerPoint,supporting
2813,ar,powerpoint,كيفية التوثيق,بوربوينت للجامعة كيفية التوثيق,https://www.auraideasuae.com/مقالات-احترافية/,عروض PowerPoint,supporting
2814,ar,powerpoint,كيفية المراجعة,بوربوينت للجامعة كيفية المراجعة,https://www.auraideasuae.com/مقالات-احترافية/,عروض PowerPoint,supporting
2815,ar,powerpoint,كيفية التحليل,بوربوينت للجامعة كيفية التحليل,https://www.auraideasuae.com/مقالات-احترافية/,عروض PowerPoint,supporting
2816,ar,powerpoint,كيفية العرض,بوربوينت للجامعة كيفية العرض,https://www.auraideasuae.com/مقالات-احترافية/,عروض PowerPoint,supporting
2817,ar,powerpoint,قبل التسليم,بوربوينت للجامعة قبل التسليم,https://www.auraideasuae.com/مقالات-احترافية/,عروض PowerPoint,supporting
2818,ar,powerpoint,لطلاب البكالوريوس,بوربوينت للجامعة لطلاب البكالوريوس,https://www.auraideasuae.com/مقالات-احترافية/,عروض PowerPoint,supporting
2819,ar,powerpoint,لطلاب الماجستير,بوربوينت للجامعة لطلاب الماجستير,https://www.auraideasuae.com/مقالات-احترافية/,عروض PowerPoint,supporting
2820,ar,powerpoint,لطلاب الدكتوراه,بوربوينت للجامعة لطلاب الدكتوراه,https://www.auraideasuae.com/مقالات-احترافية/,عروض PowerPoint,supporting
2821,ar,powerpoint,باللغة العربية,بوربوينت للجامعة باللغة العربية,https://www.auraideasuae.com/مقالات-احترافية/,عروض PowerPoint,supporting
2822,ar,powerpoint,باللغة الإنجليزية,بوربوينت للجامعة باللغة الإنجليزية,https://www.auraideasuae.com/مقالات-احترافية/,عروض PowerPoint,supporting
2823,ar,powerpoint,عربي وإنجليزي,بوربوينت للجامعة عربي وإنجليزي,https://www.auraideasuae.com/مقالات-احترافية/,عروض PowerPoint,supporting
2824,ar,powerpoint,في الجامعات الإماراتية,بوربوينت للجامعة في الجامعات الإماراتية,https://www.auraideasuae.com/مقالات-احترافية/,عروض PowerPoint,supporting
2825,ar,powerpoint,في دبي,بوربوينت للجامعة في دبي,https://www.auraideasuae.com/مقالات-احترافية/,عروض PowerPoint,supporting
2826,ar,powerpoint,في أبوظبي,بوربوينت للجامعة في أبوظبي,https://www.auraideasuae.com/مقالات-احترافية/,عروض PowerPoint,supporting
2827,ar,powerpoint,في الشارقة,بوربوينت للجامعة في الشارقة,https://www.auraideasuae.com/مقالات-احترافية/,عروض PowerPoint,supporting
2828,ar,powerpoint,للجامعات الخاصة,بوربوينت للجامعة للجامعات الخاصة,https://www.auraideasuae.com/مقالات-احترافية/,عروض PowerPoint,supporting
2829,ar,powerpoint,للجامعات الحكومية,بوربوينت للجامعة للجامعات الحكومية,https://www.auraideasuae.com/مقالات-احترافية/,عروض PowerPoint,supporting
2830,ar,powerpoint,عن بُعد,بوربوينت للجامعة عن بُعد,https://www.auraideasuae.com/مقالات-احترافية/,عروض PowerPoint,supporting
2831,ar,powerpoint,خدمة احترافية,بوربوينت للجامعة خدمة احترافية,https://www.auraideasuae.com/مقالات-احترافية/,عروض PowerPoint,supporting
2832,ar,powerpoint,مساعدة أكاديمية,بوربوينت للجامعة مساعدة أكاديمية,https://www.auraideasuae.com/مقالات-احترافية/,عروض PowerPoint,supporting
2833,ar,powerpoint,استشارة بحثية,بوربوينت للجامعة استشارة بحثية,https://www.auraideasuae.com/مقالات-احترافية/,عروض PowerPoint,supporting
2834,ar,powerpoint,مراجعة أكاديمية,بوربوينت للجامعة مراجعة أكاديمية,https://www.auraideasuae.com/مقالات-احترافية/,عروض PowerPoint,supporting
2835,ar,powerpoint,تدقيق علمي,بوربوينت للجامعة تدقيق علمي,https://www.auraideasuae.com/مقالات-احترافية/,عروض PowerPoint,supporting
2836,ar,powerpoint,تنسيق APA,بوربوينت للجامعة تنسيق APA,https://www.auraideasuae.com/مقالات-احترافية/,عروض PowerPoint,supporting
2837,ar,powerpoint,تنسيق MLA,بوربوينت للجامعة تنسيق MLA,https://www.auraideasuae.com/مقالات-احترافية/,عروض PowerPoint,supporting
2838,ar,powerpoint,تنسيق Chicago,بوربوينت للجامعة تنسيق Chicago,https://www.auraideasuae.com/مقالات-احترافية/,عروض PowerPoint,supporting
2839,ar,powerpoint,توثيق المصادر,بوربوينت للجامعة توثيق المصادر,https://www.auraideasuae.com/مقالات-احترافية/,عروض PowerPoint,supporting
2840,ar,powerpoint,تحسين الصياغة,بوربوينت للجامعة تحسين الصياغة,https://www.auraideasuae.com/مقالات-احترافية/,عروض PowerPoint,supporting
2841,ar,powerpoint,تحسين المنهجية,بوربوينت للجامعة تحسين المنهجية,https://www.auraideasuae.com/مقالات-احترافية/,عروض PowerPoint,supporting
2842,ar,powerpoint,قراءة وتحليل البيانات,بوربوينت للجامعة قراءة وتحليل البيانات,https://www.auraideasuae.com/مقالات-احترافية/,عروض PowerPoint,supporting
2843,ar,powerpoint,تصميم أداة البحث,بوربوينت للجامعة تصميم أداة البحث,https://www.auraideasuae.com/مقالات-احترافية/,عروض PowerPoint,supporting
2844,ar,powerpoint,مراجعة الاستبيان,بوربوينت للجامعة مراجعة الاستبيان,https://www.auraideasuae.com/مقالات-احترافية/,عروض PowerPoint,supporting
2845,ar,powerpoint,تفسير النتائج,بوربوينت للجامعة تفسير النتائج,https://www.auraideasuae.com/مقالات-احترافية/,عروض PowerPoint,supporting
2846,ar,powerpoint,إعداد الجداول,بوربوينت للجامعة إعداد الجداول,https://www.auraideasuae.com/مقالات-احترافية/,عروض PowerPoint,supporting
2847,ar,powerpoint,إعداد الرسوم البيانية,بوربوينت للجامعة إعداد الرسوم البيانية,https://www.auraideasuae.com/مقالات-احترافية/,عروض PowerPoint,supporting
2848,ar,powerpoint,تجهيز المناقشة,بوربوينت للجامعة تجهيز المناقشة,https://www.auraideasuae.com/مقالات-احترافية/,عروض PowerPoint,supporting
2849,ar,powerpoint,مع الحفاظ على الأمانة العلمية,بوربوينت للجامعة مع الحفاظ على الأمانة العلمية,https://www.auraideasuae.com/مقالات-احترافية/,عروض PowerPoint,supporting
2850,ar,powerpoint,وفق متطلبات الجامعة,بوربوينت للجامعة وفق متطلبات الجامعة,https://www.auraideasuae.com/مقالات-احترافية/,عروض PowerPoint,supporting
2851,en,powerpoint,simple explanation,PowerPoint for university simple explanation,https://www.auraideasuae.com/مقالات-احترافية/,عروض PowerPoint,supporting
2852,en,powerpoint,practical guide,PowerPoint for university practical guide,https://www.auraideasuae.com/مقالات-احترافية/,عروض PowerPoint,supporting
2853,en,powerpoint,step-by-step process,PowerPoint for university step-by-step process,https://www.auraideasuae.com/مقالات-احترافية/,عروض PowerPoint,supporting
2854,en,powerpoint,editable template,PowerPoint for university editable template,https://www.auraideasuae.com/مقالات-احترافية/,عروض PowerPoint,supporting
2855,en,powerpoint,worked example,PowerPoint for university worked example,https://www.auraideasuae.com/مقالات-احترافية/,عروض PowerPoint,supporting
2856,en,powerpoint,action plan,PowerPoint for university action plan,https://www.auraideasuae.com/مقالات-احترافية/,عروض PowerPoint,supporting
2857,en,powerpoint,student tips,PowerPoint for university student tips,https://www.auraideasuae.com/مقالات-احترافية/,عروض PowerPoint,supporting
2858,en,powerpoint,common mistakes,PowerPoint for university common mistakes,https://www.auraideasuae.com/مقالات-احترافية/,عروض PowerPoint,supporting
2859,en,powerpoint,quality standards,PowerPoint for university quality standards,https://www.auraideasuae.com/مقالات-احترافية/,عروض PowerPoint,supporting
2860,en,powerpoint,how to prepare,PowerPoint for university how to prepare,https://www.auraideasuae.com/مقالات-احترافية/,عروض PowerPoint,supporting
2861,en,powerpoint,how to write,PowerPoint for university how to write,https://www.auraideasuae.com/مقالات-احترافية/,عروض PowerPoint,supporting
2862,en,powerpoint,how to format,PowerPoint for university how to format,https://www.auraideasuae.com/مقالات-احترافية/,عروض PowerPoint,supporting
2863,en,powerpoint,how to cite sources,PowerPoint for university how to cite sources,https://www.auraideasuae.com/مقالات-احترافية/,عروض PowerPoint,supporting
2864,en,powerpoint,how to proofread,PowerPoint for university how to proofread,https://www.auraideasuae.com/مقالات-احترافية/,عروض PowerPoint,supporting
2865,en,powerpoint,how to analyze,PowerPoint for university how to analyze,https://www.auraideasuae.com/مقالات-احترافية/,عروض PowerPoint,supporting
2866,en,powerpoint,how to present,PowerPoint for university how to present,https://www.auraideasuae.com/مقالات-احترافية/,عروض PowerPoint,supporting
2867,en,powerpoint,before submission,PowerPoint for university before submission,https://www.auraideasuae.com/مقالات-احترافية/,عروض PowerPoint,supporting
2868,en,powerpoint,for undergraduate students,PowerPoint for university for undergraduate students,https://www.auraideasuae.com/مقالات-احترافية/,عروض PowerPoint,supporting
2869,en,powerpoint,for master's students,PowerPoint for university for master's students,https://www.auraideasuae.com/مقالات-احترافية/,عروض PowerPoint,supporting
2870,en,powerpoint,for doctoral students,PowerPoint for university for doctoral students,https://www.auraideasuae.com/مقالات-احترافية/,عروض PowerPoint,supporting
2871,en,powerpoint,in Arabic,PowerPoint for university in Arabic,https://www.auraideasuae.com/مقالات-احترافية/,عروض PowerPoint,supporting
2872,en,powerpoint,in English,PowerPoint for university in English,https://www.auraideasuae.com/مقالات-احترافية/,عروض PowerPoint,supporting
2873,en,powerpoint,Arabic and English,PowerPoint for university Arabic and English,https://www.auraideasuae.com/مقالات-احترافية/,عروض PowerPoint,supporting
2874,en,powerpoint,for UAE universities,PowerPoint for university for UAE universities,https://www.auraideasuae.com/مقالات-احترافية/,عروض PowerPoint,supporting
2875,en,powerpoint,in Dubai,PowerPoint for university in Dubai,https://www.auraideasuae.com/مقالات-احترافية/,عروض PowerPoint,supporting
2876,en,powerpoint,in Abu Dhabi,PowerPoint for university in Abu Dhabi,https://www.auraideasuae.com/مقالات-احترافية/,عروض PowerPoint,supporting
2877,en,powerpoint,in Sharjah,PowerPoint for university in Sharjah,https://www.auraideasuae.com/مقالات-احترافية/,عروض PowerPoint,supporting
2878,en,powerpoint,for private universities,PowerPoint for university for private universities,https://www.auraideasuae.com/مقالات-احترافية/,عروض PowerPoint,supporting
2879,en,powerpoint,for public universities,PowerPoint for university for public universities,https://www.auraideasuae.com/مقالات-احترافية/,عروض PowerPoint,supporting
2880,en,powerpoint,online support,PowerPoint for university online support,https://www.auraideasuae.com/مقالات-احترافية/,عروض PowerPoint,supporting
2881,en,powerpoint,professional service,PowerPoint for university professional service,https://www.auraideasuae.com/مقالات-احترافية/,عروض PowerPoint,supporting
2882,en,powerpoint,academic assistance,PowerPoint for university academic assistance,https://www.auraideasuae.com/مقالات-احترافية/,عروض PowerPoint,supporting
2883,en,powerpoint,research consultation,PowerPoint for university research consultation,https://www.auraideasuae.com/مقالات-احترافية/,عروض PowerPoint,supporting
2884,en,powerpoint,academic review,PowerPoint for university academic review,https://www.auraideasuae.com/مقالات-احترافية/,عروض PowerPoint,supporting
2885,en,powerpoint,scholarly proofreading,PowerPoint for university scholarly proofreading,https://www.auraideasuae.com/مقالات-احترافية/,عروض PowerPoint,supporting
2886,en,powerpoint,APA formatting,PowerPoint for university APA formatting,https://www.auraideasuae.com/مقالات-احترافية/,عروض PowerPoint,supporting
2887,en,powerpoint,MLA formatting,PowerPoint for university MLA formatting,https://www.auraideasuae.com/مقالات-احترافية/,عروض PowerPoint,supporting
2888,en,powerpoint,Chicago formatting,PowerPoint for university Chicago formatting,https://www.auraideasuae.com/مقالات-احترافية/,عروض PowerPoint,supporting
2889,en,powerpoint,source citation,PowerPoint for university source citation,https://www.auraideasuae.com/مقالات-احترافية/,عروض PowerPoint,supporting
2890,en,powerpoint,academic rewriting,PowerPoint for university academic rewriting,https://www.auraideasuae.com/مقالات-احترافية/,عروض PowerPoint,supporting
2891,en,powerpoint,methodology improvement,PowerPoint for university methodology improvement,https://www.auraideasuae.com/مقالات-احترافية/,عروض PowerPoint,supporting
2892,en,powerpoint,data interpretation,PowerPoint for university data interpretation,https://www.auraideasuae.com/مقالات-احترافية/,عروض PowerPoint,supporting
2893,en,powerpoint,research instrument design,PowerPoint for university research instrument design,https://www.auraideasuae.com/مقالات-احترافية/,عروض PowerPoint,supporting
2894,en,powerpoint,survey review,PowerPoint for university survey review,https://www.auraideasuae.com/مقالات-احترافية/,عروض PowerPoint,supporting
2895,en,powerpoint,results interpretation,PowerPoint for university results interpretation,https://www.auraideasuae.com/مقالات-احترافية/,عروض PowerPoint,supporting
2896,en,powerpoint,table preparation,PowerPoint for university table preparation,https://www.auraideasuae.com/مقالات-احترافية/,عروض PowerPoint,supporting
2897,en,powerpoint,chart preparation,PowerPoint for university chart preparation,https://www.auraideasuae.com/مقالات-احترافية/,عروض PowerPoint,supporting
2898,en,powerpoint,discussion preparation,PowerPoint for university discussion preparation,https://www.auraideasuae.com/مقالات-احترافية/,عروض PowerPoint,supporting
2899,en,powerpoint,with academic integrity,PowerPoint for university with academic integrity,https://www.auraideasuae.com/مقالات-احترافية/,عروض PowerPoint,supporting
2900,en,powerpoint,according to university requirements,PowerPoint for university according to university requirements,https://www.auraideasuae.com/مقالات-احترافية/,عروض PowerPoint,supporting
2901,ar,poster,شرح مبسط,ملصق علمي شرح مبسط,https://www.auraideasuae.com/مقالات-احترافية/,الملصقات العلمية,supporting
2902,ar,poster,دليل عملي,ملصق علمي دليل عملي,https://www.auraideasuae.com/مقالات-احترافية/,الملصقات العلمية,supporting
2903,ar,poster,خطوات التنفيذ,ملصق علمي خطوات التنفيذ,https://www.auraideasuae.com/مقالات-احترافية/,الملصقات العلمية,supporting
2904,ar,poster,نموذج قابل للتعديل,ملصق علمي نموذج قابل للتعديل,https://www.auraideasuae.com/مقالات-احترافية/,الملصقات العلمية,supporting
2905,ar,poster,مثال تطبيقي,ملصق علمي مثال تطبيقي,https://www.auraideasuae.com/مقالات-احترافية/,الملصقات العلمية,supporting
2906,ar,poster,خطة عمل,ملصق علمي خطة عمل,https://www.auraideasuae.com/مقالات-احترافية/,الملصقات العلمية,supporting
2907,ar,poster,نصائح للطلاب,ملصق علمي نصائح للطلاب,https://www.auraideasuae.com/مقالات-احترافية/,الملصقات العلمية,supporting
2908,ar,poster,أخطاء شائعة,ملصق علمي أخطاء شائعة,https://www.auraideasuae.com/مقالات-احترافية/,الملصقات العلمية,supporting
2909,ar,poster,معايير الجودة,ملصق علمي معايير الجودة,https://www.auraideasuae.com/مقالات-احترافية/,الملصقات العلمية,supporting
2910,ar,poster,طريقة الإعداد,ملصق علمي طريقة الإعداد,https://www.auraideasuae.com/مقالات-احترافية/,الملصقات العلمية,supporting
2911,ar,poster,كيفية الكتابة,ملصق علمي كيفية الكتابة,https://www.auraideasuae.com/مقالات-احترافية/,الملصقات العلمية,supporting
2912,ar,poster,كيفية التنسيق,ملصق علمي كيفية التنسيق,https://www.auraideasuae.com/مقالات-احترافية/,الملصقات العلمية,supporting
2913,ar,poster,كيفية التوثيق,ملصق علمي كيفية التوثيق,https://www.auraideasuae.com/مقالات-احترافية/,الملصقات العلمية,supporting
2914,ar,poster,كيفية المراجعة,ملصق علمي كيفية المراجعة,https://www.auraideasuae.com/مقالات-احترافية/,الملصقات العلمية,supporting
2915,ar,poster,كيفية التحليل,ملصق علمي كيفية التحليل,https://www.auraideasuae.com/مقالات-احترافية/,الملصقات العلمية,supporting
2916,ar,poster,كيفية العرض,ملصق علمي كيفية العرض,https://www.auraideasuae.com/مقالات-احترافية/,الملصقات العلمية,supporting
2917,ar,poster,قبل التسليم,ملصق علمي قبل التسليم,https://www.auraideasuae.com/مقالات-احترافية/,الملصقات العلمية,supporting
2918,ar,poster,لطلاب البكالوريوس,ملصق علمي لطلاب البكالوريوس,https://www.auraideasuae.com/مقالات-احترافية/,الملصقات العلمية,supporting
2919,ar,poster,لطلاب الماجستير,ملصق علمي لطلاب الماجستير,https://www.auraideasuae.com/مقالات-احترافية/,الملصقات العلمية,supporting
2920,ar,poster,لطلاب الدكتوراه,ملصق علمي لطلاب الدكتوراه,https://www.auraideasuae.com/مقالات-احترافية/,الملصقات العلمية,supporting
2921,ar,poster,باللغة العربية,ملصق علمي باللغة العربية,https://www.auraideasuae.com/مقالات-احترافية/,الملصقات العلمية,supporting
2922,ar,poster,باللغة الإنجليزية,ملصق علمي باللغة الإنجليزية,https://www.auraideasuae.com/مقالات-احترافية/,الملصقات العلمية,supporting
2923,ar,poster,عربي وإنجليزي,ملصق علمي عربي وإنجليزي,https://www.auraideasuae.com/مقالات-احترافية/,الملصقات العلمية,supporting
2924,ar,poster,في الجامعات الإماراتية,ملصق علمي في الجامعات الإماراتية,https://www.auraideasuae.com/مقالات-احترافية/,الملصقات العلمية,supporting
2925,ar,poster,في دبي,ملصق علمي في دبي,https://www.auraideasuae.com/مقالات-احترافية/,الملصقات العلمية,supporting
2926,ar,poster,في أبوظبي,ملصق علمي في أبوظبي,https://www.auraideasuae.com/مقالات-احترافية/,الملصقات العلمية,supporting
2927,ar,poster,في الشارقة,ملصق علمي في الشارقة,https://www.auraideasuae.com/مقالات-احترافية/,الملصقات العلمية,supporting
2928,ar,poster,للجامعات الخاصة,ملصق علمي للجامعات الخاصة,https://www.auraideasuae.com/مقالات-احترافية/,الملصقات العلمية,supporting
2929,ar,poster,للجامعات الحكومية,ملصق علمي للجامعات الحكومية,https://www.auraideasuae.com/مقالات-احترافية/,الملصقات العلمية,supporting
2930,ar,poster,عن بُعد,ملصق علمي عن بُعد,https://www.auraideasuae.com/مقالات-احترافية/,الملصقات العلمية,supporting
2931,ar,poster,خدمة احترافية,ملصق علمي خدمة احترافية,https://www.auraideasuae.com/مقالات-احترافية/,الملصقات العلمية,supporting
2932,ar,poster,مساعدة أكاديمية,ملصق علمي مساعدة أكاديمية,https://www.auraideasuae.com/مقالات-احترافية/,الملصقات العلمية,supporting
2933,ar,poster,استشارة بحثية,ملصق علمي استشارة بحثية,https://www.auraideasuae.com/مقالات-احترافية/,الملصقات العلمية,supporting
2934,ar,poster,مراجعة أكاديمية,ملصق علمي مراجعة أكاديمية,https://www.auraideasuae.com/مقالات-احترافية/,الملصقات العلمية,supporting
2935,ar,poster,تدقيق علمي,ملصق علمي تدقيق علمي,https://www.auraideasuae.com/مقالات-احترافية/,الملصقات العلمية,supporting
2936,ar,poster,تنسيق APA,ملصق علمي تنسيق APA,https://www.auraideasuae.com/مقالات-احترافية/,الملصقات العلمية,supporting
2937,ar,poster,تنسيق MLA,ملصق علمي تنسيق MLA,https://www.auraideasuae.com/مقالات-احترافية/,الملصقات العلمية,supporting
2938,ar,poster,تنسيق Chicago,ملصق علمي تنسيق Chicago,https://www.auraideasuae.com/مقالات-احترافية/,الملصقات العلمية,supporting
2939,ar,poster,توثيق المصادر,ملصق علمي توثيق المصادر,https://www.auraideasuae.com/مقالات-احترافية/,الملصقات العلمية,supporting
2940,ar,poster,تحسين الصياغة,ملصق علمي تحسين الصياغة,https://www.auraideasuae.com/مقالات-احترافية/,الملصقات العلمية,supporting
2941,ar,poster,تحسين المنهجية,ملصق علمي تحسين المنهجية,https://www.auraideasuae.com/مقالات-احترافية/,الملصقات العلمية,supporting
2942,ar,poster,قراءة وتحليل البيانات,ملصق علمي قراءة وتحليل البيانات,https://www.auraideasuae.com/مقالات-احترافية/,الملصقات العلمية,supporting
2943,ar,poster,تصميم أداة البحث,ملصق علمي تصميم أداة البحث,https://www.auraideasuae.com/مقالات-احترافية/,الملصقات العلمية,supporting
2944,ar,poster,مراجعة الاستبيان,ملصق علمي مراجعة الاستبيان,https://www.auraideasuae.com/مقالات-احترافية/,الملصقات العلمية,supporting
2945,ar,poster,تفسير النتائج,ملصق علمي تفسير النتائج,https://www.auraideasuae.com/مقالات-احترافية/,الملصقات العلمية,supporting
2946,ar,poster,إعداد الجداول,ملصق علمي إعداد الجداول,https://www.auraideasuae.com/مقالات-احترافية/,الملصقات العلمية,supporting
2947,ar,poster,إعداد الرسوم البيانية,ملصق علمي إعداد الرسوم البيانية,https://www.auraideasuae.com/مقالات-احترافية/,الملصقات العلمية,supporting
2948,ar,poster,تجهيز المناقشة,ملصق علمي تجهيز المناقشة,https://www.auraideasuae.com/مقالات-احترافية/,الملصقات العلمية,supporting
2949,ar,poster,مع الحفاظ على الأمانة العلمية,ملصق علمي مع الحفاظ على الأمانة العلمية,https://www.auraideasuae.com/مقالات-احترافية/,الملصقات العلمية,supporting
2950,ar,poster,وفق متطلبات الجامعة,ملصق علمي وفق متطلبات الجامعة,https://www.auraideasuae.com/مقالات-احترافية/,الملصقات العلمية,supporting
2951,en,poster,simple explanation,academic research poster simple explanation,https://www.auraideasuae.com/مقالات-احترافية/,الملصقات العلمية,supporting
2952,en,poster,practical guide,academic research poster practical guide,https://www.auraideasuae.com/مقالات-احترافية/,الملصقات العلمية,supporting
2953,en,poster,step-by-step process,academic research poster step-by-step process,https://www.auraideasuae.com/مقالات-احترافية/,الملصقات العلمية,supporting
2954,en,poster,editable template,academic research poster editable template,https://www.auraideasuae.com/مقالات-احترافية/,الملصقات العلمية,supporting
2955,en,poster,worked example,academic research poster worked example,https://www.auraideasuae.com/مقالات-احترافية/,الملصقات العلمية,supporting
2956,en,poster,action plan,academic research poster action plan,https://www.auraideasuae.com/مقالات-احترافية/,الملصقات العلمية,supporting
2957,en,poster,student tips,academic research poster student tips,https://www.auraideasuae.com/مقالات-احترافية/,الملصقات العلمية,supporting
2958,en,poster,common mistakes,academic research poster common mistakes,https://www.auraideasuae.com/مقالات-احترافية/,الملصقات العلمية,supporting
2959,en,poster,quality standards,academic research poster quality standards,https://www.auraideasuae.com/مقالات-احترافية/,الملصقات العلمية,supporting
2960,en,poster,how to prepare,academic research poster how to prepare,https://www.auraideasuae.com/مقالات-احترافية/,الملصقات العلمية,supporting
2961,en,poster,how to write,academic research poster how to write,https://www.auraideasuae.com/مقالات-احترافية/,الملصقات العلمية,supporting
2962,en,poster,how to format,academic research poster how to format,https://www.auraideasuae.com/مقالات-احترافية/,الملصقات العلمية,supporting
2963,en,poster,how to cite sources,academic research poster how to cite sources,https://www.auraideasuae.com/مقالات-احترافية/,الملصقات العلمية,supporting
2964,en,poster,how to proofread,academic research poster how to proofread,https://www.auraideasuae.com/مقالات-احترافية/,الملصقات العلمية,supporting
2965,en,poster,how to analyze,academic research poster how to analyze,https://www.auraideasuae.com/مقالات-احترافية/,الملصقات العلمية,supporting
2966,en,poster,how to present,academic research poster how to present,https://www.auraideasuae.com/مقالات-احترافية/,الملصقات العلمية,supporting
2967,en,poster,before submission,academic research poster before submission,https://www.auraideasuae.com/مقالات-احترافية/,الملصقات العلمية,supporting
2968,en,poster,for undergraduate students,academic research poster for undergraduate students,https://www.auraideasuae.com/مقالات-احترافية/,الملصقات العلمية,supporting
2969,en,poster,for master's students,academic research poster for master's students,https://www.auraideasuae.com/مقالات-احترافية/,الملصقات العلمية,supporting
2970,en,poster,for doctoral students,academic research poster for doctoral students,https://www.auraideasuae.com/مقالات-احترافية/,الملصقات العلمية,supporting
2971,en,poster,in Arabic,academic research poster in Arabic,https://www.auraideasuae.com/مقالات-احترافية/,الملصقات العلمية,supporting
2972,en,poster,in English,academic research poster in English,https://www.auraideasuae.com/مقالات-احترافية/,الملصقات العلمية,supporting
2973,en,poster,Arabic and English,academic research poster Arabic and English,https://www.auraideasuae.com/مقالات-احترافية/,الملصقات العلمية,supporting
2974,en,poster,for UAE universities,academic research poster for UAE universities,https://www.auraideasuae.com/مقالات-احترافية/,الملصقات العلمية,supporting
2975,en,poster,in Dubai,academic research poster in Dubai,https://www.auraideasuae.com/مقالات-احترافية/,الملصقات العلمية,supporting
2976,en,poster,in Abu Dhabi,academic research poster in Abu Dhabi,https://www.auraideasuae.com/مقالات-احترافية/,الملصقات العلمية,supporting
2977,en,poster,in Sharjah,academic research poster in Sharjah,https://www.auraideasuae.com/مقالات-احترافية/,الملصقات العلمية,supporting
2978,en,poster,for private universities,academic research poster for private universities,https://www.auraideasuae.com/مقالات-احترافية/,الملصقات العلمية,supporting
2979,en,poster,for public universities,academic research poster for public universities,https://www.auraideasuae.com/مقالات-احترافية/,الملصقات العلمية,supporting
2980,en,poster,online support,academic research poster online support,https://www.auraideasuae.com/مقالات-احترافية/,الملصقات العلمية,supporting
2981,en,poster,professional service,academic research poster professional service,https://www.auraideasuae.com/مقالات-احترافية/,الملصقات العلمية,supporting
2982,en,poster,academic assistance,academic research poster academic assistance,https://www.auraideasuae.com/مقالات-احترافية/,الملصقات العلمية,supporting
2983,en,poster,research consultation,academic research poster research consultation,https://www.auraideasuae.com/مقالات-احترافية/,الملصقات العلمية,supporting
2984,en,poster,academic review,academic research poster academic review,https://www.auraideasuae.com/مقالات-احترافية/,الملصقات العلمية,supporting
2985,en,poster,scholarly proofreading,academic research poster scholarly proofreading,https://www.auraideasuae.com/مقالات-احترافية/,الملصقات العلمية,supporting
2986,en,poster,APA formatting,academic research poster APA formatting,https://www.auraideasuae.com/مقالات-احترافية/,الملصقات العلمية,supporting
2987,en,poster,MLA formatting,academic research poster MLA formatting,https://www.auraideasuae.com/مقالات-احترافية/,الملصقات العلمية,supporting
2988,en,poster,Chicago formatting,academic research poster Chicago formatting,https://www.auraideasuae.com/مقالات-احترافية/,الملصقات العلمية,supporting
2989,en,poster,source citation,academic research poster source citation,https://www.auraideasuae.com/مقالات-احترافية/,الملصقات العلمية,supporting
2990,en,poster,academic rewriting,academic research poster academic rewriting,https://www.auraideasuae.com/مقالات-احترافية/,الملصقات العلمية,supporting
2991,en,poster,methodology improvement,academic research poster methodology improvement,https://www.auraideasuae.com/مقالات-احترافية/,الملصقات العلمية,supporting
2992,en,poster,data interpretation,academic research poster data interpretation,https://www.auraideasuae.com/مقالات-احترافية/,الملصقات العلمية,supporting
2993,en,poster,research instrument design,academic research poster research instrument design,https://www.auraideasuae.com/مقالات-احترافية/,الملصقات العلمية,supporting
2994,en,poster,survey review,academic research poster survey review,https://www.auraideasuae.com/مقالات-احترافية/,الملصقات العلمية,supporting
2995,en,poster,results interpretation,academic research poster results interpretation,https://www.auraideasuae.com/مقالات-احترافية/,الملصقات العلمية,supporting
2996,en,poster,table preparation,academic research poster table preparation,https://www.auraideasuae.com/مقالات-احترافية/,الملصقات العلمية,supporting
2997,en,poster,chart preparation,academic research poster chart preparation,https://www.auraideasuae.com/مقالات-احترافية/,الملصقات العلمية,supporting
2998,en,poster,discussion preparation,academic research poster discussion preparation,https://www.auraideasuae.com/مقالات-احترافية/,الملصقات العلمية,supporting
2999,en,poster,with academic integrity,academic research poster with academic integrity,https://www.auraideasuae.com/مقالات-احترافية/,الملصقات العلمية,supporting
3000,en,poster,according to university requirements,academic research poster according to university requirements,https://www.auraideasuae.com/مقالات-احترافية/,الملصقات العلمية,supporting
3001,ar,abstract,شرح مبسط,الملخص العلمي شرح مبسط,https://www.auraideasuae.com/مقالات-احترافية/,كتابة الملخص,supporting
3002,ar,abstract,دليل عملي,الملخص العلمي دليل عملي,https://www.auraideasuae.com/مقالات-احترافية/,كتابة الملخص,supporting
3003,ar,abstract,خطوات التنفيذ,الملخص العلمي خطوات التنفيذ,https://www.auraideasuae.com/مقالات-احترافية/,كتابة الملخص,supporting
3004,ar,abstract,نموذج قابل للتعديل,الملخص العلمي نموذج قابل للتعديل,https://www.auraideasuae.com/مقالات-احترافية/,كتابة الملخص,supporting
3005,ar,abstract,مثال تطبيقي,الملخص العلمي مثال تطبيقي,https://www.auraideasuae.com/مقالات-احترافية/,كتابة الملخص,supporting
3006,ar,abstract,خطة عمل,الملخص العلمي خطة عمل,https://www.auraideasuae.com/مقالات-احترافية/,كتابة الملخص,supporting
3007,ar,abstract,نصائح للطلاب,الملخص العلمي نصائح للطلاب,https://www.auraideasuae.com/مقالات-احترافية/,كتابة الملخص,supporting
3008,ar,abstract,أخطاء شائعة,الملخص العلمي أخطاء شائعة,https://www.auraideasuae.com/مقالات-احترافية/,كتابة الملخص,supporting
3009,ar,abstract,معايير الجودة,الملخص العلمي معايير الجودة,https://www.auraideasuae.com/مقالات-احترافية/,كتابة الملخص,supporting
3010,ar,abstract,طريقة الإعداد,الملخص العلمي طريقة الإعداد,https://www.auraideasuae.com/مقالات-احترافية/,كتابة الملخص,supporting
3011,ar,abstract,كيفية الكتابة,الملخص العلمي كيفية الكتابة,https://www.auraideasuae.com/مقالات-احترافية/,كتابة الملخص,supporting
3012,ar,abstract,كيفية التنسيق,الملخص العلمي كيفية التنسيق,https://www.auraideasuae.com/مقالات-احترافية/,كتابة الملخص,supporting
3013,ar,abstract,كيفية التوثيق,الملخص العلمي كيفية التوثيق,https://www.auraideasuae.com/مقالات-احترافية/,كتابة الملخص,supporting
3014,ar,abstract,كيفية المراجعة,الملخص العلمي كيفية المراجعة,https://www.auraideasuae.com/مقالات-احترافية/,كتابة الملخص,supporting
3015,ar,abstract,كيفية التحليل,الملخص العلمي كيفية التحليل,https://www.auraideasuae.com/مقالات-احترافية/,كتابة الملخص,supporting
3016,ar,abstract,كيفية العرض,الملخص العلمي كيفية العرض,https://www.auraideasuae.com/مقالات-احترافية/,كتابة الملخص,supporting
3017,ar,abstract,قبل التسليم,الملخص العلمي قبل التسليم,https://www.auraideasuae.com/مقالات-احترافية/,كتابة الملخص,supporting
3018,ar,abstract,لطلاب البكالوريوس,الملخص العلمي لطلاب البكالوريوس,https://www.auraideasuae.com/مقالات-احترافية/,كتابة الملخص,supporting
3019,ar,abstract,لطلاب الماجستير,الملخص العلمي لطلاب الماجستير,https://www.auraideasuae.com/مقالات-احترافية/,كتابة الملخص,supporting
3020,ar,abstract,لطلاب الدكتوراه,الملخص العلمي لطلاب الدكتوراه,https://www.auraideasuae.com/مقالات-احترافية/,كتابة الملخص,supporting
3021,ar,abstract,باللغة العربية,الملخص العلمي باللغة العربية,https://www.auraideasuae.com/مقالات-احترافية/,كتابة الملخص,supporting
3022,ar,abstract,باللغة الإنجليزية,الملخص العلمي باللغة الإنجليزية,https://www.auraideasuae.com/مقالات-احترافية/,كتابة الملخص,supporting
3023,ar,abstract,عربي وإنجليزي,الملخص العلمي عربي وإنجليزي,https://www.auraideasuae.com/مقالات-احترافية/,كتابة الملخص,supporting
3024,ar,abstract,في الجامعات الإماراتية,الملخص العلمي في الجامعات الإماراتية,https://www.auraideasuae.com/مقالات-احترافية/,كتابة الملخص,supporting
3025,ar,abstract,في دبي,الملخص العلمي في دبي,https://www.auraideasuae.com/مقالات-احترافية/,كتابة الملخص,supporting
3026,ar,abstract,في أبوظبي,الملخص العلمي في أبوظبي,https://www.auraideasuae.com/مقالات-احترافية/,كتابة الملخص,supporting
3027,ar,abstract,في الشارقة,الملخص العلمي في الشارقة,https://www.auraideasuae.com/مقالات-احترافية/,كتابة الملخص,supporting
3028,ar,abstract,للجامعات الخاصة,الملخص العلمي للجامعات الخاصة,https://www.auraideasuae.com/مقالات-احترافية/,كتابة الملخص,supporting
3029,ar,abstract,للجامعات الحكومية,الملخص العلمي للجامعات الحكومية,https://www.auraideasuae.com/مقالات-احترافية/,كتابة الملخص,supporting
3030,ar,abstract,عن بُعد,الملخص العلمي عن بُعد,https://www.auraideasuae.com/مقالات-احترافية/,كتابة الملخص,supporting
3031,ar,abstract,خدمة احترافية,الملخص العلمي خدمة احترافية,https://www.auraideasuae.com/مقالات-احترافية/,كتابة الملخص,supporting
3032,ar,abstract,مساعدة أكاديمية,الملخص العلمي مساعدة أكاديمية,https://www.auraideasuae.com/مقالات-احترافية/,كتابة الملخص,supporting
3033,ar,abstract,استشارة بحثية,الملخص العلمي استشارة بحثية,https://www.auraideasuae.com/مقالات-احترافية/,كتابة الملخص,supporting
3034,ar,abstract,مراجعة أكاديمية,الملخص العلمي مراجعة أكاديمية,https://www.auraideasuae.com/مقالات-احترافية/,كتابة الملخص,supporting
3035,ar,abstract,تدقيق علمي,الملخص العلمي تدقيق علمي,https://www.auraideasuae.com/مقالات-احترافية/,كتابة الملخص,supporting
3036,ar,abstract,تنسيق APA,الملخص العلمي تنسيق APA,https://www.auraideasuae.com/مقالات-احترافية/,كتابة الملخص,supporting
3037,ar,abstract,تنسيق MLA,الملخص العلمي تنسيق MLA,https://www.auraideasuae.com/مقالات-احترافية/,كتابة الملخص,supporting
3038,ar,abstract,تنسيق Chicago,الملخص العلمي تنسيق Chicago,https://www.auraideasuae.com/مقالات-احترافية/,كتابة الملخص,supporting
3039,ar,abstract,توثيق المصادر,الملخص العلمي توثيق المصادر,https://www.auraideasuae.com/مقالات-احترافية/,كتابة الملخص,supporting
3040,ar,abstract,تحسين الصياغة,الملخص العلمي تحسين الصياغة,https://www.auraideasuae.com/مقالات-احترافية/,كتابة الملخص,supporting
3041,ar,abstract,تحسين المنهجية,الملخص العلمي تحسين المنهجية,https://www.auraideasuae.com/مقالات-احترافية/,كتابة الملخص,supporting
3042,ar,abstract,قراءة وتحليل البيانات,الملخص العلمي قراءة وتحليل البيانات,https://www.auraideasuae.com/مقالات-احترافية/,كتابة الملخص,supporting
3043,ar,abstract,تصميم أداة البحث,الملخص العلمي تصميم أداة البحث,https://www.auraideasuae.com/مقالات-احترافية/,كتابة الملخص,supporting
3044,ar,abstract,مراجعة الاستبيان,الملخص العلمي مراجعة الاستبيان,https://www.auraideasuae.com/مقالات-احترافية/,كتابة الملخص,supporting
3045,ar,abstract,تفسير النتائج,الملخص العلمي تفسير النتائج,https://www.auraideasuae.com/مقالات-احترافية/,كتابة الملخص,supporting
3046,ar,abstract,إعداد الجداول,الملخص العلمي إعداد الجداول,https://www.auraideasuae.com/مقالات-احترافية/,كتابة الملخص,supporting
3047,ar,abstract,إعداد الرسوم البيانية,الملخص العلمي إعداد الرسوم البيانية,https://www.auraideasuae.com/مقالات-احترافية/,كتابة الملخص,supporting
3048,ar,abstract,تجهيز المناقشة,الملخص العلمي تجهيز المناقشة,https://www.auraideasuae.com/مقالات-احترافية/,كتابة الملخص,supporting
3049,ar,abstract,مع الحفاظ على الأمانة العلمية,الملخص العلمي مع الحفاظ على الأمانة العلمية,https://www.auraideasuae.com/مقالات-احترافية/,كتابة الملخص,supporting
3050,ar,abstract,وفق متطلبات الجامعة,الملخص العلمي وفق متطلبات الجامعة,https://www.auraideasuae.com/مقالات-احترافية/,كتابة الملخص,supporting
3051,en,abstract,simple explanation,research abstract simple explanation,https://www.auraideasuae.com/مقالات-احترافية/,كتابة الملخص,supporting
3052,en,abstract,practical guide,research abstract practical guide,https://www.auraideasuae.com/مقالات-احترافية/,كتابة الملخص,supporting
3053,en,abstract,step-by-step process,research abstract step-by-step process,https://www.auraideasuae.com/مقالات-احترافية/,كتابة الملخص,supporting
3054,en,abstract,editable template,research abstract editable template,https://www.auraideasuae.com/مقالات-احترافية/,كتابة الملخص,supporting
3055,en,abstract,worked example,research abstract worked example,https://www.auraideasuae.com/مقالات-احترافية/,كتابة الملخص,supporting
3056,en,abstract,action plan,research abstract action plan,https://www.auraideasuae.com/مقالات-احترافية/,كتابة الملخص,supporting
3057,en,abstract,student tips,research abstract student tips,https://www.auraideasuae.com/مقالات-احترافية/,كتابة الملخص,supporting
3058,en,abstract,common mistakes,research abstract common mistakes,https://www.auraideasuae.com/مقالات-احترافية/,كتابة الملخص,supporting
3059,en,abstract,quality standards,research abstract quality standards,https://www.auraideasuae.com/مقالات-احترافية/,كتابة الملخص,supporting
3060,en,abstract,how to prepare,research abstract how to prepare,https://www.auraideasuae.com/مقالات-احترافية/,كتابة الملخص,supporting
3061,en,abstract,how to write,research abstract how to write,https://www.auraideasuae.com/مقالات-احترافية/,كتابة الملخص,supporting
3062,en,abstract,how to format,research abstract how to format,https://www.auraideasuae.com/مقالات-احترافية/,كتابة الملخص,supporting
3063,en,abstract,how to cite sources,research abstract how to cite sources,https://www.auraideasuae.com/مقالات-احترافية/,كتابة الملخص,supporting
3064,en,abstract,how to proofread,research abstract how to proofread,https://www.auraideasuae.com/مقالات-احترافية/,كتابة الملخص,supporting
3065,en,abstract,how to analyze,research abstract how to analyze,https://www.auraideasuae.com/مقالات-احترافية/,كتابة الملخص,supporting
3066,en,abstract,how to present,research abstract how to present,https://www.auraideasuae.com/مقالات-احترافية/,كتابة الملخص,supporting
3067,en,abstract,before submission,research abstract before submission,https://www.auraideasuae.com/مقالات-احترافية/,كتابة الملخص,supporting
3068,en,abstract,for undergraduate students,research abstract for undergraduate students,https://www.auraideasuae.com/مقالات-احترافية/,كتابة الملخص,supporting
3069,en,abstract,for master's students,research abstract for master's students,https://www.auraideasuae.com/مقالات-احترافية/,كتابة الملخص,supporting
3070,en,abstract,for doctoral students,research abstract for doctoral students,https://www.auraideasuae.com/مقالات-احترافية/,كتابة الملخص,supporting
3071,en,abstract,in Arabic,research abstract in Arabic,https://www.auraideasuae.com/مقالات-احترافية/,كتابة الملخص,supporting
3072,en,abstract,in English,research abstract in English,https://www.auraideasuae.com/مقالات-احترافية/,كتابة الملخص,supporting
3073,en,abstract,Arabic and English,research abstract Arabic and English,https://www.auraideasuae.com/مقالات-احترافية/,كتابة الملخص,supporting
3074,en,abstract,for UAE universities,research abstract for UAE universities,https://www.auraideasuae.com/مقالات-احترافية/,كتابة الملخص,supporting
3075,en,abstract,in Dubai,research abstract in Dubai,https://www.auraideasuae.com/مقالات-احترافية/,كتابة الملخص,supporting
3076,en,abstract,in Abu Dhabi,research abstract in Abu Dhabi,https://www.auraideasuae.com/مقالات-احترافية/,كتابة الملخص,supporting
3077,en,abstract,in Sharjah,research abstract in Sharjah,https://www.auraideasuae.com/مقالات-احترافية/,كتابة الملخص,supporting
3078,en,abstract,for private universities,research abstract for private universities,https://www.auraideasuae.com/مقالات-احترافية/,كتابة الملخص,supporting
3079,en,abstract,for public universities,research abstract for public universities,https://www.auraideasuae.com/مقالات-احترافية/,كتابة الملخص,supporting
3080,en,abstract,online support,research abstract online support,https://www.auraideasuae.com/مقالات-احترافية/,كتابة الملخص,supporting
3081,en,abstract,professional service,research abstract professional service,https://www.auraideasuae.com/مقالات-احترافية/,كتابة الملخص,supporting
3082,en,abstract,academic assistance,research abstract academic assistance,https://www.auraideasuae.com/مقالات-احترافية/,كتابة الملخص,supporting
3083,en,abstract,research consultation,research abstract research consultation,https://www.auraideasuae.com/مقالات-احترافية/,كتابة الملخص,supporting
3084,en,abstract,academic review,research abstract academic review,https://www.auraideasuae.com/مقالات-احترافية/,كتابة الملخص,supporting
3085,en,abstract,scholarly proofreading,research abstract scholarly proofreading,https://www.auraideasuae.com/مقالات-احترافية/,كتابة الملخص,supporting
3086,en,abstract,APA formatting,research abstract APA formatting,https://www.auraideasuae.com/مقالات-احترافية/,كتابة الملخص,supporting
3087,en,abstract,MLA formatting,research abstract MLA formatting,https://www.auraideasuae.com/مقالات-احترافية/,كتابة الملخص,supporting
3088,en,abstract,Chicago formatting,research abstract Chicago formatting,https://www.auraideasuae.com/مقالات-احترافية/,كتابة الملخص,supporting
3089,en,abstract,source citation,research abstract source citation,https://www.auraideasuae.com/مقالات-احترافية/,كتابة الملخص,supporting
3090,en,abstract,academic rewriting,research abstract academic rewriting,https://www.auraideasuae.com/مقالات-احترافية/,كتابة الملخص,supporting
3091,en,abstract,methodology improvement,research abstract methodology improvement,https://www.auraideasuae.com/مقالات-احترافية/,كتابة الملخص,supporting
3092,en,abstract,data interpretation,research abstract data interpretation,https://www.auraideasuae.com/مقالات-احترافية/,كتابة الملخص,supporting
3093,en,abstract,research instrument design,research abstract research instrument design,https://www.auraideasuae.com/مقالات-احترافية/,كتابة الملخص,supporting
3094,en,abstract,survey review,research abstract survey review,https://www.auraideasuae.com/مقالات-احترافية/,كتابة الملخص,supporting
3095,en,abstract,results interpretation,research abstract results interpretation,https://www.auraideasuae.com/مقالات-احترافية/,كتابة الملخص,supporting
3096,en,abstract,table preparation,research abstract table preparation,https://www.auraideasuae.com/مقالات-احترافية/,كتابة الملخص,supporting
3097,en,abstract,chart preparation,research abstract chart preparation,https://www.auraideasuae.com/مقالات-احترافية/,كتابة الملخص,supporting
3098,en,abstract,discussion preparation,research abstract discussion preparation,https://www.auraideasuae.com/مقالات-احترافية/,كتابة الملخص,supporting
3099,en,abstract,with academic integrity,research abstract with academic integrity,https://www.auraideasuae.com/مقالات-احترافية/,كتابة الملخص,supporting
3100,en,abstract,according to university requirements,research abstract according to university requirements,https://www.auraideasuae.com/مقالات-احترافية/,كتابة الملخص,supporting
3101,ar,results,شرح مبسط,كتابة نتائج البحث شرح مبسط,https://www.auraideasuae.com/مقالات-احترافية/قراءة-نتائج-التحليل-الإحصائي.html,عرض النتائج,supporting
3102,ar,results,دليل عملي,كتابة نتائج البحث دليل عملي,https://www.auraideasuae.com/مقالات-احترافية/قراءة-نتائج-التحليل-الإحصائي.html,عرض النتائج,supporting
3103,ar,results,خطوات التنفيذ,كتابة نتائج البحث خطوات التنفيذ,https://www.auraideasuae.com/مقالات-احترافية/قراءة-نتائج-التحليل-الإحصائي.html,عرض النتائج,supporting
3104,ar,results,نموذج قابل للتعديل,كتابة نتائج البحث نموذج قابل للتعديل,https://www.auraideasuae.com/مقالات-احترافية/قراءة-نتائج-التحليل-الإحصائي.html,عرض النتائج,supporting
3105,ar,results,مثال تطبيقي,كتابة نتائج البحث مثال تطبيقي,https://www.auraideasuae.com/مقالات-احترافية/قراءة-نتائج-التحليل-الإحصائي.html,عرض النتائج,supporting
3106,ar,results,خطة عمل,كتابة نتائج البحث خطة عمل,https://www.auraideasuae.com/مقالات-احترافية/قراءة-نتائج-التحليل-الإحصائي.html,عرض النتائج,supporting
3107,ar,results,نصائح للطلاب,كتابة نتائج البحث نصائح للطلاب,https://www.auraideasuae.com/مقالات-احترافية/قراءة-نتائج-التحليل-الإحصائي.html,عرض النتائج,supporting
3108,ar,results,أخطاء شائعة,كتابة نتائج البحث أخطاء شائعة,https://www.auraideasuae.com/مقالات-احترافية/قراءة-نتائج-التحليل-الإحصائي.html,عرض النتائج,supporting
3109,ar,results,معايير الجودة,كتابة نتائج البحث معايير الجودة,https://www.auraideasuae.com/مقالات-احترافية/قراءة-نتائج-التحليل-الإحصائي.html,عرض النتائج,supporting
3110,ar,results,طريقة الإعداد,كتابة نتائج البحث طريقة الإعداد,https://www.auraideasuae.com/مقالات-احترافية/قراءة-نتائج-التحليل-الإحصائي.html,عرض النتائج,supporting
3111,ar,results,كيفية الكتابة,كتابة نتائج البحث كيفية الكتابة,https://www.auraideasuae.com/مقالات-احترافية/قراءة-نتائج-التحليل-الإحصائي.html,عرض النتائج,supporting
3112,ar,results,كيفية التنسيق,كتابة نتائج البحث كيفية التنسيق,https://www.auraideasuae.com/مقالات-احترافية/قراءة-نتائج-التحليل-الإحصائي.html,عرض النتائج,supporting
3113,ar,results,كيفية التوثيق,كتابة نتائج البحث كيفية التوثيق,https://www.auraideasuae.com/مقالات-احترافية/قراءة-نتائج-التحليل-الإحصائي.html,عرض النتائج,supporting
3114,ar,results,كيفية المراجعة,كتابة نتائج البحث كيفية المراجعة,https://www.auraideasuae.com/مقالات-احترافية/قراءة-نتائج-التحليل-الإحصائي.html,عرض النتائج,supporting
3115,ar,results,كيفية التحليل,كتابة نتائج البحث كيفية التحليل,https://www.auraideasuae.com/مقالات-احترافية/قراءة-نتائج-التحليل-الإحصائي.html,عرض النتائج,supporting
3116,ar,results,كيفية العرض,كتابة نتائج البحث كيفية العرض,https://www.auraideasuae.com/مقالات-احترافية/قراءة-نتائج-التحليل-الإحصائي.html,عرض النتائج,supporting
3117,ar,results,قبل التسليم,كتابة نتائج البحث قبل التسليم,https://www.auraideasuae.com/مقالات-احترافية/قراءة-نتائج-التحليل-الإحصائي.html,عرض النتائج,supporting
3118,ar,results,لطلاب البكالوريوس,كتابة نتائج البحث لطلاب البكالوريوس,https://www.auraideasuae.com/مقالات-احترافية/قراءة-نتائج-التحليل-الإحصائي.html,عرض النتائج,supporting
3119,ar,results,لطلاب الماجستير,كتابة نتائج البحث لطلاب الماجستير,https://www.auraideasuae.com/مقالات-احترافية/قراءة-نتائج-التحليل-الإحصائي.html,عرض النتائج,supporting
3120,ar,results,لطلاب الدكتوراه,كتابة نتائج البحث لطلاب الدكتوراه,https://www.auraideasuae.com/مقالات-احترافية/قراءة-نتائج-التحليل-الإحصائي.html,عرض النتائج,supporting
3121,ar,results,باللغة العربية,كتابة نتائج البحث باللغة العربية,https://www.auraideasuae.com/مقالات-احترافية/قراءة-نتائج-التحليل-الإحصائي.html,عرض النتائج,supporting
3122,ar,results,باللغة الإنجليزية,كتابة نتائج البحث باللغة الإنجليزية,https://www.auraideasuae.com/مقالات-احترافية/قراءة-نتائج-التحليل-الإحصائي.html,عرض النتائج,supporting
3123,ar,results,عربي وإنجليزي,كتابة نتائج البحث عربي وإنجليزي,https://www.auraideasuae.com/مقالات-احترافية/قراءة-نتائج-التحليل-الإحصائي.html,عرض النتائج,supporting
3124,ar,results,في الجامعات الإماراتية,كتابة نتائج البحث في الجامعات الإماراتية,https://www.auraideasuae.com/مقالات-احترافية/قراءة-نتائج-التحليل-الإحصائي.html,عرض النتائج,supporting
3125,ar,results,في دبي,كتابة نتائج البحث في دبي,https://www.auraideasuae.com/مقالات-احترافية/قراءة-نتائج-التحليل-الإحصائي.html,عرض النتائج,supporting
3126,ar,results,في أبوظبي,كتابة نتائج البحث في أبوظبي,https://www.auraideasuae.com/مقالات-احترافية/قراءة-نتائج-التحليل-الإحصائي.html,عرض النتائج,supporting
3127,ar,results,في الشارقة,كتابة نتائج البحث في الشارقة,https://www.auraideasuae.com/مقالات-احترافية/قراءة-نتائج-التحليل-الإحصائي.html,عرض النتائج,supporting
3128,ar,results,للجامعات الخاصة,كتابة نتائج البحث للجامعات الخاصة,https://www.auraideasuae.com/مقالات-احترافية/قراءة-نتائج-التحليل-الإحصائي.html,عرض النتائج,supporting
3129,ar,results,للجامعات الحكومية,كتابة نتائج البحث للجامعات الحكومية,https://www.auraideasuae.com/مقالات-احترافية/قراءة-نتائج-التحليل-الإحصائي.html,عرض النتائج,supporting
3130,ar,results,عن بُعد,كتابة نتائج البحث عن بُعد,https://www.auraideasuae.com/مقالات-احترافية/قراءة-نتائج-التحليل-الإحصائي.html,عرض النتائج,supporting
3131,ar,results,خدمة احترافية,كتابة نتائج البحث خدمة احترافية,https://www.auraideasuae.com/مقالات-احترافية/قراءة-نتائج-التحليل-الإحصائي.html,عرض النتائج,supporting
3132,ar,results,مساعدة أكاديمية,كتابة نتائج البحث مساعدة أكاديمية,https://www.auraideasuae.com/مقالات-احترافية/قراءة-نتائج-التحليل-الإحصائي.html,عرض النتائج,supporting
3133,ar,results,استشارة بحثية,كتابة نتائج البحث استشارة بحثية,https://www.auraideasuae.com/مقالات-احترافية/قراءة-نتائج-التحليل-الإحصائي.html,عرض النتائج,supporting
3134,ar,results,مراجعة أكاديمية,كتابة نتائج البحث مراجعة أكاديمية,https://www.auraideasuae.com/مقالات-احترافية/قراءة-نتائج-التحليل-الإحصائي.html,عرض النتائج,supporting
3135,ar,results,تدقيق علمي,كتابة نتائج البحث تدقيق علمي,https://www.auraideasuae.com/مقالات-احترافية/قراءة-نتائج-التحليل-الإحصائي.html,عرض النتائج,supporting
3136,ar,results,تنسيق APA,كتابة نتائج البحث تنسيق APA,https://www.auraideasuae.com/مقالات-احترافية/قراءة-نتائج-التحليل-الإحصائي.html,عرض النتائج,supporting
3137,ar,results,تنسيق MLA,كتابة نتائج البحث تنسيق MLA,https://www.auraideasuae.com/مقالات-احترافية/قراءة-نتائج-التحليل-الإحصائي.html,عرض النتائج,supporting
3138,ar,results,تنسيق Chicago,كتابة نتائج البحث تنسيق Chicago,https://www.auraideasuae.com/مقالات-احترافية/قراءة-نتائج-التحليل-الإحصائي.html,عرض النتائج,supporting
3139,ar,results,توثيق المصادر,كتابة نتائج البحث توثيق المصادر,https://www.auraideasuae.com/مقالات-احترافية/قراءة-نتائج-التحليل-الإحصائي.html,عرض النتائج,supporting
3140,ar,results,تحسين الصياغة,كتابة نتائج البحث تحسين الصياغة,https://www.auraideasuae.com/مقالات-احترافية/قراءة-نتائج-التحليل-الإحصائي.html,عرض النتائج,supporting
3141,ar,results,تحسين المنهجية,كتابة نتائج البحث تحسين المنهجية,https://www.auraideasuae.com/مقالات-احترافية/قراءة-نتائج-التحليل-الإحصائي.html,عرض النتائج,supporting
3142,ar,results,قراءة وتحليل البيانات,كتابة نتائج البحث قراءة وتحليل البيانات,https://www.auraideasuae.com/مقالات-احترافية/قراءة-نتائج-التحليل-الإحصائي.html,عرض النتائج,supporting
3143,ar,results,تصميم أداة البحث,كتابة نتائج البحث تصميم أداة البحث,https://www.auraideasuae.com/مقالات-احترافية/قراءة-نتائج-التحليل-الإحصائي.html,عرض النتائج,supporting
3144,ar,results,مراجعة الاستبيان,كتابة نتائج البحث مراجعة الاستبيان,https://www.auraideasuae.com/مقالات-احترافية/قراءة-نتائج-التحليل-الإحصائي.html,عرض النتائج,supporting
3145,ar,results,تفسير النتائج,كتابة نتائج البحث تفسير النتائج,https://www.auraideasuae.com/مقالات-احترافية/قراءة-نتائج-التحليل-الإحصائي.html,عرض النتائج,supporting
3146,ar,results,إعداد الجداول,كتابة نتائج البحث إعداد الجداول,https://www.auraideasuae.com/مقالات-احترافية/قراءة-نتائج-التحليل-الإحصائي.html,عرض النتائج,supporting
3147,ar,results,إعداد الرسوم البيانية,كتابة نتائج البحث إعداد الرسوم البيانية,https://www.auraideasuae.com/مقالات-احترافية/قراءة-نتائج-التحليل-الإحصائي.html,عرض النتائج,supporting
3148,ar,results,تجهيز المناقشة,كتابة نتائج البحث تجهيز المناقشة,https://www.auraideasuae.com/مقالات-احترافية/قراءة-نتائج-التحليل-الإحصائي.html,عرض النتائج,supporting
3149,ar,results,مع الحفاظ على الأمانة العلمية,كتابة نتائج البحث مع الحفاظ على الأمانة العلمية,https://www.auraideasuae.com/مقالات-احترافية/قراءة-نتائج-التحليل-الإحصائي.html,عرض النتائج,supporting
3150,ar,results,وفق متطلبات الجامعة,كتابة نتائج البحث وفق متطلبات الجامعة,https://www.auraideasuae.com/مقالات-احترافية/قراءة-نتائج-التحليل-الإحصائي.html,عرض النتائج,supporting
3151,en,results,simple explanation,research results writing simple explanation,https://www.auraideasuae.com/مقالات-احترافية/قراءة-نتائج-التحليل-الإحصائي.html,عرض النتائج,supporting
3152,en,results,practical guide,research results writing practical guide,https://www.auraideasuae.com/مقالات-احترافية/قراءة-نتائج-التحليل-الإحصائي.html,عرض النتائج,supporting
3153,en,results,step-by-step process,research results writing step-by-step process,https://www.auraideasuae.com/مقالات-احترافية/قراءة-نتائج-التحليل-الإحصائي.html,عرض النتائج,supporting
3154,en,results,editable template,research results writing editable template,https://www.auraideasuae.com/مقالات-احترافية/قراءة-نتائج-التحليل-الإحصائي.html,عرض النتائج,supporting
3155,en,results,worked example,research results writing worked example,https://www.auraideasuae.com/مقالات-احترافية/قراءة-نتائج-التحليل-الإحصائي.html,عرض النتائج,supporting
3156,en,results,action plan,research results writing action plan,https://www.auraideasuae.com/مقالات-احترافية/قراءة-نتائج-التحليل-الإحصائي.html,عرض النتائج,supporting
3157,en,results,student tips,research results writing student tips,https://www.auraideasuae.com/مقالات-احترافية/قراءة-نتائج-التحليل-الإحصائي.html,عرض النتائج,supporting
3158,en,results,common mistakes,research results writing common mistakes,https://www.auraideasuae.com/مقالات-احترافية/قراءة-نتائج-التحليل-الإحصائي.html,عرض النتائج,supporting
3159,en,results,quality standards,research results writing quality standards,https://www.auraideasuae.com/مقالات-احترافية/قراءة-نتائج-التحليل-الإحصائي.html,عرض النتائج,supporting
3160,en,results,how to prepare,research results writing how to prepare,https://www.auraideasuae.com/مقالات-احترافية/قراءة-نتائج-التحليل-الإحصائي.html,عرض النتائج,supporting
3161,en,results,how to write,research results writing how to write,https://www.auraideasuae.com/مقالات-احترافية/قراءة-نتائج-التحليل-الإحصائي.html,عرض النتائج,supporting
3162,en,results,how to format,research results writing how to format,https://www.auraideasuae.com/مقالات-احترافية/قراءة-نتائج-التحليل-الإحصائي.html,عرض النتائج,supporting
3163,en,results,how to cite sources,research results writing how to cite sources,https://www.auraideasuae.com/مقالات-احترافية/قراءة-نتائج-التحليل-الإحصائي.html,عرض النتائج,supporting
3164,en,results,how to proofread,research results writing how to proofread,https://www.auraideasuae.com/مقالات-احترافية/قراءة-نتائج-التحليل-الإحصائي.html,عرض النتائج,supporting
3165,en,results,how to analyze,research results writing how to analyze,https://www.auraideasuae.com/مقالات-احترافية/قراءة-نتائج-التحليل-الإحصائي.html,عرض النتائج,supporting
3166,en,results,how to present,research results writing how to present,https://www.auraideasuae.com/مقالات-احترافية/قراءة-نتائج-التحليل-الإحصائي.html,عرض النتائج,supporting
3167,en,results,before submission,research results writing before submission,https://www.auraideasuae.com/مقالات-احترافية/قراءة-نتائج-التحليل-الإحصائي.html,عرض النتائج,supporting
3168,en,results,for undergraduate students,research results writing for undergraduate students,https://www.auraideasuae.com/مقالات-احترافية/قراءة-نتائج-التحليل-الإحصائي.html,عرض النتائج,supporting
3169,en,results,for master's students,research results writing for master's students,https://www.auraideasuae.com/مقالات-احترافية/قراءة-نتائج-التحليل-الإحصائي.html,عرض النتائج,supporting
3170,en,results,for doctoral students,research results writing for doctoral students,https://www.auraideasuae.com/مقالات-احترافية/قراءة-نتائج-التحليل-الإحصائي.html,عرض النتائج,supporting
3171,en,results,in Arabic,research results writing in Arabic,https://www.auraideasuae.com/مقالات-احترافية/قراءة-نتائج-التحليل-الإحصائي.html,عرض النتائج,supporting
3172,en,results,in English,research results writing in English,https://www.auraideasuae.com/مقالات-احترافية/قراءة-نتائج-التحليل-الإحصائي.html,عرض النتائج,supporting
3173,en,results,Arabic and English,research results writing Arabic and English,https://www.auraideasuae.com/مقالات-احترافية/قراءة-نتائج-التحليل-الإحصائي.html,عرض النتائج,supporting
3174,en,results,for UAE universities,research results writing for UAE universities,https://www.auraideasuae.com/مقالات-احترافية/قراءة-نتائج-التحليل-الإحصائي.html,عرض النتائج,supporting
3175,en,results,in Dubai,research results writing in Dubai,https://www.auraideasuae.com/مقالات-احترافية/قراءة-نتائج-التحليل-الإحصائي.html,عرض النتائج,supporting
3176,en,results,in Abu Dhabi,research results writing in Abu Dhabi,https://www.auraideasuae.com/مقالات-احترافية/قراءة-نتائج-التحليل-الإحصائي.html,عرض النتائج,supporting
3177,en,results,in Sharjah,research results writing in Sharjah,https://www.auraideasuae.com/مقالات-احترافية/قراءة-نتائج-التحليل-الإحصائي.html,عرض النتائج,supporting
3178,en,results,for private universities,research results writing for private universities,https://www.auraideasuae.com/مقالات-احترافية/قراءة-نتائج-التحليل-الإحصائي.html,عرض النتائج,supporting
3179,en,results,for public universities,research results writing for public universities,https://www.auraideasuae.com/مقالات-احترافية/قراءة-نتائج-التحليل-الإحصائي.html,عرض النتائج,supporting
3180,en,results,online support,research results writing online support,https://www.auraideasuae.com/مقالات-احترافية/قراءة-نتائج-التحليل-الإحصائي.html,عرض النتائج,supporting
3181,en,results,professional service,research results writing professional service,https://www.auraideasuae.com/مقالات-احترافية/قراءة-نتائج-التحليل-الإحصائي.html,عرض النتائج,supporting
3182,en,results,academic assistance,research results writing academic assistance,https://www.auraideasuae.com/مقالات-احترافية/قراءة-نتائج-التحليل-الإحصائي.html,عرض النتائج,supporting
3183,en,results,research consultation,research results writing research consultation,https://www.auraideasuae.com/مقالات-احترافية/قراءة-نتائج-التحليل-الإحصائي.html,عرض النتائج,supporting
3184,en,results,academic review,research results writing academic review,https://www.auraideasuae.com/مقالات-احترافية/قراءة-نتائج-التحليل-الإحصائي.html,عرض النتائج,supporting
3185,en,results,scholarly proofreading,research results writing scholarly proofreading,https://www.auraideasuae.com/مقالات-احترافية/قراءة-نتائج-التحليل-الإحصائي.html,عرض النتائج,supporting
3186,en,results,APA formatting,research results writing APA formatting,https://www.auraideasuae.com/مقالات-احترافية/قراءة-نتائج-التحليل-الإحصائي.html,عرض النتائج,supporting
3187,en,results,MLA formatting,research results writing MLA formatting,https://www.auraideasuae.com/مقالات-احترافية/قراءة-نتائج-التحليل-الإحصائي.html,عرض النتائج,supporting
3188,en,results,Chicago formatting,research results writing Chicago formatting,https://www.auraideasuae.com/مقالات-احترافية/قراءة-نتائج-التحليل-الإحصائي.html,عرض النتائج,supporting
3189,en,results,source citation,research results writing source citation,https://www.auraideasuae.com/مقالات-احترافية/قراءة-نتائج-التحليل-الإحصائي.html,عرض النتائج,supporting
3190,en,results,academic rewriting,research results writing academic rewriting,https://www.auraideasuae.com/مقالات-احترافية/قراءة-نتائج-التحليل-الإحصائي.html,عرض النتائج,supporting
3191,en,results,methodology improvement,research results writing methodology improvement,https://www.auraideasuae.com/مقالات-احترافية/قراءة-نتائج-التحليل-الإحصائي.html,عرض النتائج,supporting
3192,en,results,data interpretation,research results writing data interpretation,https://www.auraideasuae.com/مقالات-احترافية/قراءة-نتائج-التحليل-الإحصائي.html,عرض النتائج,supporting
3193,en,results,research instrument design,research results writing research instrument design,https://www.auraideasuae.com/مقالات-احترافية/قراءة-نتائج-التحليل-الإحصائي.html,عرض النتائج,supporting
3194,en,results,survey review,research results writing survey review,https://www.auraideasuae.com/مقالات-احترافية/قراءة-نتائج-التحليل-الإحصائي.html,عرض النتائج,supporting
3195,en,results,results interpretation,research results writing results interpretation,https://www.auraideasuae.com/مقالات-احترافية/قراءة-نتائج-التحليل-الإحصائي.html,عرض النتائج,supporting
3196,en,results,table preparation,research results writing table preparation,https://www.auraideasuae.com/مقالات-احترافية/قراءة-نتائج-التحليل-الإحصائي.html,عرض النتائج,supporting
3197,en,results,chart preparation,research results writing chart preparation,https://www.auraideasuae.com/مقالات-احترافية/قراءة-نتائج-التحليل-الإحصائي.html,عرض النتائج,supporting
3198,en,results,discussion preparation,research results writing discussion preparation,https://www.auraideasuae.com/مقالات-احترافية/قراءة-نتائج-التحليل-الإحصائي.html,عرض النتائج,supporting
3199,en,results,with academic integrity,research results writing with academic integrity,https://www.auraideasuae.com/مقالات-احترافية/قراءة-نتائج-التحليل-الإحصائي.html,عرض النتائج,supporting
3200,en,results,according to university requirements,research results writing according to university requirements,https://www.auraideasuae.com/مقالات-احترافية/قراءة-نتائج-التحليل-الإحصائي.html,عرض النتائج,supporting
3201,ar,discussion,شرح مبسط,مناقشة نتائج البحث شرح مبسط,https://www.auraideasuae.com/مقالات-احترافية/قراءة-نتائج-التحليل-الإحصائي.html,مناقشة النتائج,supporting
3202,ar,discussion,دليل عملي,مناقشة نتائج البحث دليل عملي,https://www.auraideasuae.com/مقالات-احترافية/قراءة-نتائج-التحليل-الإحصائي.html,مناقشة النتائج,supporting
3203,ar,discussion,خطوات التنفيذ,مناقشة نتائج البحث خطوات التنفيذ,https://www.auraideasuae.com/مقالات-احترافية/قراءة-نتائج-التحليل-الإحصائي.html,مناقشة النتائج,supporting
3204,ar,discussion,نموذج قابل للتعديل,مناقشة نتائج البحث نموذج قابل للتعديل,https://www.auraideasuae.com/مقالات-احترافية/قراءة-نتائج-التحليل-الإحصائي.html,مناقشة النتائج,supporting
3205,ar,discussion,مثال تطبيقي,مناقشة نتائج البحث مثال تطبيقي,https://www.auraideasuae.com/مقالات-احترافية/قراءة-نتائج-التحليل-الإحصائي.html,مناقشة النتائج,supporting
3206,ar,discussion,خطة عمل,مناقشة نتائج البحث خطة عمل,https://www.auraideasuae.com/مقالات-احترافية/قراءة-نتائج-التحليل-الإحصائي.html,مناقشة النتائج,supporting
3207,ar,discussion,نصائح للطلاب,مناقشة نتائج البحث نصائح للطلاب,https://www.auraideasuae.com/مقالات-احترافية/قراءة-نتائج-التحليل-الإحصائي.html,مناقشة النتائج,supporting
3208,ar,discussion,أخطاء شائعة,مناقشة نتائج البحث أخطاء شائعة,https://www.auraideasuae.com/مقالات-احترافية/قراءة-نتائج-التحليل-الإحصائي.html,مناقشة النتائج,supporting
3209,ar,discussion,معايير الجودة,مناقشة نتائج البحث معايير الجودة,https://www.auraideasuae.com/مقالات-احترافية/قراءة-نتائج-التحليل-الإحصائي.html,مناقشة النتائج,supporting
3210,ar,discussion,طريقة الإعداد,مناقشة نتائج البحث طريقة الإعداد,https://www.auraideasuae.com/مقالات-احترافية/قراءة-نتائج-التحليل-الإحصائي.html,مناقشة النتائج,supporting
3211,ar,discussion,كيفية الكتابة,مناقشة نتائج البحث كيفية الكتابة,https://www.auraideasuae.com/مقالات-احترافية/قراءة-نتائج-التحليل-الإحصائي.html,مناقشة النتائج,supporting
3212,ar,discussion,كيفية التنسيق,مناقشة نتائج البحث كيفية التنسيق,https://www.auraideasuae.com/مقالات-احترافية/قراءة-نتائج-التحليل-الإحصائي.html,مناقشة النتائج,supporting
3213,ar,discussion,كيفية التوثيق,مناقشة نتائج البحث كيفية التوثيق,https://www.auraideasuae.com/مقالات-احترافية/قراءة-نتائج-التحليل-الإحصائي.html,مناقشة النتائج,supporting
3214,ar,discussion,كيفية المراجعة,مناقشة نتائج البحث كيفية المراجعة,https://www.auraideasuae.com/مقالات-احترافية/قراءة-نتائج-التحليل-الإحصائي.html,مناقشة النتائج,supporting
3215,ar,discussion,كيفية التحليل,مناقشة نتائج البحث كيفية التحليل,https://www.auraideasuae.com/مقالات-احترافية/قراءة-نتائج-التحليل-الإحصائي.html,مناقشة النتائج,supporting
3216,ar,discussion,كيفية العرض,مناقشة نتائج البحث كيفية العرض,https://www.auraideasuae.com/مقالات-احترافية/قراءة-نتائج-التحليل-الإحصائي.html,مناقشة النتائج,supporting
3217,ar,discussion,قبل التسليم,مناقشة نتائج البحث قبل التسليم,https://www.auraideasuae.com/مقالات-احترافية/قراءة-نتائج-التحليل-الإحصائي.html,مناقشة النتائج,supporting
3218,ar,discussion,لطلاب البكالوريوس,مناقشة نتائج البحث لطلاب البكالوريوس,https://www.auraideasuae.com/مقالات-احترافية/قراءة-نتائج-التحليل-الإحصائي.html,مناقشة النتائج,supporting
3219,ar,discussion,لطلاب الماجستير,مناقشة نتائج البحث لطلاب الماجستير,https://www.auraideasuae.com/مقالات-احترافية/قراءة-نتائج-التحليل-الإحصائي.html,مناقشة النتائج,supporting
3220,ar,discussion,لطلاب الدكتوراه,مناقشة نتائج البحث لطلاب الدكتوراه,https://www.auraideasuae.com/مقالات-احترافية/قراءة-نتائج-التحليل-الإحصائي.html,مناقشة النتائج,supporting
3221,ar,discussion,باللغة العربية,مناقشة نتائج البحث باللغة العربية,https://www.auraideasuae.com/مقالات-احترافية/قراءة-نتائج-التحليل-الإحصائي.html,مناقشة النتائج,supporting
3222,ar,discussion,باللغة الإنجليزية,مناقشة نتائج البحث باللغة الإنجليزية,https://www.auraideasuae.com/مقالات-احترافية/قراءة-نتائج-التحليل-الإحصائي.html,مناقشة النتائج,supporting
3223,ar,discussion,عربي وإنجليزي,مناقشة نتائج البحث عربي وإنجليزي,https://www.auraideasuae.com/مقالات-احترافية/قراءة-نتائج-التحليل-الإحصائي.html,مناقشة النتائج,supporting
3224,ar,discussion,في الجامعات الإماراتية,مناقشة نتائج البحث في الجامعات الإماراتية,https://www.auraideasuae.com/مقالات-احترافية/قراءة-نتائج-التحليل-الإحصائي.html,مناقشة النتائج,supporting
3225,ar,discussion,في دبي,مناقشة نتائج البحث في دبي,https://www.auraideasuae.com/مقالات-احترافية/قراءة-نتائج-التحليل-الإحصائي.html,مناقشة النتائج,supporting
3226,ar,discussion,في أبوظبي,مناقشة نتائج البحث في أبوظبي,https://www.auraideasuae.com/مقالات-احترافية/قراءة-نتائج-التحليل-الإحصائي.html,مناقشة النتائج,supporting
3227,ar,discussion,في الشارقة,مناقشة نتائج البحث في الشارقة,https://www.auraideasuae.com/مقالات-احترافية/قراءة-نتائج-التحليل-الإحصائي.html,مناقشة النتائج,supporting
3228,ar,discussion,للجامعات الخاصة,مناقشة نتائج البحث للجامعات الخاصة,https://www.auraideasuae.com/مقالات-احترافية/قراءة-نتائج-التحليل-الإحصائي.html,مناقشة النتائج,supporting
3229,ar,discussion,للجامعات الحكومية,مناقشة نتائج البحث للجامعات الحكومية,https://www.auraideasuae.com/مقالات-احترافية/قراءة-نتائج-التحليل-الإحصائي.html,مناقشة النتائج,supporting
3230,ar,discussion,عن بُعد,مناقشة نتائج البحث عن بُعد,https://www.auraideasuae.com/مقالات-احترافية/قراءة-نتائج-التحليل-الإحصائي.html,مناقشة النتائج,supporting
3231,ar,discussion,خدمة احترافية,مناقشة نتائج البحث خدمة احترافية,https://www.auraideasuae.com/مقالات-احترافية/قراءة-نتائج-التحليل-الإحصائي.html,مناقشة النتائج,supporting
3232,ar,discussion,مساعدة أكاديمية,مناقشة نتائج البحث مساعدة أكاديمية,https://www.auraideasuae.com/مقالات-احترافية/قراءة-نتائج-التحليل-الإحصائي.html,مناقشة النتائج,supporting
3233,ar,discussion,استشارة بحثية,مناقشة نتائج البحث استشارة بحثية,https://www.auraideasuae.com/مقالات-احترافية/قراءة-نتائج-التحليل-الإحصائي.html,مناقشة النتائج,supporting
3234,ar,discussion,مراجعة أكاديمية,مناقشة نتائج البحث مراجعة أكاديمية,https://www.auraideasuae.com/مقالات-احترافية/قراءة-نتائج-التحليل-الإحصائي.html,مناقشة النتائج,supporting
3235,ar,discussion,تدقيق علمي,مناقشة نتائج البحث تدقيق علمي,https://www.auraideasuae.com/مقالات-احترافية/قراءة-نتائج-التحليل-الإحصائي.html,مناقشة النتائج,supporting
3236,ar,discussion,تنسيق APA,مناقشة نتائج البحث تنسيق APA,https://www.auraideasuae.com/مقالات-احترافية/قراءة-نتائج-التحليل-الإحصائي.html,مناقشة النتائج,supporting
3237,ar,discussion,تنسيق MLA,مناقشة نتائج البحث تنسيق MLA,https://www.auraideasuae.com/مقالات-احترافية/قراءة-نتائج-التحليل-الإحصائي.html,مناقشة النتائج,supporting
3238,ar,discussion,تنسيق Chicago,مناقشة نتائج البحث تنسيق Chicago,https://www.auraideasuae.com/مقالات-احترافية/قراءة-نتائج-التحليل-الإحصائي.html,مناقشة النتائج,supporting
3239,ar,discussion,توثيق المصادر,مناقشة نتائج البحث توثيق المصادر,https://www.auraideasuae.com/مقالات-احترافية/قراءة-نتائج-التحليل-الإحصائي.html,مناقشة النتائج,supporting
3240,ar,discussion,تحسين الصياغة,مناقشة نتائج البحث تحسين الصياغة,https://www.auraideasuae.com/مقالات-احترافية/قراءة-نتائج-التحليل-الإحصائي.html,مناقشة النتائج,supporting
3241,ar,discussion,تحسين المنهجية,مناقشة نتائج البحث تحسين المنهجية,https://www.auraideasuae.com/مقالات-احترافية/قراءة-نتائج-التحليل-الإحصائي.html,مناقشة النتائج,supporting
3242,ar,discussion,قراءة وتحليل البيانات,مناقشة نتائج البحث قراءة وتحليل البيانات,https://www.auraideasuae.com/مقالات-احترافية/قراءة-نتائج-التحليل-الإحصائي.html,مناقشة النتائج,supporting
3243,ar,discussion,تصميم أداة البحث,مناقشة نتائج البحث تصميم أداة البحث,https://www.auraideasuae.com/مقالات-احترافية/قراءة-نتائج-التحليل-الإحصائي.html,مناقشة النتائج,supporting
3244,ar,discussion,مراجعة الاستبيان,مناقشة نتائج البحث مراجعة الاستبيان,https://www.auraideasuae.com/مقالات-احترافية/قراءة-نتائج-التحليل-الإحصائي.html,مناقشة النتائج,supporting
3245,ar,discussion,تفسير النتائج,مناقشة نتائج البحث تفسير النتائج,https://www.auraideasuae.com/مقالات-احترافية/قراءة-نتائج-التحليل-الإحصائي.html,مناقشة النتائج,supporting
3246,ar,discussion,إعداد الجداول,مناقشة نتائج البحث إعداد الجداول,https://www.auraideasuae.com/مقالات-احترافية/قراءة-نتائج-التحليل-الإحصائي.html,مناقشة النتائج,supporting
3247,ar,discussion,إعداد الرسوم البيانية,مناقشة نتائج البحث إعداد الرسوم البيانية,https://www.auraideasuae.com/مقالات-احترافية/قراءة-نتائج-التحليل-الإحصائي.html,مناقشة النتائج,supporting
3248,ar,discussion,تجهيز المناقشة,مناقشة نتائج البحث تجهيز المناقشة,https://www.auraideasuae.com/مقالات-احترافية/قراءة-نتائج-التحليل-الإحصائي.html,مناقشة النتائج,supporting
3249,ar,discussion,مع الحفاظ على الأمانة العلمية,مناقشة نتائج البحث مع الحفاظ على الأمانة العلمية,https://www.auraideasuae.com/مقالات-احترافية/قراءة-نتائج-التحليل-الإحصائي.html,مناقشة النتائج,supporting
3250,ar,discussion,وفق متطلبات الجامعة,مناقشة نتائج البحث وفق متطلبات الجامعة,https://www.auraideasuae.com/مقالات-احترافية/قراءة-نتائج-التحليل-الإحصائي.html,مناقشة النتائج,supporting
3251,en,discussion,simple explanation,research discussion chapter simple explanation,https://www.auraideasuae.com/مقالات-احترافية/قراءة-نتائج-التحليل-الإحصائي.html,مناقشة النتائج,supporting
3252,en,discussion,practical guide,research discussion chapter practical guide,https://www.auraideasuae.com/مقالات-احترافية/قراءة-نتائج-التحليل-الإحصائي.html,مناقشة النتائج,supporting
3253,en,discussion,step-by-step process,research discussion chapter step-by-step process,https://www.auraideasuae.com/مقالات-احترافية/قراءة-نتائج-التحليل-الإحصائي.html,مناقشة النتائج,supporting
3254,en,discussion,editable template,research discussion chapter editable template,https://www.auraideasuae.com/مقالات-احترافية/قراءة-نتائج-التحليل-الإحصائي.html,مناقشة النتائج,supporting
3255,en,discussion,worked example,research discussion chapter worked example,https://www.auraideasuae.com/مقالات-احترافية/قراءة-نتائج-التحليل-الإحصائي.html,مناقشة النتائج,supporting
3256,en,discussion,action plan,research discussion chapter action plan,https://www.auraideasuae.com/مقالات-احترافية/قراءة-نتائج-التحليل-الإحصائي.html,مناقشة النتائج,supporting
3257,en,discussion,student tips,research discussion chapter student tips,https://www.auraideasuae.com/مقالات-احترافية/قراءة-نتائج-التحليل-الإحصائي.html,مناقشة النتائج,supporting
3258,en,discussion,common mistakes,research discussion chapter common mistakes,https://www.auraideasuae.com/مقالات-احترافية/قراءة-نتائج-التحليل-الإحصائي.html,مناقشة النتائج,supporting
3259,en,discussion,quality standards,research discussion chapter quality standards,https://www.auraideasuae.com/مقالات-احترافية/قراءة-نتائج-التحليل-الإحصائي.html,مناقشة النتائج,supporting
3260,en,discussion,how to prepare,research discussion chapter how to prepare,https://www.auraideasuae.com/مقالات-احترافية/قراءة-نتائج-التحليل-الإحصائي.html,مناقشة النتائج,supporting
3261,en,discussion,how to write,research discussion chapter how to write,https://www.auraideasuae.com/مقالات-احترافية/قراءة-نتائج-التحليل-الإحصائي.html,مناقشة النتائج,supporting
3262,en,discussion,how to format,research discussion chapter how to format,https://www.auraideasuae.com/مقالات-احترافية/قراءة-نتائج-التحليل-الإحصائي.html,مناقشة النتائج,supporting
3263,en,discussion,how to cite sources,research discussion chapter how to cite sources,https://www.auraideasuae.com/مقالات-احترافية/قراءة-نتائج-التحليل-الإحصائي.html,مناقشة النتائج,supporting
3264,en,discussion,how to proofread,research discussion chapter how to proofread,https://www.auraideasuae.com/مقالات-احترافية/قراءة-نتائج-التحليل-الإحصائي.html,مناقشة النتائج,supporting
3265,en,discussion,how to analyze,research discussion chapter how to analyze,https://www.auraideasuae.com/مقالات-احترافية/قراءة-نتائج-التحليل-الإحصائي.html,مناقشة النتائج,supporting
3266,en,discussion,how to present,research discussion chapter how to present,https://www.auraideasuae.com/مقالات-احترافية/قراءة-نتائج-التحليل-الإحصائي.html,مناقشة النتائج,supporting
3267,en,discussion,before submission,research discussion chapter before submission,https://www.auraideasuae.com/مقالات-احترافية/قراءة-نتائج-التحليل-الإحصائي.html,مناقشة النتائج,supporting
3268,en,discussion,for undergraduate students,research discussion chapter for undergraduate students,https://www.auraideasuae.com/مقالات-احترافية/قراءة-نتائج-التحليل-الإحصائي.html,مناقشة النتائج,supporting
3269,en,discussion,for master's students,research discussion chapter for master's students,https://www.auraideasuae.com/مقالات-احترافية/قراءة-نتائج-التحليل-الإحصائي.html,مناقشة النتائج,supporting
3270,en,discussion,for doctoral students,research discussion chapter for doctoral students,https://www.auraideasuae.com/مقالات-احترافية/قراءة-نتائج-التحليل-الإحصائي.html,مناقشة النتائج,supporting
3271,en,discussion,in Arabic,research discussion chapter in Arabic,https://www.auraideasuae.com/مقالات-احترافية/قراءة-نتائج-التحليل-الإحصائي.html,مناقشة النتائج,supporting
3272,en,discussion,in English,research discussion chapter in English,https://www.auraideasuae.com/مقالات-احترافية/قراءة-نتائج-التحليل-الإحصائي.html,مناقشة النتائج,supporting
3273,en,discussion,Arabic and English,research discussion chapter Arabic and English,https://www.auraideasuae.com/مقالات-احترافية/قراءة-نتائج-التحليل-الإحصائي.html,مناقشة النتائج,supporting
3274,en,discussion,for UAE universities,research discussion chapter for UAE universities,https://www.auraideasuae.com/مقالات-احترافية/قراءة-نتائج-التحليل-الإحصائي.html,مناقشة النتائج,supporting
3275,en,discussion,in Dubai,research discussion chapter in Dubai,https://www.auraideasuae.com/مقالات-احترافية/قراءة-نتائج-التحليل-الإحصائي.html,مناقشة النتائج,supporting
3276,en,discussion,in Abu Dhabi,research discussion chapter in Abu Dhabi,https://www.auraideasuae.com/مقالات-احترافية/قراءة-نتائج-التحليل-الإحصائي.html,مناقشة النتائج,supporting
3277,en,discussion,in Sharjah,research discussion chapter in Sharjah,https://www.auraideasuae.com/مقالات-احترافية/قراءة-نتائج-التحليل-الإحصائي.html,مناقشة النتائج,supporting
3278,en,discussion,for private universities,research discussion chapter for private universities,https://www.auraideasuae.com/مقالات-احترافية/قراءة-نتائج-التحليل-الإحصائي.html,مناقشة النتائج,supporting
3279,en,discussion,for public universities,research discussion chapter for public universities,https://www.auraideasuae.com/مقالات-احترافية/قراءة-نتائج-التحليل-الإحصائي.html,مناقشة النتائج,supporting
3280,en,discussion,online support,research discussion chapter online support,https://www.auraideasuae.com/مقالات-احترافية/قراءة-نتائج-التحليل-الإحصائي.html,مناقشة النتائج,supporting
3281,en,discussion,professional service,research discussion chapter professional service,https://www.auraideasuae.com/مقالات-احترافية/قراءة-نتائج-التحليل-الإحصائي.html,مناقشة النتائج,supporting
3282,en,discussion,academic assistance,research discussion chapter academic assistance,https://www.auraideasuae.com/مقالات-احترافية/قراءة-نتائج-التحليل-الإحصائي.html,مناقشة النتائج,supporting
3283,en,discussion,research consultation,research discussion chapter research consultation,https://www.auraideasuae.com/مقالات-احترافية/قراءة-نتائج-التحليل-الإحصائي.html,مناقشة النتائج,supporting
3284,en,discussion,academic review,research discussion chapter academic review,https://www.auraideasuae.com/مقالات-احترافية/قراءة-نتائج-التحليل-الإحصائي.html,مناقشة النتائج,supporting
3285,en,discussion,scholarly proofreading,research discussion chapter scholarly proofreading,https://www.auraideasuae.com/مقالات-احترافية/قراءة-نتائج-التحليل-الإحصائي.html,مناقشة النتائج,supporting
3286,en,discussion,APA formatting,research discussion chapter APA formatting,https://www.auraideasuae.com/مقالات-احترافية/قراءة-نتائج-التحليل-الإحصائي.html,مناقشة النتائج,supporting
3287,en,discussion,MLA formatting,research discussion chapter MLA formatting,https://www.auraideasuae.com/مقالات-احترافية/قراءة-نتائج-التحليل-الإحصائي.html,مناقشة النتائج,supporting
3288,en,discussion,Chicago formatting,research discussion chapter Chicago formatting,https://www.auraideasuae.com/مقالات-احترافية/قراءة-نتائج-التحليل-الإحصائي.html,مناقشة النتائج,supporting
3289,en,discussion,source citation,research discussion chapter source citation,https://www.auraideasuae.com/مقالات-احترافية/قراءة-نتائج-التحليل-الإحصائي.html,مناقشة النتائج,supporting
3290,en,discussion,academic rewriting,research discussion chapter academic rewriting,https://www.auraideasuae.com/مقالات-احترافية/قراءة-نتائج-التحليل-الإحصائي.html,مناقشة النتائج,supporting
3291,en,discussion,methodology improvement,research discussion chapter methodology improvement,https://www.auraideasuae.com/مقالات-احترافية/قراءة-نتائج-التحليل-الإحصائي.html,مناقشة النتائج,supporting
3292,en,discussion,data interpretation,research discussion chapter data interpretation,https://www.auraideasuae.com/مقالات-احترافية/قراءة-نتائج-التحليل-الإحصائي.html,مناقشة النتائج,supporting
3293,en,discussion,research instrument design,research discussion chapter research instrument design,https://www.auraideasuae.com/مقالات-احترافية/قراءة-نتائج-التحليل-الإحصائي.html,مناقشة النتائج,supporting
3294,en,discussion,survey review,research discussion chapter survey review,https://www.auraideasuae.com/مقالات-احترافية/قراءة-نتائج-التحليل-الإحصائي.html,مناقشة النتائج,supporting
3295,en,discussion,results interpretation,research discussion chapter results interpretation,https://www.auraideasuae.com/مقالات-احترافية/قراءة-نتائج-التحليل-الإحصائي.html,مناقشة النتائج,supporting
3296,en,discussion,table preparation,research discussion chapter table preparation,https://www.auraideasuae.com/مقالات-احترافية/قراءة-نتائج-التحليل-الإحصائي.html,مناقشة النتائج,supporting
3297,en,discussion,chart preparation,research discussion chapter chart preparation,https://www.auraideasuae.com/مقالات-احترافية/قراءة-نتائج-التحليل-الإحصائي.html,مناقشة النتائج,supporting
3298,en,discussion,discussion preparation,research discussion chapter discussion preparation,https://www.auraideasuae.com/مقالات-احترافية/قراءة-نتائج-التحليل-الإحصائي.html,مناقشة النتائج,supporting
3299,en,discussion,with academic integrity,research discussion chapter with academic integrity,https://www.auraideasuae.com/مقالات-احترافية/قراءة-نتائج-التحليل-الإحصائي.html,مناقشة النتائج,supporting
3300,en,discussion,according to university requirements,research discussion chapter according to university requirements,https://www.auraideasuae.com/مقالات-احترافية/قراءة-نتائج-التحليل-الإحصائي.html,مناقشة النتائج,supporting
3301,ar,introduction,شرح مبسط,مقدمة البحث شرح مبسط,https://www.auraideasuae.com/مقالات-احترافية/,مقدمة البحث,supporting
3302,ar,introduction,دليل عملي,مقدمة البحث دليل عملي,https://www.auraideasuae.com/مقالات-احترافية/,مقدمة البحث,supporting
3303,ar,introduction,خطوات التنفيذ,مقدمة البحث خطوات التنفيذ,https://www.auraideasuae.com/مقالات-احترافية/,مقدمة البحث,supporting
3304,ar,introduction,نموذج قابل للتعديل,مقدمة البحث نموذج قابل للتعديل,https://www.auraideasuae.com/مقالات-احترافية/,مقدمة البحث,supporting
3305,ar,introduction,مثال تطبيقي,مقدمة البحث مثال تطبيقي,https://www.auraideasuae.com/مقالات-احترافية/,مقدمة البحث,supporting
3306,ar,introduction,خطة عمل,مقدمة البحث خطة عمل,https://www.auraideasuae.com/مقالات-احترافية/,مقدمة البحث,supporting
3307,ar,introduction,نصائح للطلاب,مقدمة البحث نصائح للطلاب,https://www.auraideasuae.com/مقالات-احترافية/,مقدمة البحث,supporting
3308,ar,introduction,أخطاء شائعة,مقدمة البحث أخطاء شائعة,https://www.auraideasuae.com/مقالات-احترافية/,مقدمة البحث,supporting
3309,ar,introduction,معايير الجودة,مقدمة البحث معايير الجودة,https://www.auraideasuae.com/مقالات-احترافية/,مقدمة البحث,supporting
3310,ar,introduction,طريقة الإعداد,مقدمة البحث طريقة الإعداد,https://www.auraideasuae.com/مقالات-احترافية/,مقدمة البحث,supporting
3311,ar,introduction,كيفية الكتابة,مقدمة البحث كيفية الكتابة,https://www.auraideasuae.com/مقالات-احترافية/,مقدمة البحث,supporting
3312,ar,introduction,كيفية التنسيق,مقدمة البحث كيفية التنسيق,https://www.auraideasuae.com/مقالات-احترافية/,مقدمة البحث,supporting
3313,ar,introduction,كيفية التوثيق,مقدمة البحث كيفية التوثيق,https://www.auraideasuae.com/مقالات-احترافية/,مقدمة البحث,supporting
3314,ar,introduction,كيفية المراجعة,مقدمة البحث كيفية المراجعة,https://www.auraideasuae.com/مقالات-احترافية/,مقدمة البحث,supporting
3315,ar,introduction,كيفية التحليل,مقدمة البحث كيفية التحليل,https://www.auraideasuae.com/مقالات-احترافية/,مقدمة البحث,supporting
3316,ar,introduction,كيفية العرض,مقدمة البحث كيفية العرض,https://www.auraideasuae.com/مقالات-احترافية/,مقدمة البحث,supporting
3317,ar,introduction,قبل التسليم,مقدمة البحث قبل التسليم,https://www.auraideasuae.com/مقالات-احترافية/,مقدمة البحث,supporting
3318,ar,introduction,لطلاب البكالوريوس,مقدمة البحث لطلاب البكالوريوس,https://www.auraideasuae.com/مقالات-احترافية/,مقدمة البحث,supporting
3319,ar,introduction,لطلاب الماجستير,مقدمة البحث لطلاب الماجستير,https://www.auraideasuae.com/مقالات-احترافية/,مقدمة البحث,supporting
3320,ar,introduction,لطلاب الدكتوراه,مقدمة البحث لطلاب الدكتوراه,https://www.auraideasuae.com/مقالات-احترافية/,مقدمة البحث,supporting
3321,ar,introduction,باللغة العربية,مقدمة البحث باللغة العربية,https://www.auraideasuae.com/مقالات-احترافية/,مقدمة البحث,supporting
3322,ar,introduction,باللغة الإنجليزية,مقدمة البحث باللغة الإنجليزية,https://www.auraideasuae.com/مقالات-احترافية/,مقدمة البحث,supporting
3323,ar,introduction,عربي وإنجليزي,مقدمة البحث عربي وإنجليزي,https://www.auraideasuae.com/مقالات-احترافية/,مقدمة البحث,supporting
3324,ar,introduction,في الجامعات الإماراتية,مقدمة البحث في الجامعات الإماراتية,https://www.auraideasuae.com/مقالات-احترافية/,مقدمة البحث,supporting
3325,ar,introduction,في دبي,مقدمة البحث في دبي,https://www.auraideasuae.com/مقالات-احترافية/,مقدمة البحث,supporting
3326,ar,introduction,في أبوظبي,مقدمة البحث في أبوظبي,https://www.auraideasuae.com/مقالات-احترافية/,مقدمة البحث,supporting
3327,ar,introduction,في الشارقة,مقدمة البحث في الشارقة,https://www.auraideasuae.com/مقالات-احترافية/,مقدمة البحث,supporting
3328,ar,introduction,للجامعات الخاصة,مقدمة البحث للجامعات الخاصة,https://www.auraideasuae.com/مقالات-احترافية/,مقدمة البحث,supporting
3329,ar,introduction,للجامعات الحكومية,مقدمة البحث للجامعات الحكومية,https://www.auraideasuae.com/مقالات-احترافية/,مقدمة البحث,supporting
3330,ar,introduction,عن بُعد,مقدمة البحث عن بُعد,https://www.auraideasuae.com/مقالات-احترافية/,مقدمة البحث,supporting
3331,ar,introduction,خدمة احترافية,مقدمة البحث خدمة احترافية,https://www.auraideasuae.com/مقالات-احترافية/,مقدمة البحث,supporting
3332,ar,introduction,مساعدة أكاديمية,مقدمة البحث مساعدة أكاديمية,https://www.auraideasuae.com/مقالات-احترافية/,مقدمة البحث,supporting
3333,ar,introduction,استشارة بحثية,مقدمة البحث استشارة بحثية,https://www.auraideasuae.com/مقالات-احترافية/,مقدمة البحث,supporting
3334,ar,introduction,مراجعة أكاديمية,مقدمة البحث مراجعة أكاديمية,https://www.auraideasuae.com/مقالات-احترافية/,مقدمة البحث,supporting
3335,ar,introduction,تدقيق علمي,مقدمة البحث تدقيق علمي,https://www.auraideasuae.com/مقالات-احترافية/,مقدمة البحث,supporting
3336,ar,introduction,تنسيق APA,مقدمة البحث تنسيق APA,https://www.auraideasuae.com/مقالات-احترافية/,مقدمة البحث,supporting
3337,ar,introduction,تنسيق MLA,مقدمة البحث تنسيق MLA,https://www.auraideasuae.com/مقالات-احترافية/,مقدمة البحث,supporting
3338,ar,introduction,تنسيق Chicago,مقدمة البحث تنسيق Chicago,https://www.auraideasuae.com/مقالات-احترافية/,مقدمة البحث,supporting
3339,ar,introduction,توثيق المصادر,مقدمة البحث توثيق المصادر,https://www.auraideasuae.com/مقالات-احترافية/,مقدمة البحث,supporting
3340,ar,introduction,تحسين الصياغة,مقدمة البحث تحسين الصياغة,https://www.auraideasuae.com/مقالات-احترافية/,مقدمة البحث,supporting
3341,ar,introduction,تحسين المنهجية,مقدمة البحث تحسين المنهجية,https://www.auraideasuae.com/مقالات-احترافية/,مقدمة البحث,supporting
3342,ar,introduction,قراءة وتحليل البيانات,مقدمة البحث قراءة وتحليل البيانات,https://www.auraideasuae.com/مقالات-احترافية/,مقدمة البحث,supporting
3343,ar,introduction,تصميم أداة البحث,مقدمة البحث تصميم أداة البحث,https://www.auraideasuae.com/مقالات-احترافية/,مقدمة البحث,supporting
3344,ar,introduction,مراجعة الاستبيان,مقدمة البحث مراجعة الاستبيان,https://www.auraideasuae.com/مقالات-احترافية/,مقدمة البحث,supporting
3345,ar,introduction,تفسير النتائج,مقدمة البحث تفسير النتائج,https://www.auraideasuae.com/مقالات-احترافية/,مقدمة البحث,supporting
3346,ar,introduction,إعداد الجداول,مقدمة البحث إعداد الجداول,https://www.auraideasuae.com/مقالات-احترافية/,مقدمة البحث,supporting
3347,ar,introduction,إعداد الرسوم البيانية,مقدمة البحث إعداد الرسوم البيانية,https://www.auraideasuae.com/مقالات-احترافية/,مقدمة البحث,supporting
3348,ar,introduction,تجهيز المناقشة,مقدمة البحث تجهيز المناقشة,https://www.auraideasuae.com/مقالات-احترافية/,مقدمة البحث,supporting
3349,ar,introduction,مع الحفاظ على الأمانة العلمية,مقدمة البحث مع الحفاظ على الأمانة العلمية,https://www.auraideasuae.com/مقالات-احترافية/,مقدمة البحث,supporting
3350,ar,introduction,وفق متطلبات الجامعة,مقدمة البحث وفق متطلبات الجامعة,https://www.auraideasuae.com/مقالات-احترافية/,مقدمة البحث,supporting
3351,en,introduction,simple explanation,research introduction simple explanation,https://www.auraideasuae.com/مقالات-احترافية/,مقدمة البحث,supporting
3352,en,introduction,practical guide,research introduction practical guide,https://www.auraideasuae.com/مقالات-احترافية/,مقدمة البحث,supporting
3353,en,introduction,step-by-step process,research introduction step-by-step process,https://www.auraideasuae.com/مقالات-احترافية/,مقدمة البحث,supporting
3354,en,introduction,editable template,research introduction editable template,https://www.auraideasuae.com/مقالات-احترافية/,مقدمة البحث,supporting
3355,en,introduction,worked example,research introduction worked example,https://www.auraideasuae.com/مقالات-احترافية/,مقدمة البحث,supporting
3356,en,introduction,action plan,research introduction action plan,https://www.auraideasuae.com/مقالات-احترافية/,مقدمة البحث,supporting
3357,en,introduction,student tips,research introduction student tips,https://www.auraideasuae.com/مقالات-احترافية/,مقدمة البحث,supporting
3358,en,introduction,common mistakes,research introduction common mistakes,https://www.auraideasuae.com/مقالات-احترافية/,مقدمة البحث,supporting
3359,en,introduction,quality standards,research introduction quality standards,https://www.auraideasuae.com/مقالات-احترافية/,مقدمة البحث,supporting
3360,en,introduction,how to prepare,research introduction how to prepare,https://www.auraideasuae.com/مقالات-احترافية/,مقدمة البحث,supporting
3361,en,introduction,how to write,research introduction how to write,https://www.auraideasuae.com/مقالات-احترافية/,مقدمة البحث,supporting
3362,en,introduction,how to format,research introduction how to format,https://www.auraideasuae.com/مقالات-احترافية/,مقدمة البحث,supporting
3363,en,introduction,how to cite sources,research introduction how to cite sources,https://www.auraideasuae.com/مقالات-احترافية/,مقدمة البحث,supporting
3364,en,introduction,how to proofread,research introduction how to proofread,https://www.auraideasuae.com/مقالات-احترافية/,مقدمة البحث,supporting
3365,en,introduction,how to analyze,research introduction how to analyze,https://www.auraideasuae.com/مقالات-احترافية/,مقدمة البحث,supporting
3366,en,introduction,how to present,research introduction how to present,https://www.auraideasuae.com/مقالات-احترافية/,مقدمة البحث,supporting
3367,en,introduction,before submission,research introduction before submission,https://www.auraideasuae.com/مقالات-احترافية/,مقدمة البحث,supporting
3368,en,introduction,for undergraduate students,research introduction for undergraduate students,https://www.auraideasuae.com/مقالات-احترافية/,مقدمة البحث,supporting
3369,en,introduction,for master's students,research introduction for master's students,https://www.auraideasuae.com/مقالات-احترافية/,مقدمة البحث,supporting
3370,en,introduction,for doctoral students,research introduction for doctoral students,https://www.auraideasuae.com/مقالات-احترافية/,مقدمة البحث,supporting
3371,en,introduction,in Arabic,research introduction in Arabic,https://www.auraideasuae.com/مقالات-احترافية/,مقدمة البحث,supporting
3372,en,introduction,in English,research introduction in English,https://www.auraideasuae.com/مقالات-احترافية/,مقدمة البحث,supporting
3373,en,introduction,Arabic and English,research introduction Arabic and English,https://www.auraideasuae.com/مقالات-احترافية/,مقدمة البحث,supporting
3374,en,introduction,for UAE universities,research introduction for UAE universities,https://www.auraideasuae.com/مقالات-احترافية/,مقدمة البحث,supporting
3375,en,introduction,in Dubai,research introduction in Dubai,https://www.auraideasuae.com/مقالات-احترافية/,مقدمة البحث,supporting
3376,en,introduction,in Abu Dhabi,research introduction in Abu Dhabi,https://www.auraideasuae.com/مقالات-احترافية/,مقدمة البحث,supporting
3377,en,introduction,in Sharjah,research introduction in Sharjah,https://www.auraideasuae.com/مقالات-احترافية/,مقدمة البحث,supporting
3378,en,introduction,for private universities,research introduction for private universities,https://www.auraideasuae.com/مقالات-احترافية/,مقدمة البحث,supporting
3379,en,introduction,for public universities,research introduction for public universities,https://www.auraideasuae.com/مقالات-احترافية/,مقدمة البحث,supporting
3380,en,introduction,online support,research introduction online support,https://www.auraideasuae.com/مقالات-احترافية/,مقدمة البحث,supporting
3381,en,introduction,professional service,research introduction professional service,https://www.auraideasuae.com/مقالات-احترافية/,مقدمة البحث,supporting
3382,en,introduction,academic assistance,research introduction academic assistance,https://www.auraideasuae.com/مقالات-احترافية/,مقدمة البحث,supporting
3383,en,introduction,research consultation,research introduction research consultation,https://www.auraideasuae.com/مقالات-احترافية/,مقدمة البحث,supporting
3384,en,introduction,academic review,research introduction academic review,https://www.auraideasuae.com/مقالات-احترافية/,مقدمة البحث,supporting
3385,en,introduction,scholarly proofreading,research introduction scholarly proofreading,https://www.auraideasuae.com/مقالات-احترافية/,مقدمة البحث,supporting
3386,en,introduction,APA formatting,research introduction APA formatting,https://www.auraideasuae.com/مقالات-احترافية/,مقدمة البحث,supporting
3387,en,introduction,MLA formatting,research introduction MLA formatting,https://www.auraideasuae.com/مقالات-احترافية/,مقدمة البحث,supporting
3388,en,introduction,Chicago formatting,research introduction Chicago formatting,https://www.auraideasuae.com/مقالات-احترافية/,مقدمة البحث,supporting
3389,en,introduction,source citation,research introduction source citation,https://www.auraideasuae.com/مقالات-احترافية/,مقدمة البحث,supporting
3390,en,introduction,academic rewriting,research introduction academic rewriting,https://www.auraideasuae.com/مقالات-احترافية/,مقدمة البحث,supporting
3391,en,introduction,methodology improvement,research introduction methodology improvement,https://www.auraideasuae.com/مقالات-احترافية/,مقدمة البحث,supporting
3392,en,introduction,data interpretation,research introduction data interpretation,https://www.auraideasuae.com/مقالات-احترافية/,مقدمة البحث,supporting
3393,en,introduction,research instrument design,research introduction research instrument design,https://www.auraideasuae.com/مقالات-احترافية/,مقدمة البحث,supporting
3394,en,introduction,survey review,research introduction survey review,https://www.auraideasuae.com/مقالات-احترافية/,مقدمة البحث,supporting
3395,en,introduction,results interpretation,research introduction results interpretation,https://www.auraideasuae.com/مقالات-احترافية/,مقدمة البحث,supporting
3396,en,introduction,table preparation,research introduction table preparation,https://www.auraideasuae.com/مقالات-احترافية/,مقدمة البحث,supporting
3397,en,introduction,chart preparation,research introduction chart preparation,https://www.auraideasuae.com/مقالات-احترافية/,مقدمة البحث,supporting
3398,en,introduction,discussion preparation,research introduction discussion preparation,https://www.auraideasuae.com/مقالات-احترافية/,مقدمة البحث,supporting
3399,en,introduction,with academic integrity,research introduction with academic integrity,https://www.auraideasuae.com/مقالات-احترافية/,مقدمة البحث,supporting
3400,en,introduction,according to university requirements,research introduction according to university requirements,https://www.auraideasuae.com/مقالات-احترافية/,مقدمة البحث,supporting
3401,ar,conclusion,شرح مبسط,خاتمة وتوصيات البحث شرح مبسط,https://www.auraideasuae.com/مقالات-احترافية/,خاتمة البحث,supporting
3402,ar,conclusion,دليل عملي,خاتمة وتوصيات البحث دليل عملي,https://www.auraideasuae.com/مقالات-احترافية/,خاتمة البحث,supporting
3403,ar,conclusion,خطوات التنفيذ,خاتمة وتوصيات البحث خطوات التنفيذ,https://www.auraideasuae.com/مقالات-احترافية/,خاتمة البحث,supporting
3404,ar,conclusion,نموذج قابل للتعديل,خاتمة وتوصيات البحث نموذج قابل للتعديل,https://www.auraideasuae.com/مقالات-احترافية/,خاتمة البحث,supporting
3405,ar,conclusion,مثال تطبيقي,خاتمة وتوصيات البحث مثال تطبيقي,https://www.auraideasuae.com/مقالات-احترافية/,خاتمة البحث,supporting
3406,ar,conclusion,خطة عمل,خاتمة وتوصيات البحث خطة عمل,https://www.auraideasuae.com/مقالات-احترافية/,خاتمة البحث,supporting
3407,ar,conclusion,نصائح للطلاب,خاتمة وتوصيات البحث نصائح للطلاب,https://www.auraideasuae.com/مقالات-احترافية/,خاتمة البحث,supporting
3408,ar,conclusion,أخطاء شائعة,خاتمة وتوصيات البحث أخطاء شائعة,https://www.auraideasuae.com/مقالات-احترافية/,خاتمة البحث,supporting
3409,ar,conclusion,معايير الجودة,خاتمة وتوصيات البحث معايير الجودة,https://www.auraideasuae.com/مقالات-احترافية/,خاتمة البحث,supporting
3410,ar,conclusion,طريقة الإعداد,خاتمة وتوصيات البحث طريقة الإعداد,https://www.auraideasuae.com/مقالات-احترافية/,خاتمة البحث,supporting
3411,ar,conclusion,كيفية الكتابة,خاتمة وتوصيات البحث كيفية الكتابة,https://www.auraideasuae.com/مقالات-احترافية/,خاتمة البحث,supporting
3412,ar,conclusion,كيفية التنسيق,خاتمة وتوصيات البحث كيفية التنسيق,https://www.auraideasuae.com/مقالات-احترافية/,خاتمة البحث,supporting
3413,ar,conclusion,كيفية التوثيق,خاتمة وتوصيات البحث كيفية التوثيق,https://www.auraideasuae.com/مقالات-احترافية/,خاتمة البحث,supporting
3414,ar,conclusion,كيفية المراجعة,خاتمة وتوصيات البحث كيفية المراجعة,https://www.auraideasuae.com/مقالات-احترافية/,خاتمة البحث,supporting
3415,ar,conclusion,كيفية التحليل,خاتمة وتوصيات البحث كيفية التحليل,https://www.auraideasuae.com/مقالات-احترافية/,خاتمة البحث,supporting
3416,ar,conclusion,كيفية العرض,خاتمة وتوصيات البحث كيفية العرض,https://www.auraideasuae.com/مقالات-احترافية/,خاتمة البحث,supporting
3417,ar,conclusion,قبل التسليم,خاتمة وتوصيات البحث قبل التسليم,https://www.auraideasuae.com/مقالات-احترافية/,خاتمة البحث,supporting
3418,ar,conclusion,لطلاب البكالوريوس,خاتمة وتوصيات البحث لطلاب البكالوريوس,https://www.auraideasuae.com/مقالات-احترافية/,خاتمة البحث,supporting
3419,ar,conclusion,لطلاب الماجستير,خاتمة وتوصيات البحث لطلاب الماجستير,https://www.auraideasuae.com/مقالات-احترافية/,خاتمة البحث,supporting
3420,ar,conclusion,لطلاب الدكتوراه,خاتمة وتوصيات البحث لطلاب الدكتوراه,https://www.auraideasuae.com/مقالات-احترافية/,خاتمة البحث,supporting
3421,ar,conclusion,باللغة العربية,خاتمة وتوصيات البحث باللغة العربية,https://www.auraideasuae.com/مقالات-احترافية/,خاتمة البحث,supporting
3422,ar,conclusion,باللغة الإنجليزية,خاتمة وتوصيات البحث باللغة الإنجليزية,https://www.auraideasuae.com/مقالات-احترافية/,خاتمة البحث,supporting
3423,ar,conclusion,عربي وإنجليزي,خاتمة وتوصيات البحث عربي وإنجليزي,https://www.auraideasuae.com/مقالات-احترافية/,خاتمة البحث,supporting
3424,ar,conclusion,في الجامعات الإماراتية,خاتمة وتوصيات البحث في الجامعات الإماراتية,https://www.auraideasuae.com/مقالات-احترافية/,خاتمة البحث,supporting
3425,ar,conclusion,في دبي,خاتمة وتوصيات البحث في دبي,https://www.auraideasuae.com/مقالات-احترافية/,خاتمة البحث,supporting
3426,ar,conclusion,في أبوظبي,خاتمة وتوصيات البحث في أبوظبي,https://www.auraideasuae.com/مقالات-احترافية/,خاتمة البحث,supporting
3427,ar,conclusion,في الشارقة,خاتمة وتوصيات البحث في الشارقة,https://www.auraideasuae.com/مقالات-احترافية/,خاتمة البحث,supporting
3428,ar,conclusion,للجامعات الخاصة,خاتمة وتوصيات البحث للجامعات الخاصة,https://www.auraideasuae.com/مقالات-احترافية/,خاتمة البحث,supporting
3429,ar,conclusion,للجامعات الحكومية,خاتمة وتوصيات البحث للجامعات الحكومية,https://www.auraideasuae.com/مقالات-احترافية/,خاتمة البحث,supporting
3430,ar,conclusion,عن بُعد,خاتمة وتوصيات البحث عن بُعد,https://www.auraideasuae.com/مقالات-احترافية/,خاتمة البحث,supporting
3431,ar,conclusion,خدمة احترافية,خاتمة وتوصيات البحث خدمة احترافية,https://www.auraideasuae.com/مقالات-احترافية/,خاتمة البحث,supporting
3432,ar,conclusion,مساعدة أكاديمية,خاتمة وتوصيات البحث مساعدة أكاديمية,https://www.auraideasuae.com/مقالات-احترافية/,خاتمة البحث,supporting
3433,ar,conclusion,استشارة بحثية,خاتمة وتوصيات البحث استشارة بحثية,https://www.auraideasuae.com/مقالات-احترافية/,خاتمة البحث,supporting
3434,ar,conclusion,مراجعة أكاديمية,خاتمة وتوصيات البحث مراجعة أكاديمية,https://www.auraideasuae.com/مقالات-احترافية/,خاتمة البحث,supporting
3435,ar,conclusion,تدقيق علمي,خاتمة وتوصيات البحث تدقيق علمي,https://www.auraideasuae.com/مقالات-احترافية/,خاتمة البحث,supporting
3436,ar,conclusion,تنسيق APA,خاتمة وتوصيات البحث تنسيق APA,https://www.auraideasuae.com/مقالات-احترافية/,خاتمة البحث,supporting
3437,ar,conclusion,تنسيق MLA,خاتمة وتوصيات البحث تنسيق MLA,https://www.auraideasuae.com/مقالات-احترافية/,خاتمة البحث,supporting
3438,ar,conclusion,تنسيق Chicago,خاتمة وتوصيات البحث تنسيق Chicago,https://www.auraideasuae.com/مقالات-احترافية/,خاتمة البحث,supporting
3439,ar,conclusion,توثيق المصادر,خاتمة وتوصيات البحث توثيق المصادر,https://www.auraideasuae.com/مقالات-احترافية/,خاتمة البحث,supporting
3440,ar,conclusion,تحسين الصياغة,خاتمة وتوصيات البحث تحسين الصياغة,https://www.auraideasuae.com/مقالات-احترافية/,خاتمة البحث,supporting
3441,ar,conclusion,تحسين المنهجية,خاتمة وتوصيات البحث تحسين المنهجية,https://www.auraideasuae.com/مقالات-احترافية/,خاتمة البحث,supporting
3442,ar,conclusion,قراءة وتحليل البيانات,خاتمة وتوصيات البحث قراءة وتحليل البيانات,https://www.auraideasuae.com/مقالات-احترافية/,خاتمة البحث,supporting
3443,ar,conclusion,تصميم أداة البحث,خاتمة وتوصيات البحث تصميم أداة البحث,https://www.auraideasuae.com/مقالات-احترافية/,خاتمة البحث,supporting
3444,ar,conclusion,مراجعة الاستبيان,خاتمة وتوصيات البحث مراجعة الاستبيان,https://www.auraideasuae.com/مقالات-احترافية/,خاتمة البحث,supporting
3445,ar,conclusion,تفسير النتائج,خاتمة وتوصيات البحث تفسير النتائج,https://www.auraideasuae.com/مقالات-احترافية/,خاتمة البحث,supporting
3446,ar,conclusion,إعداد الجداول,خاتمة وتوصيات البحث إعداد الجداول,https://www.auraideasuae.com/مقالات-احترافية/,خاتمة البحث,supporting
3447,ar,conclusion,إعداد الرسوم البيانية,خاتمة وتوصيات البحث إعداد الرسوم البيانية,https://www.auraideasuae.com/مقالات-احترافية/,خاتمة البحث,supporting
3448,ar,conclusion,تجهيز المناقشة,خاتمة وتوصيات البحث تجهيز المناقشة,https://www.auraideasuae.com/مقالات-احترافية/,خاتمة البحث,supporting
3449,ar,conclusion,مع الحفاظ على الأمانة العلمية,خاتمة وتوصيات البحث مع الحفاظ على الأمانة العلمية,https://www.auraideasuae.com/مقالات-احترافية/,خاتمة البحث,supporting
3450,ar,conclusion,وفق متطلبات الجامعة,خاتمة وتوصيات البحث وفق متطلبات الجامعة,https://www.auraideasuae.com/مقالات-احترافية/,خاتمة البحث,supporting
3451,en,conclusion,simple explanation,research conclusion and recommendations simple explanation,https://www.auraideasuae.com/مقالات-احترافية/,خاتمة البحث,supporting
3452,en,conclusion,practical guide,research conclusion and recommendations practical guide,https://www.auraideasuae.com/مقالات-احترافية/,خاتمة البحث,supporting
3453,en,conclusion,step-by-step process,research conclusion and recommendations step-by-step process,https://www.auraideasuae.com/مقالات-احترافية/,خاتمة البحث,supporting
3454,en,conclusion,editable template,research conclusion and recommendations editable template,https://www.auraideasuae.com/مقالات-احترافية/,خاتمة البحث,supporting
3455,en,conclusion,worked example,research conclusion and recommendations worked example,https://www.auraideasuae.com/مقالات-احترافية/,خاتمة البحث,supporting
3456,en,conclusion,action plan,research conclusion and recommendations action plan,https://www.auraideasuae.com/مقالات-احترافية/,خاتمة البحث,supporting
3457,en,conclusion,student tips,research conclusion and recommendations student tips,https://www.auraideasuae.com/مقالات-احترافية/,خاتمة البحث,supporting
3458,en,conclusion,common mistakes,research conclusion and recommendations common mistakes,https://www.auraideasuae.com/مقالات-احترافية/,خاتمة البحث,supporting
3459,en,conclusion,quality standards,research conclusion and recommendations quality standards,https://www.auraideasuae.com/مقالات-احترافية/,خاتمة البحث,supporting
3460,en,conclusion,how to prepare,research conclusion and recommendations how to prepare,https://www.auraideasuae.com/مقالات-احترافية/,خاتمة البحث,supporting
3461,en,conclusion,how to write,research conclusion and recommendations how to write,https://www.auraideasuae.com/مقالات-احترافية/,خاتمة البحث,supporting
3462,en,conclusion,how to format,research conclusion and recommendations how to format,https://www.auraideasuae.com/مقالات-احترافية/,خاتمة البحث,supporting
3463,en,conclusion,how to cite sources,research conclusion and recommendations how to cite sources,https://www.auraideasuae.com/مقالات-احترافية/,خاتمة البحث,supporting
3464,en,conclusion,how to proofread,research conclusion and recommendations how to proofread,https://www.auraideasuae.com/مقالات-احترافية/,خاتمة البحث,supporting
3465,en,conclusion,how to analyze,research conclusion and recommendations how to analyze,https://www.auraideasuae.com/مقالات-احترافية/,خاتمة البحث,supporting
3466,en,conclusion,how to present,research conclusion and recommendations how to present,https://www.auraideasuae.com/مقالات-احترافية/,خاتمة البحث,supporting
3467,en,conclusion,before submission,research conclusion and recommendations before submission,https://www.auraideasuae.com/مقالات-احترافية/,خاتمة البحث,supporting
3468,en,conclusion,for undergraduate students,research conclusion and recommendations for undergraduate students,https://www.auraideasuae.com/مقالات-احترافية/,خاتمة البحث,supporting
3469,en,conclusion,for master's students,research conclusion and recommendations for master's students,https://www.auraideasuae.com/مقالات-احترافية/,خاتمة البحث,supporting
3470,en,conclusion,for doctoral students,research conclusion and recommendations for doctoral students,https://www.auraideasuae.com/مقالات-احترافية/,خاتمة البحث,supporting
3471,en,conclusion,in Arabic,research conclusion and recommendations in Arabic,https://www.auraideasuae.com/مقالات-احترافية/,خاتمة البحث,supporting
3472,en,conclusion,in English,research conclusion and recommendations in English,https://www.auraideasuae.com/مقالات-احترافية/,خاتمة البحث,supporting
3473,en,conclusion,Arabic and English,research conclusion and recommendations Arabic and English,https://www.auraideasuae.com/مقالات-احترافية/,خاتمة البحث,supporting
3474,en,conclusion,for UAE universities,research conclusion and recommendations for UAE universities,https://www.auraideasuae.com/مقالات-احترافية/,خاتمة البحث,supporting
3475,en,conclusion,in Dubai,research conclusion and recommendations in Dubai,https://www.auraideasuae.com/مقالات-احترافية/,خاتمة البحث,supporting
3476,en,conclusion,in Abu Dhabi,research conclusion and recommendations in Abu Dhabi,https://www.auraideasuae.com/مقالات-احترافية/,خاتمة البحث,supporting
3477,en,conclusion,in Sharjah,research conclusion and recommendations in Sharjah,https://www.auraideasuae.com/مقالات-احترافية/,خاتمة البحث,supporting
3478,en,conclusion,for private universities,research conclusion and recommendations for private universities,https://www.auraideasuae.com/مقالات-احترافية/,خاتمة البحث,supporting
3479,en,conclusion,for public universities,research conclusion and recommendations for public universities,https://www.auraideasuae.com/مقالات-احترافية/,خاتمة البحث,supporting
3480,en,conclusion,online support,research conclusion and recommendations online support,https://www.auraideasuae.com/مقالات-احترافية/,خاتمة البحث,supporting
3481,en,conclusion,professional service,research conclusion and recommendations professional service,https://www.auraideasuae.com/مقالات-احترافية/,خاتمة البحث,supporting
3482,en,conclusion,academic assistance,research conclusion and recommendations academic assistance,https://www.auraideasuae.com/مقالات-احترافية/,خاتمة البحث,supporting
3483,en,conclusion,research consultation,research conclusion and recommendations research consultation,https://www.auraideasuae.com/مقالات-احترافية/,خاتمة البحث,supporting
3484,en,conclusion,academic review,research conclusion and recommendations academic review,https://www.auraideasuae.com/مقالات-احترافية/,خاتمة البحث,supporting
3485,en,conclusion,scholarly proofreading,research conclusion and recommendations scholarly proofreading,https://www.auraideasuae.com/مقالات-احترافية/,خاتمة البحث,supporting
3486,en,conclusion,APA formatting,research conclusion and recommendations APA formatting,https://www.auraideasuae.com/مقالات-احترافية/,خاتمة البحث,supporting
3487,en,conclusion,MLA formatting,research conclusion and recommendations MLA formatting,https://www.auraideasuae.com/مقالات-احترافية/,خاتمة البحث,supporting
3488,en,conclusion,Chicago formatting,research conclusion and recommendations Chicago formatting,https://www.auraideasuae.com/مقالات-احترافية/,خاتمة البحث,supporting
3489,en,conclusion,source citation,research conclusion and recommendations source citation,https://www.auraideasuae.com/مقالات-احترافية/,خاتمة البحث,supporting
3490,en,conclusion,academic rewriting,research conclusion and recommendations academic rewriting,https://www.auraideasuae.com/مقالات-احترافية/,خاتمة البحث,supporting
3491,en,conclusion,methodology improvement,research conclusion and recommendations methodology improvement,https://www.auraideasuae.com/مقالات-احترافية/,خاتمة البحث,supporting
3492,en,conclusion,data interpretation,research conclusion and recommendations data interpretation,https://www.auraideasuae.com/مقالات-احترافية/,خاتمة البحث,supporting
3493,en,conclusion,research instrument design,research conclusion and recommendations research instrument design,https://www.auraideasuae.com/مقالات-احترافية/,خاتمة البحث,supporting
3494,en,conclusion,survey review,research conclusion and recommendations survey review,https://www.auraideasuae.com/مقالات-احترافية/,خاتمة البحث,supporting
3495,en,conclusion,results interpretation,research conclusion and recommendations results interpretation,https://www.auraideasuae.com/مقالات-احترافية/,خاتمة البحث,supporting
3496,en,conclusion,table preparation,research conclusion and recommendations table preparation,https://www.auraideasuae.com/مقالات-احترافية/,خاتمة البحث,supporting
3497,en,conclusion,chart preparation,research conclusion and recommendations chart preparation,https://www.auraideasuae.com/مقالات-احترافية/,خاتمة البحث,supporting
3498,en,conclusion,discussion preparation,research conclusion and recommendations discussion preparation,https://www.auraideasuae.com/مقالات-احترافية/,خاتمة البحث,supporting
3499,en,conclusion,with academic integrity,research conclusion and recommendations with academic integrity,https://www.auraideasuae.com/مقالات-احترافية/,خاتمة البحث,supporting
3500,en,conclusion,according to university requirements,research conclusion and recommendations according to university requirements,https://www.auraideasuae.com/مقالات-احترافية/,خاتمة البحث,supporting
3501,ar,uae,شرح مبسط,خدمات بحثية في الإمارات شرح مبسط,https://www.auraideasuae.com/مقالات-احترافية/,خدمات البحث في الإمارات,supporting
3502,ar,uae,دليل عملي,خدمات بحثية في الإمارات دليل عملي,https://www.auraideasuae.com/مقالات-احترافية/,خدمات البحث في الإمارات,supporting
3503,ar,uae,خطوات التنفيذ,خدمات بحثية في الإمارات خطوات التنفيذ,https://www.auraideasuae.com/مقالات-احترافية/,خدمات البحث في الإمارات,supporting
3504,ar,uae,نموذج قابل للتعديل,خدمات بحثية في الإمارات نموذج قابل للتعديل,https://www.auraideasuae.com/مقالات-احترافية/,خدمات البحث في الإمارات,supporting
3505,ar,uae,مثال تطبيقي,خدمات بحثية في الإمارات مثال تطبيقي,https://www.auraideasuae.com/مقالات-احترافية/,خدمات البحث في الإمارات,supporting
3506,ar,uae,خطة عمل,خدمات بحثية في الإمارات خطة عمل,https://www.auraideasuae.com/مقالات-احترافية/,خدمات البحث في الإمارات,supporting
3507,ar,uae,نصائح للطلاب,خدمات بحثية في الإمارات نصائح للطلاب,https://www.auraideasuae.com/مقالات-احترافية/,خدمات البحث في الإمارات,supporting
3508,ar,uae,أخطاء شائعة,خدمات بحثية في الإمارات أخطاء شائعة,https://www.auraideasuae.com/مقالات-احترافية/,خدمات البحث في الإمارات,supporting
3509,ar,uae,معايير الجودة,خدمات بحثية في الإمارات معايير الجودة,https://www.auraideasuae.com/مقالات-احترافية/,خدمات البحث في الإمارات,supporting
3510,ar,uae,طريقة الإعداد,خدمات بحثية في الإمارات طريقة الإعداد,https://www.auraideasuae.com/مقالات-احترافية/,خدمات البحث في الإمارات,supporting
3511,ar,uae,كيفية الكتابة,خدمات بحثية في الإمارات كيفية الكتابة,https://www.auraideasuae.com/مقالات-احترافية/,خدمات البحث في الإمارات,supporting
3512,ar,uae,كيفية التنسيق,خدمات بحثية في الإمارات كيفية التنسيق,https://www.auraideasuae.com/مقالات-احترافية/,خدمات البحث في الإمارات,supporting
3513,ar,uae,كيفية التوثيق,خدمات بحثية في الإمارات كيفية التوثيق,https://www.auraideasuae.com/مقالات-احترافية/,خدمات البحث في الإمارات,supporting
3514,ar,uae,كيفية المراجعة,خدمات بحثية في الإمارات كيفية المراجعة,https://www.auraideasuae.com/مقالات-احترافية/,خدمات البحث في الإمارات,supporting
3515,ar,uae,كيفية التحليل,خدمات بحثية في الإمارات كيفية التحليل,https://www.auraideasuae.com/مقالات-احترافية/,خدمات البحث في الإمارات,supporting
3516,ar,uae,كيفية العرض,خدمات بحثية في الإمارات كيفية العرض,https://www.auraideasuae.com/مقالات-احترافية/,خدمات البحث في الإمارات,supporting
3517,ar,uae,قبل التسليم,خدمات بحثية في الإمارات قبل التسليم,https://www.auraideasuae.com/مقالات-احترافية/,خدمات البحث في الإمارات,supporting
3518,ar,uae,لطلاب البكالوريوس,خدمات بحثية في الإمارات لطلاب البكالوريوس,https://www.auraideasuae.com/مقالات-احترافية/,خدمات البحث في الإمارات,supporting
3519,ar,uae,لطلاب الماجستير,خدمات بحثية في الإمارات لطلاب الماجستير,https://www.auraideasuae.com/مقالات-احترافية/,خدمات البحث في الإمارات,supporting
3520,ar,uae,لطلاب الدكتوراه,خدمات بحثية في الإمارات لطلاب الدكتوراه,https://www.auraideasuae.com/مقالات-احترافية/,خدمات البحث في الإمارات,supporting
3521,ar,uae,باللغة العربية,خدمات بحثية في الإمارات باللغة العربية,https://www.auraideasuae.com/مقالات-احترافية/,خدمات البحث في الإمارات,supporting
3522,ar,uae,باللغة الإنجليزية,خدمات بحثية في الإمارات باللغة الإنجليزية,https://www.auraideasuae.com/مقالات-احترافية/,خدمات البحث في الإمارات,supporting
3523,ar,uae,عربي وإنجليزي,خدمات بحثية في الإمارات عربي وإنجليزي,https://www.auraideasuae.com/مقالات-احترافية/,خدمات البحث في الإمارات,supporting
3524,ar,uae,في الجامعات الإماراتية,خدمات بحثية في الإمارات في الجامعات الإماراتية,https://www.auraideasuae.com/مقالات-احترافية/,خدمات البحث في الإمارات,supporting
3525,ar,uae,في دبي,خدمات بحثية في الإمارات في دبي,https://www.auraideasuae.com/مقالات-احترافية/,خدمات البحث في الإمارات,supporting
3526,ar,uae,في أبوظبي,خدمات بحثية في الإمارات في أبوظبي,https://www.auraideasuae.com/مقالات-احترافية/,خدمات البحث في الإمارات,supporting
3527,ar,uae,في الشارقة,خدمات بحثية في الإمارات في الشارقة,https://www.auraideasuae.com/مقالات-احترافية/,خدمات البحث في الإمارات,supporting
3528,ar,uae,للجامعات الخاصة,خدمات بحثية في الإمارات للجامعات الخاصة,https://www.auraideasuae.com/مقالات-احترافية/,خدمات البحث في الإمارات,supporting
3529,ar,uae,للجامعات الحكومية,خدمات بحثية في الإمارات للجامعات الحكومية,https://www.auraideasuae.com/مقالات-احترافية/,خدمات البحث في الإمارات,supporting
3530,ar,uae,عن بُعد,خدمات بحثية في الإمارات عن بُعد,https://www.auraideasuae.com/مقالات-احترافية/,خدمات البحث في الإمارات,supporting
3531,ar,uae,خدمة احترافية,خدمات بحثية في الإمارات خدمة احترافية,https://www.auraideasuae.com/مقالات-احترافية/,خدمات البحث في الإمارات,supporting
3532,ar,uae,مساعدة أكاديمية,خدمات بحثية في الإمارات مساعدة أكاديمية,https://www.auraideasuae.com/مقالات-احترافية/,خدمات البحث في الإمارات,supporting
3533,ar,uae,استشارة بحثية,خدمات بحثية في الإمارات استشارة بحثية,https://www.auraideasuae.com/مقالات-احترافية/,خدمات البحث في الإمارات,supporting
3534,ar,uae,مراجعة أكاديمية,خدمات بحثية في الإمارات مراجعة أكاديمية,https://www.auraideasuae.com/مقالات-احترافية/,خدمات البحث في الإمارات,supporting
3535,ar,uae,تدقيق علمي,خدمات بحثية في الإمارات تدقيق علمي,https://www.auraideasuae.com/مقالات-احترافية/,خدمات البحث في الإمارات,supporting
3536,ar,uae,تنسيق APA,خدمات بحثية في الإمارات تنسيق APA,https://www.auraideasuae.com/مقالات-احترافية/,خدمات البحث في الإمارات,supporting
3537,ar,uae,تنسيق MLA,خدمات بحثية في الإمارات تنسيق MLA,https://www.auraideasuae.com/مقالات-احترافية/,خدمات البحث في الإمارات,supporting
3538,ar,uae,تنسيق Chicago,خدمات بحثية في الإمارات تنسيق Chicago,https://www.auraideasuae.com/مقالات-احترافية/,خدمات البحث في الإمارات,supporting
3539,ar,uae,توثيق المصادر,خدمات بحثية في الإمارات توثيق المصادر,https://www.auraideasuae.com/مقالات-احترافية/,خدمات البحث في الإمارات,supporting
3540,ar,uae,تحسين الصياغة,خدمات بحثية في الإمارات تحسين الصياغة,https://www.auraideasuae.com/مقالات-احترافية/,خدمات البحث في الإمارات,supporting
3541,ar,uae,تحسين المنهجية,خدمات بحثية في الإمارات تحسين المنهجية,https://www.auraideasuae.com/مقالات-احترافية/,خدمات البحث في الإمارات,supporting
3542,ar,uae,قراءة وتحليل البيانات,خدمات بحثية في الإمارات قراءة وتحليل البيانات,https://www.auraideasuae.com/مقالات-احترافية/,خدمات البحث في الإمارات,supporting
3543,ar,uae,تصميم أداة البحث,خدمات بحثية في الإمارات تصميم أداة البحث,https://www.auraideasuae.com/مقالات-احترافية/,خدمات البحث في الإمارات,supporting
3544,ar,uae,مراجعة الاستبيان,خدمات بحثية في الإمارات مراجعة الاستبيان,https://www.auraideasuae.com/مقالات-احترافية/,خدمات البحث في الإمارات,supporting
3545,ar,uae,تفسير النتائج,خدمات بحثية في الإمارات تفسير النتائج,https://www.auraideasuae.com/مقالات-احترافية/,خدمات البحث في الإمارات,supporting
3546,ar,uae,إعداد الجداول,خدمات بحثية في الإمارات إعداد الجداول,https://www.auraideasuae.com/مقالات-احترافية/,خدمات البحث في الإمارات,supporting
3547,ar,uae,إعداد الرسوم البيانية,خدمات بحثية في الإمارات إعداد الرسوم البيانية,https://www.auraideasuae.com/مقالات-احترافية/,خدمات البحث في الإمارات,supporting
3548,ar,uae,تجهيز المناقشة,خدمات بحثية في الإمارات تجهيز المناقشة,https://www.auraideasuae.com/مقالات-احترافية/,خدمات البحث في الإمارات,supporting
3549,ar,uae,مع الحفاظ على الأمانة العلمية,خدمات بحثية في الإمارات مع الحفاظ على الأمانة العلمية,https://www.auraideasuae.com/مقالات-احترافية/,خدمات البحث في الإمارات,supporting
3550,ar,uae,وفق متطلبات الجامعة,خدمات بحثية في الإمارات وفق متطلبات الجامعة,https://www.auraideasuae.com/مقالات-احترافية/,خدمات البحث في الإمارات,supporting
3551,en,uae,simple explanation,academic services in the UAE simple explanation,https://www.auraideasuae.com/مقالات-احترافية/,خدمات البحث في الإمارات,supporting
3552,en,uae,practical guide,academic services in the UAE practical guide,https://www.auraideasuae.com/مقالات-احترافية/,خدمات البحث في الإمارات,supporting
3553,en,uae,step-by-step process,academic services in the UAE step-by-step process,https://www.auraideasuae.com/مقالات-احترافية/,خدمات البحث في الإمارات,supporting
3554,en,uae,editable template,academic services in the UAE editable template,https://www.auraideasuae.com/مقالات-احترافية/,خدمات البحث في الإمارات,supporting
3555,en,uae,worked example,academic services in the UAE worked example,https://www.auraideasuae.com/مقالات-احترافية/,خدمات البحث في الإمارات,supporting
3556,en,uae,action plan,academic services in the UAE action plan,https://www.auraideasuae.com/مقالات-احترافية/,خدمات البحث في الإمارات,supporting
3557,en,uae,student tips,academic services in the UAE student tips,https://www.auraideasuae.com/مقالات-احترافية/,خدمات البحث في الإمارات,supporting
3558,en,uae,common mistakes,academic services in the UAE common mistakes,https://www.auraideasuae.com/مقالات-احترافية/,خدمات البحث في الإمارات,supporting
3559,en,uae,quality standards,academic services in the UAE quality standards,https://www.auraideasuae.com/مقالات-احترافية/,خدمات البحث في الإمارات,supporting
3560,en,uae,how to prepare,academic services in the UAE how to prepare,https://www.auraideasuae.com/مقالات-احترافية/,خدمات البحث في الإمارات,supporting
3561,en,uae,how to write,academic services in the UAE how to write,https://www.auraideasuae.com/مقالات-احترافية/,خدمات البحث في الإمارات,supporting
3562,en,uae,how to format,academic services in the UAE how to format,https://www.auraideasuae.com/مقالات-احترافية/,خدمات البحث في الإمارات,supporting
3563,en,uae,how to cite sources,academic services in the UAE how to cite sources,https://www.auraideasuae.com/مقالات-احترافية/,خدمات البحث في الإمارات,supporting
3564,en,uae,how to proofread,academic services in the UAE how to proofread,https://www.auraideasuae.com/مقالات-احترافية/,خدمات البحث في الإمارات,supporting
3565,en,uae,how to analyze,academic services in the UAE how to analyze,https://www.auraideasuae.com/مقالات-احترافية/,خدمات البحث في الإمارات,supporting
3566,en,uae,how to present,academic services in the UAE how to present,https://www.auraideasuae.com/مقالات-احترافية/,خدمات البحث في الإمارات,supporting
3567,en,uae,before submission,academic services in the UAE before submission,https://www.auraideasuae.com/مقالات-احترافية/,خدمات البحث في الإمارات,supporting
3568,en,uae,for undergraduate students,academic services in the UAE for undergraduate students,https://www.auraideasuae.com/مقالات-احترافية/,خدمات البحث في الإمارات,supporting
3569,en,uae,for master's students,academic services in the UAE for master's students,https://www.auraideasuae.com/مقالات-احترافية/,خدمات البحث في الإمارات,supporting
3570,en,uae,for doctoral students,academic services in the UAE for doctoral students,https://www.auraideasuae.com/مقالات-احترافية/,خدمات البحث في الإمارات,supporting
3571,en,uae,in Arabic,academic services in the UAE in Arabic,https://www.auraideasuae.com/مقالات-احترافية/,خدمات البحث في الإمارات,supporting
3572,en,uae,in English,academic services in the UAE in English,https://www.auraideasuae.com/مقالات-احترافية/,خدمات البحث في الإمارات,supporting
3573,en,uae,Arabic and English,academic services in the UAE Arabic and English,https://www.auraideasuae.com/مقالات-احترافية/,خدمات البحث في الإمارات,supporting
3574,en,uae,for UAE universities,academic services in the UAE for UAE universities,https://www.auraideasuae.com/مقالات-احترافية/,خدمات البحث في الإمارات,supporting
3575,en,uae,in Dubai,academic services in the UAE in Dubai,https://www.auraideasuae.com/مقالات-احترافية/,خدمات البحث في الإمارات,supporting
3576,en,uae,in Abu Dhabi,academic services in the UAE in Abu Dhabi,https://www.auraideasuae.com/مقالات-احترافية/,خدمات البحث في الإمارات,supporting
3577,en,uae,in Sharjah,academic services in the UAE in Sharjah,https://www.auraideasuae.com/مقالات-احترافية/,خدمات البحث في الإمارات,supporting
3578,en,uae,for private universities,academic services in the UAE for private universities,https://www.auraideasuae.com/مقالات-احترافية/,خدمات البحث في الإمارات,supporting
3579,en,uae,for public universities,academic services in the UAE for public universities,https://www.auraideasuae.com/مقالات-احترافية/,خدمات البحث في الإمارات,supporting
3580,en,uae,online support,academic services in the UAE online support,https://www.auraideasuae.com/مقالات-احترافية/,خدمات البحث في الإمارات,supporting
3581,en,uae,professional service,academic services in the UAE professional service,https://www.auraideasuae.com/مقالات-احترافية/,خدمات البحث في الإمارات,supporting
3582,en,uae,academic assistance,academic services in the UAE academic assistance,https://www.auraideasuae.com/مقالات-احترافية/,خدمات البحث في الإمارات,supporting
3583,en,uae,research consultation,academic services in the UAE research consultation,https://www.auraideasuae.com/مقالات-احترافية/,خدمات البحث في الإمارات,supporting
3584,en,uae,academic review,academic services in the UAE academic review,https://www.auraideasuae.com/مقالات-احترافية/,خدمات البحث في الإمارات,supporting
3585,en,uae,scholarly proofreading,academic services in the UAE scholarly proofreading,https://www.auraideasuae.com/مقالات-احترافية/,خدمات البحث في الإمارات,supporting
3586,en,uae,APA formatting,academic services in the UAE APA formatting,https://www.auraideasuae.com/مقالات-احترافية/,خدمات البحث في الإمارات,supporting
3587,en,uae,MLA formatting,academic services in the UAE MLA formatting,https://www.auraideasuae.com/مقالات-احترافية/,خدمات البحث في الإمارات,supporting
3588,en,uae,Chicago formatting,academic services in the UAE Chicago formatting,https://www.auraideasuae.com/مقالات-احترافية/,خدمات البحث في الإمارات,supporting
3589,en,uae,source citation,academic services in the UAE source citation,https://www.auraideasuae.com/مقالات-احترافية/,خدمات البحث في الإمارات,supporting
3590,en,uae,academic rewriting,academic services in the UAE academic rewriting,https://www.auraideasuae.com/مقالات-احترافية/,خدمات البحث في الإمارات,supporting
3591,en,uae,methodology improvement,academic services in the UAE methodology improvement,https://www.auraideasuae.com/مقالات-احترافية/,خدمات البحث في الإمارات,supporting
3592,en,uae,data interpretation,academic services in the UAE data interpretation,https://www.auraideasuae.com/مقالات-احترافية/,خدمات البحث في الإمارات,supporting
3593,en,uae,research instrument design,academic services in the UAE research instrument design,https://www.auraideasuae.com/مقالات-احترافية/,خدمات البحث في الإمارات,supporting
3594,en,uae,survey review,academic services in the UAE survey review,https://www.auraideasuae.com/مقالات-احترافية/,خدمات البحث في الإمارات,supporting
3595,en,uae,results interpretation,academic services in the UAE results interpretation,https://www.auraideasuae.com/مقالات-احترافية/,خدمات البحث في الإمارات,supporting
3596,en,uae,table preparation,academic services in the UAE table preparation,https://www.auraideasuae.com/مقالات-احترافية/,خدمات البحث في الإمارات,supporting
3597,en,uae,chart preparation,academic services in the UAE chart preparation,https://www.auraideasuae.com/مقالات-احترافية/,خدمات البحث في الإمارات,supporting
3598,en,uae,discussion preparation,academic services in the UAE discussion preparation,https://www.auraideasuae.com/مقالات-احترافية/,خدمات البحث في الإمارات,supporting
3599,en,uae,with academic integrity,academic services in the UAE with academic integrity,https://www.auraideasuae.com/مقالات-احترافية/,خدمات البحث في الإمارات,supporting
3600,en,uae,according to university requirements,academic services in the UAE according to university requirements,https://www.auraideasuae.com/مقالات-احترافية/,خدمات البحث في الإمارات,supporting
3601,ar,dubai,شرح مبسط,خدمات طلابية في دبي شرح مبسط,https://www.auraideasuae.com/مقالات-احترافية/,خدمات البحث في دبي,supporting
3602,ar,dubai,دليل عملي,خدمات طلابية في دبي دليل عملي,https://www.auraideasuae.com/مقالات-احترافية/,خدمات البحث في دبي,supporting
3603,ar,dubai,خطوات التنفيذ,خدمات طلابية في دبي خطوات التنفيذ,https://www.auraideasuae.com/مقالات-احترافية/,خدمات البحث في دبي,supporting
3604,ar,dubai,نموذج قابل للتعديل,خدمات طلابية في دبي نموذج قابل للتعديل,https://www.auraideasuae.com/مقالات-احترافية/,خدمات البحث في دبي,supporting
3605,ar,dubai,مثال تطبيقي,خدمات طلابية في دبي مثال تطبيقي,https://www.auraideasuae.com/مقالات-احترافية/,خدمات البحث في دبي,supporting
3606,ar,dubai,خطة عمل,خدمات طلابية في دبي خطة عمل,https://www.auraideasuae.com/مقالات-احترافية/,خدمات البحث في دبي,supporting
3607,ar,dubai,نصائح للطلاب,خدمات طلابية في دبي نصائح للطلاب,https://www.auraideasuae.com/مقالات-احترافية/,خدمات البحث في دبي,supporting
3608,ar,dubai,أخطاء شائعة,خدمات طلابية في دبي أخطاء شائعة,https://www.auraideasuae.com/مقالات-احترافية/,خدمات البحث في دبي,supporting
3609,ar,dubai,معايير الجودة,خدمات طلابية في دبي معايير الجودة,https://www.auraideasuae.com/مقالات-احترافية/,خدمات البحث في دبي,supporting
3610,ar,dubai,طريقة الإعداد,خدمات طلابية في دبي طريقة الإعداد,https://www.auraideasuae.com/مقالات-احترافية/,خدمات البحث في دبي,supporting
3611,ar,dubai,كيفية الكتابة,خدمات طلابية في دبي كيفية الكتابة,https://www.auraideasuae.com/مقالات-احترافية/,خدمات البحث في دبي,supporting
3612,ar,dubai,كيفية التنسيق,خدمات طلابية في دبي كيفية التنسيق,https://www.auraideasuae.com/مقالات-احترافية/,خدمات البحث في دبي,supporting
3613,ar,dubai,كيفية التوثيق,خدمات طلابية في دبي كيفية التوثيق,https://www.auraideasuae.com/مقالات-احترافية/,خدمات البحث في دبي,supporting
3614,ar,dubai,كيفية المراجعة,خدمات طلابية في دبي كيفية المراجعة,https://www.auraideasuae.com/مقالات-احترافية/,خدمات البحث في دبي,supporting
3615,ar,dubai,كيفية التحليل,خدمات طلابية في دبي كيفية التحليل,https://www.auraideasuae.com/مقالات-احترافية/,خدمات البحث في دبي,supporting
3616,ar,dubai,كيفية العرض,خدمات طلابية في دبي كيفية العرض,https://www.auraideasuae.com/مقالات-احترافية/,خدمات البحث في دبي,supporting
3617,ar,dubai,قبل التسليم,خدمات طلابية في دبي قبل التسليم,https://www.auraideasuae.com/مقالات-احترافية/,خدمات البحث في دبي,supporting
3618,ar,dubai,لطلاب البكالوريوس,خدمات طلابية في دبي لطلاب البكالوريوس,https://www.auraideasuae.com/مقالات-احترافية/,خدمات البحث في دبي,supporting
3619,ar,dubai,لطلاب الماجستير,خدمات طلابية في دبي لطلاب الماجستير,https://www.auraideasuae.com/مقالات-احترافية/,خدمات البحث في دبي,supporting
3620,ar,dubai,لطلاب الدكتوراه,خدمات طلابية في دبي لطلاب الدكتوراه,https://www.auraideasuae.com/مقالات-احترافية/,خدمات البحث في دبي,supporting
3621,ar,dubai,باللغة العربية,خدمات طلابية في دبي باللغة العربية,https://www.auraideasuae.com/مقالات-احترافية/,خدمات البحث في دبي,supporting
3622,ar,dubai,باللغة الإنجليزية,خدمات طلابية في دبي باللغة الإنجليزية,https://www.auraideasuae.com/مقالات-احترافية/,خدمات البحث في دبي,supporting
3623,ar,dubai,عربي وإنجليزي,خدمات طلابية في دبي عربي وإنجليزي,https://www.auraideasuae.com/مقالات-احترافية/,خدمات البحث في دبي,supporting
3624,ar,dubai,في الجامعات الإماراتية,خدمات طلابية في دبي في الجامعات الإماراتية,https://www.auraideasuae.com/مقالات-احترافية/,خدمات البحث في دبي,supporting
3625,ar,dubai,في دبي,خدمات طلابية في دبي في دبي,https://www.auraideasuae.com/مقالات-احترافية/,خدمات البحث في دبي,supporting
3626,ar,dubai,في أبوظبي,خدمات طلابية في دبي في أبوظبي,https://www.auraideasuae.com/مقالات-احترافية/,خدمات البحث في دبي,supporting
3627,ar,dubai,في الشارقة,خدمات طلابية في دبي في الشارقة,https://www.auraideasuae.com/مقالات-احترافية/,خدمات البحث في دبي,supporting
3628,ar,dubai,للجامعات الخاصة,خدمات طلابية في دبي للجامعات الخاصة,https://www.auraideasuae.com/مقالات-احترافية/,خدمات البحث في دبي,supporting
3629,ar,dubai,للجامعات الحكومية,خدمات طلابية في دبي للجامعات الحكومية,https://www.auraideasuae.com/مقالات-احترافية/,خدمات البحث في دبي,supporting
3630,ar,dubai,عن بُعد,خدمات طلابية في دبي عن بُعد,https://www.auraideasuae.com/مقالات-احترافية/,خدمات البحث في دبي,supporting
3631,ar,dubai,خدمة احترافية,خدمات طلابية في دبي خدمة احترافية,https://www.auraideasuae.com/مقالات-احترافية/,خدمات البحث في دبي,supporting
3632,ar,dubai,مساعدة أكاديمية,خدمات طلابية في دبي مساعدة أكاديمية,https://www.auraideasuae.com/مقالات-احترافية/,خدمات البحث في دبي,supporting
3633,ar,dubai,استشارة بحثية,خدمات طلابية في دبي استشارة بحثية,https://www.auraideasuae.com/مقالات-احترافية/,خدمات البحث في دبي,supporting
3634,ar,dubai,مراجعة أكاديمية,خدمات طلابية في دبي مراجعة أكاديمية,https://www.auraideasuae.com/مقالات-احترافية/,خدمات البحث في دبي,supporting
3635,ar,dubai,تدقيق علمي,خدمات طلابية في دبي تدقيق علمي,https://www.auraideasuae.com/مقالات-احترافية/,خدمات البحث في دبي,supporting
3636,ar,dubai,تنسيق APA,خدمات طلابية في دبي تنسيق APA,https://www.auraideasuae.com/مقالات-احترافية/,خدمات البحث في دبي,supporting
3637,ar,dubai,تنسيق MLA,خدمات طلابية في دبي تنسيق MLA,https://www.auraideasuae.com/مقالات-احترافية/,خدمات البحث في دبي,supporting
3638,ar,dubai,تنسيق Chicago,خدمات طلابية في دبي تنسيق Chicago,https://www.auraideasuae.com/مقالات-احترافية/,خدمات البحث في دبي,supporting
3639,ar,dubai,توثيق المصادر,خدمات طلابية في دبي توثيق المصادر,https://www.auraideasuae.com/مقالات-احترافية/,خدمات البحث في دبي,supporting
3640,ar,dubai,تحسين الصياغة,خدمات طلابية في دبي تحسين الصياغة,https://www.auraideasuae.com/مقالات-احترافية/,خدمات البحث في دبي,supporting
3641,ar,dubai,تحسين المنهجية,خدمات طلابية في دبي تحسين المنهجية,https://www.auraideasuae.com/مقالات-احترافية/,خدمات البحث في دبي,supporting
3642,ar,dubai,قراءة وتحليل البيانات,خدمات طلابية في دبي قراءة وتحليل البيانات,https://www.auraideasuae.com/مقالات-احترافية/,خدمات البحث في دبي,supporting
3643,ar,dubai,تصميم أداة البحث,خدمات طلابية في دبي تصميم أداة البحث,https://www.auraideasuae.com/مقالات-احترافية/,خدمات البحث في دبي,supporting
3644,ar,dubai,مراجعة الاستبيان,خدمات طلابية في دبي مراجعة الاستبيان,https://www.auraideasuae.com/مقالات-احترافية/,خدمات البحث في دبي,supporting
3645,ar,dubai,تفسير النتائج,خدمات طلابية في دبي تفسير النتائج,https://www.auraideasuae.com/مقالات-احترافية/,خدمات البحث في دبي,supporting
3646,ar,dubai,إعداد الجداول,خدمات طلابية في دبي إعداد الجداول,https://www.auraideasuae.com/مقالات-احترافية/,خدمات البحث في دبي,supporting
3647,ar,dubai,إعداد الرسوم البيانية,خدمات طلابية في دبي إعداد الرسوم البيانية,https://www.auraideasuae.com/مقالات-احترافية/,خدمات البحث في دبي,supporting
3648,ar,dubai,تجهيز المناقشة,خدمات طلابية في دبي تجهيز المناقشة,https://www.auraideasuae.com/مقالات-احترافية/,خدمات البحث في دبي,supporting
3649,ar,dubai,مع الحفاظ على الأمانة العلمية,خدمات طلابية في دبي مع الحفاظ على الأمانة العلمية,https://www.auraideasuae.com/مقالات-احترافية/,خدمات البحث في دبي,supporting
3650,ar,dubai,وفق متطلبات الجامعة,خدمات طلابية في دبي وفق متطلبات الجامعة,https://www.auraideasuae.com/مقالات-احترافية/,خدمات البحث في دبي,supporting
3651,en,dubai,simple explanation,student services in Dubai simple explanation,https://www.auraideasuae.com/مقالات-احترافية/,خدمات البحث في دبي,supporting
3652,en,dubai,practical guide,student services in Dubai practical guide,https://www.auraideasuae.com/مقالات-احترافية/,خدمات البحث في دبي,supporting
3653,en,dubai,step-by-step process,student services in Dubai step-by-step process,https://www.auraideasuae.com/مقالات-احترافية/,خدمات البحث في دبي,supporting
3654,en,dubai,editable template,student services in Dubai editable template,https://www.auraideasuae.com/مقالات-احترافية/,خدمات البحث في دبي,supporting
3655,en,dubai,worked example,student services in Dubai worked example,https://www.auraideasuae.com/مقالات-احترافية/,خدمات البحث في دبي,supporting
3656,en,dubai,action plan,student services in Dubai action plan,https://www.auraideasuae.com/مقالات-احترافية/,خدمات البحث في دبي,supporting
3657,en,dubai,student tips,student services in Dubai student tips,https://www.auraideasuae.com/مقالات-احترافية/,خدمات البحث في دبي,supporting
3658,en,dubai,common mistakes,student services in Dubai common mistakes,https://www.auraideasuae.com/مقالات-احترافية/,خدمات البحث في دبي,supporting
3659,en,dubai,quality standards,student services in Dubai quality standards,https://www.auraideasuae.com/مقالات-احترافية/,خدمات البحث في دبي,supporting
3660,en,dubai,how to prepare,student services in Dubai how to prepare,https://www.auraideasuae.com/مقالات-احترافية/,خدمات البحث في دبي,supporting
3661,en,dubai,how to write,student services in Dubai how to write,https://www.auraideasuae.com/مقالات-احترافية/,خدمات البحث في دبي,supporting
3662,en,dubai,how to format,student services in Dubai how to format,https://www.auraideasuae.com/مقالات-احترافية/,خدمات البحث في دبي,supporting
3663,en,dubai,how to cite sources,student services in Dubai how to cite sources,https://www.auraideasuae.com/مقالات-احترافية/,خدمات البحث في دبي,supporting
3664,en,dubai,how to proofread,student services in Dubai how to proofread,https://www.auraideasuae.com/مقالات-احترافية/,خدمات البحث في دبي,supporting
3665,en,dubai,how to analyze,student services in Dubai how to analyze,https://www.auraideasuae.com/مقالات-احترافية/,خدمات البحث في دبي,supporting
3666,en,dubai,how to present,student services in Dubai how to present,https://www.auraideasuae.com/مقالات-احترافية/,خدمات البحث في دبي,supporting
3667,en,dubai,before submission,student services in Dubai before submission,https://www.auraideasuae.com/مقالات-احترافية/,خدمات البحث في دبي,supporting
3668,en,dubai,for undergraduate students,student services in Dubai for undergraduate students,https://www.auraideasuae.com/مقالات-احترافية/,خدمات البحث في دبي,supporting
3669,en,dubai,for master's students,student services in Dubai for master's students,https://www.auraideasuae.com/مقالات-احترافية/,خدمات البحث في دبي,supporting
3670,en,dubai,for doctoral students,student services in Dubai for doctoral students,https://www.auraideasuae.com/مقالات-احترافية/,خدمات البحث في دبي,supporting
3671,en,dubai,in Arabic,student services in Dubai in Arabic,https://www.auraideasuae.com/مقالات-احترافية/,خدمات البحث في دبي,supporting
3672,en,dubai,in English,student services in Dubai in English,https://www.auraideasuae.com/مقالات-احترافية/,خدمات البحث في دبي,supporting
3673,en,dubai,Arabic and English,student services in Dubai Arabic and English,https://www.auraideasuae.com/مقالات-احترافية/,خدمات البحث في دبي,supporting
3674,en,dubai,for UAE universities,student services in Dubai for UAE universities,https://www.auraideasuae.com/مقالات-احترافية/,خدمات البحث في دبي,supporting
3675,en,dubai,in Dubai,student services in Dubai in Dubai,https://www.auraideasuae.com/مقالات-احترافية/,خدمات البحث في دبي,supporting
3676,en,dubai,in Abu Dhabi,student services in Dubai in Abu Dhabi,https://www.auraideasuae.com/مقالات-احترافية/,خدمات البحث في دبي,supporting
3677,en,dubai,in Sharjah,student services in Dubai in Sharjah,https://www.auraideasuae.com/مقالات-احترافية/,خدمات البحث في دبي,supporting
3678,en,dubai,for private universities,student services in Dubai for private universities,https://www.auraideasuae.com/مقالات-احترافية/,خدمات البحث في دبي,supporting
3679,en,dubai,for public universities,student services in Dubai for public universities,https://www.auraideasuae.com/مقالات-احترافية/,خدمات البحث في دبي,supporting
3680,en,dubai,online support,student services in Dubai online support,https://www.auraideasuae.com/مقالات-احترافية/,خدمات البحث في دبي,supporting
3681,en,dubai,professional service,student services in Dubai professional service,https://www.auraideasuae.com/مقالات-احترافية/,خدمات البحث في دبي,supporting
3682,en,dubai,academic assistance,student services in Dubai academic assistance,https://www.auraideasuae.com/مقالات-احترافية/,خدمات البحث في دبي,supporting
3683,en,dubai,research consultation,student services in Dubai research consultation,https://www.auraideasuae.com/مقالات-احترافية/,خدمات البحث في دبي,supporting
3684,en,dubai,academic review,student services in Dubai academic review,https://www.auraideasuae.com/مقالات-احترافية/,خدمات البحث في دبي,supporting
3685,en,dubai,scholarly proofreading,student services in Dubai scholarly proofreading,https://www.auraideasuae.com/مقالات-احترافية/,خدمات البحث في دبي,supporting
3686,en,dubai,APA formatting,student services in Dubai APA formatting,https://www.auraideasuae.com/مقالات-احترافية/,خدمات البحث في دبي,supporting
3687,en,dubai,MLA formatting,student services in Dubai MLA formatting,https://www.auraideasuae.com/مقالات-احترافية/,خدمات البحث في دبي,supporting
3688,en,dubai,Chicago formatting,student services in Dubai Chicago formatting,https://www.auraideasuae.com/مقالات-احترافية/,خدمات البحث في دبي,supporting
3689,en,dubai,source citation,student services in Dubai source citation,https://www.auraideasuae.com/مقالات-احترافية/,خدمات البحث في دبي,supporting
3690,en,dubai,academic rewriting,student services in Dubai academic rewriting,https://www.auraideasuae.com/مقالات-احترافية/,خدمات البحث في دبي,supporting
3691,en,dubai,methodology improvement,student services in Dubai methodology improvement,https://www.auraideasuae.com/مقالات-احترافية/,خدمات البحث في دبي,supporting
3692,en,dubai,data interpretation,student services in Dubai data interpretation,https://www.auraideasuae.com/مقالات-احترافية/,خدمات البحث في دبي,supporting
3693,en,dubai,research instrument design,student services in Dubai research instrument design,https://www.auraideasuae.com/مقالات-احترافية/,خدمات البحث في دبي,supporting
3694,en,dubai,survey review,student services in Dubai survey review,https://www.auraideasuae.com/مقالات-احترافية/,خدمات البحث في دبي,supporting
3695,en,dubai,results interpretation,student services in Dubai results interpretation,https://www.auraideasuae.com/مقالات-احترافية/,خدمات البحث في دبي,supporting
3696,en,dubai,table preparation,student services in Dubai table preparation,https://www.auraideasuae.com/مقالات-احترافية/,خدمات البحث في دبي,supporting
3697,en,dubai,chart preparation,student services in Dubai chart preparation,https://www.auraideasuae.com/مقالات-احترافية/,خدمات البحث في دبي,supporting
3698,en,dubai,discussion preparation,student services in Dubai discussion preparation,https://www.auraideasuae.com/مقالات-احترافية/,خدمات البحث في دبي,supporting
3699,en,dubai,with academic integrity,student services in Dubai with academic integrity,https://www.auraideasuae.com/مقالات-احترافية/,خدمات البحث في دبي,supporting
3700,en,dubai,according to university requirements,student services in Dubai according to university requirements,https://www.auraideasuae.com/مقالات-احترافية/,خدمات البحث في دبي,supporting
3701,ar,sharjah,شرح مبسط,خدمات أكاديمية في الشارقة شرح مبسط,https://www.auraideasuae.com/مقالات-احترافية/,خدمات البحث في الشارقة,supporting
3702,ar,sharjah,دليل عملي,خدمات أكاديمية في الشارقة دليل عملي,https://www.auraideasuae.com/مقالات-احترافية/,خدمات البحث في الشارقة,supporting
3703,ar,sharjah,خطوات التنفيذ,خدمات أكاديمية في الشارقة خطوات التنفيذ,https://www.auraideasuae.com/مقالات-احترافية/,خدمات البحث في الشارقة,supporting
3704,ar,sharjah,نموذج قابل للتعديل,خدمات أكاديمية في الشارقة نموذج قابل للتعديل,https://www.auraideasuae.com/مقالات-احترافية/,خدمات البحث في الشارقة,supporting
3705,ar,sharjah,مثال تطبيقي,خدمات أكاديمية في الشارقة مثال تطبيقي,https://www.auraideasuae.com/مقالات-احترافية/,خدمات البحث في الشارقة,supporting
3706,ar,sharjah,خطة عمل,خدمات أكاديمية في الشارقة خطة عمل,https://www.auraideasuae.com/مقالات-احترافية/,خدمات البحث في الشارقة,supporting
3707,ar,sharjah,نصائح للطلاب,خدمات أكاديمية في الشارقة نصائح للطلاب,https://www.auraideasuae.com/مقالات-احترافية/,خدمات البحث في الشارقة,supporting
3708,ar,sharjah,أخطاء شائعة,خدمات أكاديمية في الشارقة أخطاء شائعة,https://www.auraideasuae.com/مقالات-احترافية/,خدمات البحث في الشارقة,supporting
3709,ar,sharjah,معايير الجودة,خدمات أكاديمية في الشارقة معايير الجودة,https://www.auraideasuae.com/مقالات-احترافية/,خدمات البحث في الشارقة,supporting
3710,ar,sharjah,طريقة الإعداد,خدمات أكاديمية في الشارقة طريقة الإعداد,https://www.auraideasuae.com/مقالات-احترافية/,خدمات البحث في الشارقة,supporting
3711,ar,sharjah,كيفية الكتابة,خدمات أكاديمية في الشارقة كيفية الكتابة,https://www.auraideasuae.com/مقالات-احترافية/,خدمات البحث في الشارقة,supporting
3712,ar,sharjah,كيفية التنسيق,خدمات أكاديمية في الشارقة كيفية التنسيق,https://www.auraideasuae.com/مقالات-احترافية/,خدمات البحث في الشارقة,supporting
3713,ar,sharjah,كيفية التوثيق,خدمات أكاديمية في الشارقة كيفية التوثيق,https://www.auraideasuae.com/مقالات-احترافية/,خدمات البحث في الشارقة,supporting
3714,ar,sharjah,كيفية المراجعة,خدمات أكاديمية في الشارقة كيفية المراجعة,https://www.auraideasuae.com/مقالات-احترافية/,خدمات البحث في الشارقة,supporting
3715,ar,sharjah,كيفية التحليل,خدمات أكاديمية في الشارقة كيفية التحليل,https://www.auraideasuae.com/مقالات-احترافية/,خدمات البحث في الشارقة,supporting
3716,ar,sharjah,كيفية العرض,خدمات أكاديمية في الشارقة كيفية العرض,https://www.auraideasuae.com/مقالات-احترافية/,خدمات البحث في الشارقة,supporting
3717,ar,sharjah,قبل التسليم,خدمات أكاديمية في الشارقة قبل التسليم,https://www.auraideasuae.com/مقالات-احترافية/,خدمات البحث في الشارقة,supporting
3718,ar,sharjah,لطلاب البكالوريوس,خدمات أكاديمية في الشارقة لطلاب البكالوريوس,https://www.auraideasuae.com/مقالات-احترافية/,خدمات البحث في الشارقة,supporting
3719,ar,sharjah,لطلاب الماجستير,خدمات أكاديمية في الشارقة لطلاب الماجستير,https://www.auraideasuae.com/مقالات-احترافية/,خدمات البحث في الشارقة,supporting
3720,ar,sharjah,لطلاب الدكتوراه,خدمات أكاديمية في الشارقة لطلاب الدكتوراه,https://www.auraideasuae.com/مقالات-احترافية/,خدمات البحث في الشارقة,supporting
3721,ar,sharjah,باللغة العربية,خدمات أكاديمية في الشارقة باللغة العربية,https://www.auraideasuae.com/مقالات-احترافية/,خدمات البحث في الشارقة,supporting
3722,ar,sharjah,باللغة الإنجليزية,خدمات أكاديمية في الشارقة باللغة الإنجليزية,https://www.auraideasuae.com/مقالات-احترافية/,خدمات البحث في الشارقة,supporting
3723,ar,sharjah,عربي وإنجليزي,خدمات أكاديمية في الشارقة عربي وإنجليزي,https://www.auraideasuae.com/مقالات-احترافية/,خدمات البحث في الشارقة,supporting
3724,ar,sharjah,في الجامعات الإماراتية,خدمات أكاديمية في الشارقة في الجامعات الإماراتية,https://www.auraideasuae.com/مقالات-احترافية/,خدمات البحث في الشارقة,supporting
3725,ar,sharjah,في دبي,خدمات أكاديمية في الشارقة في دبي,https://www.auraideasuae.com/مقالات-احترافية/,خدمات البحث في الشارقة,supporting
3726,ar,sharjah,في أبوظبي,خدمات أكاديمية في الشارقة في أبوظبي,https://www.auraideasuae.com/مقالات-احترافية/,خدمات البحث في الشارقة,supporting
3727,ar,sharjah,في الشارقة,خدمات أكاديمية في الشارقة في الشارقة,https://www.auraideasuae.com/مقالات-احترافية/,خدمات البحث في الشارقة,supporting
3728,ar,sharjah,للجامعات الخاصة,خدمات أكاديمية في الشارقة للجامعات الخاصة,https://www.auraideasuae.com/مقالات-احترافية/,خدمات البحث في الشارقة,supporting
3729,ar,sharjah,للجامعات الحكومية,خدمات أكاديمية في الشارقة للجامعات الحكومية,https://www.auraideasuae.com/مقالات-احترافية/,خدمات البحث في الشارقة,supporting
3730,ar,sharjah,عن بُعد,خدمات أكاديمية في الشارقة عن بُعد,https://www.auraideasuae.com/مقالات-احترافية/,خدمات البحث في الشارقة,supporting
3731,ar,sharjah,خدمة احترافية,خدمات أكاديمية في الشارقة خدمة احترافية,https://www.auraideasuae.com/مقالات-احترافية/,خدمات البحث في الشارقة,supporting
3732,ar,sharjah,مساعدة أكاديمية,خدمات أكاديمية في الشارقة مساعدة أكاديمية,https://www.auraideasuae.com/مقالات-احترافية/,خدمات البحث في الشارقة,supporting
3733,ar,sharjah,استشارة بحثية,خدمات أكاديمية في الشارقة استشارة بحثية,https://www.auraideasuae.com/مقالات-احترافية/,خدمات البحث في الشارقة,supporting
3734,ar,sharjah,مراجعة أكاديمية,خدمات أكاديمية في الشارقة مراجعة أكاديمية,https://www.auraideasuae.com/مقالات-احترافية/,خدمات البحث في الشارقة,supporting
3735,ar,sharjah,تدقيق علمي,خدمات أكاديمية في الشارقة تدقيق علمي,https://www.auraideasuae.com/مقالات-احترافية/,خدمات البحث في الشارقة,supporting
3736,ar,sharjah,تنسيق APA,خدمات أكاديمية في الشارقة تنسيق APA,https://www.auraideasuae.com/مقالات-احترافية/,خدمات البحث في الشارقة,supporting
3737,ar,sharjah,تنسيق MLA,خدمات أكاديمية في الشارقة تنسيق MLA,https://www.auraideasuae.com/مقالات-احترافية/,خدمات البحث في الشارقة,supporting
3738,ar,sharjah,تنسيق Chicago,خدمات أكاديمية في الشارقة تنسيق Chicago,https://www.auraideasuae.com/مقالات-احترافية/,خدمات البحث في الشارقة,supporting
3739,ar,sharjah,توثيق المصادر,خدمات أكاديمية في الشارقة توثيق المصادر,https://www.auraideasuae.com/مقالات-احترافية/,خدمات البحث في الشارقة,supporting
3740,ar,sharjah,تحسين الصياغة,خدمات أكاديمية في الشارقة تحسين الصياغة,https://www.auraideasuae.com/مقالات-احترافية/,خدمات البحث في الشارقة,supporting
3741,ar,sharjah,تحسين المنهجية,خدمات أكاديمية في الشارقة تحسين المنهجية,https://www.auraideasuae.com/مقالات-احترافية/,خدمات البحث في الشارقة,supporting
3742,ar,sharjah,قراءة وتحليل البيانات,خدمات أكاديمية في الشارقة قراءة وتحليل البيانات,https://www.auraideasuae.com/مقالات-احترافية/,خدمات البحث في الشارقة,supporting
3743,ar,sharjah,تصميم أداة البحث,خدمات أكاديمية في الشارقة تصميم أداة البحث,https://www.auraideasuae.com/مقالات-احترافية/,خدمات البحث في الشارقة,supporting
3744,ar,sharjah,مراجعة الاستبيان,خدمات أكاديمية في الشارقة مراجعة الاستبيان,https://www.auraideasuae.com/مقالات-احترافية/,خدمات البحث في الشارقة,supporting
3745,ar,sharjah,تفسير النتائج,خدمات أكاديمية في الشارقة تفسير النتائج,https://www.auraideasuae.com/مقالات-احترافية/,خدمات البحث في الشارقة,supporting
3746,ar,sharjah,إعداد الجداول,خدمات أكاديمية في الشارقة إعداد الجداول,https://www.auraideasuae.com/مقالات-احترافية/,خدمات البحث في الشارقة,supporting
3747,ar,sharjah,إعداد الرسوم البيانية,خدمات أكاديمية في الشارقة إعداد الرسوم البيانية,https://www.auraideasuae.com/مقالات-احترافية/,خدمات البحث في الشارقة,supporting
3748,ar,sharjah,تجهيز المناقشة,خدمات أكاديمية في الشارقة تجهيز المناقشة,https://www.auraideasuae.com/مقالات-احترافية/,خدمات البحث في الشارقة,supporting
3749,ar,sharjah,مع الحفاظ على الأمانة العلمية,خدمات أكاديمية في الشارقة مع الحفاظ على الأمانة العلمية,https://www.auraideasuae.com/مقالات-احترافية/,خدمات البحث في الشارقة,supporting
3750,ar,sharjah,وفق متطلبات الجامعة,خدمات أكاديمية في الشارقة وفق متطلبات الجامعة,https://www.auraideasuae.com/مقالات-احترافية/,خدمات البحث في الشارقة,supporting
3751,en,sharjah,simple explanation,academic services in Sharjah simple explanation,https://www.auraideasuae.com/مقالات-احترافية/,خدمات البحث في الشارقة,supporting
3752,en,sharjah,practical guide,academic services in Sharjah practical guide,https://www.auraideasuae.com/مقالات-احترافية/,خدمات البحث في الشارقة,supporting
3753,en,sharjah,step-by-step process,academic services in Sharjah step-by-step process,https://www.auraideasuae.com/مقالات-احترافية/,خدمات البحث في الشارقة,supporting
3754,en,sharjah,editable template,academic services in Sharjah editable template,https://www.auraideasuae.com/مقالات-احترافية/,خدمات البحث في الشارقة,supporting
3755,en,sharjah,worked example,academic services in Sharjah worked example,https://www.auraideasuae.com/مقالات-احترافية/,خدمات البحث في الشارقة,supporting
3756,en,sharjah,action plan,academic services in Sharjah action plan,https://www.auraideasuae.com/مقالات-احترافية/,خدمات البحث في الشارقة,supporting
3757,en,sharjah,student tips,academic services in Sharjah student tips,https://www.auraideasuae.com/مقالات-احترافية/,خدمات البحث في الشارقة,supporting
3758,en,sharjah,common mistakes,academic services in Sharjah common mistakes,https://www.auraideasuae.com/مقالات-احترافية/,خدمات البحث في الشارقة,supporting
3759,en,sharjah,quality standards,academic services in Sharjah quality standards,https://www.auraideasuae.com/مقالات-احترافية/,خدمات البحث في الشارقة,supporting
3760,en,sharjah,how to prepare,academic services in Sharjah how to prepare,https://www.auraideasuae.com/مقالات-احترافية/,خدمات البحث في الشارقة,supporting
3761,en,sharjah,how to write,academic services in Sharjah how to write,https://www.auraideasuae.com/مقالات-احترافية/,خدمات البحث في الشارقة,supporting
3762,en,sharjah,how to format,academic services in Sharjah how to format,https://www.auraideasuae.com/مقالات-احترافية/,خدمات البحث في الشارقة,supporting
3763,en,sharjah,how to cite sources,academic services in Sharjah how to cite sources,https://www.auraideasuae.com/مقالات-احترافية/,خدمات البحث في الشارقة,supporting
3764,en,sharjah,how to proofread,academic services in Sharjah how to proofread,https://www.auraideasuae.com/مقالات-احترافية/,خدمات البحث في الشارقة,supporting
3765,en,sharjah,how to analyze,academic services in Sharjah how to analyze,https://www.auraideasuae.com/مقالات-احترافية/,خدمات البحث في الشارقة,supporting
3766,en,sharjah,how to present,academic services in Sharjah how to present,https://www.auraideasuae.com/مقالات-احترافية/,خدمات البحث في الشارقة,supporting
3767,en,sharjah,before submission,academic services in Sharjah before submission,https://www.auraideasuae.com/مقالات-احترافية/,خدمات البحث في الشارقة,supporting
3768,en,sharjah,for undergraduate students,academic services in Sharjah for undergraduate students,https://www.auraideasuae.com/مقالات-احترافية/,خدمات البحث في الشارقة,supporting
3769,en,sharjah,for master's students,academic services in Sharjah for master's students,https://www.auraideasuae.com/مقالات-احترافية/,خدمات البحث في الشارقة,supporting
3770,en,sharjah,for doctoral students,academic services in Sharjah for doctoral students,https://www.auraideasuae.com/مقالات-احترافية/,خدمات البحث في الشارقة,supporting
3771,en,sharjah,in Arabic,academic services in Sharjah in Arabic,https://www.auraideasuae.com/مقالات-احترافية/,خدمات البحث في الشارقة,supporting
3772,en,sharjah,in English,academic services in Sharjah in English,https://www.auraideasuae.com/مقالات-احترافية/,خدمات البحث في الشارقة,supporting
3773,en,sharjah,Arabic and English,academic services in Sharjah Arabic and English,https://www.auraideasuae.com/مقالات-احترافية/,خدمات البحث في الشارقة,supporting
3774,en,sharjah,for UAE universities,academic services in Sharjah for UAE universities,https://www.auraideasuae.com/مقالات-احترافية/,خدمات البحث في الشارقة,supporting
3775,en,sharjah,in Dubai,academic services in Sharjah in Dubai,https://www.auraideasuae.com/مقالات-احترافية/,خدمات البحث في الشارقة,supporting
3776,en,sharjah,in Abu Dhabi,academic services in Sharjah in Abu Dhabi,https://www.auraideasuae.com/مقالات-احترافية/,خدمات البحث في الشارقة,supporting
3777,en,sharjah,in Sharjah,academic services in Sharjah in Sharjah,https://www.auraideasuae.com/مقالات-احترافية/,خدمات البحث في الشارقة,supporting
3778,en,sharjah,for private universities,academic services in Sharjah for private universities,https://www.auraideasuae.com/مقالات-احترافية/,خدمات البحث في الشارقة,supporting
3779,en,sharjah,for public universities,academic services in Sharjah for public universities,https://www.auraideasuae.com/مقالات-احترافية/,خدمات البحث في الشارقة,supporting
3780,en,sharjah,online support,academic services in Sharjah online support,https://www.auraideasuae.com/مقالات-احترافية/,خدمات البحث في الشارقة,supporting
3781,en,sharjah,professional service,academic services in Sharjah professional service,https://www.auraideasuae.com/مقالات-احترافية/,خدمات البحث في الشارقة,supporting
3782,en,sharjah,academic assistance,academic services in Sharjah academic assistance,https://www.auraideasuae.com/مقالات-احترافية/,خدمات البحث في الشارقة,supporting
3783,en,sharjah,research consultation,academic services in Sharjah research consultation,https://www.auraideasuae.com/مقالات-احترافية/,خدمات البحث في الشارقة,supporting
3784,en,sharjah,academic review,academic services in Sharjah academic review,https://www.auraideasuae.com/مقالات-احترافية/,خدمات البحث في الشارقة,supporting
3785,en,sharjah,scholarly proofreading,academic services in Sharjah scholarly proofreading,https://www.auraideasuae.com/مقالات-احترافية/,خدمات البحث في الشارقة,supporting
3786,en,sharjah,APA formatting,academic services in Sharjah APA formatting,https://www.auraideasuae.com/مقالات-احترافية/,خدمات البحث في الشارقة,supporting
3787,en,sharjah,MLA formatting,academic services in Sharjah MLA formatting,https://www.auraideasuae.com/مقالات-احترافية/,خدمات البحث في الشارقة,supporting
3788,en,sharjah,Chicago formatting,academic services in Sharjah Chicago formatting,https://www.auraideasuae.com/مقالات-احترافية/,خدمات البحث في الشارقة,supporting
3789,en,sharjah,source citation,academic services in Sharjah source citation,https://www.auraideasuae.com/مقالات-احترافية/,خدمات البحث في الشارقة,supporting
3790,en,sharjah,academic rewriting,academic services in Sharjah academic rewriting,https://www.auraideasuae.com/مقالات-احترافية/,خدمات البحث في الشارقة,supporting
3791,en,sharjah,methodology improvement,academic services in Sharjah methodology improvement,https://www.auraideasuae.com/مقالات-احترافية/,خدمات البحث في الشارقة,supporting
3792,en,sharjah,data interpretation,academic services in Sharjah data interpretation,https://www.auraideasuae.com/مقالات-احترافية/,خدمات البحث في الشارقة,supporting
3793,en,sharjah,research instrument design,academic services in Sharjah research instrument design,https://www.auraideasuae.com/مقالات-احترافية/,خدمات البحث في الشارقة,supporting
3794,en,sharjah,survey review,academic services in Sharjah survey review,https://www.auraideasuae.com/مقالات-احترافية/,خدمات البحث في الشارقة,supporting
3795,en,sharjah,results interpretation,academic services in Sharjah results interpretation,https://www.auraideasuae.com/مقالات-احترافية/,خدمات البحث في الشارقة,supporting
3796,en,sharjah,table preparation,academic services in Sharjah table preparation,https://www.auraideasuae.com/مقالات-احترافية/,خدمات البحث في الشارقة,supporting
3797,en,sharjah,chart preparation,academic services in Sharjah chart preparation,https://www.auraideasuae.com/مقالات-احترافية/,خدمات البحث في الشارقة,supporting
3798,en,sharjah,discussion preparation,academic services in Sharjah discussion preparation,https://www.auraideasuae.com/مقالات-احترافية/,خدمات البحث في الشارقة,supporting
3799,en,sharjah,with academic integrity,academic services in Sharjah with academic integrity,https://www.auraideasuae.com/مقالات-احترافية/,خدمات البحث في الشارقة,supporting
3800,en,sharjah,according to university requirements,academic services in Sharjah according to university requirements,https://www.auraideasuae.com/مقالات-احترافية/,خدمات البحث في الشارقة,supporting
3801,ar,abu-dhabi,شرح مبسط,خدمات بحثية في أبوظبي شرح مبسط,https://www.auraideasuae.com/مقالات-احترافية/,خدمات البحث في أبوظبي,supporting
3802,ar,abu-dhabi,دليل عملي,خدمات بحثية في أبوظبي دليل عملي,https://www.auraideasuae.com/مقالات-احترافية/,خدمات البحث في أبوظبي,supporting
3803,ar,abu-dhabi,خطوات التنفيذ,خدمات بحثية في أبوظبي خطوات التنفيذ,https://www.auraideasuae.com/مقالات-احترافية/,خدمات البحث في أبوظبي,supporting
3804,ar,abu-dhabi,نموذج قابل للتعديل,خدمات بحثية في أبوظبي نموذج قابل للتعديل,https://www.auraideasuae.com/مقالات-احترافية/,خدمات البحث في أبوظبي,supporting
3805,ar,abu-dhabi,مثال تطبيقي,خدمات بحثية في أبوظبي مثال تطبيقي,https://www.auraideasuae.com/مقالات-احترافية/,خدمات البحث في أبوظبي,supporting
3806,ar,abu-dhabi,خطة عمل,خدمات بحثية في أبوظبي خطة عمل,https://www.auraideasuae.com/مقالات-احترافية/,خدمات البحث في أبوظبي,supporting
3807,ar,abu-dhabi,نصائح للطلاب,خدمات بحثية في أبوظبي نصائح للطلاب,https://www.auraideasuae.com/مقالات-احترافية/,خدمات البحث في أبوظبي,supporting
3808,ar,abu-dhabi,أخطاء شائعة,خدمات بحثية في أبوظبي أخطاء شائعة,https://www.auraideasuae.com/مقالات-احترافية/,خدمات البحث في أبوظبي,supporting
3809,ar,abu-dhabi,معايير الجودة,خدمات بحثية في أبوظبي معايير الجودة,https://www.auraideasuae.com/مقالات-احترافية/,خدمات البحث في أبوظبي,supporting
3810,ar,abu-dhabi,طريقة الإعداد,خدمات بحثية في أبوظبي طريقة الإعداد,https://www.auraideasuae.com/مقالات-احترافية/,خدمات البحث في أبوظبي,supporting
3811,ar,abu-dhabi,كيفية الكتابة,خدمات بحثية في أبوظبي كيفية الكتابة,https://www.auraideasuae.com/مقالات-احترافية/,خدمات البحث في أبوظبي,supporting
3812,ar,abu-dhabi,كيفية التنسيق,خدمات بحثية في أبوظبي كيفية التنسيق,https://www.auraideasuae.com/مقالات-احترافية/,خدمات البحث في أبوظبي,supporting
3813,ar,abu-dhabi,كيفية التوثيق,خدمات بحثية في أبوظبي كيفية التوثيق,https://www.auraideasuae.com/مقالات-احترافية/,خدمات البحث في أبوظبي,supporting
3814,ar,abu-dhabi,كيفية المراجعة,خدمات بحثية في أبوظبي كيفية المراجعة,https://www.auraideasuae.com/مقالات-احترافية/,خدمات البحث في أبوظبي,supporting
3815,ar,abu-dhabi,كيفية التحليل,خدمات بحثية في أبوظبي كيفية التحليل,https://www.auraideasuae.com/مقالات-احترافية/,خدمات البحث في أبوظبي,supporting
3816,ar,abu-dhabi,كيفية العرض,خدمات بحثية في أبوظبي كيفية العرض,https://www.auraideasuae.com/مقالات-احترافية/,خدمات البحث في أبوظبي,supporting
3817,ar,abu-dhabi,قبل التسليم,خدمات بحثية في أبوظبي قبل التسليم,https://www.auraideasuae.com/مقالات-احترافية/,خدمات البحث في أبوظبي,supporting
3818,ar,abu-dhabi,لطلاب البكالوريوس,خدمات بحثية في أبوظبي لطلاب البكالوريوس,https://www.auraideasuae.com/مقالات-احترافية/,خدمات البحث في أبوظبي,supporting
3819,ar,abu-dhabi,لطلاب الماجستير,خدمات بحثية في أبوظبي لطلاب الماجستير,https://www.auraideasuae.com/مقالات-احترافية/,خدمات البحث في أبوظبي,supporting
3820,ar,abu-dhabi,لطلاب الدكتوراه,خدمات بحثية في أبوظبي لطلاب الدكتوراه,https://www.auraideasuae.com/مقالات-احترافية/,خدمات البحث في أبوظبي,supporting
3821,ar,abu-dhabi,باللغة العربية,خدمات بحثية في أبوظبي باللغة العربية,https://www.auraideasuae.com/مقالات-احترافية/,خدمات البحث في أبوظبي,supporting
3822,ar,abu-dhabi,باللغة الإنجليزية,خدمات بحثية في أبوظبي باللغة الإنجليزية,https://www.auraideasuae.com/مقالات-احترافية/,خدمات البحث في أبوظبي,supporting
3823,ar,abu-dhabi,عربي وإنجليزي,خدمات بحثية في أبوظبي عربي وإنجليزي,https://www.auraideasuae.com/مقالات-احترافية/,خدمات البحث في أبوظبي,supporting
3824,ar,abu-dhabi,في الجامعات الإماراتية,خدمات بحثية في أبوظبي في الجامعات الإماراتية,https://www.auraideasuae.com/مقالات-احترافية/,خدمات البحث في أبوظبي,supporting
3825,ar,abu-dhabi,في دبي,خدمات بحثية في أبوظبي في دبي,https://www.auraideasuae.com/مقالات-احترافية/,خدمات البحث في أبوظبي,supporting
3826,ar,abu-dhabi,في أبوظبي,خدمات بحثية في أبوظبي في أبوظبي,https://www.auraideasuae.com/مقالات-احترافية/,خدمات البحث في أبوظبي,supporting
3827,ar,abu-dhabi,في الشارقة,خدمات بحثية في أبوظبي في الشارقة,https://www.auraideasuae.com/مقالات-احترافية/,خدمات البحث في أبوظبي,supporting
3828,ar,abu-dhabi,للجامعات الخاصة,خدمات بحثية في أبوظبي للجامعات الخاصة,https://www.auraideasuae.com/مقالات-احترافية/,خدمات البحث في أبوظبي,supporting
3829,ar,abu-dhabi,للجامعات الحكومية,خدمات بحثية في أبوظبي للجامعات الحكومية,https://www.auraideasuae.com/مقالات-احترافية/,خدمات البحث في أبوظبي,supporting
3830,ar,abu-dhabi,عن بُعد,خدمات بحثية في أبوظبي عن بُعد,https://www.auraideasuae.com/مقالات-احترافية/,خدمات البحث في أبوظبي,supporting
3831,ar,abu-dhabi,خدمة احترافية,خدمات بحثية في أبوظبي خدمة احترافية,https://www.auraideasuae.com/مقالات-احترافية/,خدمات البحث في أبوظبي,supporting
3832,ar,abu-dhabi,مساعدة أكاديمية,خدمات بحثية في أبوظبي مساعدة أكاديمية,https://www.auraideasuae.com/مقالات-احترافية/,خدمات البحث في أبوظبي,supporting
3833,ar,abu-dhabi,استشارة بحثية,خدمات بحثية في أبوظبي استشارة بحثية,https://www.auraideasuae.com/مقالات-احترافية/,خدمات البحث في أبوظبي,supporting
3834,ar,abu-dhabi,مراجعة أكاديمية,خدمات بحثية في أبوظبي مراجعة أكاديمية,https://www.auraideasuae.com/مقالات-احترافية/,خدمات البحث في أبوظبي,supporting
3835,ar,abu-dhabi,تدقيق علمي,خدمات بحثية في أبوظبي تدقيق علمي,https://www.auraideasuae.com/مقالات-احترافية/,خدمات البحث في أبوظبي,supporting
3836,ar,abu-dhabi,تنسيق APA,خدمات بحثية في أبوظبي تنسيق APA,https://www.auraideasuae.com/مقالات-احترافية/,خدمات البحث في أبوظبي,supporting
3837,ar,abu-dhabi,تنسيق MLA,خدمات بحثية في أبوظبي تنسيق MLA,https://www.auraideasuae.com/مقالات-احترافية/,خدمات البحث في أبوظبي,supporting
3838,ar,abu-dhabi,تنسيق Chicago,خدمات بحثية في أبوظبي تنسيق Chicago,https://www.auraideasuae.com/مقالات-احترافية/,خدمات البحث في أبوظبي,supporting
3839,ar,abu-dhabi,توثيق المصادر,خدمات بحثية في أبوظبي توثيق المصادر,https://www.auraideasuae.com/مقالات-احترافية/,خدمات البحث في أبوظبي,supporting
3840,ar,abu-dhabi,تحسين الصياغة,خدمات بحثية في أبوظبي تحسين الصياغة,https://www.auraideasuae.com/مقالات-احترافية/,خدمات البحث في أبوظبي,supporting
3841,ar,abu-dhabi,تحسين المنهجية,خدمات بحثية في أبوظبي تحسين المنهجية,https://www.auraideasuae.com/مقالات-احترافية/,خدمات البحث في أبوظبي,supporting
3842,ar,abu-dhabi,قراءة وتحليل البيانات,خدمات بحثية في أبوظبي قراءة وتحليل البيانات,https://www.auraideasuae.com/مقالات-احترافية/,خدمات البحث في أبوظبي,supporting
3843,ar,abu-dhabi,تصميم أداة البحث,خدمات بحثية في أبوظبي تصميم أداة البحث,https://www.auraideasuae.com/مقالات-احترافية/,خدمات البحث في أبوظبي,supporting
3844,ar,abu-dhabi,مراجعة الاستبيان,خدمات بحثية في أبوظبي مراجعة الاستبيان,https://www.auraideasuae.com/مقالات-احترافية/,خدمات البحث في أبوظبي,supporting
3845,ar,abu-dhabi,تفسير النتائج,خدمات بحثية في أبوظبي تفسير النتائج,https://www.auraideasuae.com/مقالات-احترافية/,خدمات البحث في أبوظبي,supporting
3846,ar,abu-dhabi,إعداد الجداول,خدمات بحثية في أبوظبي إعداد الجداول,https://www.auraideasuae.com/مقالات-احترافية/,خدمات البحث في أبوظبي,supporting
3847,ar,abu-dhabi,إعداد الرسوم البيانية,خدمات بحثية في أبوظبي إعداد الرسوم البيانية,https://www.auraideasuae.com/مقالات-احترافية/,خدمات البحث في أبوظبي,supporting
3848,ar,abu-dhabi,تجهيز المناقشة,خدمات بحثية في أبوظبي تجهيز المناقشة,https://www.auraideasuae.com/مقالات-احترافية/,خدمات البحث في أبوظبي,supporting
3849,ar,abu-dhabi,مع الحفاظ على الأمانة العلمية,خدمات بحثية في أبوظبي مع الحفاظ على الأمانة العلمية,https://www.auraideasuae.com/مقالات-احترافية/,خدمات البحث في أبوظبي,supporting
3850,ar,abu-dhabi,وفق متطلبات الجامعة,خدمات بحثية في أبوظبي وفق متطلبات الجامعة,https://www.auraideasuae.com/مقالات-احترافية/,خدمات البحث في أبوظبي,supporting
3851,en,abu-dhabi,simple explanation,research services in Abu Dhabi simple explanation,https://www.auraideasuae.com/مقالات-احترافية/,خدمات البحث في أبوظبي,supporting
3852,en,abu-dhabi,practical guide,research services in Abu Dhabi practical guide,https://www.auraideasuae.com/مقالات-احترافية/,خدمات البحث في أبوظبي,supporting
3853,en,abu-dhabi,step-by-step process,research services in Abu Dhabi step-by-step process,https://www.auraideasuae.com/مقالات-احترافية/,خدمات البحث في أبوظبي,supporting
3854,en,abu-dhabi,editable template,research services in Abu Dhabi editable template,https://www.auraideasuae.com/مقالات-احترافية/,خدمات البحث في أبوظبي,supporting
3855,en,abu-dhabi,worked example,research services in Abu Dhabi worked example,https://www.auraideasuae.com/مقالات-احترافية/,خدمات البحث في أبوظبي,supporting
3856,en,abu-dhabi,action plan,research services in Abu Dhabi action plan,https://www.auraideasuae.com/مقالات-احترافية/,خدمات البحث في أبوظبي,supporting
3857,en,abu-dhabi,student tips,research services in Abu Dhabi student tips,https://www.auraideasuae.com/مقالات-احترافية/,خدمات البحث في أبوظبي,supporting
3858,en,abu-dhabi,common mistakes,research services in Abu Dhabi common mistakes,https://www.auraideasuae.com/مقالات-احترافية/,خدمات البحث في أبوظبي,supporting
3859,en,abu-dhabi,quality standards,research services in Abu Dhabi quality standards,https://www.auraideasuae.com/مقالات-احترافية/,خدمات البحث في أبوظبي,supporting
3860,en,abu-dhabi,how to prepare,research services in Abu Dhabi how to prepare,https://www.auraideasuae.com/مقالات-احترافية/,خدمات البحث في أبوظبي,supporting
3861,en,abu-dhabi,how to write,research services in Abu Dhabi how to write,https://www.auraideasuae.com/مقالات-احترافية/,خدمات البحث في أبوظبي,supporting
3862,en,abu-dhabi,how to format,research services in Abu Dhabi how to format,https://www.auraideasuae.com/مقالات-احترافية/,خدمات البحث في أبوظبي,supporting
3863,en,abu-dhabi,how to cite sources,research services in Abu Dhabi how to cite sources,https://www.auraideasuae.com/مقالات-احترافية/,خدمات البحث في أبوظبي,supporting
3864,en,abu-dhabi,how to proofread,research services in Abu Dhabi how to proofread,https://www.auraideasuae.com/مقالات-احترافية/,خدمات البحث في أبوظبي,supporting
3865,en,abu-dhabi,how to analyze,research services in Abu Dhabi how to analyze,https://www.auraideasuae.com/مقالات-احترافية/,خدمات البحث في أبوظبي,supporting
3866,en,abu-dhabi,how to present,research services in Abu Dhabi how to present,https://www.auraideasuae.com/مقالات-احترافية/,خدمات البحث في أبوظبي,supporting
3867,en,abu-dhabi,before submission,research services in Abu Dhabi before submission,https://www.auraideasuae.com/مقالات-احترافية/,خدمات البحث في أبوظبي,supporting
3868,en,abu-dhabi,for undergraduate students,research services in Abu Dhabi for undergraduate students,https://www.auraideasuae.com/مقالات-احترافية/,خدمات البحث في أبوظبي,supporting
3869,en,abu-dhabi,for master's students,research services in Abu Dhabi for master's students,https://www.auraideasuae.com/مقالات-احترافية/,خدمات البحث في أبوظبي,supporting
3870,en,abu-dhabi,for doctoral students,research services in Abu Dhabi for doctoral students,https://www.auraideasuae.com/مقالات-احترافية/,خدمات البحث في أبوظبي,supporting
3871,en,abu-dhabi,in Arabic,research services in Abu Dhabi in Arabic,https://www.auraideasuae.com/مقالات-احترافية/,خدمات البحث في أبوظبي,supporting
3872,en,abu-dhabi,in English,research services in Abu Dhabi in English,https://www.auraideasuae.com/مقالات-احترافية/,خدمات البحث في أبوظبي,supporting
3873,en,abu-dhabi,Arabic and English,research services in Abu Dhabi Arabic and English,https://www.auraideasuae.com/مقالات-احترافية/,خدمات البحث في أبوظبي,supporting
3874,en,abu-dhabi,for UAE universities,research services in Abu Dhabi for UAE universities,https://www.auraideasuae.com/مقالات-احترافية/,خدمات البحث في أبوظبي,supporting
3875,en,abu-dhabi,in Dubai,research services in Abu Dhabi in Dubai,https://www.auraideasuae.com/مقالات-احترافية/,خدمات البحث في أبوظبي,supporting
3876,en,abu-dhabi,in Abu Dhabi,research services in Abu Dhabi in Abu Dhabi,https://www.auraideasuae.com/مقالات-احترافية/,خدمات البحث في أبوظبي,supporting
3877,en,abu-dhabi,in Sharjah,research services in Abu Dhabi in Sharjah,https://www.auraideasuae.com/مقالات-احترافية/,خدمات البحث في أبوظبي,supporting
3878,en,abu-dhabi,for private universities,research services in Abu Dhabi for private universities,https://www.auraideasuae.com/مقالات-احترافية/,خدمات البحث في أبوظبي,supporting
3879,en,abu-dhabi,for public universities,research services in Abu Dhabi for public universities,https://www.auraideasuae.com/مقالات-احترافية/,خدمات البحث في أبوظبي,supporting
3880,en,abu-dhabi,online support,research services in Abu Dhabi online support,https://www.auraideasuae.com/مقالات-احترافية/,خدمات البحث في أبوظبي,supporting
3881,en,abu-dhabi,professional service,research services in Abu Dhabi professional service,https://www.auraideasuae.com/مقالات-احترافية/,خدمات البحث في أبوظبي,supporting
3882,en,abu-dhabi,academic assistance,research services in Abu Dhabi academic assistance,https://www.auraideasuae.com/مقالات-احترافية/,خدمات البحث في أبوظبي,supporting
3883,en,abu-dhabi,research consultation,research services in Abu Dhabi research consultation,https://www.auraideasuae.com/مقالات-احترافية/,خدمات البحث في أبوظبي,supporting
3884,en,abu-dhabi,academic review,research services in Abu Dhabi academic review,https://www.auraideasuae.com/مقالات-احترافية/,خدمات البحث في أبوظبي,supporting
3885,en,abu-dhabi,scholarly proofreading,research services in Abu Dhabi scholarly proofreading,https://www.auraideasuae.com/مقالات-احترافية/,خدمات البحث في أبوظبي,supporting
3886,en,abu-dhabi,APA formatting,research services in Abu Dhabi APA formatting,https://www.auraideasuae.com/مقالات-احترافية/,خدمات البحث في أبوظبي,supporting
3887,en,abu-dhabi,MLA formatting,research services in Abu Dhabi MLA formatting,https://www.auraideasuae.com/مقالات-احترافية/,خدمات البحث في أبوظبي,supporting
3888,en,abu-dhabi,Chicago formatting,research services in Abu Dhabi Chicago formatting,https://www.auraideasuae.com/مقالات-احترافية/,خدمات البحث في أبوظبي,supporting
3889,en,abu-dhabi,source citation,research services in Abu Dhabi source citation,https://www.auraideasuae.com/مقالات-احترافية/,خدمات البحث في أبوظبي,supporting
3890,en,abu-dhabi,academic rewriting,research services in Abu Dhabi academic rewriting,https://www.auraideasuae.com/مقالات-احترافية/,خدمات البحث في أبوظبي,supporting
3891,en,abu-dhabi,methodology improvement,research services in Abu Dhabi methodology improvement,https://www.auraideasuae.com/مقالات-احترافية/,خدمات البحث في أبوظبي,supporting
3892,en,abu-dhabi,data interpretation,research services in Abu Dhabi data interpretation,https://www.auraideasuae.com/مقالات-احترافية/,خدمات البحث في أبوظبي,supporting
3893,en,abu-dhabi,research instrument design,research services in Abu Dhabi research instrument design,https://www.auraideasuae.com/مقالات-احترافية/,خدمات البحث في أبوظبي,supporting
3894,en,abu-dhabi,survey review,research services in Abu Dhabi survey review,https://www.auraideasuae.com/مقالات-احترافية/,خدمات البحث في أبوظبي,supporting
3895,en,abu-dhabi,results interpretation,research services in Abu Dhabi results interpretation,https://www.auraideasuae.com/مقالات-احترافية/,خدمات البحث في أبوظبي,supporting
3896,en,abu-dhabi,table preparation,research services in Abu Dhabi table preparation,https://www.auraideasuae.com/مقالات-احترافية/,خدمات البحث في أبوظبي,supporting
3897,en,abu-dhabi,chart preparation,research services in Abu Dhabi chart preparation,https://www.auraideasuae.com/مقالات-احترافية/,خدمات البحث في أبوظبي,supporting
3898,en,abu-dhabi,discussion preparation,research services in Abu Dhabi discussion preparation,https://www.auraideasuae.com/مقالات-احترافية/,خدمات البحث في أبوظبي,supporting
3899,en,abu-dhabi,with academic integrity,research services in Abu Dhabi with academic integrity,https://www.auraideasuae.com/مقالات-احترافية/,خدمات البحث في أبوظبي,supporting
3900,en,abu-dhabi,according to university requirements,research services in Abu Dhabi according to university requirements,https://www.auraideasuae.com/مقالات-احترافية/,خدمات البحث في أبوظبي,supporting
3901,ar,academic-integrity,شرح مبسط,الأمانة العلمية ومنهجية الاقتباس شرح مبسط,https://www.auraideasuae.com/مقالات-احترافية/,النزاهة الأكاديمية,supporting
3902,ar,academic-integrity,دليل عملي,الأمانة العلمية ومنهجية الاقتباس دليل عملي,https://www.auraideasuae.com/مقالات-احترافية/,النزاهة الأكاديمية,supporting
3903,ar,academic-integrity,خطوات التنفيذ,الأمانة العلمية ومنهجية الاقتباس خطوات التنفيذ,https://www.auraideasuae.com/مقالات-احترافية/,النزاهة الأكاديمية,supporting
3904,ar,academic-integrity,نموذج قابل للتعديل,الأمانة العلمية ومنهجية الاقتباس نموذج قابل للتعديل,https://www.auraideasuae.com/مقالات-احترافية/,النزاهة الأكاديمية,supporting
3905,ar,academic-integrity,مثال تطبيقي,الأمانة العلمية ومنهجية الاقتباس مثال تطبيقي,https://www.auraideasuae.com/مقالات-احترافية/,النزاهة الأكاديمية,supporting
3906,ar,academic-integrity,خطة عمل,الأمانة العلمية ومنهجية الاقتباس خطة عمل,https://www.auraideasuae.com/مقالات-احترافية/,النزاهة الأكاديمية,supporting
3907,ar,academic-integrity,نصائح للطلاب,الأمانة العلمية ومنهجية الاقتباس نصائح للطلاب,https://www.auraideasuae.com/مقالات-احترافية/,النزاهة الأكاديمية,supporting
3908,ar,academic-integrity,أخطاء شائعة,الأمانة العلمية ومنهجية الاقتباس أخطاء شائعة,https://www.auraideasuae.com/مقالات-احترافية/,النزاهة الأكاديمية,supporting
3909,ar,academic-integrity,معايير الجودة,الأمانة العلمية ومنهجية الاقتباس معايير الجودة,https://www.auraideasuae.com/مقالات-احترافية/,النزاهة الأكاديمية,supporting
3910,ar,academic-integrity,طريقة الإعداد,الأمانة العلمية ومنهجية الاقتباس طريقة الإعداد,https://www.auraideasuae.com/مقالات-احترافية/,النزاهة الأكاديمية,supporting
3911,ar,academic-integrity,كيفية الكتابة,الأمانة العلمية ومنهجية الاقتباس كيفية الكتابة,https://www.auraideasuae.com/مقالات-احترافية/,النزاهة الأكاديمية,supporting
3912,ar,academic-integrity,كيفية التنسيق,الأمانة العلمية ومنهجية الاقتباس كيفية التنسيق,https://www.auraideasuae.com/مقالات-احترافية/,النزاهة الأكاديمية,supporting
3913,ar,academic-integrity,كيفية التوثيق,الأمانة العلمية ومنهجية الاقتباس كيفية التوثيق,https://www.auraideasuae.com/مقالات-احترافية/,النزاهة الأكاديمية,supporting
3914,ar,academic-integrity,كيفية المراجعة,الأمانة العلمية ومنهجية الاقتباس كيفية المراجعة,https://www.auraideasuae.com/مقالات-احترافية/,النزاهة الأكاديمية,supporting
3915,ar,academic-integrity,كيفية التحليل,الأمانة العلمية ومنهجية الاقتباس كيفية التحليل,https://www.auraideasuae.com/مقالات-احترافية/,النزاهة الأكاديمية,supporting
3916,ar,academic-integrity,كيفية العرض,الأمانة العلمية ومنهجية الاقتباس كيفية العرض,https://www.auraideasuae.com/مقالات-احترافية/,النزاهة الأكاديمية,supporting
3917,ar,academic-integrity,قبل التسليم,الأمانة العلمية ومنهجية الاقتباس قبل التسليم,https://www.auraideasuae.com/مقالات-احترافية/,النزاهة الأكاديمية,supporting
3918,ar,academic-integrity,لطلاب البكالوريوس,الأمانة العلمية ومنهجية الاقتباس لطلاب البكالوريوس,https://www.auraideasuae.com/مقالات-احترافية/,النزاهة الأكاديمية,supporting
3919,ar,academic-integrity,لطلاب الماجستير,الأمانة العلمية ومنهجية الاقتباس لطلاب الماجستير,https://www.auraideasuae.com/مقالات-احترافية/,النزاهة الأكاديمية,supporting
3920,ar,academic-integrity,لطلاب الدكتوراه,الأمانة العلمية ومنهجية الاقتباس لطلاب الدكتوراه,https://www.auraideasuae.com/مقالات-احترافية/,النزاهة الأكاديمية,supporting
3921,ar,academic-integrity,باللغة العربية,الأمانة العلمية ومنهجية الاقتباس باللغة العربية,https://www.auraideasuae.com/مقالات-احترافية/,النزاهة الأكاديمية,supporting
3922,ar,academic-integrity,باللغة الإنجليزية,الأمانة العلمية ومنهجية الاقتباس باللغة الإنجليزية,https://www.auraideasuae.com/مقالات-احترافية/,النزاهة الأكاديمية,supporting
3923,ar,academic-integrity,عربي وإنجليزي,الأمانة العلمية ومنهجية الاقتباس عربي وإنجليزي,https://www.auraideasuae.com/مقالات-احترافية/,النزاهة الأكاديمية,supporting
3924,ar,academic-integrity,في الجامعات الإماراتية,الأمانة العلمية ومنهجية الاقتباس في الجامعات الإماراتية,https://www.auraideasuae.com/مقالات-احترافية/,النزاهة الأكاديمية,supporting
3925,ar,academic-integrity,في دبي,الأمانة العلمية ومنهجية الاقتباس في دبي,https://www.auraideasuae.com/مقالات-احترافية/,النزاهة الأكاديمية,supporting
3926,ar,academic-integrity,في أبوظبي,الأمانة العلمية ومنهجية الاقتباس في أبوظبي,https://www.auraideasuae.com/مقالات-احترافية/,النزاهة الأكاديمية,supporting
3927,ar,academic-integrity,في الشارقة,الأمانة العلمية ومنهجية الاقتباس في الشارقة,https://www.auraideasuae.com/مقالات-احترافية/,النزاهة الأكاديمية,supporting
3928,ar,academic-integrity,للجامعات الخاصة,الأمانة العلمية ومنهجية الاقتباس للجامعات الخاصة,https://www.auraideasuae.com/مقالات-احترافية/,النزاهة الأكاديمية,supporting
3929,ar,academic-integrity,للجامعات الحكومية,الأمانة العلمية ومنهجية الاقتباس للجامعات الحكومية,https://www.auraideasuae.com/مقالات-احترافية/,النزاهة الأكاديمية,supporting
3930,ar,academic-integrity,عن بُعد,الأمانة العلمية ومنهجية الاقتباس عن بُعد,https://www.auraideasuae.com/مقالات-احترافية/,النزاهة الأكاديمية,supporting
3931,ar,academic-integrity,خدمة احترافية,الأمانة العلمية ومنهجية الاقتباس خدمة احترافية,https://www.auraideasuae.com/مقالات-احترافية/,النزاهة الأكاديمية,supporting
3932,ar,academic-integrity,مساعدة أكاديمية,الأمانة العلمية ومنهجية الاقتباس مساعدة أكاديمية,https://www.auraideasuae.com/مقالات-احترافية/,النزاهة الأكاديمية,supporting
3933,ar,academic-integrity,استشارة بحثية,الأمانة العلمية ومنهجية الاقتباس استشارة بحثية,https://www.auraideasuae.com/مقالات-احترافية/,النزاهة الأكاديمية,supporting
3934,ar,academic-integrity,مراجعة أكاديمية,الأمانة العلمية ومنهجية الاقتباس مراجعة أكاديمية,https://www.auraideasuae.com/مقالات-احترافية/,النزاهة الأكاديمية,supporting
3935,ar,academic-integrity,تدقيق علمي,الأمانة العلمية ومنهجية الاقتباس تدقيق علمي,https://www.auraideasuae.com/مقالات-احترافية/,النزاهة الأكاديمية,supporting
3936,ar,academic-integrity,تنسيق APA,الأمانة العلمية ومنهجية الاقتباس تنسيق APA,https://www.auraideasuae.com/مقالات-احترافية/,النزاهة الأكاديمية,supporting
3937,ar,academic-integrity,تنسيق MLA,الأمانة العلمية ومنهجية الاقتباس تنسيق MLA,https://www.auraideasuae.com/مقالات-احترافية/,النزاهة الأكاديمية,supporting
3938,ar,academic-integrity,تنسيق Chicago,الأمانة العلمية ومنهجية الاقتباس تنسيق Chicago,https://www.auraideasuae.com/مقالات-احترافية/,النزاهة الأكاديمية,supporting
3939,ar,academic-integrity,توثيق المصادر,الأمانة العلمية ومنهجية الاقتباس توثيق المصادر,https://www.auraideasuae.com/مقالات-احترافية/,النزاهة الأكاديمية,supporting
3940,ar,academic-integrity,تحسين الصياغة,الأمانة العلمية ومنهجية الاقتباس تحسين الصياغة,https://www.auraideasuae.com/مقالات-احترافية/,النزاهة الأكاديمية,supporting
3941,ar,academic-integrity,تحسين المنهجية,الأمانة العلمية ومنهجية الاقتباس تحسين المنهجية,https://www.auraideasuae.com/مقالات-احترافية/,النزاهة الأكاديمية,supporting
3942,ar,academic-integrity,قراءة وتحليل البيانات,الأمانة العلمية ومنهجية الاقتباس قراءة وتحليل البيانات,https://www.auraideasuae.com/مقالات-احترافية/,النزاهة الأكاديمية,supporting
3943,ar,academic-integrity,تصميم أداة البحث,الأمانة العلمية ومنهجية الاقتباس تصميم أداة البحث,https://www.auraideasuae.com/مقالات-احترافية/,النزاهة الأكاديمية,supporting
3944,ar,academic-integrity,مراجعة الاستبيان,الأمانة العلمية ومنهجية الاقتباس مراجعة الاستبيان,https://www.auraideasuae.com/مقالات-احترافية/,النزاهة الأكاديمية,supporting
3945,ar,academic-integrity,تفسير النتائج,الأمانة العلمية ومنهجية الاقتباس تفسير النتائج,https://www.auraideasuae.com/مقالات-احترافية/,النزاهة الأكاديمية,supporting
3946,ar,academic-integrity,إعداد الجداول,الأمانة العلمية ومنهجية الاقتباس إعداد الجداول,https://www.auraideasuae.com/مقالات-احترافية/,النزاهة الأكاديمية,supporting
3947,ar,academic-integrity,إعداد الرسوم البيانية,الأمانة العلمية ومنهجية الاقتباس إعداد الرسوم البيانية,https://www.auraideasuae.com/مقالات-احترافية/,النزاهة الأكاديمية,supporting
3948,ar,academic-integrity,تجهيز المناقشة,الأمانة العلمية ومنهجية الاقتباس تجهيز المناقشة,https://www.auraideasuae.com/مقالات-احترافية/,النزاهة الأكاديمية,supporting
3949,ar,academic-integrity,مع الحفاظ على الأمانة العلمية,الأمانة العلمية ومنهجية الاقتباس مع الحفاظ على الأمانة العلمية,https://www.auraideasuae.com/مقالات-احترافية/,النزاهة الأكاديمية,supporting
3950,ar,academic-integrity,وفق متطلبات الجامعة,الأمانة العلمية ومنهجية الاقتباس وفق متطلبات الجامعة,https://www.auraideasuae.com/مقالات-احترافية/,النزاهة الأكاديمية,supporting
3951,en,academic-integrity,simple explanation,academic integrity and citation practice simple explanation,https://www.auraideasuae.com/مقالات-احترافية/,النزاهة الأكاديمية,supporting
3952,en,academic-integrity,practical guide,academic integrity and citation practice practical guide,https://www.auraideasuae.com/مقالات-احترافية/,النزاهة الأكاديمية,supporting
3953,en,academic-integrity,step-by-step process,academic integrity and citation practice step-by-step process,https://www.auraideasuae.com/مقالات-احترافية/,النزاهة الأكاديمية,supporting
3954,en,academic-integrity,editable template,academic integrity and citation practice editable template,https://www.auraideasuae.com/مقالات-احترافية/,النزاهة الأكاديمية,supporting
3955,en,academic-integrity,worked example,academic integrity and citation practice worked example,https://www.auraideasuae.com/مقالات-احترافية/,النزاهة الأكاديمية,supporting
3956,en,academic-integrity,action plan,academic integrity and citation practice action plan,https://www.auraideasuae.com/مقالات-احترافية/,النزاهة الأكاديمية,supporting
3957,en,academic-integrity,student tips,academic integrity and citation practice student tips,https://www.auraideasuae.com/مقالات-احترافية/,النزاهة الأكاديمية,supporting
3958,en,academic-integrity,common mistakes,academic integrity and citation practice common mistakes,https://www.auraideasuae.com/مقالات-احترافية/,النزاهة الأكاديمية,supporting
3959,en,academic-integrity,quality standards,academic integrity and citation practice quality standards,https://www.auraideasuae.com/مقالات-احترافية/,النزاهة الأكاديمية,supporting
3960,en,academic-integrity,how to prepare,academic integrity and citation practice how to prepare,https://www.auraideasuae.com/مقالات-احترافية/,النزاهة الأكاديمية,supporting
3961,en,academic-integrity,how to write,academic integrity and citation practice how to write,https://www.auraideasuae.com/مقالات-احترافية/,النزاهة الأكاديمية,supporting
3962,en,academic-integrity,how to format,academic integrity and citation practice how to format,https://www.auraideasuae.com/مقالات-احترافية/,النزاهة الأكاديمية,supporting
3963,en,academic-integrity,how to cite sources,academic integrity and citation practice how to cite sources,https://www.auraideasuae.com/مقالات-احترافية/,النزاهة الأكاديمية,supporting
3964,en,academic-integrity,how to proofread,academic integrity and citation practice how to proofread,https://www.auraideasuae.com/مقالات-احترافية/,النزاهة الأكاديمية,supporting
3965,en,academic-integrity,how to analyze,academic integrity and citation practice how to analyze,https://www.auraideasuae.com/مقالات-احترافية/,النزاهة الأكاديمية,supporting
3966,en,academic-integrity,how to present,academic integrity and citation practice how to present,https://www.auraideasuae.com/مقالات-احترافية/,النزاهة الأكاديمية,supporting
3967,en,academic-integrity,before submission,academic integrity and citation practice before submission,https://www.auraideasuae.com/مقالات-احترافية/,النزاهة الأكاديمية,supporting
3968,en,academic-integrity,for undergraduate students,academic integrity and citation practice for undergraduate students,https://www.auraideasuae.com/مقالات-احترافية/,النزاهة الأكاديمية,supporting
3969,en,academic-integrity,for master's students,academic integrity and citation practice for master's students,https://www.auraideasuae.com/مقالات-احترافية/,النزاهة الأكاديمية,supporting
3970,en,academic-integrity,for doctoral students,academic integrity and citation practice for doctoral students,https://www.auraideasuae.com/مقالات-احترافية/,النزاهة الأكاديمية,supporting
3971,en,academic-integrity,in Arabic,academic integrity and citation practice in Arabic,https://www.auraideasuae.com/مقالات-احترافية/,النزاهة الأكاديمية,supporting
3972,en,academic-integrity,in English,academic integrity and citation practice in English,https://www.auraideasuae.com/مقالات-احترافية/,النزاهة الأكاديمية,supporting
3973,en,academic-integrity,Arabic and English,academic integrity and citation practice Arabic and English,https://www.auraideasuae.com/مقالات-احترافية/,النزاهة الأكاديمية,supporting
3974,en,academic-integrity,for UAE universities,academic integrity and citation practice for UAE universities,https://www.auraideasuae.com/مقالات-احترافية/,النزاهة الأكاديمية,supporting
3975,en,academic-integrity,in Dubai,academic integrity and citation practice in Dubai,https://www.auraideasuae.com/مقالات-احترافية/,النزاهة الأكاديمية,supporting
3976,en,academic-integrity,in Abu Dhabi,academic integrity and citation practice in Abu Dhabi,https://www.auraideasuae.com/مقالات-احترافية/,النزاهة الأكاديمية,supporting
3977,en,academic-integrity,in Sharjah,academic integrity and citation practice in Sharjah,https://www.auraideasuae.com/مقالات-احترافية/,النزاهة الأكاديمية,supporting
3978,en,academic-integrity,for private universities,academic integrity and citation practice for private universities,https://www.auraideasuae.com/مقالات-احترافية/,النزاهة الأكاديمية,supporting
3979,en,academic-integrity,for public universities,academic integrity and citation practice for public universities,https://www.auraideasuae.com/مقالات-احترافية/,النزاهة الأكاديمية,supporting
3980,en,academic-integrity,online support,academic integrity and citation practice online support,https://www.auraideasuae.com/مقالات-احترافية/,النزاهة الأكاديمية,supporting
3981,en,academic-integrity,professional service,academic integrity and citation practice professional service,https://www.auraideasuae.com/مقالات-احترافية/,النزاهة الأكاديمية,supporting
3982,en,academic-integrity,academic assistance,academic integrity and citation practice academic assistance,https://www.auraideasuae.com/مقالات-احترافية/,النزاهة الأكاديمية,supporting
3983,en,academic-integrity,research consultation,academic integrity and citation practice research consultation,https://www.auraideasuae.com/مقالات-احترافية/,النزاهة الأكاديمية,supporting
3984,en,academic-integrity,academic review,academic integrity and citation practice academic review,https://www.auraideasuae.com/مقالات-احترافية/,النزاهة الأكاديمية,supporting
3985,en,academic-integrity,scholarly proofreading,academic integrity and citation practice scholarly proofreading,https://www.auraideasuae.com/مقالات-احترافية/,النزاهة الأكاديمية,supporting
3986,en,academic-integrity,APA formatting,academic integrity and citation practice APA formatting,https://www.auraideasuae.com/مقالات-احترافية/,النزاهة الأكاديمية,supporting
3987,en,academic-integrity,MLA formatting,academic integrity and citation practice MLA formatting,https://www.auraideasuae.com/مقالات-احترافية/,النزاهة الأكاديمية,supporting
3988,en,academic-integrity,Chicago formatting,academic integrity and citation practice Chicago formatting,https://www.auraideasuae.com/مقالات-احترافية/,النزاهة الأكاديمية,supporting
3989,en,academic-integrity,source citation,academic integrity and citation practice source citation,https://www.auraideasuae.com/مقالات-احترافية/,النزاهة الأكاديمية,supporting
3990,en,academic-integrity,academic rewriting,academic integrity and citation practice academic rewriting,https://www.auraideasuae.com/مقالات-احترافية/,النزاهة الأكاديمية,supporting
3991,en,academic-integrity,methodology improvement,academic integrity and citation practice methodology improvement,https://www.auraideasuae.com/مقالات-احترافية/,النزاهة الأكاديمية,supporting
3992,en,academic-integrity,data interpretation,academic integrity and citation practice data interpretation,https://www.auraideasuae.com/مقالات-احترافية/,النزاهة الأكاديمية,supporting
3993,en,academic-integrity,research instrument design,academic integrity and citation practice research instrument design,https://www.auraideasuae.com/مقالات-احترافية/,النزاهة الأكاديمية,supporting
3994,en,academic-integrity,survey review,academic integrity and citation practice survey review,https://www.auraideasuae.com/مقالات-احترافية/,النزاهة الأكاديمية,supporting
3995,en,academic-integrity,results interpretation,academic integrity and citation practice results interpretation,https://www.auraideasuae.com/مقالات-احترافية/,النزاهة الأكاديمية,supporting
3996,en,academic-integrity,table preparation,academic integrity and citation practice table preparation,https://www.auraideasuae.com/مقالات-احترافية/,النزاهة الأكاديمية,supporting
3997,en,academic-integrity,chart preparation,academic integrity and citation practice chart preparation,https://www.auraideasuae.com/مقالات-احترافية/,النزاهة الأكاديمية,supporting
3998,en,academic-integrity,discussion preparation,academic integrity and citation practice discussion preparation,https://www.auraideasuae.com/مقالات-احترافية/,النزاهة الأكاديمية,supporting
3999,en,academic-integrity,with academic integrity,academic integrity and citation practice with academic integrity,https://www.auraideasuae.com/مقالات-احترافية/,النزاهة الأكاديمية,supporting
4000,en,academic-integrity,according to university requirements,academic integrity and citation practice according to university requirements,https://www.auraideasuae.com/مقالات-احترافية/,النزاهة الأكاديمية,supporting
